Age,Gender,Hours_Studied,Attendance,Sleep_Hours,Stress_Level,Screen_Time,Previous_GPA,Part_Time_Job,Study_Method,Diet_Quality,Internet_Quality,Extracurricular,Tutoring_Sessions_Per_Week,Family_Income_Level,Exam_Anxiety_Score,Grade,Electricity_Availability,Internet_Accessibility,Peer_Influence,Community_Beliefs,Family_Support,Home_Study_Environment,Motivation_Level,Lecture_Quality,Physical_Health,Psychological_State
23,Female,8.2,80.0,7.3,2.3,3.2,1.83,No,Online,Average,Average,Yes,3,High,1.8,A,0.71,1,Positive,2.4,3.5,5.0,4.0,1.2,5.0,5.0
23,Male,4.07,69.2,7.9,3.6,0.5,1.59,Yes,Offline,Average,Good,No,2,Middle,1.0,A,0.54,2,Neutral,1.9,2.4,3.6,3.9,5.0,3.6,3.3
18,Female,5.07,74.2,6.7,2.6,4.7,1.95,No,Hybrid,Average,Good,No,1,Middle,4.2,A,0.66,0,Negative,2.7,4.3,3.1,1.7,1.7,4.5,4.4
26,Female,5.82,82.5,3.7,3.3,2.3,1.71,No,Offline,Average,Excellent,No,0,Middle,3.6,A,0.36,2,Neutral,3.2,3.3,3.0,4.4,2.7,4.4,2.5
21,Male,3.42,90.8,7.4,7.0,3.1,1.68,Yes,Offline,Average,Good,No,2,Middle,4.5,B,0.95,1,Neutral,5.0,2.5,3.9,3.2,2.1,4.7,2.4
20,Female,5.0,82.7,6.5,9.1,3.8,1.89,No,Hybrid,Good,Average,No,1,High,1.4,A,0.33,0,Positive,4.3,1.9,5.0,2.8,3.3,4.0,2.4
23,Male,5.0,78.9,5.0,7.8,3.0,1.74,No,Online,Average,Good,Yes,1,Middle,4.2,C,0.8,2,Positive,2.3,2.6,2.8,3.1,3.2,3.4,2.8
19,Male,1.49,77.4,6.0,6.2,4.7,1.24,No,Offline,Average,Average,Yes,0,Middle,7.1,D,0.41,0,Positive,2.3,3.3,2.8,2.3,3.6,3.2,2.0
23,Female,7.04,95.6,6.7,3.0,2.7,1.96,No,Online,Poor,Poor,No,2,High,4.0,A,0.52,0,Positive,1.9,2.8,3.3,3.0,3.2,4.3,3.2
17,Female,6.2,71.9,6.4,4.6,5.0,1.22,No,Hybrid,Average,Average,Yes,0,High,4.3,B,0.81,0,Positive,3.8,4.4,5.0,3.1,2.5,3.8,1.7
24,Female,3.75,75.4,6.7,4.4,4.4,1.82,No,Online,Average,Average,Yes,2,Middle,6.5,B,0.89,1,Neutral,2.6,2.7,4.4,3.0,3.2,3.7,2.3
20,Male,4.66,83.5,7.1,9.4,4.8,1.76,Yes,Offline,Average,Excellent,Yes,2,Middle,4.2,B,0.24,2,Positive,2.9,2.5,2.4,2.2,3.8,4.0,1.0
22,Non-Binary,6.01,92.7,5.8,6.7,3.2,1.84,No,Hybrid,Average,Average,No,2,Low,6.8,B,0.6,2,Positive,2.5,2.8,3.6,3.3,2.6,3.4,1.9
19,Male,5.1,62.9,7.7,4.8,0.5,2.08,Yes,Online,Good,Average,No,1,Low,4.6,A,0.54,1,Neutral,5.0,1.0,3.2,3.4,3.0,5.0,2.3
22,Male,4.67,89.6,6.5,5.1,0.9,1.52,No,Online,Average,Excellent,Yes,2,Low,3.5,A,0.25,1,Positive,4.3,3.6,2.7,3.0,3.0,4.2,3.4
24,Male,2.09,91.5,5.2,4.7,3.8,1.56,No,Offline,Good,Average,No,1,High,7.0,C,0.73,1,Negative,2.0,4.7,4.8,3.1,3.4,4.8,2.7
21,Female,6.11,82.5,5.7,5.0,5.5,1.93,Yes,Online,Average,Poor,No,0,Low,3.2,A,0.27,1,Positive,1.9,3.1,2.7,3.8,2.9,3.7,4.2
22,Female,5.25,61.2,5.9,4.4,3.1,1.61,No,Hybrid,Average,Average,Yes,2,Middle,3.4,A,0.56,0,Negative,4.2,3.2,4.3,2.4,3.9,4.3,3.9
20,Female,5.55,72.9,8.0,4.9,4.2,2.14,Yes,Online,Good,Average,Yes,4,Middle,1.7,A,0.43,0,Negative,2.0,3.0,4.2,4.1,2.0,4.9,4.4
25,Female,1.95,78.5,7.2,5.1,5.7,1.56,No,Hybrid,Average,Average,No,0,High,7.3,C,0.53,1,Neutral,4.3,1.9,3.2,2.1,2.8,4.7,3.2
21,Male,8.3,82.8,6.5,10.0,3.0,2.04,No,Offline,Good,Poor,No,0,Low,4.6,A,0.42,0,Positive,3.7,2.0,2.8,3.2,2.6,4.6,1.9
24,Female,5.31,67.6,7.0,3.5,3.9,2.06,No,Hybrid,Average,Good,Yes,1,Middle,6.0,A,0.74,2,Negative,2.1,3.1,3.9,3.2,4.0,3.4,2.4
24,Male,4.23,77.5,6.4,8.1,5.8,1.98,Yes,Offline,Good,Average,Yes,1,Middle,5.1,B,0.31,0,Neutral,3.7,2.9,5.0,2.5,3.2,5.0,2.6
20,Female,9.06,87.0,6.5,3.8,3.0,1.56,Yes,Offline,Good,Average,Yes,4,Middle,5.2,A,0.62,2,Positive,3.4,3.3,3.8,4.9,3.0,5.0,1.9
19,Male,4.91,74.5,7.7,10.0,5.3,1.93,No,Offline,Poor,Excellent,Yes,3,Middle,3.5,B,0.44,2,Negative,1.4,2.4,3.9,2.2,4.2,4.2,3.6
20,Female,2.1,76.9,7.2,7.1,4.1,2.11,Yes,Online,Good,Good,No,2,Middle,6.8,B,0.47,0,Positive,3.0,2.1,3.5,2.6,3.9,4.4,1.0
24,Female,4.19,75.3,7.0,5.8,0.6,1.96,Yes,Offline,Average,Excellent,No,1,Low,3.7,A,0.6,2,Positive,2.6,3.5,3.0,3.7,2.0,5.0,3.1
19,Female,0.42,65.8,6.9,4.2,6.3,2.17,No,Hybrid,Average,Good,No,2,Middle,5.4,C,0.4,0,Neutral,3.4,4.0,2.9,3.1,2.1,4.7,3.1
21,Female,7.1,76.4,6.5,4.2,3.8,1.54,No,Offline,Average,Average,No,1,Low,4.5,A,0.42,2,Positive,2.8,3.1,3.5,4.0,3.8,4.6,3.4
24,Male,4.17,77.8,7.8,5.2,4.5,1.77,No,Offline,Average,Good,Yes,2,High,8.4,B,0.6,0,Positive,3.4,3.0,4.6,4.6,1.4,4.6,2.8
20,Female,3.51,87.4,6.8,2.1,5.4,2.38,Yes,Offline,Good,Poor,No,3,Middle,5.0,A,0.31,0,Positive,2.4,2.7,1.6,3.3,3.2,4.3,3.5
22,Male,7.14,72.0,7.6,8.3,4.9,1.64,Yes,Hybrid,Poor,Poor,Yes,2,High,5.6,A,0.49,0,Positive,2.9,2.7,4.3,3.8,3.4,4.7,2.7
19,Female,1.7,66.9,4.9,2.8,3.7,1.4,No,Hybrid,Average,Good,No,2,Low,5.3,C,0.56,2,Neutral,1.7,3.1,3.9,5.0,3.9,3.7,3.3
18,Female,6.07,75.0,8.5,6.2,4.2,1.82,No,Offline,Average,Good,No,2,High,3.9,A,0.21,1,Positive,2.6,2.2,4.9,2.6,1.6,5.0,1.6
24,Male,0.87,71.1,6.5,8.0,5.2,1.57,No,Hybrid,Average,Good,No,0,Middle,6.8,D,0.24,2,Neutral,2.6,2.0,4.3,3.3,2.8,3.3,2.2
18,Non-Binary,3.68,85.5,5.7,2.2,8.0,1.84,Yes,Online,Average,Excellent,No,2,Low,7.7,C,0.41,1,Positive,1.6,3.3,2.8,3.7,1.9,4.8,2.2
19,Female,2.59,74.3,7.9,3.4,3.5,2.11,Yes,Offline,Good,Average,No,2,High,3.4,A,0.65,0,Neutral,3.1,3.1,3.3,4.3,2.7,4.9,3.0
25,Male,7.92,64.4,8.5,3.3,2.0,1.53,Yes,Offline,Average,Good,No,3,High,5.6,A,1.0,0,Positive,4.6,4.1,4.1,4.0,3.5,4.8,4.1
20,Female,8.53,85.9,8.3,7.7,4.1,1.65,No,Hybrid,Good,Good,No,4,High,1.7,A,0.49,0,Neutral,2.3,1.9,4.4,4.0,2.2,5.0,2.1
28,Male,4.34,79.2,7.8,6.7,3.9,1.15,No,Online,Average,Excellent,No,0,High,8.2,C,0.26,2,Positive,4.2,2.9,3.4,1.6,3.1,4.4,2.8
28,Female,6.68,81.7,7.0,5.3,5.8,1.5,No,Online,Good,Excellent,No,2,Low,2.6,A,0.14,1,Neutral,3.3,1.9,3.4,2.4,2.8,4.7,1.6
19,Female,4.64,83.9,6.9,6.2,6.6,1.83,No,Hybrid,Good,Excellent,No,2,Middle,6.9,C,0.44,2,Positive,1.0,1.7,5.0,3.4,1.6,4.4,1.6
17,Non-Binary,6.14,90.5,8.7,2.8,3.6,1.8,No,Hybrid,Average,Average,No,3,Middle,2.3,A,0.89,1,Positive,5.0,1.6,5.0,4.1,2.8,5.0,3.2
23,Female,3.49,70.8,6.6,4.6,4.2,1.56,No,Online,Average,Good,Yes,1,Low,5.7,B,0.15,1,Neutral,2.1,3.7,3.3,2.3,3.7,3.6,3.2
20,Male,1.58,86.1,7.8,4.9,6.6,1.94,No,Hybrid,Average,Average,Yes,0,High,4.0,C,0.5,0,Neutral,3.0,3.5,4.0,3.1,3.9,4.3,3.3
18,Female,1.39,80.6,8.3,7.9,2.9,2.39,Yes,Offline,Average,Average,No,1,Middle,5.9,B,0.58,0,Neutral,3.4,1.0,3.7,2.4,5.0,5.0,2.4
23,Male,5.77,80.5,8.1,2.2,0.5,2.02,Yes,Offline,Good,Excellent,No,1,High,5.5,A,0.41,2,Positive,3.0,3.3,4.6,4.1,2.9,5.0,5.0
17,Female,9.5,78.9,4.6,3.6,5.0,2.21,No,Hybrid,Average,Poor,Yes,2,Middle,3.1,A,0.74,0,Neutral,3.8,2.6,4.0,4.9,1.8,4.4,2.9
25,Female,5.54,75.3,7.0,5.3,5.4,1.93,Yes,Hybrid,Average,Excellent,No,2,Middle,4.8,A,0.74,1,Neutral,4.2,2.9,4.5,2.1,2.6,4.0,3.1
18,Male,3.95,82.0,4.3,5.7,5.1,1.58,No,Offline,Average,Average,Yes,1,Low,7.1,C,0.19,0,Negative,2.1,2.7,2.4,3.5,2.2,3.8,2.8
18,Male,9.1,80.2,8.1,3.9,2.6,2.09,No,Hybrid,Poor,Excellent,No,1,Low,2.8,A,0.59,2,Positive,2.8,2.7,3.5,4.3,2.8,4.1,3.6
18,Female,5.47,86.7,7.8,5.1,2.1,2.02,No,Hybrid,Good,Average,Yes,2,High,1.9,A,0.7,2,Positive,2.3,1.9,4.3,2.6,2.8,5.0,2.2
27,Female,5.2,94.7,6.5,4.5,5.1,1.36,No,Offline,Average,Average,No,0,High,2.2,A,0.51,0,Positive,2.3,2.3,4.4,2.2,4.4,3.6,2.3
23,Male,5.51,70.1,5.4,4.7,3.2,1.65,No,Offline,Average,Average,No,2,Middle,2.0,A,0.32,2,Positive,3.1,2.3,2.3,2.8,1.5,3.9,3.5
24,Male,4.74,99.3,6.2,3.7,2.3,1.86,No,Offline,Good,Good,Yes,3,High,2.1,A,0.86,1,Positive,4.0,2.6,4.9,3.0,3.3,4.4,3.6
20,Male,4.38,90.7,5.8,5.1,3.8,1.96,Yes,Online,Poor,Average,Yes,0,Middle,6.4,B,0.26,2,Positive,1.4,3.4,3.5,2.6,2.0,4.9,2.7
20,Female,2.13,68.5,7.5,4.9,3.2,1.16,No,Hybrid,Average,Good,No,1,High,6.7,C,0.42,2,Neutral,2.8,4.2,2.5,2.7,3.5,5.0,3.5
19,Male,6.0,78.6,6.9,5.4,3.3,2.01,No,Hybrid,Poor,Poor,No,2,Low,1.2,A,0.6,1,Neutral,2.2,2.1,4.5,4.1,3.8,3.6,2.8
21,Female,4.81,79.9,9.0,7.9,3.5,1.87,No,Hybrid,Good,Poor,No,3,Middle,3.5,A,0.72,1,Neutral,3.6,2.9,3.0,2.9,4.0,5.0,1.6
21,Male,7.45,91.6,6.0,6.7,1.8,2.16,No,Online,Average,Poor,No,2,Middle,2.3,A,0.84,1,Neutral,3.5,1.0,3.8,2.4,2.0,4.8,3.0
22,Female,4.26,70.3,5.3,5.7,4.7,1.73,No,Online,Good,Good,Yes,2,Middle,6.0,B,0.34,1,Negative,4.0,1.3,1.7,3.1,3.8,3.0,1.6
19,Male,1.19,97.0,9.4,5.7,0.5,2.01,Yes,Online,Average,Excellent,No,2,Middle,3.1,A,0.79,1,Neutral,1.7,2.8,4.7,2.1,2.3,4.2,4.3
26,Female,4.8,69.2,6.1,6.5,3.1,1.74,No,Online,Poor,Excellent,No,2,Middle,3.1,C,0.55,2,Positive,3.3,3.2,3.9,2.5,3.4,5.0,3.8
18,Male,8.4,76.3,5.2,7.3,5.8,1.79,Yes,Online,Average,Average,No,2,Middle,4.2,A,0.55,1,Positive,2.9,2.8,5.0,2.9,2.3,4.7,2.4
27,Female,4.23,73.8,7.7,7.3,4.7,1.73,Yes,Offline,Average,Good,No,0,Low,6.2,B,0.43,1,Positive,1.3,2.0,3.1,2.8,3.1,5.0,2.9
17,Male,3.22,67.6,8.8,5.3,5.4,1.61,Yes,Hybrid,Average,Good,No,0,Middle,4.8,C,0.8,0,Negative,1.5,3.8,4.5,2.8,3.2,5.0,3.1
21,Female,2.89,68.7,7.1,2.5,0.9,1.53,Yes,Online,Average,Average,No,1,Middle,5.0,C,0.21,1,Neutral,2.5,2.6,4.0,2.6,4.6,4.5,2.5
20,Female,2.9,74.1,7.5,2.3,3.3,1.87,No,Hybrid,Average,Good,Yes,1,High,3.6,B,0.26,0,Positive,3.0,2.9,3.9,3.4,1.2,4.0,3.6
20,Male,4.4,77.3,7.9,5.0,6.7,1.6,Yes,Offline,Average,Good,Yes,1,Middle,6.3,B,0.84,2,Neutral,4.2,3.0,3.7,2.8,4.6,5.0,2.7
21,Female,2.64,73.8,6.2,3.6,4.0,1.89,Yes,Online,Poor,Average,No,1,Low,4.4,B,0.61,1,Neutral,2.7,3.3,2.7,2.6,2.3,4.4,3.4
20,Female,8.0,70.7,7.1,5.9,1.5,1.81,Yes,Offline,Good,Poor,No,2,Middle,3.2,A,0.89,0,Positive,3.4,1.7,3.4,3.6,2.3,5.0,2.5
20,Male,4.43,54.2,8.0,8.0,3.3,1.44,No,Hybrid,Average,Average,No,1,Low,5.5,C,0.7,1,Neutral,3.1,1.4,4.3,2.4,2.1,5.0,1.7
23,Male,5.66,77.2,6.5,6.3,4.6,1.54,Yes,Offline,Poor,Good,No,2,Middle,5.3,C,0.43,2,Positive,2.1,3.2,3.0,2.6,5.0,3.6,1.7
23,Male,7.88,98.6,9.3,5.0,3.0,1.95,No,Online,Average,Poor,Yes,2,Low,5.1,A,0.73,0,Neutral,2.5,2.4,3.1,4.4,3.1,4.6,3.6
24,Female,8.01,96.4,5.4,2.7,4.4,1.21,Yes,Hybrid,Good,Average,No,0,Middle,5.8,A,0.7,0,Positive,3.0,3.7,3.2,4.8,2.6,5.0,1.8
19,Female,4.57,91.5,5.8,5.7,3.2,2.14,No,Hybrid,Poor,Average,Yes,2,Low,5.6,A,0.34,1,Neutral,1.8,1.7,3.1,2.5,2.3,3.5,1.8
22,Male,5.66,76.0,6.5,2.1,6.9,1.51,No,Offline,Average,Poor,Yes,1,Low,3.0,A,0.47,0,Neutral,3.6,2.9,3.7,3.9,2.9,3.3,2.5
22,Female,6.47,85.1,6.1,5.7,4.6,1.46,No,Online,Good,Average,Yes,2,High,4.9,B,0.37,2,Positive,4.4,3.5,4.3,2.9,1.2,5.0,3.3
20,Female,4.61,74.6,6.6,5.8,3.8,2.19,No,Hybrid,Average,Excellent,No,0,High,6.9,B,0.9,2,Neutral,4.6,3.6,3.7,2.7,2.9,4.7,2.9
21,Female,1.44,75.3,7.8,7.5,5.1,1.16,No,Online,Poor,Poor,Yes,0,Middle,9.6,D,0.96,0,Neutral,3.7,1.9,4.3,1.7,3.4,3.7,2.2
19,Female,6.31,81.5,9.2,10.0,3.8,1.72,Yes,Hybrid,Average,Good,No,1,Low,3.5,B,0.91,1,Positive,3.3,1.0,1.7,1.7,2.7,4.8,2.8
18,Female,6.79,90.1,5.2,5.5,4.2,1.8,Yes,Online,Good,Average,Yes,4,High,4.6,A,0.32,1,Positive,1.1,3.2,4.0,3.3,4.0,4.5,1.6
19,Female,5.83,75.0,6.1,10.0,2.5,1.7,No,Online,Average,Good,No,0,High,5.7,B,0.68,1,Positive,2.0,2.2,3.7,2.3,2.4,4.0,1.2
18,Male,3.15,73.4,5.3,7.1,4.9,1.65,No,Online,Average,Good,No,0,High,7.5,C,0.99,1,Neutral,1.6,2.7,2.7,2.2,2.7,4.2,1.9
23,Female,4.61,79.6,7.1,3.8,5.6,1.84,No,Offline,Average,Average,No,3,Middle,5.6,A,0.41,2,Neutral,2.5,2.0,2.6,4.2,2.0,5.0,2.0
22,Female,3.82,65.2,6.2,5.5,4.7,1.36,No,Offline,Poor,Excellent,Yes,2,Low,4.5,C,0.68,2,Negative,3.8,2.6,3.5,3.1,4.0,3.9,2.5
27,Male,4.4,88.5,6.0,5.9,1.9,1.65,Yes,Offline,Average,Good,Yes,2,Low,3.9,B,0.25,0,Positive,3.3,2.7,2.5,3.1,2.1,5.0,3.2
23,Female,7.59,90.1,6.4,2.7,3.1,1.44,Yes,Online,Average,Excellent,No,4,High,4.8,A,0.69,2,Neutral,3.4,4.3,4.3,5.0,4.4,4.3,3.3
17,Female,8.06,91.7,7.4,4.9,3.1,1.56,No,Online,Average,Good,Yes,3,High,3.9,A,0.53,2,Positive,3.5,3.7,4.2,4.0,2.3,3.9,3.5
25,Female,6.34,87.7,6.0,5.3,4.6,1.46,Yes,Hybrid,Average,Excellent,No,0,Middle,1.6,B,0.52,2,Positive,2.3,3.6,4.0,4.9,3.7,5.0,3.6
25,Male,6.1,74.1,7.0,8.1,4.1,1.99,Yes,Hybrid,Good,Good,No,3,Middle,1.0,A,0.68,0,Positive,2.8,2.5,3.8,2.5,2.3,4.0,3.4
20,Male,6.35,77.6,5.5,2.6,4.4,1.97,No,Offline,Poor,Excellent,Yes,3,Middle,4.4,A,0.55,2,Positive,3.2,2.4,2.7,3.7,1.9,2.3,3.5
22,Female,4.98,70.7,9.0,5.8,3.2,1.71,No,Online,Average,Good,Yes,1,High,5.8,B,0.79,2,Negative,4.1,2.4,5.0,3.8,3.2,5.0,3.0
28,Female,4.85,83.1,6.9,2.6,3.0,1.84,No,Offline,Average,Good,No,1,Middle,1.9,A,0.63,2,Positive,2.9,2.1,3.9,1.8,1.7,5.0,4.1
21,Male,3.65,100.0,8.7,4.4,4.9,2.05,No,Online,Poor,Good,No,1,Middle,5.5,A,0.16,0,Neutral,2.8,2.8,2.0,3.1,5.0,4.0,3.8
25,Female,4.89,70.2,9.3,7.8,4.0,2.06,Yes,Hybrid,Average,Excellent,Yes,2,Low,4.3,B,0.56,1,Neutral,1.6,1.7,2.8,4.7,3.2,4.8,2.4
18,Female,9.52,86.5,7.2,4.6,4.1,1.59,Yes,Online,Good,Excellent,No,2,Middle,2.7,A,0.73,2,Positive,2.2,2.8,4.8,3.1,3.0,4.1,3.0
18,Male,6.74,93.7,5.2,5.5,2.1,1.86,Yes,Offline,Average,Average,No,2,Middle,2.8,A,0.73,1,Neutral,3.2,2.6,2.7,4.4,1.0,4.0,3.7
20,Male,4.32,69.6,7.5,5.8,4.7,2.21,No,Online,Average,Good,No,1,High,2.5,A,0.77,2,Neutral,2.8,1.9,5.0,2.8,3.3,3.8,2.5
22,Male,4.06,100.0,5.8,2.8,2.9,1.83,Yes,Online,Average,Average,Yes,2,Low,2.5,A,0.65,2,Positive,1.5,3.5,5.0,5.0,3.8,4.9,3.9
24,Female,3.27,73.4,7.9,6.4,3.6,1.89,Yes,Online,Average,Good,Yes,0,Low,3.1,C,0.36,2,Neutral,1.5,1.5,2.7,2.0,2.4,5.0,1.8
28,Male,5.75,79.0,6.1,6.3,2.9,1.43,No,Hybrid,Good,Average,No,2,Middle,4.1,A,0.53,0,Positive,1.9,4.7,3.0,2.4,2.9,3.5,2.5
20,Male,5.78,84.2,7.7,4.5,4.5,1.9,No,Hybrid,Poor,Average,Yes,1,Middle,4.5,A,0.44,0,Positive,2.7,3.8,4.3,2.6,3.3,5.0,4.0
17,Male,2.11,89.3,7.5,8.4,3.4,1.35,No,Offline,Poor,Excellent,Yes,0,Middle,5.5,Fail,0.72,1,Neutral,4.0,1.3,3.6,2.2,4.6,3.4,2.4
24,Male,5.97,87.9,5.2,9.5,5.7,2.09,No,Online,Average,Average,No,1,Middle,4.2,A,0.6,1,Positive,3.3,2.3,3.4,2.3,1.8,4.4,2.8
22,Male,3.86,77.6,8.8,7.7,4.9,2.26,No,Hybrid,Poor,Good,Yes,1,High,3.1,B,0.81,0,Neutral,2.0,2.2,4.9,2.0,4.1,5.0,2.1
18,Male,7.85,73.5,10.0,6.4,4.2,1.98,No,Online,Good,Good,Yes,1,High,4.8,A,0.5,1,Positive,2.3,2.4,3.4,3.6,3.7,5.0,3.0
21,Female,5.31,56.8,5.9,2.7,1.4,1.77,No,Hybrid,Good,Average,Yes,1,Middle,1.0,A,0.58,1,Positive,3.5,2.7,3.5,4.0,1.7,3.5,4.0
23,Female,8.44,75.0,6.9,3.2,4.7,1.28,No,Offline,Average,Average,No,2,Middle,4.7,A,0.46,1,Neutral,3.3,3.8,3.3,2.3,1.1,3.6,2.4
24,Male,4.08,92.6,5.9,6.2,3.3,2.25,Yes,Hybrid,Poor,Good,Yes,2,Low,1.0,A,0.88,0,Neutral,2.3,1.9,3.8,3.5,2.0,4.6,2.2
21,Male,4.42,72.2,7.1,6.1,3.4,1.28,No,Online,Average,Average,No,1,High,4.9,B,0.98,2,Neutral,1.0,3.5,3.2,1.9,2.6,5.0,2.5
19,Non-Binary,5.6,86.1,7.1,7.8,4.6,1.43,No,Online,Average,Excellent,No,2,High,3.6,B,0.21,1,Neutral,3.3,3.6,3.3,2.5,1.7,3.1,2.3
28,Male,7.11,87.1,7.5,7.3,5.4,1.98,No,Hybrid,Good,Excellent,No,2,Middle,2.9,A,0.33,1,Neutral,2.7,1.7,2.7,2.8,3.4,5.0,3.3
22,Male,6.13,81.7,8.0,7.0,4.5,1.34,Yes,Offline,Average,Average,Yes,3,Low,2.1,B,0.24,0,Neutral,4.7,3.1,2.2,3.3,1.9,3.9,2.4
20,Male,2.53,74.5,7.8,5.0,4.2,2.39,No,Offline,Average,Average,Yes,2,Low,5.9,A,0.08,1,Positive,2.7,3.3,4.2,2.0,3.5,4.1,2.9
19,Male,5.37,74.5,5.9,6.5,5.6,2.2,Yes,Offline,Average,Good,No,2,Middle,2.1,A,0.81,2,Negative,3.0,1.0,5.0,3.5,2.6,4.5,3.7
23,Female,5.04,79.6,4.6,5.6,4.3,2.1,No,Hybrid,Good,Good,Yes,2,Low,1.5,A,0.73,0,Neutral,2.8,4.0,2.8,2.4,2.7,2.6,2.7
19,Male,4.14,62.5,6.9,5.5,3.0,1.76,Yes,Hybrid,Good,Average,No,1,Middle,8.0,C,0.74,0,Positive,3.4,2.3,4.4,3.7,4.1,4.9,2.9
18,Female,3.7,94.0,6.9,5.8,4.7,1.43,No,Online,Average,Poor,No,1,Middle,5.3,B,0.65,0,Positive,3.4,2.7,3.4,2.6,4.1,4.2,2.1
21,Male,8.5,69.6,7.9,6.7,3.9,1.43,Yes,Online,Poor,Good,No,2,Middle,2.2,A,0.63,0,Positive,1.9,3.6,4.4,3.6,3.7,4.7,3.1
19,Male,4.22,73.8,8.8,8.7,3.2,1.68,Yes,Offline,Average,Excellent,Yes,1,High,5.3,C,0.96,1,Positive,1.7,2.8,2.9,3.2,1.8,4.5,1.0
22,Female,3.31,73.9,7.4,5.9,1.0,1.55,No,Hybrid,Poor,Average,No,3,Middle,3.8,A,0.51,1,Positive,4.1,2.5,3.1,2.5,1.9,5.0,3.3
18,Male,6.27,77.1,6.5,5.3,4.6,2.24,No,Online,Poor,Good,Yes,2,High,1.0,A,0.32,0,Positive,2.5,3.3,3.7,5.0,2.4,3.3,4.2
22,Female,5.26,83.8,7.1,4.0,3.9,1.7,No,Online,Poor,Excellent,Yes,0,Low,3.3,B,0.66,2,Positive,3.5,3.8,1.8,3.1,4.9,4.6,3.9
19,Male,4.85,92.1,6.5,7.2,5.9,1.65,No,Offline,Poor,Good,No,0,Low,4.9,B,0.55,1,Positive,2.7,2.5,3.7,2.9,1.7,3.8,2.5
17,Female,6.56,82.3,7.2,3.7,4.0,1.79,Yes,Hybrid,Good,Good,No,3,Middle,5.5,A,0.21,2,Positive,1.1,2.4,1.9,4.8,3.6,3.3,2.6
18,Male,5.98,95.7,6.3,1.1,3.1,1.58,Yes,Online,Average,Good,No,2,Middle,3.6,A,0.41,0,Neutral,4.4,3.6,4.3,4.2,1.6,3.7,3.8
26,Female,5.72,76.4,7.5,7.8,3.4,1.92,No,Online,Poor,Excellent,No,1,Low,4.7,B,0.6,2,Positive,3.8,1.7,2.8,3.5,3.6,4.2,3.0
25,Male,6.93,87.0,6.1,9.7,2.4,1.7,No,Hybrid,Poor,Good,No,1,Middle,2.3,A,0.95,1,Positive,3.5,2.9,3.7,2.4,2.2,3.9,1.0
19,Female,5.57,88.0,5.5,5.3,3.0,1.98,Yes,Online,Poor,Excellent,Yes,2,Middle,6.1,B,0.46,1,Positive,2.0,2.0,3.6,1.5,3.5,3.4,1.6
24,Male,3.77,81.5,7.2,5.7,4.1,2.04,Yes,Offline,Good,Good,Yes,0,High,6.4,B,0.4,2,Positive,3.7,2.1,3.6,2.3,2.1,4.0,2.7
22,Female,4.28,86.7,7.5,5.5,3.5,2.39,No,Hybrid,Average,Good,No,1,Middle,5.0,A,0.8,0,Positive,3.3,3.5,4.3,2.9,2.3,4.5,2.7
28,Male,3.96,69.9,7.6,6.9,4.2,1.4,No,Offline,Average,Average,Yes,0,Middle,5.9,C,0.4,1,Positive,2.3,2.5,5.0,2.0,2.9,5.0,2.4
20,Female,5.42,93.3,5.6,2.2,3.7,1.95,Yes,Offline,Average,Average,No,3,High,1.1,A,0.19,1,Positive,2.7,3.5,4.7,3.6,2.3,4.0,4.5
23,Male,2.84,88.2,5.0,1.2,4.3,1.82,Yes,Hybrid,Average,Good,Yes,2,High,6.7,B,0.74,1,Neutral,2.9,3.9,3.0,2.1,1.9,3.1,3.3
17,Male,1.34,81.8,5.3,3.9,3.7,2.33,Yes,Online,Poor,Average,Yes,1,Middle,5.6,C,0.61,0,Positive,2.4,2.4,3.1,2.7,2.5,5.0,2.5
20,Female,5.18,76.6,8.5,8.1,3.4,1.81,No,Online,Poor,Good,Yes,0,Middle,5.0,C,0.61,0,Neutral,3.3,1.9,3.6,2.1,3.2,2.5,2.8
27,Male,2.33,88.5,8.0,6.0,1.9,2.25,No,Offline,Average,Average,No,2,Middle,4.5,A,0.78,0,Neutral,3.9,3.8,2.8,1.2,1.0,5.0,3.4
21,Male,1.1,69.3,7.6,3.3,7.8,2.05,Yes,Online,Poor,Excellent,No,1,Low,5.5,B,0.62,2,Negative,2.5,3.5,3.7,2.8,3.2,4.3,2.8
19,Female,5.75,87.5,8.6,5.1,1.5,2.23,No,Online,Good,Average,Yes,1,Low,2.3,A,0.58,2,Positive,2.9,2.4,4.8,3.2,1.3,4.7,3.6
18,Non-Binary,3.58,89.4,8.3,3.8,4.5,1.94,No,Hybrid,Average,Excellent,Yes,2,Middle,3.2,A,0.5,2,Positive,2.9,3.2,3.4,2.8,3.3,4.2,3.4
23,Male,5.99,100.0,8.5,3.2,4.1,2.21,Yes,Hybrid,Average,Good,No,2,High,1.5,A,0.39,1,Neutral,3.8,2.9,4.1,2.8,5.0,4.4,3.3
22,Female,3.94,79.3,7.1,2.7,4.7,1.25,No,Offline,Poor,Average,Yes,1,Middle,5.5,C,0.16,2,Negative,3.2,3.8,2.4,2.4,2.8,3.9,1.9
20,Female,2.76,93.7,9.2,5.3,4.5,1.64,No,Online,Good,Good,No,2,Low,6.7,B,0.64,1,Neutral,4.0,2.8,3.6,3.9,3.2,5.0,2.4
27,Male,2.51,86.4,8.8,5.3,2.2,1.54,Yes,Offline,Good,Average,No,1,Low,1.9,B,0.55,2,Neutral,2.3,2.6,3.3,3.2,1.8,4.0,3.8
17,Female,3.97,64.1,5.9,5.9,3.0,2.16,No,Offline,Average,Average,No,2,Middle,5.6,C,0.36,2,Neutral,3.0,1.7,3.3,2.3,2.8,4.1,3.3
19,Female,4.45,67.3,8.0,5.4,2.6,1.79,No,Hybrid,Poor,Average,No,0,Middle,5.1,A,0.19,1,Positive,3.6,3.2,2.8,2.5,1.4,4.1,2.7
26,Non-Binary,3.35,74.8,8.9,3.0,5.1,1.58,No,Online,Good,Poor,Yes,2,Middle,4.7,A,0.51,0,Positive,3.7,2.8,4.6,2.3,4.1,4.9,1.6
19,Male,4.44,91.8,9.9,3.7,6.8,2.38,Yes,Offline,Good,Excellent,No,0,Middle,3.1,A,0.73,2,Positive,2.6,3.7,4.5,3.1,1.8,5.0,4.2
19,Female,1.93,94.7,6.5,4.7,3.7,2.04,Yes,Hybrid,Average,Poor,No,1,High,2.3,A,0.74,0,Neutral,3.0,1.4,4.9,3.6,2.8,4.1,2.9
21,Male,5.03,77.7,7.5,5.9,3.6,1.92,Yes,Online,Good,Good,No,2,Middle,3.3,A,0.31,0,Positive,2.2,2.2,3.3,3.3,4.7,4.0,4.3
24,Male,1.41,84.5,7.5,3.6,5.2,1.36,No,Offline,Average,Average,Yes,0,Middle,8.0,C,0.43,0,Positive,1.1,3.5,3.5,3.4,2.8,5.0,2.9
18,Male,4.61,82.4,6.0,7.0,5.4,2.09,No,Hybrid,Poor,Good,No,0,High,2.3,B,0.36,0,Neutral,2.7,2.4,3.2,1.8,2.8,3.4,2.9
26,Non-Binary,6.39,55.4,6.9,2.7,4.5,1.97,No,Online,Average,Average,No,5,High,1.9,A,0.25,1,Neutral,2.7,2.6,3.2,3.2,3.3,4.4,3.9
24,Female,7.18,91.1,7.2,4.5,3.7,2.17,Yes,Online,Good,Good,No,0,Middle,3.6,A,0.94,2,Positive,2.6,3.7,3.8,3.8,4.4,4.1,1.7
18,Female,8.43,94.3,5.4,1.0,4.5,2.13,No,Online,Average,Good,Yes,4,High,2.2,A,0.45,2,Positive,1.9,4.1,3.3,2.5,2.7,3.9,4.6
23,Female,1.89,57.8,7.4,1.7,4.1,1.87,Yes,Online,Average,Good,Yes,1,Middle,4.7,B,0.81,2,Positive,3.6,2.6,3.7,2.5,4.6,5.0,3.5
20,Male,6.52,70.8,6.4,9.8,4.2,1.84,Yes,Online,Good,Average,No,1,Middle,6.8,B,0.41,0,Positive,3.7,1.9,5.0,1.9,3.4,4.7,1.3
20,Male,7.41,79.3,6.0,5.9,4.0,1.24,Yes,Offline,Poor,Good,No,2,Middle,3.0,B,0.69,2,Positive,2.9,1.8,4.4,4.4,3.7,3.5,4.0
24,Male,6.96,79.3,6.0,5.7,3.7,2.05,Yes,Offline,Average,Average,Yes,3,Middle,4.0,A,0.73,1,Positive,2.2,2.4,4.2,4.0,3.9,4.4,2.7
27,Male,3.14,90.7,8.0,7.8,2.2,0.9,Yes,Hybrid,Poor,Poor,No,0,Middle,6.5,D,0.59,1,Negative,2.4,2.2,2.9,2.7,3.2,5.0,2.1
18,Female,5.82,91.9,8.2,2.2,2.0,1.4,Yes,Online,Poor,Good,Yes,1,Middle,3.5,A,0.69,2,Neutral,3.0,2.8,3.0,3.6,2.7,3.6,3.7
20,Female,8.72,74.6,6.6,3.4,4.1,2.14,No,Online,Average,Good,Yes,3,High,1.5,A,0.74,2,Neutral,3.9,3.6,3.0,4.4,2.8,4.9,3.4
21,Male,2.01,86.9,6.7,6.6,5.2,2.01,No,Offline,Average,Good,Yes,0,Middle,5.5,D,0.75,2,Neutral,1.7,3.1,5.0,2.1,2.2,3.3,3.3
20,Male,5.95,73.7,4.4,2.4,2.9,1.98,No,Offline,Good,Good,Yes,3,Middle,3.2,A,0.25,1,Neutral,2.4,4.1,3.6,4.4,2.0,3.6,3.7
20,Male,7.22,77.1,7.0,4.2,4.5,2.02,Yes,Online,Average,Average,Yes,2,Low,5.6,B,0.26,2,Positive,3.1,3.2,2.7,2.9,2.6,4.5,2.6
17,Male,3.61,82.5,9.0,1.0,5.5,1.39,No,Offline,Good,Average,Yes,4,High,4.1,A,1.0,0,Negative,3.8,2.0,4.7,2.6,2.7,4.6,4.6
23,Female,6.17,85.6,7.6,5.9,1.9,1.36,Yes,Offline,Good,Poor,Yes,2,High,1.6,A,0.19,1,Positive,1.7,2.6,4.1,3.1,2.4,5.0,2.8
20,Female,2.86,73.9,8.3,8.0,4.9,1.53,Yes,Online,Average,Good,No,1,Middle,5.3,C,0.33,0,Positive,2.3,2.9,2.3,2.5,2.0,5.0,1.0
18,Female,3.38,99.2,7.2,6.6,2.5,1.91,Yes,Offline,Average,Good,No,2,High,4.2,B,0.68,0,Positive,1.0,2.6,4.5,3.5,3.6,5.0,3.7
24,Male,3.37,82.2,6.2,3.9,2.8,1.92,Yes,Online,Average,Average,No,2,High,7.4,B,0.7,0,Positive,4.3,3.6,4.1,2.3,4.7,5.0,2.0
24,Male,5.38,80.2,7.0,3.4,3.1,1.49,No,Hybrid,Poor,Good,Yes,2,High,5.1,B,0.85,1,Neutral,1.9,3.9,4.1,3.4,5.0,3.4,2.1
21,Male,4.82,87.9,8.5,7.3,4.8,1.92,Yes,Hybrid,Good,Good,Yes,2,Middle,2.6,A,0.7,0,Positive,3.5,1.3,4.1,2.8,3.7,4.1,3.6
19,Female,6.91,73.9,8.0,1.0,6.1,1.86,No,Offline,Good,Good,No,3,Middle,2.9,A,0.84,0,Neutral,4.4,3.9,5.0,3.5,1.4,5.0,3.3
22,Female,3.12,83.3,6.0,4.2,4.8,1.56,Yes,Offline,Average,Good,No,2,Low,4.7,B,0.29,2,Neutral,4.4,3.2,5.0,3.3,4.8,4.3,3.5
19,Male,4.74,55.7,6.1,3.0,4.6,1.92,Yes,Hybrid,Good,Good,Yes,3,High,4.1,A,0.15,1,Neutral,1.2,4.4,4.2,2.5,3.6,4.6,3.8
19,Female,6.92,63.0,7.9,5.7,2.9,1.93,No,Offline,Average,Good,Yes,3,High,4.7,A,0.87,1,Positive,4.0,2.2,2.7,3.2,3.9,4.2,3.1
23,Female,6.12,76.5,7.5,3.0,1.8,2.39,Yes,Online,Poor,Average,No,1,High,3.9,A,0.48,1,Neutral,3.8,4.0,4.3,3.9,4.4,3.5,3.7
17,Female,2.35,75.5,9.0,5.8,4.3,1.59,Yes,Offline,Average,Average,No,0,Middle,5.0,B,0.31,0,Negative,4.0,2.6,3.4,2.8,4.5,4.5,2.8
18,Female,6.33,76.6,6.0,1.7,5.3,2.13,No,Offline,Average,Average,No,3,Middle,3.9,A,0.86,0,Positive,1.0,3.4,5.0,4.0,3.1,3.8,2.3
17,Female,4.04,73.7,4.7,2.8,6.5,1.79,No,Online,Average,Good,No,3,Middle,4.9,B,0.36,0,Positive,2.4,3.1,3.8,2.3,2.1,4.9,2.3
18,Female,5.77,86.0,7.1,6.9,7.2,1.83,No,Hybrid,Average,Excellent,No,0,Middle,1.4,A,0.38,2,Neutral,1.3,3.8,3.7,3.8,4.3,4.4,4.0
17,Male,5.6,92.3,5.3,9.8,2.9,1.86,Yes,Online,Average,Good,No,0,Middle,5.3,C,0.6,0,Positive,2.5,1.3,3.8,2.4,1.0,5.0,2.9
29,Male,7.44,75.1,6.5,3.0,5.9,1.64,Yes,Online,Average,Average,Yes,2,Low,3.4,A,0.68,1,Neutral,3.8,3.3,3.5,2.6,2.1,3.5,1.8
19,Male,5.23,90.5,6.6,1.2,5.0,1.43,Yes,Online,Average,Good,No,1,High,1.7,A,0.59,2,Positive,5.0,4.2,4.2,2.8,4.8,4.4,4.4
18,Male,1.29,84.0,7.1,7.3,4.1,2.1,Yes,Hybrid,Poor,Excellent,Yes,1,Middle,8.4,B,0.82,2,Neutral,3.9,4.0,5.0,1.0,2.3,3.5,3.0
19,Female,2.26,68.1,9.7,5.4,4.7,1.47,No,Offline,Poor,Excellent,No,1,High,6.3,C,0.32,2,Negative,3.4,1.9,3.4,1.7,4.7,4.3,2.5
26,Female,6.46,66.7,7.9,1.0,7.3,1.59,Yes,Offline,Poor,Good,No,4,Middle,4.1,A,0.77,0,Positive,2.5,4.2,3.3,3.7,2.3,5.0,2.4
21,Male,4.48,80.7,6.7,3.7,1.7,1.99,No,Hybrid,Poor,Excellent,No,0,Middle,2.9,A,0.86,2,Neutral,2.4,2.7,4.1,1.3,1.7,5.0,4.4
20,Female,7.28,90.9,6.2,5.2,1.6,2.08,No,Hybrid,Average,Poor,No,2,Low,5.3,A,0.57,0,Positive,3.4,3.5,1.9,4.1,3.3,5.0,2.5
25,Male,5.55,71.0,8.5,5.6,3.2,2.0,No,Offline,Average,Average,Yes,3,High,1.7,A,0.7,0,Neutral,2.9,2.1,2.9,4.1,3.8,3.9,2.2
20,Male,3.5,59.2,6.9,7.0,2.9,1.79,No,Offline,Average,Poor,Yes,2,High,4.8,B,0.32,1,Neutral,3.6,3.5,2.6,3.4,2.5,4.9,2.0
20,Male,7.16,89.9,5.6,6.2,4.6,2.38,No,Offline,Average,Good,No,3,Low,2.1,A,0.96,2,Positive,2.9,2.3,3.1,2.2,3.4,3.5,3.6
19,Male,3.39,91.7,7.5,3.3,4.0,1.55,Yes,Offline,Average,Poor,No,4,Low,4.6,A,0.34,1,Neutral,4.5,3.8,5.0,3.6,3.3,5.0,3.2
20,Male,0.89,77.9,5.9,1.4,1.0,1.46,No,Online,Average,Good,Yes,1,Middle,3.8,B,0.49,2,Positive,4.0,3.3,2.8,3.8,3.3,3.3,1.7
19,Female,9.13,91.1,7.7,4.8,1.0,1.8,No,Offline,Average,Good,No,4,Middle,5.4,A,0.87,2,Neutral,2.2,1.7,4.1,5.0,5.0,4.7,4.0
22,Male,1.18,100.0,9.2,6.3,3.4,1.31,No,Online,Poor,Average,Yes,0,Low,6.8,D,0.31,0,Positive,3.8,2.8,2.5,1.2,2.4,3.7,2.9
19,Non-Binary,6.27,71.7,5.8,7.9,4.1,1.77,No,Hybrid,Average,Excellent,Yes,1,Middle,6.2,B,0.57,2,Positive,3.3,1.5,3.8,3.4,3.4,5.0,1.3
21,Male,6.88,76.3,7.4,7.1,6.3,1.44,Yes,Hybrid,Average,Average,Yes,0,Middle,5.1,B,0.3,2,Positive,2.3,2.2,4.8,2.8,2.4,3.6,3.3
17,Male,5.29,76.4,6.6,4.4,2.8,1.89,Yes,Offline,Average,Average,No,3,Middle,5.8,A,0.71,1,Positive,5.0,5.0,5.0,3.6,1.9,4.6,2.6
18,Male,1.63,91.0,6.7,3.6,4.4,1.36,Yes,Offline,Average,Good,Yes,1,High,4.4,C,0.89,1,Negative,3.3,3.2,3.9,2.3,2.9,4.8,3.0
20,Female,7.03,71.7,8.4,7.9,2.1,1.78,Yes,Online,Average,Poor,No,3,Middle,4.8,A,0.28,0,Positive,3.4,2.4,3.1,3.3,1.4,4.1,2.5
26,Male,2.12,77.1,4.5,6.7,7.1,1.52,No,Offline,Average,Good,Yes,0,High,4.2,D,0.21,0,Neutral,3.8,1.5,4.2,3.9,3.5,3.6,2.4
20,Female,2.31,92.9,6.2,3.7,2.4,1.5,Yes,Online,Average,Excellent,Yes,3,Low,4.1,A,0.03,2,Neutral,3.6,1.4,3.5,2.2,3.4,4.5,3.2
22,Female,4.28,90.4,8.7,4.3,3.3,2.17,Yes,Hybrid,Average,Excellent,No,3,Middle,2.6,A,0.37,2,Neutral,4.0,2.2,3.5,2.0,2.5,5.0,2.4
19,Female,6.58,90.8,6.3,6.0,3.6,1.83,No,Online,Average,Excellent,No,1,Low,1.4,A,0.49,2,Positive,1.8,2.1,4.0,2.7,2.8,5.0,1.3
18,Female,5.6,71.1,5.6,1.0,3.8,2.01,No,Online,Average,Average,Yes,1,Middle,2.8,A,0.92,2,Negative,4.4,2.6,3.2,4.2,4.3,4.9,4.2
17,Male,6.62,84.7,6.6,6.4,4.7,1.29,Yes,Online,Good,Good,Yes,1,High,3.7,B,0.66,2,Positive,3.4,2.0,3.2,3.6,2.7,5.0,1.8
19,Male,4.11,74.5,7.3,4.4,3.2,1.76,No,Offline,Good,Poor,No,3,High,3.8,A,0.65,0,Negative,3.2,1.6,3.7,1.5,2.0,5.0,3.0
18,Male,4.66,89.5,7.5,2.5,5.1,1.79,Yes,Offline,Poor,Average,Yes,4,High,2.9,A,0.83,0,Neutral,2.3,2.8,3.4,3.2,2.4,4.0,4.1
18,Female,2.73,85.3,8.1,2.4,4.3,2.17,No,Online,Average,Poor,No,2,Middle,4.8,B,0.63,1,Neutral,2.1,1.7,4.4,3.5,4.1,4.9,3.8
23,Male,4.37,87.4,8.8,3.2,2.9,1.74,No,Hybrid,Good,Average,No,3,High,2.2,A,0.47,2,Neutral,2.1,3.1,2.1,3.5,4.8,4.9,3.0
17,Male,6.19,78.6,8.0,5.6,3.2,1.83,No,Online,Average,Excellent,Yes,1,Middle,3.0,A,0.37,2,Positive,2.5,1.8,3.4,3.4,3.2,4.9,2.3
21,Non-Binary,4.4,81.8,7.7,3.6,3.5,1.36,No,Offline,Good,Average,No,4,Low,3.5,A,0.73,1,Neutral,3.1,2.8,3.4,4.3,3.2,2.9,2.6
20,Male,5.95,84.1,7.8,7.8,4.2,1.99,No,Hybrid,Good,Good,No,3,Middle,4.1,A,0.74,0,Neutral,1.6,2.6,4.3,2.6,2.8,5.0,2.0
21,Female,3.85,78.3,5.8,6.1,5.2,1.61,No,Offline,Average,Good,Yes,1,Middle,7.1,C,0.21,2,Positive,4.8,1.7,3.1,3.0,2.7,5.0,2.1
21,Female,3.82,83.6,7.8,4.4,5.1,1.52,No,Offline,Average,Good,Yes,1,Middle,6.3,B,0.6,1,Negative,3.5,1.8,4.3,2.2,2.0,3.5,1.4
19,Male,5.08,70.7,8.7,7.7,0.5,1.51,No,Offline,Average,Excellent,Yes,0,Low,4.9,B,0.36,2,Negative,1.9,2.5,2.7,3.9,3.0,5.0,1.6
19,Male,4.61,68.6,6.5,8.8,6.1,1.33,No,Hybrid,Poor,Average,No,0,Middle,7.2,D,0.84,1,Neutral,4.0,1.4,3.3,1.5,2.7,4.9,1.4
23,Male,6.18,63.3,7.8,8.1,2.9,1.38,No,Hybrid,Good,Good,No,4,Middle,4.9,B,0.28,1,Neutral,2.5,1.7,2.8,2.4,1.5,4.9,2.6
25,Female,5.36,78.9,8.2,7.5,2.8,1.43,No,Hybrid,Good,Good,Yes,1,Low,3.3,A,0.73,0,Positive,2.2,1.9,3.5,2.8,3.3,3.2,2.0
18,Female,8.48,88.7,7.2,4.5,4.4,1.77,No,Hybrid,Average,Poor,Yes,1,Middle,4.8,A,0.93,1,Positive,4.3,3.8,3.7,3.4,1.8,4.2,2.9
18,Female,4.56,84.7,7.3,7.0,1.5,1.75,No,Online,Average,Good,Yes,1,Middle,2.5,A,0.42,2,Positive,2.3,3.8,2.9,3.1,1.0,3.9,1.7
25,Female,4.55,60.7,5.9,6.2,6.0,1.7,Yes,Offline,Average,Excellent,Yes,0,Middle,2.7,C,0.51,2,Positive,3.1,1.8,1.9,1.7,2.9,5.0,3.2
20,Female,2.92,84.4,6.3,9.6,4.3,1.95,Yes,Offline,Poor,Poor,Yes,1,High,3.8,C,0.65,0,Positive,3.9,1.2,5.0,1.0,2.3,3.9,2.2
21,Male,5.05,80.8,7.7,5.0,2.1,1.58,No,Offline,Good,Poor,No,4,Middle,5.5,A,0.58,0,Positive,4.2,1.5,4.0,2.3,2.4,5.0,3.0
20,Male,6.37,78.8,9.1,8.1,5.4,2.39,Yes,Offline,Good,Average,Yes,2,Middle,2.9,A,0.2,0,Neutral,3.3,2.8,2.9,3.8,3.8,5.0,2.6
18,Female,3.52,82.7,5.9,3.7,1.5,1.78,No,Offline,Good,Good,Yes,0,High,5.0,B,0.46,2,Neutral,1.3,3.4,5.0,1.5,1.3,4.4,2.7
22,Male,4.9,86.1,8.8,2.9,3.9,2.19,No,Online,Average,Good,No,2,Middle,3.8,A,0.79,1,Positive,1.9,4.0,2.9,3.8,4.4,4.1,3.5
21,Male,6.44,94.0,6.8,2.9,4.8,1.55,No,Hybrid,Poor,Good,Yes,2,High,4.6,A,0.56,1,Positive,4.4,4.7,3.5,4.4,3.4,4.7,3.1
19,Female,4.75,92.8,6.0,6.4,3.5,1.54,No,Offline,Average,Good,Yes,3,Middle,4.6,B,0.88,0,Neutral,3.9,2.5,4.5,3.0,4.1,4.4,2.8
20,Male,3.96,99.4,4.4,2.9,5.5,1.45,Yes,Offline,Average,Excellent,Yes,1,Low,5.2,B,0.69,1,Positive,3.7,2.0,3.3,2.5,2.0,3.8,2.7
24,Female,6.95,86.3,6.7,4.9,4.2,1.71,No,Hybrid,Poor,Good,Yes,2,Middle,4.5,A,0.44,0,Neutral,2.3,3.5,3.6,2.8,5.0,3.6,3.4
22,Female,5.19,74.6,7.6,3.9,1.1,1.6,Yes,Offline,Poor,Excellent,No,1,Middle,4.0,B,0.38,2,Neutral,2.0,2.2,2.9,4.1,2.6,2.3,2.9
18,Male,5.79,93.7,5.5,5.6,3.1,1.92,No,Offline,Poor,Excellent,No,2,Low,4.2,A,0.2,2,Positive,1.6,1.5,1.8,3.1,2.7,4.9,1.2
21,Female,7.34,68.5,6.9,6.1,6.2,1.85,No,Hybrid,Good,Good,Yes,2,Low,3.7,A,0.21,0,Positive,2.5,3.8,2.3,3.4,3.3,5.0,1.9
23,Male,7.29,88.8,7.1,5.4,4.1,1.22,Yes,Offline,Average,Good,Yes,2,Low,3.5,A,0.47,0,Positive,3.4,1.0,3.8,3.3,3.1,5.0,1.7
24,Male,4.31,70.4,7.7,6.7,4.8,1.29,No,Online,Good,Excellent,Yes,0,Middle,4.8,C,0.49,2,Neutral,4.5,3.4,4.0,2.8,3.5,5.0,1.9
22,Male,3.95,74.8,7.5,2.2,3.7,1.83,No,Offline,Good,Excellent,No,1,High,4.0,A,0.54,2,Positive,2.9,3.5,3.2,3.4,3.2,5.0,3.7
18,Male,5.57,92.6,7.1,4.5,3.1,2.39,No,Online,Poor,Poor,No,3,High,2.7,A,0.79,1,Positive,3.0,2.4,2.5,4.0,1.2,4.4,1.8
23,Female,4.73,74.4,8.1,2.3,4.1,1.91,No,Online,Poor,Poor,No,3,Middle,5.4,A,0.58,1,Neutral,3.9,3.6,3.8,3.0,3.8,3.7,3.4
22,Male,1.2,91.1,7.6,4.4,5.6,1.74,Yes,Online,Average,Excellent,Yes,0,Middle,3.2,C,0.76,2,Neutral,2.5,3.2,3.4,1.8,3.6,5.0,2.3
17,Male,7.55,86.8,6.8,1.0,3.4,2.09,No,Offline,Average,Average,Yes,4,Low,4.8,A,0.52,2,Positive,2.9,2.7,3.3,4.1,1.9,4.3,3.3
20,Male,5.04,79.2,6.6,1.0,4.4,1.9,No,Online,Good,Excellent,No,2,Middle,1.4,A,0.51,1,Neutral,3.1,3.0,4.2,3.6,1.7,5.0,3.4
20,Female,6.47,87.9,6.8,3.4,4.5,1.7,No,Offline,Average,Average,No,1,High,4.8,A,0.59,2,Neutral,2.5,5.0,5.0,3.6,3.4,4.4,3.6
22,Female,2.65,86.5,4.4,6.3,2.1,2.1,Yes,Hybrid,Good,Average,No,0,Low,3.3,B,0.36,1,Neutral,3.5,3.2,2.7,4.1,3.4,4.3,2.7
19,Male,7.58,82.0,7.1,1.5,3.9,1.73,Yes,Online,Average,Poor,Yes,4,High,4.3,A,0.93,1,Positive,3.1,5.0,4.1,3.5,4.1,3.7,4.0
22,Male,3.82,74.3,6.0,3.9,4.7,1.7,Yes,Offline,Poor,Average,No,1,High,5.0,B,0.46,1,Positive,3.2,2.7,3.7,3.7,4.1,4.9,3.3
26,Male,4.78,88.8,8.0,7.4,6.6,1.88,Yes,Offline,Average,Average,No,0,High,2.6,B,0.69,1,Positive,2.0,1.8,5.0,2.4,4.9,3.8,1.9
24,Male,2.2,77.4,7.2,8.0,8.1,1.51,Yes,Hybrid,Average,Good,No,0,Middle,9.7,Fail,0.38,2,Neutral,3.8,2.6,3.8,2.7,2.4,4.9,2.2
26,Female,4.67,80.0,7.5,6.1,3.1,1.64,Yes,Online,Average,Good,Yes,2,High,5.1,A,0.92,0,Neutral,4.7,2.1,4.5,3.0,1.9,5.0,2.1
28,Female,4.54,85.0,6.2,3.9,5.5,1.36,Yes,Hybrid,Good,Excellent,No,1,High,6.1,C,0.3,2,Positive,3.7,3.0,4.1,3.5,1.6,4.6,3.5
17,Male,4.63,79.6,7.5,6.2,5.4,2.11,Yes,Hybrid,Average,Good,Yes,1,High,3.3,A,0.37,2,Neutral,2.2,1.8,2.4,3.3,2.3,4.7,3.3
22,Male,5.88,83.1,7.0,3.7,6.4,1.55,Yes,Online,Average,Good,No,1,Middle,5.5,A,0.72,1,Positive,1.4,2.9,4.1,2.9,4.0,3.2,2.5
20,Male,5.12,83.6,5.0,1.2,4.6,1.68,No,Online,Average,Good,Yes,2,Middle,1.8,A,0.59,2,Neutral,2.9,2.3,4.9,1.8,1.4,3.0,4.7
25,Female,6.95,83.4,4.9,3.6,8.1,1.44,Yes,Hybrid,Average,Good,No,3,Middle,1.0,A,0.41,0,Positive,3.6,2.8,3.7,4.3,1.6,3.1,2.6
19,Male,4.06,81.9,5.0,6.7,4.6,2.02,No,Online,Good,Good,No,0,High,2.4,B,0.73,1,Positive,2.3,2.9,4.4,1.0,2.2,5.0,1.9
28,Non-Binary,3.01,94.2,7.3,3.2,3.7,2.06,No,Online,Poor,Poor,Yes,2,High,2.3,A,0.55,0,Positive,2.7,3.2,4.1,2.5,3.2,3.3,3.8
22,Female,4.96,75.9,7.5,2.4,1.0,1.78,No,Online,Average,Poor,No,3,Middle,3.1,A,0.43,0,Neutral,4.1,3.6,5.0,2.7,3.7,5.0,3.5
24,Male,6.26,76.4,7.1,1.9,3.1,1.46,Yes,Offline,Average,Poor,Yes,3,High,3.1,A,0.48,0,Neutral,1.4,2.6,5.0,4.5,3.0,3.4,5.0
18,Female,7.49,68.3,8.0,7.9,2.8,1.86,Yes,Offline,Good,Average,Yes,3,High,2.8,A,0.85,0,Positive,3.3,2.1,4.1,4.4,2.2,4.7,3.0
18,Female,6.63,57.6,7.9,8.3,4.4,2.39,No,Hybrid,Good,Good,Yes,2,Low,2.8,A,0.64,0,Positive,1.9,1.4,3.5,2.9,3.9,4.3,3.3
23,Female,1.47,87.1,5.4,7.1,3.8,2.39,No,Offline,Poor,Average,Yes,1,Middle,2.5,C,0.67,2,Neutral,3.8,3.0,3.2,1.8,2.6,3.6,2.6
17,Male,5.75,85.3,6.0,4.4,6.0,2.3,No,Hybrid,Average,Excellent,No,2,Middle,3.9,A,0.56,1,Neutral,3.8,4.6,4.6,2.7,1.0,5.0,2.0
24,Male,7.92,94.7,6.7,4.5,5.5,2.2,No,Online,Average,Excellent,Yes,1,High,3.7,A,0.56,2,Positive,3.0,2.7,4.5,3.9,3.7,2.6,1.8
17,Female,5.13,66.4,7.7,6.2,5.1,1.93,No,Hybrid,Poor,Excellent,No,1,Middle,2.7,A,0.37,1,Neutral,3.3,2.2,1.6,1.8,3.7,5.0,3.2
22,Female,3.97,73.0,7.8,3.7,2.3,2.32,No,Online,Average,Excellent,No,3,Middle,6.0,A,0.84,1,Positive,2.1,1.1,4.4,1.7,4.0,4.8,2.0
20,Female,5.62,75.0,6.1,4.7,3.4,1.79,No,Hybrid,Average,Average,No,2,Middle,4.0,A,0.24,1,Neutral,3.8,2.3,2.9,2.5,2.1,3.3,2.4
22,Female,3.99,99.7,8.7,5.9,6.6,1.21,Yes,Online,Average,Good,No,2,Low,4.8,B,0.14,2,Positive,3.4,3.2,3.0,2.4,3.4,5.0,2.8
23,Female,6.28,89.6,7.6,5.3,5.3,2.18,No,Hybrid,Average,Average,Yes,3,Low,4.7,A,0.63,0,Positive,3.0,3.0,2.3,1.5,4.2,4.0,2.7
20,Female,4.97,78.8,7.3,10.0,4.3,2.39,No,Hybrid,Poor,Excellent,No,2,Low,1.7,A,0.4,1,Neutral,2.2,2.7,2.7,3.7,4.3,3.9,2.2
18,Male,7.79,80.3,7.0,3.8,1.7,1.67,No,Offline,Average,Excellent,Yes,2,Low,3.4,A,0.81,1,Positive,3.1,4.3,3.0,3.2,2.5,5.0,2.5
17,Female,6.0,83.6,7.5,4.6,5.0,2.39,No,Online,Average,Excellent,No,1,Middle,5.5,A,0.71,2,Positive,2.6,2.5,3.9,2.5,1.8,3.4,2.7
22,Female,3.55,69.5,4.8,1.0,5.0,1.76,No,Online,Poor,Good,No,0,Middle,4.9,B,0.51,2,Positive,3.8,2.6,3.4,4.0,1.8,3.7,2.6
21,Female,6.21,83.8,6.1,7.4,2.4,2.14,Yes,Hybrid,Average,Good,No,1,Low,1.6,A,0.68,2,Positive,4.6,3.0,3.8,1.8,1.0,4.8,3.0
23,Female,6.87,69.9,6.2,3.7,0.5,1.49,Yes,Online,Poor,Poor,Yes,1,Middle,3.3,A,0.79,0,Positive,3.7,3.0,3.1,3.3,3.0,3.3,2.5
21,Male,3.86,81.4,7.7,5.9,5.1,2.39,Yes,Hybrid,Poor,Poor,No,2,Middle,4.4,A,0.79,0,Negative,2.6,1.8,3.1,2.9,1.6,2.6,3.2
20,Female,4.15,87.2,7.7,3.1,2.6,1.55,No,Offline,Average,Good,No,0,Low,1.0,A,0.45,0,Neutral,4.5,2.0,3.4,2.4,4.2,3.7,3.0
20,Female,0.39,83.2,6.6,6.3,5.6,1.52,No,Online,Good,Good,No,0,Middle,4.5,D,0.21,2,Negative,2.6,3.3,2.4,2.0,1.6,5.0,3.9
17,Male,6.81,73.6,10.0,5.0,4.2,1.32,No,Offline,Poor,Excellent,Yes,3,High,7.2,A,0.12,2,Neutral,3.3,2.9,2.9,3.8,3.1,2.7,1.5
20,Male,3.82,77.6,3.8,4.5,5.5,2.35,Yes,Hybrid,Average,Poor,No,2,Low,5.0,A,0.76,0,Neutral,2.6,1.8,3.8,2.6,1.1,2.3,2.5
28,Male,0.76,88.2,6.1,5.4,4.6,2.07,Yes,Offline,Poor,Excellent,Yes,0,Low,8.7,D,0.49,1,Neutral,3.0,2.8,4.7,3.9,3.7,4.2,1.6
25,Male,1.46,75.4,9.3,6.5,1.8,1.48,No,Offline,Good,Good,No,3,High,6.7,C,0.38,2,Negative,1.3,1.6,3.0,2.1,4.6,4.1,1.8
19,Male,4.55,67.1,8.0,4.4,7.0,1.76,No,Hybrid,Good,Excellent,No,0,Middle,5.0,B,0.6,2,Neutral,1.8,3.4,2.2,3.1,4.0,5.0,3.2
22,Male,6.52,77.6,5.0,7.9,4.2,2.13,Yes,Offline,Average,Excellent,Yes,2,Middle,4.3,B,0.62,1,Neutral,2.9,3.1,3.5,2.8,3.9,4.5,2.4
24,Female,4.82,75.3,8.0,3.3,2.7,1.91,Yes,Hybrid,Good,Excellent,Yes,2,Middle,4.3,A,0.61,2,Positive,3.3,3.8,3.7,3.3,3.9,4.5,3.3
20,Female,5.94,78.3,7.6,5.0,1.1,1.72,Yes,Online,Average,Average,No,3,High,6.0,A,0.46,1,Positive,2.9,3.0,5.0,2.8,4.2,5.0,2.6
17,Female,2.8,80.2,8.5,5.0,5.5,1.29,Yes,Offline,Poor,Excellent,Yes,1,High,6.4,B,0.73,2,Neutral,3.9,2.9,4.6,3.7,2.6,4.4,1.9
17,Female,2.32,76.9,8.5,1.8,5.9,0.9,Yes,Online,Good,Average,Yes,0,Middle,5.0,B,0.28,0,Neutral,1.0,3.1,3.5,4.2,1.0,4.8,3.9
21,Male,6.77,76.8,7.0,3.7,6.2,1.22,Yes,Offline,Poor,Poor,No,2,Middle,3.9,A,0.44,0,Positive,3.5,2.3,3.9,4.0,3.2,4.3,3.1
27,Male,5.98,89.1,6.3,7.7,4.0,1.36,Yes,Offline,Average,Good,No,2,Middle,5.4,B,0.32,0,Positive,4.3,3.3,3.1,2.9,2.8,4.0,2.4
23,Female,4.94,85.9,6.5,3.8,4.3,1.62,No,Offline,Average,Excellent,No,0,Low,3.7,B,0.67,2,Positive,3.8,3.5,2.5,2.9,3.8,4.6,3.1
17,Male,7.56,89.6,6.6,6.6,2.4,1.5,Yes,Online,Average,Good,Yes,4,High,4.4,A,0.4,1,Positive,3.7,1.9,5.0,2.9,4.1,3.2,3.5
18,Non-Binary,3.1,80.9,5.6,4.1,0.7,1.5,Yes,Hybrid,Average,Excellent,Yes,2,Middle,3.8,B,0.21,2,Neutral,4.0,1.6,2.9,4.7,3.5,5.0,1.2
24,Female,4.16,76.4,7.1,4.7,2.8,1.7,Yes,Online,Average,Good,No,2,Middle,4.4,B,0.62,1,Neutral,1.8,2.4,4.8,2.7,1.0,5.0,2.4
24,Female,7.05,83.1,6.8,4.6,3.0,1.64,Yes,Offline,Average,Average,No,1,High,2.4,A,0.66,1,Positive,1.8,3.9,3.9,2.0,1.4,4.6,3.0
22,Non-Binary,8.68,65.9,6.2,6.2,5.2,1.79,No,Hybrid,Poor,Excellent,No,3,Low,2.8,A,0.22,2,Positive,2.7,3.0,3.8,4.8,2.9,4.8,3.5
22,Male,5.02,69.1,3.8,6.4,4.7,1.38,No,Online,Good,Poor,No,2,Low,4.1,B,0.7,1,Neutral,2.9,2.7,4.5,1.7,3.7,5.0,2.9
17,Male,8.36,88.3,7.6,7.5,3.7,1.84,No,Offline,Average,Excellent,Yes,2,Middle,6.7,A,0.54,2,Neutral,3.2,3.4,3.3,2.4,2.2,4.4,1.3
24,Female,3.79,75.3,5.9,2.9,2.5,1.59,Yes,Online,Poor,Average,Yes,1,Middle,3.7,B,0.42,1,Neutral,1.8,1.4,3.5,3.1,2.6,3.2,3.8
24,Male,5.66,73.6,6.1,3.0,4.6,1.7,No,Hybrid,Average,Good,No,1,High,4.8,A,0.16,1,Positive,2.7,3.0,3.9,3.5,4.0,3.2,3.2
19,Female,4.65,69.4,8.1,7.9,4.4,1.8,No,Offline,Average,Good,No,0,Low,4.5,C,0.64,2,Positive,4.0,3.3,4.3,2.5,2.9,5.0,3.9
23,Male,1.82,84.4,5.9,6.0,4.5,1.74,Yes,Hybrid,Good,Average,No,1,Middle,5.0,B,0.6,1,Positive,2.6,1.8,2.7,2.5,4.4,5.0,1.6
19,Female,5.52,68.3,8.2,2.6,9.1,1.86,Yes,Online,Average,Average,No,3,Low,4.3,A,0.56,1,Negative,1.4,2.4,5.0,3.0,2.9,4.1,3.8
17,Female,6.87,91.9,6.8,5.9,4.2,2.2,Yes,Online,Poor,Average,No,1,Middle,1.1,A,0.72,1,Positive,1.4,2.4,3.4,2.0,2.6,4.3,2.4
19,Female,4.7,82.0,4.7,7.7,4.7,1.9,Yes,Online,Average,Average,No,1,Low,3.9,C,0.12,0,Neutral,4.0,1.9,2.3,2.3,1.7,4.9,2.1
18,Male,4.86,62.9,6.7,4.6,5.1,1.93,Yes,Online,Average,Average,Yes,0,Middle,3.5,B,0.45,1,Neutral,4.5,2.5,4.9,2.2,1.9,4.9,1.6
20,Male,7.79,75.0,6.2,4.5,3.9,1.85,No,Offline,Poor,Good,No,2,High,1.7,A,0.87,0,Positive,2.2,3.0,3.9,4.3,2.3,4.4,2.4
20,Female,2.5,70.0,7.1,4.4,2.5,2.02,No,Hybrid,Average,Good,No,3,High,4.2,A,0.32,1,Positive,3.9,2.4,4.3,2.3,4.9,5.0,2.0
21,Male,2.0,85.3,6.6,5.2,4.9,1.47,No,Offline,Good,Good,Yes,0,Middle,6.4,C,0.55,1,Negative,3.6,2.5,2.9,2.4,5.0,4.3,2.2
21,Female,3.69,85.1,7.4,1.1,4.3,1.4,No,Offline,Good,Excellent,No,3,Middle,2.2,A,0.22,2,Positive,1.6,2.7,3.9,4.5,2.7,4.7,4.4
19,Female,2.61,75.2,7.8,6.2,3.3,1.96,Yes,Offline,Poor,Good,Yes,2,Middle,5.6,C,0.67,2,Negative,3.5,2.4,3.3,2.7,4.2,3.5,2.2
17,Female,7.69,73.6,7.1,4.4,4.9,1.18,No,Hybrid,Average,Good,No,1,Middle,3.9,B,0.54,2,Positive,3.7,3.0,3.6,3.0,3.7,3.5,3.3
22,Female,5.62,84.2,8.4,7.8,4.9,1.47,No,Hybrid,Good,Good,No,3,High,4.3,B,0.73,0,Neutral,2.7,2.4,5.0,2.5,2.5,5.0,1.5
20,Male,3.27,73.8,5.8,2.6,4.2,2.27,No,Online,Average,Good,No,2,High,3.2,A,0.68,0,Positive,2.6,2.6,3.0,3.2,2.0,3.2,3.9
19,Female,3.77,92.9,6.9,4.6,3.9,2.36,Yes,Hybrid,Average,Good,No,3,High,4.2,A,0.89,1,Positive,3.2,2.2,5.0,3.4,3.4,2.5,3.2
25,Female,10.72,73.4,7.4,6.4,5.1,1.88,Yes,Hybrid,Average,Poor,No,4,High,6.5,A,0.93,0,Positive,2.2,2.2,4.4,3.8,1.7,4.0,2.7
23,Male,3.78,83.3,7.4,4.2,1.5,2.35,Yes,Offline,Poor,Excellent,No,2,Low,5.3,A,0.15,2,Neutral,4.2,2.5,3.6,2.3,5.0,3.9,1.9
25,Non-Binary,3.48,60.6,9.0,4.5,3.2,2.04,No,Online,Good,Good,No,3,Middle,5.5,A,0.61,0,Neutral,3.0,1.9,2.3,3.8,3.3,5.0,1.9
21,Male,5.61,83.5,6.6,3.3,2.5,1.81,Yes,Online,Good,Average,Yes,1,High,1.9,A,0.91,1,Neutral,2.6,2.2,4.5,2.5,4.1,3.3,3.1
18,Male,6.28,73.8,7.9,2.6,3.3,1.71,Yes,Hybrid,Poor,Good,Yes,1,High,2.9,A,0.58,0,Neutral,2.9,3.5,3.6,4.1,2.8,3.1,4.0
23,Male,5.44,82.4,6.9,4.0,5.4,2.04,No,Online,Average,Poor,No,2,High,4.7,A,0.98,1,Positive,4.0,1.0,4.0,3.5,4.4,3.8,4.1
19,Female,3.18,90.7,7.1,4.7,4.2,1.47,No,Offline,Good,Average,No,0,Middle,7.8,C,0.47,1,Positive,2.9,3.3,2.6,2.8,4.2,4.3,2.1
20,Male,2.68,78.1,5.5,5.7,3.9,1.61,No,Online,Poor,Poor,Yes,0,Middle,7.1,C,0.72,0,Neutral,2.5,2.9,3.9,1.8,3.4,2.8,2.7
17,Female,6.19,55.3,7.0,7.8,6.1,1.58,No,Hybrid,Average,Good,Yes,1,Low,4.6,C,0.88,1,Neutral,1.4,3.0,2.5,1.0,1.2,4.4,1.5
24,Female,4.89,59.7,6.3,3.8,4.0,1.74,No,Offline,Average,Good,Yes,1,Middle,4.0,B,0.29,1,Neutral,3.2,2.9,2.1,2.0,1.8,4.5,1.9
18,Male,1.72,80.6,9.7,4.8,5.5,2.1,No,Online,Average,Excellent,No,2,Middle,5.2,B,0.51,1,Positive,2.7,3.7,2.0,2.9,3.6,3.6,4.7
25,Male,7.34,71.0,6.3,3.3,5.4,2.0,Yes,Hybrid,Average,Poor,No,2,High,3.8,A,0.95,0,Positive,1.8,3.7,3.1,4.1,4.2,4.7,2.8
25,Female,6.55,68.4,7.8,9.6,2.8,1.73,No,Offline,Average,Good,Yes,3,High,3.7,B,0.76,0,Positive,3.4,4.0,3.6,3.9,3.7,5.0,2.4
21,Male,4.52,89.7,8.8,4.4,1.3,1.92,No,Online,Average,Good,No,3,High,3.2,A,0.68,2,Positive,1.9,4.7,3.0,3.1,3.7,3.6,1.7
23,Female,4.48,77.4,8.0,2.5,3.3,1.53,No,Online,Average,Average,Yes,3,Low,3.8,A,0.72,2,Neutral,2.4,2.5,2.8,3.4,4.0,5.0,2.9
22,Male,5.46,88.8,6.1,6.7,0.8,1.97,No,Offline,Good,Good,No,2,Middle,2.3,A,0.63,0,Neutral,3.5,5.0,2.9,2.3,3.4,5.0,3.4
24,Female,3.63,88.6,6.3,7.2,5.5,2.2,No,Offline,Average,Poor,No,2,Middle,6.4,B,0.67,0,Neutral,3.5,3.6,3.2,2.2,3.6,3.7,1.3
20,Female,2.3,75.7,8.7,3.3,5.5,1.69,No,Offline,Poor,Average,No,2,Low,4.7,B,0.58,1,Positive,3.1,2.8,3.2,2.9,4.6,3.7,3.3
24,Male,5.65,80.8,5.5,6.5,7.3,1.47,No,Online,Good,Good,Yes,2,Low,4.7,B,0.4,0,Positive,2.7,1.5,2.7,4.3,3.0,3.1,2.0
21,Male,2.12,68.0,7.1,8.3,4.0,0.96,Yes,Online,Average,Good,Yes,0,High,10.0,Fail,0.62,1,Positive,2.5,1.9,4.6,2.4,4.6,3.2,2.0
26,Male,5.78,83.5,8.5,3.7,3.2,1.74,Yes,Hybrid,Average,Average,No,3,Low,3.2,A,0.9,2,Positive,2.1,2.6,3.0,3.1,1.0,4.1,4.0
21,Male,2.12,79.2,5.0,4.1,6.2,1.43,Yes,Offline,Average,Average,Yes,1,Low,7.8,C,0.33,0,Neutral,2.7,3.3,3.9,2.2,2.8,3.9,3.2
21,Female,4.8,94.9,6.0,4.9,4.5,1.69,No,Offline,Average,Average,No,1,Middle,2.9,B,0.84,2,Neutral,4.1,2.0,2.3,1.3,2.5,4.5,3.4
24,Female,4.73,87.7,5.8,8.1,4.3,2.04,No,Hybrid,Average,Average,No,2,High,4.4,A,0.63,0,Neutral,1.9,2.3,4.3,1.5,3.8,4.9,1.5
24,Male,8.57,77.8,6.3,4.7,2.9,1.5,No,Offline,Average,Average,Yes,4,High,4.6,A,0.78,2,Positive,1.0,3.4,3.0,3.4,2.2,3.4,3.2
21,Female,2.87,72.7,7.7,5.0,5.7,1.74,Yes,Offline,Good,Average,No,3,High,3.8,B,0.82,0,Positive,2.3,2.0,3.0,2.7,2.3,4.7,2.6
18,Female,2.17,77.3,5.8,3.7,5.9,1.68,Yes,Online,Average,Good,Yes,0,High,5.1,C,0.74,0,Neutral,4.5,2.8,4.4,2.1,1.9,4.6,3.5
21,Male,3.71,79.4,6.2,5.1,4.1,1.83,No,Hybrid,Good,Good,No,1,Middle,3.7,A,0.46,1,Neutral,2.6,2.1,3.5,3.8,3.6,5.0,2.6
27,Male,2.75,86.8,8.3,2.4,6.0,1.71,No,Online,Average,Good,No,3,High,4.6,A,0.92,1,Neutral,3.0,4.6,5.0,3.7,3.4,4.1,3.8
23,Female,3.82,89.4,8.2,5.4,2.3,2.11,No,Offline,Average,Good,Yes,3,Middle,4.4,A,0.75,0,Positive,3.1,2.1,3.3,3.2,3.7,4.9,2.9
24,Female,5.84,67.6,6.5,4.0,3.0,1.92,No,Hybrid,Average,Average,No,3,Middle,2.8,A,0.61,1,Neutral,2.3,3.2,3.1,4.3,2.6,4.7,3.9
17,Female,6.54,69.2,5.8,4.9,4.3,1.41,No,Online,Average,Poor,Yes,2,Middle,4.8,B,0.63,0,Positive,4.4,1.9,2.7,4.3,3.4,5.0,1.3
21,Female,8.32,82.6,5.5,3.2,4.3,2.3,Yes,Online,Average,Excellent,No,2,High,5.8,A,0.44,1,Positive,2.8,2.4,3.8,3.5,2.3,4.1,2.7
22,Male,3.53,67.5,7.3,6.4,4.2,1.81,No,Offline,Average,Poor,Yes,1,High,6.8,B,0.75,1,Neutral,4.1,2.2,5.0,2.2,3.3,4.3,2.5
24,Female,10.28,78.4,7.0,6.4,4.0,1.93,No,Hybrid,Poor,Average,No,2,Middle,5.3,A,0.87,1,Positive,3.1,1.5,2.9,3.7,4.4,3.5,2.1
17,Female,8.96,62.0,7.8,3.0,2.4,1.68,Yes,Offline,Average,Poor,No,1,Middle,3.6,A,0.33,0,Neutral,3.1,3.2,2.5,3.7,2.9,3.7,2.8
25,Female,4.59,76.1,7.2,3.5,2.7,2.37,No,Offline,Good,Good,Yes,2,High,7.2,A,0.39,2,Neutral,2.0,1.8,3.7,1.9,2.6,4.3,2.8
21,Male,0.42,74.9,7.4,5.5,4.1,2.32,Yes,Offline,Poor,Good,No,2,Low,7.6,C,0.65,0,Neutral,4.0,2.7,4.4,2.6,2.9,3.1,3.2
18,Male,4.83,76.2,5.2,6.0,3.3,1.53,Yes,Offline,Average,Excellent,No,1,High,5.2,B,0.4,2,Positive,2.8,2.7,3.5,2.9,3.4,3.7,2.7
19,Male,5.15,73.0,7.8,5.9,3.4,1.92,Yes,Hybrid,Average,Excellent,No,2,Middle,4.4,A,0.52,1,Positive,3.1,2.7,4.4,3.9,3.6,3.4,2.9
19,Female,0.4,84.0,4.7,6.9,4.4,1.58,Yes,Online,Good,Good,No,0,Middle,6.5,D,0.53,1,Neutral,4.7,3.1,3.7,1.0,2.9,3.3,1.1
21,Male,5.15,87.9,8.8,5.6,3.9,2.09,No,Online,Average,Average,No,2,Middle,4.6,A,0.37,1,Positive,3.3,3.5,3.9,3.7,2.9,3.9,4.4
17,Male,4.6,86.4,5.3,6.5,2.9,2.01,Yes,Online,Average,Average,Yes,2,Middle,5.7,B,0.79,0,Positive,3.2,1.8,3.8,4.5,3.9,4.4,2.5
18,Male,3.43,76.6,6.5,2.7,1.7,2.12,No,Offline,Average,Average,No,1,High,4.8,A,0.76,0,Neutral,4.0,3.4,3.2,2.5,2.7,4.8,3.7
24,Male,6.25,76.2,5.6,3.8,5.6,1.93,No,Offline,Poor,Average,No,4,High,3.3,A,0.69,1,Neutral,3.7,2.9,4.9,3.0,3.1,3.8,3.2
18,Female,7.01,72.8,8.5,6.5,4.3,1.74,Yes,Online,Poor,Average,Yes,2,Middle,2.5,B,0.51,2,Neutral,2.5,3.3,4.0,3.3,2.8,4.3,3.5
19,Female,4.03,72.2,6.8,3.8,4.6,1.94,Yes,Online,Good,Average,Yes,1,High,4.3,A,0.73,2,Positive,2.4,2.5,4.4,3.5,2.9,5.0,4.1
20,Female,5.46,77.6,7.8,5.0,4.0,2.15,Yes,Offline,Average,Average,No,3,Middle,5.4,A,0.14,2,Positive,3.4,1.4,2.3,1.5,3.3,4.2,2.1
21,Male,3.69,77.6,7.7,5.8,3.1,1.68,Yes,Hybrid,Good,Average,No,2,Middle,3.4,B,0.28,2,Negative,2.4,2.5,1.6,3.4,3.3,4.9,4.1
23,Female,3.43,77.2,5.7,6.2,1.6,1.63,Yes,Hybrid,Poor,Excellent,No,0,Middle,5.0,B,0.58,2,Neutral,3.0,2.5,4.1,1.2,2.6,3.1,3.2
20,Male,5.16,81.5,6.0,6.2,4.8,0.9,No,Online,Good,Good,No,2,Middle,7.6,C,0.54,0,Neutral,1.7,3.5,2.3,3.6,3.8,4.8,2.8
24,Male,6.05,87.5,5.5,5.2,3.0,2.08,No,Hybrid,Average,Excellent,Yes,3,Low,1.9,A,0.63,2,Positive,4.7,3.4,2.9,1.7,2.7,4.0,2.8
22,Male,3.87,73.0,6.0,3.0,4.3,2.21,Yes,Hybrid,Poor,Average,No,0,Middle,4.5,B,0.55,2,Positive,2.4,2.0,4.0,2.6,2.8,4.1,3.7
18,Male,0.57,77.0,7.8,5.8,3.3,2.28,No,Hybrid,Poor,Good,No,0,High,8.0,C,0.45,1,Neutral,3.6,3.6,2.2,3.0,3.7,3.9,1.7
18,Male,6.17,84.6,7.5,3.5,5.3,2.27,Yes,Offline,Poor,Average,Yes,2,Middle,4.0,A,0.82,0,Neutral,3.6,2.2,4.1,3.0,3.6,5.0,3.6
20,Female,1.81,81.3,7.7,4.0,5.6,1.77,No,Offline,Poor,Average,Yes,0,Middle,5.6,D,0.45,1,Neutral,4.7,2.2,3.0,3.6,3.1,5.0,1.8
20,Female,5.24,71.5,5.9,2.3,5.4,2.07,Yes,Online,Good,Average,No,2,Middle,3.8,A,0.46,0,Negative,3.3,3.3,3.3,3.5,3.1,5.0,2.6
23,Female,8.56,67.9,5.8,6.3,5.8,1.47,No,Hybrid,Average,Excellent,No,3,Low,4.6,A,0.9,2,Positive,2.6,2.7,2.1,3.6,2.8,2.8,2.5
22,Male,4.97,85.6,8.3,6.2,5.7,2.39,Yes,Hybrid,Good,Excellent,Yes,1,Middle,3.5,A,0.22,2,Positive,3.0,2.5,3.1,2.5,2.9,5.0,3.2
20,Male,2.62,69.0,7.3,4.1,4.7,1.84,Yes,Hybrid,Average,Poor,Yes,2,Low,5.9,B,0.43,0,Neutral,2.1,2.8,4.2,2.0,2.4,5.0,1.5
18,Male,2.08,83.4,7.2,5.7,4.3,2.16,No,Hybrid,Good,Average,Yes,2,Low,4.3,A,0.56,1,Neutral,4.3,1.6,3.2,3.9,5.0,4.7,1.1
19,Non-Binary,7.34,69.7,6.8,6.0,3.0,1.73,No,Offline,Good,Good,Yes,1,Middle,4.0,A,0.45,0,Neutral,2.7,2.5,5.0,3.4,3.7,4.9,1.8
21,Female,4.97,96.4,7.6,6.5,5.7,1.56,Yes,Online,Average,Average,Yes,3,Middle,5.4,B,0.39,1,Positive,4.8,3.5,2.4,1.6,2.6,4.6,3.3
20,Female,6.08,69.2,8.3,3.6,3.3,1.88,No,Offline,Good,Average,No,3,Low,3.8,A,0.46,1,Negative,2.3,2.9,5.0,3.9,3.5,5.0,4.0
21,Male,6.85,97.1,6.6,5.3,6.2,1.74,Yes,Offline,Good,Average,Yes,2,Low,2.6,A,0.36,2,Positive,5.0,4.1,3.9,2.1,1.3,5.0,2.7
18,Female,4.9,86.7,6.3,6.4,1.3,1.99,No,Hybrid,Average,Good,No,2,Low,4.4,A,0.74,1,Positive,2.3,2.5,5.0,2.8,2.6,5.0,1.8
22,Male,4.38,93.0,5.2,3.5,3.3,1.81,Yes,Online,Poor,Average,No,2,Middle,4.9,B,0.1,2,Positive,2.3,2.3,4.7,2.2,4.3,3.7,2.0
25,Female,3.11,91.5,6.6,3.6,4.1,1.44,No,Offline,Poor,Average,No,2,Low,3.3,A,0.57,2,Neutral,2.4,2.2,3.9,2.2,5.0,4.5,2.2
19,Female,0.87,84.7,5.7,5.5,4.8,1.41,No,Offline,Average,Poor,No,0,Middle,8.3,Fail,0.45,0,Neutral,2.3,3.5,2.3,2.4,2.4,3.9,1.8
21,Non-Binary,1.96,76.7,5.1,3.2,4.8,2.29,No,Hybrid,Average,Good,Yes,2,Middle,6.2,A,0.6,0,Positive,3.4,3.3,4.0,3.0,3.5,5.0,2.8
28,Female,4.86,100.0,7.2,4.9,4.2,1.74,Yes,Hybrid,Average,Excellent,Yes,1,Middle,3.6,A,0.68,2,Positive,2.2,1.6,2.1,2.0,2.5,3.6,4.0
20,Male,4.65,75.7,7.2,5.7,1.8,2.15,No,Offline,Average,Average,Yes,1,High,4.3,A,0.35,0,Neutral,1.9,2.8,4.7,3.0,4.1,3.5,2.6
22,Female,5.81,81.6,7.0,5.8,5.0,1.59,No,Online,Average,Excellent,No,3,Middle,2.4,A,0.6,2,Neutral,2.1,3.1,5.0,1.7,1.5,3.4,3.4
18,Female,4.75,66.7,5.1,4.5,6.4,1.62,Yes,Hybrid,Average,Excellent,Yes,1,Low,4.4,B,0.15,2,Positive,5.0,1.8,3.4,4.0,3.4,4.3,3.7
22,Male,5.32,79.7,5.9,6.9,6.5,1.76,Yes,Online,Average,Excellent,No,1,Middle,5.4,B,0.25,1,Positive,1.9,2.3,2.9,2.9,1.7,5.0,1.9
18,Male,6.58,85.5,6.3,3.0,5.4,1.73,Yes,Online,Poor,Good,No,3,High,3.9,A,0.75,0,Neutral,3.2,2.4,5.0,3.6,2.9,4.0,3.0
27,Male,3.23,73.0,9.3,5.2,1.1,1.71,Yes,Online,Average,Good,No,2,High,4.6,B,0.52,0,Neutral,2.1,2.4,4.8,2.1,2.7,5.0,3.0
23,Male,4.43,81.2,7.5,2.4,6.0,2.39,Yes,Offline,Average,Excellent,No,1,Middle,4.6,A,0.85,2,Neutral,3.5,2.3,4.4,2.8,3.1,5.0,3.5
24,Male,1.79,77.0,8.1,4.6,4.7,1.61,Yes,Offline,Average,Poor,No,0,Low,6.2,C,0.52,0,Negative,3.2,1.3,3.8,3.3,4.5,5.0,2.6
23,Female,6.95,76.5,6.9,5.6,3.6,1.91,No,Hybrid,Poor,Good,No,2,Middle,7.8,A,0.44,1,Positive,4.7,1.5,2.9,3.6,3.6,3.1,2.0
22,Male,5.08,85.9,5.7,10.0,3.5,1.47,No,Hybrid,Average,Excellent,No,1,Middle,6.1,C,0.5,2,Neutral,2.6,2.8,3.9,3.1,3.1,4.8,3.0
20,Male,5.98,88.3,9.3,9.2,3.3,1.93,No,Offline,Poor,Good,Yes,2,Middle,1.0,A,0.45,1,Positive,3.4,1.7,4.2,2.0,3.1,5.0,2.9
25,Female,8.08,72.7,7.3,4.8,3.6,2.36,Yes,Online,Poor,Excellent,No,5,Middle,1.8,A,0.41,2,Neutral,4.0,4.2,3.4,3.4,3.2,5.0,3.0
27,Female,7.16,63.1,7.4,6.0,3.3,1.76,No,Online,Poor,Good,No,1,Low,4.6,A,0.23,0,Positive,2.6,1.8,2.6,3.5,3.9,5.0,2.4
21,Female,4.88,84.4,8.0,6.1,3.5,2.39,No,Offline,Average,Excellent,Yes,3,Low,3.1,A,0.65,2,Neutral,3.2,2.8,3.6,2.7,3.5,3.9,1.4
26,Male,6.58,69.3,6.8,5.3,6.9,1.96,No,Hybrid,Good,Good,No,3,Middle,3.3,A,0.65,0,Positive,1.5,2.9,4.0,3.7,4.4,5.0,3.0
22,Female,2.14,75.4,7.3,2.4,5.5,2.17,Yes,Hybrid,Good,Good,No,3,High,1.9,A,0.86,0,Positive,3.4,3.1,4.5,2.5,2.1,5.0,3.6
21,Female,5.87,71.9,5.4,5.4,4.9,1.64,No,Hybrid,Good,Good,No,1,Low,3.6,A,0.51,1,Positive,3.2,3.6,3.6,2.2,2.9,5.0,3.1
20,Male,5.28,89.5,7.2,2.6,3.9,1.81,Yes,Offline,Average,Excellent,No,4,Middle,4.4,A,0.79,2,Neutral,2.2,2.1,4.0,3.8,3.0,3.4,4.4
19,Male,1.76,100.0,5.4,6.8,5.4,2.24,Yes,Offline,Poor,Excellent,No,0,Middle,5.9,C,0.46,2,Neutral,1.8,3.4,4.0,1.1,2.8,4.2,1.8
17,Female,7.67,74.2,5.1,4.1,7.0,1.8,Yes,Hybrid,Average,Excellent,Yes,1,Middle,2.7,A,0.5,2,Positive,2.7,2.6,4.3,5.0,3.0,4.1,3.6
19,Female,3.59,100.0,7.4,4.2,2.9,1.39,No,Online,Poor,Good,Yes,3,High,5.5,A,0.89,2,Positive,1.8,3.2,4.3,2.7,3.5,3.9,3.0
21,Non-Binary,6.37,81.4,5.7,6.4,2.8,2.08,Yes,Offline,Average,Average,No,2,Middle,2.1,A,0.74,0,Positive,3.1,2.4,3.9,2.8,2.1,4.6,1.3
20,Female,4.16,76.6,6.3,3.7,4.7,1.06,Yes,Hybrid,Average,Poor,No,2,Middle,6.8,C,0.74,0,Negative,3.6,4.1,3.7,3.3,1.0,3.8,2.3
20,Female,6.99,90.7,6.9,4.7,2.6,1.92,No,Offline,Poor,Excellent,No,1,Middle,4.0,A,0.25,2,Neutral,1.2,2.1,2.6,3.8,3.4,4.4,2.7
28,Female,7.62,98.5,6.8,7.4,2.0,1.73,No,Offline,Average,Good,Yes,1,Low,1.9,A,0.56,1,Positive,2.2,1.2,3.4,2.8,2.2,4.0,1.9
20,Male,3.34,77.6,8.5,5.7,2.9,2.29,No,Offline,Poor,Average,Yes,2,Middle,1.8,A,0.78,2,Negative,4.6,3.2,1.9,2.9,1.8,3.8,4.0
20,Male,1.94,76.7,6.8,4.0,4.3,1.76,Yes,Offline,Average,Average,No,2,Middle,5.4,B,0.69,1,Positive,3.6,3.0,4.2,2.3,2.8,3.6,2.7
18,Male,4.74,97.9,7.6,4.3,4.7,2.14,No,Online,Average,Excellent,Yes,2,Low,3.3,A,0.69,2,Positive,1.6,3.1,5.0,4.1,4.7,4.2,2.3
17,Female,6.7,88.4,7.9,1.1,3.7,1.78,No,Offline,Poor,Excellent,Yes,2,Middle,3.4,A,0.83,1,Positive,2.5,4.3,3.5,4.6,4.6,4.4,3.6
24,Female,4.26,52.5,5.0,8.2,4.9,2.17,No,Offline,Average,Excellent,No,3,Low,6.0,B,0.24,2,Negative,1.2,2.5,4.2,2.1,2.8,4.4,1.4
21,Female,3.77,78.2,5.2,6.3,3.6,1.95,No,Hybrid,Average,Good,Yes,3,Low,4.8,A,0.4,2,Neutral,4.1,2.3,3.4,2.4,1.7,3.8,2.5
23,Male,5.98,72.0,7.4,2.5,2.9,2.29,Yes,Offline,Good,Average,No,2,High,2.2,A,0.9,1,Positive,3.0,3.1,3.4,3.2,4.0,5.0,4.1
18,Female,1.45,74.1,6.3,9.6,7.1,1.64,No,Online,Average,Average,Yes,0,Low,7.2,D,0.61,1,Positive,3.1,3.6,2.5,1.8,5.0,5.0,1.0
21,Male,3.67,80.9,5.6,5.8,4.1,1.4,No,Offline,Poor,Poor,Yes,0,Middle,3.6,B,0.13,0,Neutral,4.2,2.9,3.5,3.1,4.8,4.8,2.4
19,Male,2.23,75.1,7.9,1.0,4.7,1.59,No,Hybrid,Good,Excellent,No,3,High,4.7,A,0.21,2,Neutral,2.8,4.0,3.1,3.8,3.0,4.6,3.6
19,Female,5.59,75.8,7.4,6.5,2.0,2.04,No,Offline,Good,Poor,No,3,Low,5.8,A,0.44,1,Neutral,3.3,1.9,4.9,3.1,3.5,4.7,3.6
17,Female,3.53,99.9,6.4,4.5,4.9,1.84,No,Online,Average,Good,Yes,2,Middle,2.8,A,0.61,1,Positive,4.1,3.5,3.6,3.1,3.5,5.0,3.7
18,Non-Binary,2.77,63.9,7.7,5.4,1.1,1.44,No,Offline,Good,Good,No,1,Middle,5.4,C,0.37,0,Positive,2.2,2.4,2.3,2.6,3.2,4.8,2.5
19,Male,4.29,81.3,3.7,3.1,5.5,1.72,No,Offline,Poor,Good,Yes,0,Middle,6.4,B,0.5,1,Positive,1.8,1.6,3.4,4.0,2.4,4.1,1.7
18,Female,2.06,85.5,6.8,2.5,7.5,1.71,No,Hybrid,Good,Excellent,No,2,Middle,5.0,B,0.34,2,Positive,4.8,3.3,1.9,2.7,2.0,4.3,3.1
28,Male,4.97,65.7,8.1,6.6,2.8,1.44,Yes,Online,Good,Poor,Yes,3,Middle,6.3,C,0.55,1,Positive,2.3,2.6,1.8,4.4,4.0,5.0,1.0
19,Male,3.64,68.7,7.7,4.2,3.3,1.33,Yes,Offline,Average,Good,No,0,Low,4.3,A,0.11,1,Neutral,1.0,3.2,2.8,4.1,3.2,4.5,3.1
18,Female,4.25,68.7,7.0,5.1,5.4,1.64,No,Online,Good,Poor,No,1,Low,3.9,C,0.66,0,Neutral,2.3,2.5,3.4,2.7,3.5,4.8,3.4
18,Female,3.57,88.0,8.4,9.8,2.3,1.6,Yes,Hybrid,Average,Poor,Yes,0,Middle,5.3,B,0.59,1,Neutral,2.3,2.9,4.2,2.0,2.6,5.0,1.6
22,Female,6.82,69.2,7.7,3.7,2.6,2.1,No,Hybrid,Good,Good,Yes,0,Low,5.8,A,0.62,2,Positive,5.0,3.2,3.3,1.2,2.4,4.5,2.8
17,Male,4.78,84.6,6.5,4.9,3.6,1.34,Yes,Hybrid,Average,Poor,No,0,High,5.1,B,0.21,0,Positive,3.6,2.5,5.0,2.1,1.3,4.2,3.3
25,Female,6.05,68.1,7.2,4.6,4.5,2.04,Yes,Online,Average,Good,Yes,2,Middle,6.3,A,0.44,1,Positive,2.8,3.7,3.8,3.0,1.2,5.0,1.9
27,Male,5.96,67.5,7.8,4.1,6.2,1.5,No,Offline,Poor,Good,Yes,2,Low,2.5,B,0.84,1,Neutral,2.3,3.2,4.9,3.0,4.0,3.8,3.1
19,Female,3.39,84.0,7.5,6.4,3.0,1.41,No,Online,Average,Poor,Yes,3,Low,4.6,A,0.45,0,Positive,3.7,2.7,3.5,3.0,4.8,4.1,2.4
20,Male,6.14,87.7,6.3,3.4,4.9,1.71,No,Hybrid,Average,Poor,No,2,Middle,2.6,A,0.76,1,Positive,4.1,2.6,4.6,4.1,3.1,4.0,3.6
17,Male,5.7,66.6,3.3,4.8,3.9,1.6,Yes,Hybrid,Good,Good,No,0,Middle,2.8,A,0.55,2,Negative,3.5,4.4,4.4,1.9,3.1,4.0,3.2
22,Female,5.63,69.7,9.4,5.8,3.1,1.76,Yes,Hybrid,Good,Excellent,Yes,2,High,6.0,A,0.42,1,Negative,3.9,1.8,4.7,2.2,2.3,4.6,2.7
20,Female,4.2,82.1,6.5,2.7,6.1,1.96,Yes,Hybrid,Good,Good,No,1,Low,3.3,A,0.94,1,Positive,4.6,2.8,3.6,2.2,1.9,4.4,3.8
19,Male,4.15,70.1,4.3,4.8,1.8,1.58,No,Online,Average,Good,No,0,Low,5.3,C,0.64,2,Neutral,3.1,2.5,4.6,1.8,2.4,4.5,2.6
19,Male,6.57,68.3,5.7,5.1,3.8,1.59,No,Online,Good,Good,Yes,3,Middle,4.4,A,0.92,0,Positive,2.5,2.6,3.0,3.3,4.5,5.0,2.5
22,Female,9.36,69.0,7.2,5.5,5.5,1.55,No,Hybrid,Average,Good,No,2,Low,1.0,A,0.27,0,Neutral,2.6,3.2,4.8,4.5,5.0,4.5,3.8
20,Male,3.34,82.5,4.6,4.7,2.8,1.52,Yes,Offline,Poor,Average,No,1,Middle,8.2,C,0.23,0,Positive,4.3,3.1,2.5,3.9,1.8,3.5,2.5
18,Male,6.07,54.0,7.5,6.1,5.6,2.07,Yes,Offline,Average,Good,No,1,Middle,7.3,B,0.69,2,Positive,3.7,3.0,3.3,4.0,3.8,3.7,2.3
23,Male,4.27,96.7,6.7,4.4,3.8,2.05,No,Offline,Average,Good,Yes,3,Middle,5.2,A,0.6,2,Positive,3.1,2.8,2.5,1.6,4.3,4.7,2.0
21,Male,6.57,95.1,8.6,6.4,4.1,1.86,No,Offline,Average,Good,No,2,Middle,4.2,A,0.52,0,Positive,2.5,3.5,3.6,2.8,2.6,4.8,4.0
25,Female,5.88,91.8,5.9,7.7,3.2,1.97,No,Online,Average,Good,No,3,Middle,4.0,B,0.71,0,Positive,2.2,1.7,4.3,3.0,3.2,3.5,2.3
18,Female,7.12,77.5,7.0,3.6,3.1,2.18,Yes,Hybrid,Poor,Excellent,No,2,Middle,2.6,A,0.47,2,Neutral,3.0,2.3,4.3,4.3,2.2,3.9,2.4
24,Female,1.23,72.9,8.7,6.3,4.3,2.04,No,Hybrid,Average,Average,No,0,Middle,8.1,C,0.35,2,Neutral,2.0,1.6,3.7,1.0,4.2,4.4,1.1
22,Non-Binary,3.8,84.7,7.8,2.9,5.8,1.68,Yes,Offline,Poor,Excellent,Yes,2,Middle,6.1,B,0.3,2,Neutral,2.8,2.7,5.0,2.6,3.7,3.6,3.2
18,Male,3.02,68.7,6.4,7.6,5.1,1.92,Yes,Hybrid,Average,Good,No,1,Middle,5.6,B,0.58,2,Positive,4.2,2.4,3.6,3.5,1.6,4.1,2.5
23,Male,4.78,100.0,6.7,2.3,3.8,1.97,Yes,Offline,Poor,Good,No,4,Low,4.0,A,0.28,2,Positive,2.9,2.7,3.4,3.4,2.8,4.7,2.7
20,Male,3.55,73.5,7.1,8.1,4.0,1.78,Yes,Online,Good,Poor,Yes,2,Low,5.2,B,0.79,0,Positive,2.8,1.9,5.0,3.5,2.6,3.1,2.3
26,Male,3.72,91.1,4.8,7.3,4.5,1.65,No,Offline,Average,Average,Yes,2,Low,3.9,B,0.66,2,Neutral,3.1,3.3,4.7,3.1,4.5,4.4,2.6
18,Male,6.36,87.4,7.5,2.2,5.3,2.04,No,Offline,Average,Good,Yes,2,Low,7.8,A,0.7,2,Neutral,4.0,2.6,3.2,3.2,3.3,4.3,2.4
22,Female,8.8,75.1,7.5,6.0,3.4,1.93,Yes,Online,Good,Good,No,3,Middle,3.7,A,0.86,0,Positive,4.8,2.3,3.2,4.0,2.8,5.0,3.0
20,Female,1.1,77.2,6.1,5.4,6.1,1.74,No,Online,Good,Poor,No,1,Low,6.2,D,0.61,0,Positive,1.8,3.0,3.7,3.2,4.0,3.5,2.5
27,Male,4.38,71.4,6.1,3.2,4.0,1.89,Yes,Hybrid,Average,Good,No,1,Middle,6.0,A,0.41,1,Neutral,4.2,1.7,3.2,3.0,1.3,2.4,2.7
19,Female,5.62,80.5,7.1,6.4,2.1,1.72,No,Hybrid,Good,Poor,Yes,1,Middle,4.2,A,0.27,1,Positive,3.8,1.6,4.1,2.4,1.5,5.0,3.2
27,Female,5.01,85.3,8.4,2.2,4.3,1.36,Yes,Online,Poor,Excellent,No,1,Middle,3.5,A,0.56,2,Positive,1.8,3.8,2.4,2.7,4.6,4.1,2.9
25,Female,4.31,79.6,6.1,3.4,2.0,1.95,No,Hybrid,Good,Excellent,No,2,Middle,5.6,A,0.28,2,Positive,2.0,1.5,3.4,3.9,2.6,3.9,2.5
19,Female,2.29,76.1,6.5,4.6,5.7,2.01,Yes,Hybrid,Good,Poor,Yes,2,Middle,6.5,C,0.33,0,Positive,4.0,1.6,2.5,3.4,2.3,4.2,2.1
24,Female,3.11,79.8,6.3,4.5,3.4,1.81,Yes,Offline,Good,Excellent,Yes,2,Low,5.3,A,0.22,1,Negative,3.6,1.5,3.0,2.1,2.7,4.4,2.5
29,Female,6.45,91.7,6.9,4.8,5.8,2.15,Yes,Online,Average,Excellent,Yes,2,Low,1.6,A,0.66,2,Positive,1.3,2.5,4.4,2.4,5.0,3.7,2.3
19,Female,7.15,88.3,7.6,8.0,3.0,1.94,No,Online,Good,Average,No,0,Low,4.9,A,0.4,1,Neutral,2.2,1.3,5.0,2.5,4.1,5.0,2.4
20,Female,5.19,84.4,5.7,5.9,5.8,1.79,No,Hybrid,Poor,Good,No,3,Middle,3.6,B,0.55,1,Positive,3.5,1.9,4.0,2.8,1.5,3.3,1.8
21,Male,3.33,73.4,4.4,6.3,2.8,1.11,Yes,Online,Average,Good,No,0,Low,6.6,D,0.28,1,Positive,3.9,3.5,4.3,3.2,3.2,4.2,1.5
19,Male,5.19,74.9,6.6,4.1,5.3,1.41,Yes,Online,Average,Good,Yes,2,Middle,4.7,B,0.4,2,Positive,3.4,2.7,2.8,4.5,2.3,5.0,3.7
17,Female,4.52,84.3,8.6,4.5,6.8,1.87,Yes,Hybrid,Good,Average,No,2,High,5.1,B,0.76,1,Positive,1.0,3.0,2.2,2.5,4.3,5.0,3.6
19,Male,6.09,75.7,5.9,4.5,5.9,2.36,No,Online,Average,Average,No,2,Low,4.7,A,0.16,0,Neutral,2.3,3.1,4.0,4.7,1.9,4.1,3.4
19,Male,5.24,72.8,7.8,3.8,0.5,1.52,No,Offline,Average,Good,No,2,High,4.7,A,0.76,1,Positive,2.0,3.8,4.6,2.4,3.5,5.0,2.7
20,Female,3.76,92.9,7.1,2.6,4.3,1.45,Yes,Online,Average,Average,Yes,3,High,5.6,A,0.83,1,Positive,3.7,2.7,4.2,3.7,2.7,3.6,2.7
18,Male,5.38,80.6,5.6,7.2,5.7,1.87,No,Offline,Good,Excellent,No,2,High,2.2,A,0.73,1,Positive,2.5,2.4,3.7,3.8,3.0,4.6,2.2
25,Female,2.64,81.8,7.2,7.0,6.0,1.56,Yes,Hybrid,Poor,Average,No,1,High,9.4,C,0.4,1,Neutral,3.5,2.3,4.2,1.6,3.3,4.8,1.3
23,Female,6.64,73.7,6.1,4.8,5.1,1.64,No,Hybrid,Average,Good,Yes,3,Low,3.3,A,0.41,0,Neutral,3.2,2.0,1.4,2.5,4.1,5.0,3.2
18,Non-Binary,7.36,82.3,6.4,6.8,3.5,2.34,Yes,Offline,Average,Excellent,Yes,3,Low,5.5,A,0.28,2,Neutral,1.8,2.4,2.1,3.4,2.3,5.0,2.9
22,Female,2.64,87.4,6.6,7.2,2.0,1.16,Yes,Online,Average,Good,No,0,Low,2.9,D,0.42,2,Negative,3.9,2.7,2.7,3.2,1.9,3.2,1.7
22,Male,5.84,82.2,5.5,4.1,2.8,1.87,Yes,Hybrid,Poor,Good,No,2,Low,3.3,A,0.57,0,Neutral,4.2,3.6,3.9,3.2,3.4,3.1,2.1
27,Female,3.02,65.0,6.7,6.4,1.4,1.53,Yes,Hybrid,Average,Excellent,No,1,Middle,3.9,C,0.65,2,Neutral,3.9,1.8,4.3,3.2,2.1,4.8,3.9
17,Female,7.14,74.7,8.7,1.5,4.3,1.76,No,Online,Average,Excellent,Yes,3,High,3.0,A,0.68,2,Positive,3.2,4.1,4.8,4.5,3.5,4.5,3.9
19,Non-Binary,6.81,84.7,7.4,2.2,1.4,1.7,No,Hybrid,Poor,Average,Yes,3,Middle,3.9,A,0.4,2,Positive,2.9,2.9,3.5,2.6,2.9,3.5,3.3
26,Male,4.54,81.7,8.6,4.8,4.6,1.56,Yes,Offline,Good,Good,Yes,2,Low,3.9,B,0.29,0,Neutral,2.4,3.8,3.8,3.0,2.1,4.4,3.7
26,Male,6.99,89.2,5.7,5.5,4.8,1.65,No,Offline,Poor,Excellent,No,3,Middle,6.1,A,0.83,2,Neutral,4.3,2.7,2.9,4.1,2.0,5.0,1.1
23,Female,4.14,76.5,10.0,6.3,5.0,1.74,No,Offline,Poor,Average,No,1,Low,7.9,B,0.62,2,Positive,4.6,2.8,3.1,2.0,3.8,5.0,1.4
23,Male,3.71,78.9,7.6,4.2,4.3,2.1,No,Online,Average,Average,No,1,Middle,2.8,A,0.81,1,Neutral,2.3,2.6,3.2,2.4,2.8,5.0,4.0
18,Female,3.86,88.3,7.3,6.7,5.5,1.44,No,Offline,Good,Average,Yes,3,Middle,3.0,A,0.71,1,Positive,1.9,3.7,4.4,3.6,2.1,4.6,2.4
21,Male,4.72,78.9,6.2,4.8,4.0,1.32,No,Offline,Poor,Average,No,1,High,3.2,B,0.25,2,Positive,2.0,2.1,3.2,2.9,2.9,3.5,3.9
19,Male,4.35,87.8,5.7,4.7,4.9,1.76,No,Offline,Average,Good,No,2,Middle,6.2,B,0.81,2,Neutral,2.0,3.6,4.6,3.4,2.2,4.6,3.1
18,Male,5.31,62.2,7.0,5.2,3.2,2.12,Yes,Offline,Average,Good,No,3,Middle,4.5,A,0.5,1,Positive,3.3,1.8,4.0,1.7,3.2,4.5,2.9
24,Male,3.77,69.9,8.6,5.4,3.2,2.15,No,Hybrid,Average,Excellent,No,3,Low,4.0,A,0.83,2,Neutral,1.7,2.1,3.7,3.3,3.4,3.6,3.2
18,Female,6.53,88.4,7.3,5.7,4.7,1.19,Yes,Online,Average,Good,No,2,High,4.7,A,0.47,0,Positive,2.4,4.0,3.3,2.7,3.1,4.8,4.1
21,Female,7.04,87.2,9.9,6.4,4.1,1.71,Yes,Offline,Average,Average,No,2,Middle,3.2,A,1.0,0,Positive,2.5,3.0,4.6,2.0,2.6,5.0,3.5
26,Male,4.01,86.8,6.5,5.1,3.4,1.89,No,Offline,Average,Poor,Yes,1,Middle,3.2,B,0.57,1,Positive,3.2,3.0,3.7,2.7,1.9,2.8,3.1
18,Female,2.15,88.3,5.2,5.8,4.2,1.75,Yes,Offline,Poor,Excellent,No,2,High,5.5,C,0.56,2,Positive,2.8,2.8,4.8,3.1,3.2,4.1,3.0
28,Male,6.45,88.4,6.4,4.2,2.7,1.49,No,Offline,Average,Average,Yes,2,Middle,3.1,A,0.74,2,Positive,3.4,3.8,2.4,4.2,2.1,5.0,3.4
29,Female,7.28,68.4,8.5,5.9,4.4,1.78,Yes,Online,Good,Average,No,2,Middle,3.9,A,0.23,0,Positive,2.9,2.9,3.4,3.3,2.4,5.0,4.1
21,Male,4.67,94.9,8.4,5.8,4.5,1.84,No,Hybrid,Average,Excellent,No,3,Low,1.7,A,0.26,2,Positive,3.2,2.7,2.7,2.5,3.0,5.0,3.1
18,Female,2.43,87.8,5.6,6.5,4.3,1.61,Yes,Online,Good,Good,Yes,1,Middle,5.9,C,0.69,2,Positive,4.9,2.9,3.4,1.2,3.4,3.3,1.1
19,Female,5.53,67.7,6.0,4.3,4.4,1.84,No,Hybrid,Average,Average,No,1,High,3.0,A,0.65,0,Neutral,3.1,2.7,5.0,3.7,4.6,4.4,2.5
20,Female,8.05,66.3,8.4,3.7,3.1,1.45,Yes,Offline,Good,Excellent,No,3,Low,3.9,A,0.22,2,Neutral,3.3,2.6,2.6,3.7,2.3,4.3,3.3
19,Female,1.25,83.2,4.8,5.1,2.7,1.7,No,Offline,Average,Excellent,No,2,High,6.7,B,0.9,1,Neutral,5.0,2.2,2.5,2.3,2.4,4.8,2.7
19,Female,5.96,72.6,7.7,5.2,2.4,1.81,No,Hybrid,Average,Poor,No,1,Middle,2.7,A,0.64,1,Neutral,2.8,1.9,4.4,2.9,1.1,3.9,4.0
28,Non-Binary,4.37,84.2,5.8,4.2,3.5,1.95,Yes,Offline,Average,Excellent,No,2,Middle,6.1,A,0.53,2,Neutral,4.5,3.2,4.7,3.8,3.1,3.9,3.3
18,Female,3.29,76.3,6.5,4.7,2.8,1.99,No,Offline,Poor,Average,No,1,Middle,2.5,B,0.25,0,Neutral,4.2,2.7,3.8,3.4,1.8,3.9,3.2
23,Female,6.0,64.5,6.3,6.9,4.4,1.55,No,Hybrid,Average,Good,Yes,2,Low,6.7,B,0.65,0,Negative,2.1,1.2,1.8,3.7,3.9,3.7,2.1
17,Female,2.4,70.9,7.9,3.0,3.8,1.99,No,Online,Average,Excellent,Yes,2,Low,6.7,B,0.16,1,Negative,3.1,2.7,3.0,3.5,3.3,4.2,3.6
22,Male,5.59,75.4,8.5,5.7,1.2,1.9,Yes,Online,Average,Excellent,Yes,1,Middle,2.7,A,0.73,1,Neutral,3.6,2.9,3.2,2.8,1.8,3.9,3.0
26,Female,7.63,79.0,6.3,2.1,4.9,1.84,No,Hybrid,Average,Average,No,1,Middle,2.6,A,0.33,0,Positive,3.9,2.6,4.9,3.5,3.0,3.9,4.6
19,Male,5.35,86.9,8.3,6.1,0.5,1.71,Yes,Offline,Average,Average,Yes,3,High,1.2,A,1.0,1,Neutral,2.2,2.8,4.2,2.9,3.0,5.0,2.4
18,Female,3.25,72.7,7.6,4.9,5.2,1.7,No,Offline,Poor,Poor,No,0,Middle,6.3,B,0.42,1,Neutral,2.2,1.0,3.9,2.7,4.2,5.0,3.3
22,Female,1.44,83.7,5.8,4.7,3.6,2.1,No,Online,Average,Good,Yes,2,Middle,4.0,B,0.53,1,Positive,3.9,4.0,4.0,3.1,3.4,4.5,2.6
23,Female,2.44,76.9,6.0,4.2,2.3,2.3,No,Online,Average,Poor,No,1,Low,4.5,B,0.6,0,Positive,2.0,3.1,4.3,2.7,2.2,5.0,3.2
23,Male,1.32,77.9,7.3,5.5,2.9,1.4,No,Online,Good,Good,Yes,1,Middle,3.7,C,0.39,1,Neutral,2.7,1.1,4.9,2.3,4.8,5.0,2.8
19,Male,8.2,56.5,6.5,3.9,4.8,2.27,No,Hybrid,Average,Poor,No,4,Middle,6.9,A,0.82,1,Positive,1.6,1.0,4.0,4.1,1.9,4.6,2.6
19,Female,4.5,74.2,6.4,4.9,3.6,1.46,Yes,Offline,Good,Good,No,5,Middle,2.5,A,0.59,0,Neutral,2.2,3.0,2.8,3.4,4.7,5.0,2.8
27,Female,2.91,64.9,8.0,3.0,6.6,1.68,No,Offline,Average,Poor,No,0,High,5.5,C,0.2,0,Neutral,2.8,2.3,5.0,2.4,3.1,3.9,4.1
26,Male,2.4,85.7,7.4,5.3,4.1,1.58,No,Hybrid,Good,Excellent,No,2,High,6.3,C,0.26,2,Positive,2.9,2.9,3.3,2.3,1.7,4.0,1.5
20,Male,2.87,89.7,5.4,5.0,2.1,1.53,Yes,Hybrid,Good,Average,No,0,Middle,5.4,C,0.85,1,Positive,3.1,3.4,4.7,2.0,2.3,4.0,2.8
24,Female,4.33,83.4,8.3,7.0,4.6,1.85,No,Offline,Poor,Average,No,3,High,3.6,B,0.52,2,Neutral,2.9,1.8,3.7,2.2,3.5,3.8,2.2
20,Female,2.43,99.4,7.8,5.2,4.5,1.94,Yes,Online,Average,Excellent,No,3,Middle,3.4,A,0.52,2,Neutral,3.9,3.3,3.6,3.5,4.3,4.7,2.8
20,Male,8.35,81.7,7.5,3.5,6.6,1.68,No,Offline,Average,Good,Yes,3,High,5.1,A,0.52,1,Neutral,4.2,3.7,2.7,4.4,2.2,5.0,3.8
18,Male,3.51,87.3,7.7,5.9,1.6,1.74,Yes,Hybrid,Poor,Average,No,2,Middle,3.8,A,0.38,1,Neutral,2.3,3.0,3.4,3.2,2.5,3.8,3.8
20,Male,3.43,75.8,5.3,6.6,3.7,2.12,Yes,Offline,Average,Poor,No,1,Low,7.1,B,0.48,0,Neutral,1.3,3.6,3.8,3.2,2.0,3.5,2.1
21,Non-Binary,5.62,82.7,7.1,3.6,2.2,1.49,No,Offline,Average,Good,Yes,3,High,2.4,A,0.51,0,Positive,3.4,2.2,3.2,1.4,2.4,3.5,3.6
17,Male,7.9,69.1,6.0,5.5,4.5,2.16,Yes,Offline,Good,Average,No,3,Low,4.5,A,0.93,0,Positive,4.0,1.6,5.0,3.3,2.3,4.8,2.3
20,Male,7.65,76.1,6.5,2.6,2.0,2.11,Yes,Offline,Good,Good,No,2,Middle,1.0,A,0.49,2,Positive,2.2,1.8,5.0,4.0,2.3,4.6,3.4
24,Male,4.02,89.3,9.0,1.0,3.2,1.89,No,Online,Average,Good,No,1,Low,2.9,A,0.27,1,Positive,2.7,3.4,3.2,2.8,3.2,5.0,3.1
23,Male,5.51,79.0,6.4,5.5,4.7,1.51,Yes,Offline,Average,Average,No,2,Middle,3.8,B,0.64,1,Positive,4.0,3.0,4.2,1.8,2.2,3.8,2.5
22,Female,5.3,75.8,8.8,8.1,5.3,2.04,No,Offline,Poor,Good,Yes,3,Middle,2.7,B,0.6,0,Negative,4.1,2.8,4.1,2.4,3.0,5.0,4.4
25,Male,6.06,78.0,6.6,5.2,3.3,1.76,Yes,Offline,Poor,Good,Yes,1,Middle,4.6,A,0.27,2,Positive,3.5,2.7,3.0,3.7,4.6,2.3,4.0
17,Male,5.51,84.0,6.9,5.7,1.7,1.83,No,Hybrid,Poor,Excellent,Yes,3,High,3.6,A,0.77,2,Positive,3.0,2.9,3.7,3.8,1.7,2.8,2.1
21,Male,3.11,92.6,8.0,1.3,2.5,1.36,Yes,Online,Average,Poor,Yes,1,Low,1.1,B,0.4,0,Neutral,2.5,3.6,2.6,2.2,3.8,5.0,4.4
24,Male,2.48,64.3,7.6,6.5,2.1,1.44,No,Hybrid,Average,Good,No,0,High,7.8,B,0.32,1,Neutral,3.2,2.9,2.7,2.7,1.8,4.4,2.7
21,Male,5.35,78.9,5.1,5.7,3.8,1.42,No,Hybrid,Poor,Poor,Yes,2,Low,5.1,B,0.52,0,Neutral,3.1,3.1,2.9,1.9,2.8,3.6,3.5
19,Female,2.63,77.8,7.5,9.4,3.4,1.64,No,Hybrid,Poor,Good,No,0,Low,7.5,Fail,0.46,1,Neutral,3.7,2.8,4.3,2.3,3.3,3.7,2.3
18,Female,7.73,76.7,6.1,3.6,3.5,1.58,No,Hybrid,Good,Excellent,No,1,Middle,5.6,A,0.11,2,Positive,3.4,2.0,2.8,3.1,3.1,5.0,2.5
25,Female,5.08,78.8,6.6,5.9,2.8,1.46,No,Hybrid,Average,Average,No,1,High,5.7,A,0.98,0,Positive,1.6,2.0,5.0,3.4,3.6,5.0,2.3
21,Female,2.95,84.2,7.3,1.9,3.3,2.13,No,Online,Good,Excellent,Yes,1,Low,3.1,A,0.38,2,Negative,2.9,3.6,3.7,3.4,2.0,5.0,3.6
25,Female,4.36,90.6,6.3,6.1,4.9,1.27,Yes,Hybrid,Average,Good,Yes,0,Middle,2.5,C,0.47,1,Neutral,4.3,1.3,3.8,4.2,3.0,4.7,2.9
22,Male,3.99,62.1,4.6,4.0,3.4,1.76,No,Online,Good,Excellent,Yes,0,Low,5.4,B,0.46,2,Neutral,1.0,2.8,3.6,3.0,2.1,5.0,2.9
22,Female,4.74,67.4,6.9,4.4,4.7,1.39,No,Online,Good,Good,Yes,1,High,3.6,B,0.72,2,Negative,1.7,3.7,3.2,3.5,3.1,3.6,4.2
24,Female,6.89,80.2,6.7,5.6,4.6,1.97,No,Online,Average,Average,No,1,Middle,5.6,A,0.72,0,Positive,2.0,3.9,4.0,3.8,4.0,3.4,3.4
22,Female,2.11,64.8,6.2,4.0,5.6,1.73,No,Online,Average,Average,No,1,Middle,4.2,C,0.62,2,Negative,3.7,3.4,3.3,2.4,4.2,4.6,3.5
20,Female,1.26,83.5,5.6,5.1,4.6,1.99,No,Offline,Good,Average,No,1,High,4.8,C,0.15,0,Positive,2.5,3.1,4.7,3.3,3.8,5.0,2.3
21,Male,5.68,70.6,6.8,5.8,2.2,2.23,Yes,Offline,Average,Average,No,3,Middle,1.6,A,0.24,2,Neutral,3.1,3.4,3.8,5.0,3.4,5.0,3.2
24,Female,4.65,77.7,7.0,8.5,1.9,1.94,Yes,Hybrid,Poor,Good,Yes,2,High,2.2,A,0.73,1,Neutral,3.5,2.6,5.0,2.3,3.3,2.9,3.2
20,Female,5.33,67.5,6.5,1.1,3.3,2.38,No,Online,Poor,Good,No,2,High,3.6,A,0.57,1,Neutral,3.5,3.9,3.9,3.1,3.2,3.6,3.9
20,Non-Binary,5.89,70.0,8.2,3.6,3.6,1.64,Yes,Offline,Average,Excellent,Yes,1,Middle,3.8,A,0.54,1,Neutral,2.3,4.5,3.1,1.6,4.1,4.2,3.9
18,Male,4.64,100.0,6.7,2.7,2.1,1.84,Yes,Online,Average,Good,No,1,Middle,3.4,A,0.65,2,Positive,2.7,3.1,3.7,5.0,1.0,3.7,2.9
26,Male,6.6,75.6,7.1,4.6,3.9,2.34,No,Offline,Good,Good,No,3,Low,7.3,A,0.59,0,Neutral,2.8,2.6,2.1,4.3,3.0,3.3,2.3
18,Male,3.21,93.1,5.2,4.1,4.2,1.88,No,Online,Poor,Excellent,Yes,0,High,5.6,B,0.79,2,Negative,4.7,3.9,3.5,3.1,3.2,4.2,2.8
22,Female,5.13,78.5,6.6,1.0,5.7,1.52,Yes,Offline,Good,Excellent,Yes,2,Middle,3.9,A,0.53,2,Positive,2.8,3.3,2.5,4.4,2.0,3.1,4.2
20,Male,3.34,85.2,9.7,7.6,3.8,1.86,No,Offline,Average,Average,Yes,1,High,1.0,B,0.55,0,Negative,3.6,2.7,3.8,1.5,1.0,5.0,2.3
20,Male,2.74,71.0,4.7,3.2,1.8,1.4,Yes,Online,Average,Good,No,1,Middle,7.5,C,0.5,0,Neutral,3.7,3.6,4.5,4.0,2.2,4.6,2.8
22,Non-Binary,6.23,83.8,7.9,7.7,1.8,2.1,Yes,Offline,Average,Average,Yes,1,Middle,7.9,A,0.61,1,Positive,4.1,1.4,3.6,3.0,4.3,5.0,2.1
17,Male,6.14,73.7,7.2,8.2,2.5,1.85,Yes,Hybrid,Poor,Average,No,2,Low,3.9,A,0.7,1,Positive,3.9,2.2,2.6,2.6,5.0,4.4,1.1
22,Female,1.12,50.7,6.8,8.4,8.1,1.83,No,Online,Average,Average,No,0,Middle,5.8,D,0.56,1,Neutral,3.1,1.8,4.3,2.0,1.0,4.6,2.5
24,Male,2.76,52.8,6.8,7.3,3.6,1.22,Yes,Hybrid,Average,Excellent,No,0,Low,6.5,C,0.85,2,Neutral,3.5,2.1,2.2,1.7,3.7,3.1,2.2
24,Female,5.58,77.6,7.1,4.0,4.0,1.86,No,Online,Good,Good,No,1,Low,1.3,A,0.42,1,Neutral,5.0,3.6,2.2,2.7,2.8,3.9,2.6
18,Female,7.14,85.4,5.1,4.1,2.5,1.52,Yes,Online,Average,Good,Yes,2,Low,4.1,A,0.91,1,Neutral,2.3,2.0,4.1,2.6,2.6,3.8,4.1
25,Female,3.67,71.1,8.8,6.5,5.3,1.87,No,Offline,Average,Excellent,No,1,Middle,7.7,C,0.27,2,Positive,2.5,2.3,4.4,2.8,1.8,3.4,2.1
22,Female,4.63,68.2,7.4,7.4,2.6,2.14,No,Offline,Poor,Poor,No,3,Middle,2.6,A,0.4,1,Positive,1.8,2.6,3.4,2.8,3.1,3.1,1.1
25,Male,2.17,73.1,8.5,4.4,2.5,1.23,No,Hybrid,Good,Good,No,1,Middle,4.9,C,0.16,0,Neutral,3.2,2.8,1.6,1.2,1.0,4.4,3.8
21,Male,10.02,95.0,7.5,5.6,4.5,1.64,No,Online,Average,Good,No,1,Low,3.6,A,0.2,2,Positive,2.5,2.9,3.1,2.6,3.9,4.4,3.2
21,Male,5.95,60.5,7.8,5.2,3.4,2.06,Yes,Hybrid,Average,Average,No,0,Middle,3.4,A,0.68,0,Positive,1.9,3.2,5.0,4.0,5.0,5.0,3.5
26,Female,6.79,85.2,7.8,2.6,7.4,1.77,Yes,Hybrid,Average,Good,Yes,2,High,1.7,A,0.58,2,Positive,3.0,3.6,5.0,4.3,2.4,3.2,3.6
25,Female,6.32,90.1,7.2,2.5,3.4,1.67,No,Hybrid,Poor,Average,No,1,Middle,3.5,A,0.72,2,Positive,1.6,4.0,3.5,3.4,1.4,4.4,3.3
20,Male,6.87,65.3,8.9,3.8,6.1,1.65,No,Hybrid,Poor,Excellent,No,1,High,2.8,A,0.53,2,Neutral,4.3,4.8,3.8,4.3,1.5,3.7,3.7
19,Female,6.22,69.5,7.4,5.9,2.4,1.77,No,Hybrid,Good,Average,Yes,3,Low,5.5,A,0.19,2,Positive,4.0,3.3,3.5,1.8,2.6,4.8,3.2
20,Male,4.33,74.7,7.3,1.6,3.8,1.5,No,Hybrid,Average,Average,No,3,High,5.2,A,0.5,2,Neutral,4.8,3.2,4.5,4.2,1.6,5.0,3.1
20,Female,6.49,72.0,6.2,3.0,3.4,1.94,No,Offline,Poor,Good,Yes,2,Middle,5.8,A,0.84,2,Positive,5.0,3.4,2.6,1.6,2.9,3.6,3.1
19,Non-Binary,5.16,88.1,6.7,9.1,5.1,2.26,Yes,Hybrid,Poor,Average,No,1,Middle,5.8,B,0.41,1,Positive,1.4,1.9,3.7,2.4,3.5,4.4,2.4
19,Male,7.59,79.5,8.4,4.2,5.2,1.75,No,Offline,Poor,Average,No,3,Middle,4.3,A,0.56,1,Positive,2.8,3.8,5.0,4.4,2.6,5.0,3.9
25,Female,3.53,73.4,6.4,9.0,2.7,1.59,No,Offline,Average,Good,No,1,Middle,4.1,C,0.64,2,Negative,4.3,2.4,3.7,2.5,2.8,4.5,2.3
17,Male,3.92,82.3,8.0,5.2,6.1,2.38,Yes,Hybrid,Good,Average,No,1,Middle,5.6,A,0.1,0,Negative,4.3,4.0,2.9,3.8,3.6,5.0,2.7
22,Female,6.32,90.7,7.0,7.2,4.5,1.36,No,Online,Average,Good,No,0,Middle,5.1,B,0.5,2,Positive,3.9,2.2,5.0,2.8,2.6,2.7,1.3
18,Female,7.56,75.0,5.2,5.7,2.1,1.16,No,Offline,Average,Good,Yes,4,Low,2.5,B,0.48,1,Neutral,2.0,2.4,3.4,3.4,4.4,4.2,3.7
20,Male,5.29,70.5,7.9,6.8,4.5,1.81,Yes,Hybrid,Average,Good,No,1,Middle,2.9,A,0.45,1,Negative,3.3,2.3,4.3,3.9,3.7,3.3,2.7
17,Male,3.57,87.9,7.0,6.2,3.9,2.14,Yes,Hybrid,Good,Good,Yes,2,Middle,2.7,B,0.44,0,Neutral,4.1,2.2,4.3,3.5,3.2,5.0,2.8
19,Male,4.76,95.9,6.9,5.8,5.0,1.66,No,Offline,Good,Average,Yes,3,Middle,1.1,A,0.71,1,Positive,2.7,3.1,4.2,2.6,3.0,4.6,2.4
23,Female,4.0,94.2,8.3,4.4,4.4,1.61,No,Hybrid,Average,Average,Yes,2,Low,4.4,A,0.21,1,Positive,2.2,3.0,2.3,3.3,3.3,3.6,2.9
25,Female,8.79,86.9,7.4,2.6,2.9,1.86,No,Hybrid,Poor,Good,No,2,Low,1.6,A,0.82,2,Positive,2.7,3.4,2.2,3.5,4.1,4.5,3.6
19,Male,6.8,77.3,5.7,6.5,5.5,1.99,No,Offline,Good,Excellent,No,1,Low,2.3,A,0.81,1,Positive,2.4,1.0,3.1,4.1,2.9,5.0,2.6
21,Female,7.53,87.1,7.3,4.3,1.0,2.39,Yes,Hybrid,Average,Average,No,1,Low,3.6,A,0.75,1,Neutral,3.3,2.1,3.3,3.6,3.8,3.9,3.4
21,Female,5.6,84.7,6.2,4.1,2.9,1.54,No,Hybrid,Good,Good,No,3,Low,3.4,A,0.1,1,Positive,1.6,2.8,3.9,3.6,3.7,4.9,2.4
25,Male,3.89,85.3,6.0,3.7,4.3,1.6,No,Offline,Good,Good,Yes,3,Low,3.6,B,0.33,2,Positive,4.6,3.0,3.7,2.9,1.5,2.6,3.3
23,Male,7.35,78.9,8.9,8.8,3.0,1.8,No,Offline,Average,Good,No,1,Middle,6.5,A,0.76,2,Neutral,2.4,3.5,3.2,1.0,4.3,4.8,2.4
21,Female,8.31,89.6,4.3,4.8,4.0,2.39,No,Offline,Poor,Good,Yes,1,Middle,1.9,A,0.71,2,Neutral,2.0,2.0,3.6,2.9,2.8,4.2,3.6
22,Female,6.16,88.1,6.4,9.5,3.5,1.29,Yes,Hybrid,Poor,Poor,No,2,High,2.3,B,0.8,1,Neutral,2.6,1.2,3.7,1.4,1.8,4.1,2.8
24,Male,4.95,66.9,6.3,5.0,2.7,1.95,Yes,Hybrid,Good,Good,No,1,High,5.4,B,0.5,0,Positive,3.3,1.9,3.0,3.3,4.0,5.0,1.9
17,Male,7.16,86.5,7.9,6.5,5.0,2.21,No,Hybrid,Average,Poor,No,3,Low,2.5,A,0.5,1,Neutral,1.4,2.6,3.2,1.3,2.9,3.4,3.4
20,Male,4.26,69.6,8.4,5.5,3.0,2.2,No,Online,Poor,Good,No,2,Low,3.0,A,0.51,0,Negative,2.4,3.3,4.2,3.1,2.0,4.8,4.0
25,Female,6.53,80.7,6.1,6.1,2.1,1.63,No,Hybrid,Average,Excellent,No,2,Middle,2.1,A,0.33,2,Neutral,2.9,2.1,2.3,2.3,3.8,4.7,3.2
23,Male,3.58,78.1,3.8,6.2,5.8,1.81,Yes,Offline,Average,Good,No,1,Low,6.1,C,0.52,1,Positive,2.3,2.7,4.5,3.0,2.9,3.2,1.0
21,Male,3.06,84.3,9.2,2.7,3.0,1.93,Yes,Offline,Average,Average,No,4,Middle,4.2,A,0.53,2,Negative,2.0,2.1,3.9,3.1,2.9,5.0,3.0
21,Female,6.13,74.6,6.0,4.3,5.5,2.01,No,Offline,Poor,Excellent,Yes,3,Middle,3.8,A,0.34,2,Neutral,3.9,1.8,3.6,3.3,3.4,5.0,2.3
20,Female,5.68,76.0,6.7,3.8,4.5,1.98,No,Online,Poor,Excellent,Yes,4,Middle,2.6,A,0.87,2,Neutral,3.9,2.6,3.9,4.2,1.2,5.0,3.7
21,Male,8.81,74.5,6.6,7.5,3.7,1.31,Yes,Online,Good,Good,Yes,1,High,2.6,A,0.55,1,Positive,3.9,3.1,4.1,4.2,3.4,3.7,1.4
22,Male,4.44,74.8,6.6,5.0,4.3,1.46,No,Online,Average,Good,Yes,3,High,3.7,A,0.43,1,Neutral,3.6,2.2,3.9,4.0,3.8,4.9,4.1
20,Female,5.05,65.5,7.2,4.3,4.9,2.39,No,Offline,Average,Average,Yes,2,High,5.8,A,0.7,1,Neutral,1.8,2.7,4.3,2.6,3.2,4.5,3.2
23,Male,2.72,84.8,5.8,6.5,3.5,1.11,Yes,Hybrid,Good,Excellent,No,0,Low,8.2,C,0.4,1,Neutral,3.0,1.8,2.8,1.6,3.1,4.5,2.0
25,Male,1.26,73.9,7.6,3.9,1.1,1.77,No,Offline,Poor,Good,No,2,High,6.7,B,0.71,1,Positive,4.4,2.1,4.8,3.5,4.5,4.3,2.0
18,Female,1.44,83.1,7.9,3.7,3.3,1.89,No,Online,Average,Excellent,No,1,Middle,5.7,B,0.72,2,Positive,1.8,3.3,2.1,2.1,1.5,4.1,2.3
20,Male,5.93,79.6,6.1,3.8,2.1,1.68,Yes,Online,Average,Average,Yes,1,Middle,5.2,A,0.75,0,Positive,2.0,2.5,4.7,2.3,3.6,3.8,3.3
20,Female,2.65,83.8,6.0,6.0,4.3,1.62,Yes,Online,Average,Average,Yes,1,High,4.2,C,0.66,0,Negative,3.3,1.5,4.7,1.6,3.4,4.7,1.8
23,Female,7.25,85.4,8.3,5.8,4.5,2.18,Yes,Hybrid,Average,Excellent,Yes,2,High,3.2,A,0.99,1,Positive,3.8,1.5,5.0,3.5,1.6,3.9,1.0
19,Male,7.84,66.9,8.7,4.3,2.3,1.95,Yes,Online,Average,Good,No,2,Middle,4.5,A,0.96,1,Positive,3.7,3.7,4.6,3.5,3.0,5.0,3.0
22,Male,4.43,78.6,7.7,1.0,5.8,1.52,No,Offline,Average,Average,No,1,Middle,4.3,B,0.58,1,Positive,3.3,2.0,4.1,4.5,3.8,4.7,2.0
25,Female,8.32,81.6,8.0,5.7,3.3,1.85,No,Offline,Average,Average,No,1,Middle,4.8,A,0.93,1,Positive,2.0,3.5,4.9,2.4,3.6,2.7,2.9
20,Female,5.45,72.9,4.6,4.6,4.0,2.25,No,Offline,Good,Good,No,4,Middle,5.6,A,0.59,1,Neutral,3.5,3.3,4.1,2.0,2.9,4.2,3.1
26,Female,7.25,73.2,7.3,3.7,3.4,2.04,No,Hybrid,Average,Poor,No,1,High,5.0,A,0.38,1,Neutral,2.4,2.6,3.5,3.4,2.4,4.5,2.5
29,Female,4.55,83.4,7.2,8.2,3.1,2.16,No,Hybrid,Good,Good,Yes,3,Middle,2.2,A,0.29,0,Neutral,3.3,2.8,2.9,1.0,3.1,4.9,3.7
18,Male,6.92,92.4,6.9,3.0,5.9,1.83,Yes,Offline,Average,Good,No,2,Middle,3.7,A,0.71,0,Positive,2.9,2.9,3.9,3.3,2.9,3.5,3.8
19,Female,3.11,85.2,8.1,6.0,3.9,1.77,No,Offline,Good,Good,No,0,Middle,3.7,B,0.69,0,Neutral,2.7,2.9,5.0,3.3,3.4,4.0,2.3
27,Male,6.25,86.7,8.3,4.1,1.0,1.72,No,Online,Good,Average,No,2,Low,2.5,A,0.76,0,Positive,5.0,1.4,4.4,5.0,2.3,5.0,2.7
27,Male,4.08,83.0,7.0,5.1,2.7,1.37,No,Offline,Good,Excellent,Yes,0,High,1.7,A,0.78,1,Neutral,1.8,2.9,4.8,2.6,2.9,4.0,3.6
18,Male,4.74,98.7,6.7,6.8,3.3,1.63,No,Offline,Average,Average,Yes,1,Low,4.1,A,0.25,2,Positive,2.3,2.2,1.0,2.4,4.0,3.7,2.3
17,Male,6.26,80.3,8.8,3.3,5.0,1.7,Yes,Offline,Poor,Good,Yes,1,Middle,2.2,B,0.37,2,Positive,4.1,2.6,2.1,3.6,4.2,4.6,3.2
18,Female,5.35,88.8,6.5,3.9,3.8,2.03,No,Offline,Poor,Poor,No,0,High,4.7,A,0.69,0,Neutral,4.7,3.6,4.5,3.8,2.0,2.4,2.9
29,Male,4.85,100.0,6.3,6.2,3.5,1.99,No,Hybrid,Good,Good,No,3,Middle,5.6,A,0.99,0,Positive,3.7,4.3,5.0,3.7,1.8,4.1,1.3
18,Male,6.46,83.6,8.1,4.5,3.8,1.22,Yes,Offline,Average,Excellent,No,0,High,5.6,B,1.0,2,Neutral,2.8,3.9,4.2,2.9,1.0,4.9,3.0
21,Male,6.61,79.7,6.9,4.4,4.5,2.01,No,Offline,Good,Excellent,No,1,High,3.7,A,0.74,1,Positive,2.2,3.8,4.3,4.3,2.6,4.3,4.6
24,Female,2.23,64.5,9.1,5.1,3.2,1.18,No,Online,Average,Good,Yes,0,Low,8.9,D,0.37,2,Neutral,3.9,2.1,2.8,2.2,4.7,3.2,2.1
17,Female,6.12,63.9,9.0,3.7,4.5,1.71,No,Online,Average,Good,No,4,Middle,4.4,A,0.37,1,Neutral,3.0,3.5,2.5,4.7,3.6,5.0,4.5
22,Male,6.34,100.0,8.2,5.9,3.3,1.61,Yes,Hybrid,Average,Excellent,Yes,0,Middle,2.1,A,0.36,2,Positive,2.5,2.3,3.1,3.9,3.9,4.0,3.1
19,Male,3.5,80.5,7.3,6.4,5.0,1.71,Yes,Offline,Good,Excellent,No,2,Middle,5.2,B,0.29,2,Neutral,4.1,2.2,3.6,2.0,3.1,4.6,2.9
25,Male,5.77,70.9,7.2,3.1,2.6,2.02,No,Online,Poor,Excellent,No,1,Middle,7.0,A,0.93,2,Neutral,2.8,4.8,5.0,3.6,3.7,3.7,2.8
19,Female,2.35,75.0,6.6,2.6,1.5,1.38,No,Offline,Average,Average,No,1,Middle,3.8,C,0.39,0,Neutral,1.7,1.5,3.4,2.7,2.5,3.5,3.9
23,Female,7.88,68.8,9.6,6.4,4.2,1.75,No,Offline,Poor,Excellent,No,3,Low,1.8,A,0.38,2,Neutral,3.1,2.9,3.3,3.8,3.2,4.5,3.5
22,Female,4.52,79.8,7.4,9.7,3.4,2.11,No,Offline,Average,Average,No,2,Middle,5.1,A,0.9,2,Positive,2.7,2.4,5.0,2.1,3.6,3.9,1.0
19,Female,4.84,73.5,7.6,5.6,6.6,1.64,Yes,Hybrid,Poor,Average,No,0,Low,4.9,B,0.11,0,Neutral,2.0,3.3,3.5,2.4,4.3,4.4,3.4
17,Male,7.39,85.6,7.4,1.8,4.5,2.22,No,Hybrid,Average,Poor,Yes,1,Low,3.2,A,0.66,0,Positive,3.3,3.9,4.1,4.4,3.5,5.0,3.7
20,Female,4.71,94.7,7.1,5.3,4.2,1.81,No,Offline,Average,Average,No,3,Middle,2.1,A,0.4,1,Neutral,3.5,3.1,4.2,3.3,3.0,4.5,2.5
19,Female,6.2,84.7,5.5,2.1,6.8,1.54,No,Hybrid,Average,Good,No,3,Middle,1.0,A,0.54,2,Positive,1.0,3.5,3.3,2.7,2.0,4.3,3.2
24,Male,2.91,80.4,7.6,3.9,4.9,1.46,Yes,Offline,Good,Excellent,No,1,Low,2.3,B,0.82,1,Neutral,4.1,2.3,3.8,4.0,2.7,3.8,4.0
24,Male,3.86,80.2,8.3,4.9,2.9,1.87,No,Online,Good,Good,No,2,High,6.8,B,0.32,0,Neutral,4.0,2.8,4.2,3.6,3.5,4.4,3.3
20,Female,2.22,93.6,5.7,4.9,3.9,2.33,No,Offline,Average,Good,No,2,Middle,4.0,A,0.37,2,Neutral,2.9,3.4,3.2,3.3,2.7,4.6,2.4
22,Female,4.58,66.8,4.6,3.0,3.9,2.04,Yes,Offline,Average,Good,No,1,High,1.8,B,0.28,1,Negative,2.2,2.5,3.6,3.2,2.0,4.6,3.0
22,Male,7.06,70.5,6.4,8.3,5.8,1.5,No,Offline,Poor,Good,Yes,1,Middle,7.3,C,0.73,1,Neutral,3.5,2.6,3.8,2.0,3.6,3.2,1.0
24,Female,5.45,74.5,6.8,3.0,4.9,2.01,No,Online,Average,Average,No,3,Low,5.4,A,0.35,0,Neutral,3.0,3.7,2.1,4.4,3.0,4.1,2.1
20,Female,6.77,68.1,7.7,8.6,3.8,2.3,No,Online,Average,Excellent,No,3,High,5.2,A,0.96,2,Neutral,2.5,2.0,5.0,2.3,2.3,2.8,3.1
19,Male,2.95,85.0,6.2,7.6,2.9,1.64,No,Offline,Poor,Good,No,1,Middle,5.5,C,0.42,1,Negative,2.5,3.6,3.2,1.7,1.0,5.0,3.4
19,Male,3.23,76.2,7.5,2.3,2.7,1.91,No,Offline,Average,Good,Yes,1,Middle,3.7,A,0.69,1,Neutral,3.2,3.6,3.4,3.3,3.0,4.1,3.7
21,Male,4.07,70.5,6.0,7.0,4.2,1.77,No,Offline,Poor,Good,No,3,Middle,4.4,A,0.24,2,Neutral,4.3,1.2,3.7,1.2,2.6,2.5,1.5
20,Female,6.15,85.4,4.7,5.5,1.9,2.09,No,Offline,Poor,Excellent,Yes,2,Low,5.8,A,0.54,1,Neutral,1.7,2.8,4.9,3.4,5.0,3.7,3.0
20,Male,5.71,79.1,8.4,4.2,5.7,1.22,No,Offline,Good,Average,No,1,Middle,4.4,B,0.68,2,Positive,3.3,2.2,3.4,2.7,4.4,4.8,3.4
18,Male,4.97,84.0,7.0,3.1,4.0,1.49,No,Hybrid,Poor,Average,Yes,0,Low,3.3,B,0.44,2,Neutral,2.1,2.2,3.3,3.2,1.9,5.0,3.1
23,Female,6.25,79.9,6.4,4.6,5.5,1.55,No,Hybrid,Average,Good,No,2,Middle,5.1,A,0.43,1,Positive,3.3,2.0,1.0,4.0,4.2,5.0,2.7
19,Female,4.7,74.7,6.1,6.4,3.2,1.86,No,Online,Poor,Good,Yes,1,High,7.4,C,0.57,0,Positive,3.6,4.1,5.0,3.8,3.1,4.4,2.5
18,Male,4.96,69.4,7.7,4.4,6.0,2.1,Yes,Offline,Average,Excellent,Yes,2,High,4.3,B,0.32,2,Positive,1.8,2.2,3.2,4.0,4.0,4.7,2.9
20,Male,7.61,84.5,5.4,6.0,4.0,1.8,No,Hybrid,Good,Average,No,4,Low,4.7,A,0.58,0,Positive,3.6,2.5,1.0,4.5,5.0,3.9,2.3
19,Female,3.83,70.8,7.2,7.8,2.2,2.09,No,Offline,Poor,Average,Yes,2,High,4.8,B,0.64,1,Neutral,3.3,2.6,5.0,2.4,2.5,4.7,2.8
22,Female,5.37,90.1,8.4,7.1,5.7,1.44,No,Offline,Average,Excellent,Yes,2,Middle,4.0,B,0.08,1,Positive,4.3,1.9,2.0,1.0,2.6,4.5,2.1
20,Female,8.22,82.5,6.5,2.8,4.6,1.71,Yes,Offline,Good,Good,Yes,2,Low,2.2,A,0.59,0,Positive,3.0,2.4,2.3,3.8,2.1,4.8,2.7
20,Male,5.2,79.6,7.9,1.8,4.9,1.53,Yes,Offline,Average,Good,No,1,High,2.5,A,0.66,1,Positive,3.3,2.7,3.2,4.1,3.9,4.9,2.7
21,Female,6.41,71.9,8.8,4.1,3.7,1.65,No,Offline,Average,Average,No,3,Middle,2.9,A,0.7,1,Positive,3.4,2.4,3.4,3.0,3.8,5.0,2.6
19,Female,3.79,96.2,9.8,8.0,5.0,1.92,No,Hybrid,Poor,Average,Yes,2,Middle,3.4,B,0.44,2,Positive,4.4,2.7,5.0,2.1,4.8,4.7,3.3
18,Female,8.91,77.4,8.3,5.5,6.8,1.88,Yes,Online,Average,Good,No,1,Low,4.1,A,0.59,2,Neutral,1.2,2.0,2.2,2.7,3.6,4.2,3.5
25,Female,0.5,85.4,5.9,5.2,5.1,2.07,Yes,Offline,Average,Average,Yes,1,Middle,8.0,C,0.22,0,Neutral,1.4,3.9,4.0,2.9,1.6,4.9,2.5
20,Male,2.73,73.6,5.4,2.6,3.9,1.65,No,Online,Average,Excellent,No,2,Low,5.4,B,0.79,2,Positive,2.9,2.9,3.0,2.5,4.5,4.7,3.1
20,Male,2.89,91.5,6.8,2.3,2.2,1.97,No,Offline,Average,Good,No,1,High,2.3,A,0.67,1,Positive,3.4,4.5,3.6,2.9,3.3,4.6,2.6
17,Female,8.24,84.3,9.4,7.2,3.0,1.21,No,Hybrid,Poor,Average,No,3,Middle,4.7,A,0.5,2,Positive,1.3,2.4,3.4,3.8,2.7,4.8,2.2
21,Female,5.7,90.3,6.8,6.1,5.9,1.84,No,Online,Average,Good,No,1,Middle,4.9,B,0.41,1,Positive,2.9,1.4,3.4,3.0,2.1,5.0,1.5
21,Female,4.48,88.3,8.2,4.2,4.3,2.04,No,Offline,Average,Good,Yes,0,Low,4.5,A,0.57,0,Positive,2.2,2.4,3.8,4.4,3.9,3.8,2.6
21,Male,2.44,78.8,7.7,5.3,4.9,2.16,No,Hybrid,Good,Average,Yes,2,High,3.3,A,0.74,0,Positive,1.7,3.1,2.7,2.3,1.6,4.8,3.3
23,Female,5.73,71.4,9.6,2.4,5.1,1.74,No,Online,Poor,Average,No,2,Middle,5.9,A,0.29,0,Positive,2.8,2.3,5.0,2.1,4.8,5.0,4.0
18,Female,5.23,80.8,7.1,5.1,8.0,1.62,No,Hybrid,Poor,Good,Yes,1,Middle,6.8,B,0.84,2,Positive,3.7,2.7,4.1,3.7,3.0,2.8,2.4
19,Male,3.61,73.8,6.8,6.0,4.7,1.85,No,Offline,Poor,Good,Yes,4,High,5.4,C,0.62,0,Neutral,4.9,2.9,3.0,2.7,1.0,5.0,1.4
24,Male,2.02,76.5,6.3,7.1,6.2,2.39,Yes,Offline,Good,Good,Yes,2,Low,5.4,A,0.44,2,Neutral,5.0,2.7,4.6,2.8,3.4,4.9,2.3
26,Female,2.79,97.0,7.4,3.6,3.6,1.84,No,Offline,Average,Good,No,2,Middle,5.3,A,0.19,2,Neutral,4.2,3.4,3.1,2.6,3.3,4.5,3.8
18,Female,5.43,89.5,7.6,1.0,5.1,2.23,Yes,Offline,Average,Good,No,2,Middle,3.3,A,0.88,0,Positive,3.3,3.5,3.9,4.0,2.8,5.0,2.5
21,Female,5.62,83.5,7.3,5.6,4.5,1.79,No,Offline,Good,Good,Yes,2,Middle,3.9,A,0.49,2,Neutral,2.9,1.9,4.5,2.9,4.8,3.9,3.1
19,Female,5.15,87.0,7.9,4.4,1.9,1.52,No,Offline,Good,Good,Yes,3,Low,3.7,A,0.54,2,Positive,3.1,2.6,1.6,2.0,4.1,5.0,2.4
17,Male,4.7,89.3,7.4,4.0,3.1,1.46,No,Online,Good,Good,No,3,Middle,1.9,A,0.53,0,Positive,3.1,2.9,4.3,3.7,1.6,4.6,4.1
19,Male,1.46,82.7,6.6,4.1,2.0,2.05,Yes,Online,Average,Average,Yes,2,Middle,5.5,B,0.18,0,Positive,4.1,3.2,3.5,3.1,3.6,3.9,2.4
18,Female,5.1,80.0,7.0,2.9,3.7,1.74,No,Hybrid,Poor,Excellent,No,1,High,5.6,A,0.83,2,Positive,4.6,2.5,3.8,4.2,3.9,3.6,3.4
23,Female,2.93,81.8,6.7,9.7,4.9,1.89,No,Online,Good,Good,Yes,0,Middle,5.9,C,0.57,2,Neutral,1.8,2.0,3.5,1.0,2.5,5.0,2.0
21,Female,5.08,85.4,7.5,3.9,7.0,1.68,Yes,Hybrid,Average,Excellent,No,1,Low,5.5,B,0.34,2,Neutral,2.7,4.4,2.5,3.3,2.7,5.0,2.4
18,Female,5.93,100.0,7.2,5.1,5.8,1.33,No,Hybrid,Average,Good,Yes,2,High,5.9,A,0.64,0,Positive,4.0,3.5,4.2,2.9,3.0,5.0,3.4
17,Male,3.65,69.4,9.3,2.7,5.9,1.39,No,Online,Poor,Average,Yes,1,Middle,3.9,B,0.4,1,Positive,2.9,3.8,3.8,3.9,1.5,4.6,3.2
24,Female,2.95,81.3,7.4,5.0,3.3,1.65,No,Online,Poor,Good,No,2,Middle,5.2,B,0.52,2,Neutral,2.6,2.7,2.6,2.8,2.6,2.9,3.7
18,Male,6.99,75.5,6.0,6.2,2.7,1.94,Yes,Online,Good,Average,No,2,Middle,3.0,A,0.68,1,Positive,4.2,2.7,3.2,2.9,3.0,5.0,3.3
22,Male,5.7,100.0,6.8,1.0,4.9,1.97,Yes,Offline,Average,Good,No,3,Middle,2.7,A,0.38,2,Positive,2.5,3.4,1.7,5.0,4.1,2.9,4.3
20,Male,3.73,75.7,5.1,1.8,3.2,1.74,No,Offline,Average,Good,No,0,Middle,5.2,B,0.55,1,Positive,3.7,3.6,2.7,4.9,2.4,3.2,4.0
22,Male,0.66,93.3,6.8,1.0,5.6,1.41,Yes,Offline,Average,Excellent,Yes,1,Low,6.5,C,0.82,2,Negative,2.7,2.4,3.0,4.2,3.1,4.7,2.9
19,Male,4.9,86.9,7.5,6.5,5.5,1.95,Yes,Online,Average,Good,Yes,1,High,5.3,B,0.42,2,Positive,5.0,1.9,1.8,3.1,2.1,4.3,2.8
18,Male,6.26,85.7,6.5,4.5,3.2,1.86,No,Offline,Good,Good,Yes,1,Low,3.5,A,0.33,2,Positive,4.3,1.7,3.5,3.0,2.2,4.8,2.8
19,Male,7.24,91.4,8.6,3.2,4.3,1.71,Yes,Online,Good,Average,Yes,2,Middle,4.6,A,0.47,0,Positive,2.7,3.6,4.3,5.0,2.2,4.2,3.4
18,Male,3.64,85.1,7.3,4.0,4.4,1.59,No,Online,Average,Excellent,No,3,Low,6.8,B,0.15,2,Neutral,3.3,3.5,5.0,4.1,2.5,5.0,2.4
20,Female,3.71,78.0,6.2,8.1,3.0,1.73,No,Offline,Average,Excellent,No,0,High,7.1,C,0.96,1,Neutral,3.6,1.8,4.9,3.1,3.1,3.6,1.0
22,Male,4.11,99.6,8.0,4.4,5.0,1.83,Yes,Offline,Average,Good,No,2,Middle,4.6,A,0.3,2,Positive,2.6,2.3,2.7,2.7,3.5,3.0,2.8
19,Male,6.68,69.6,7.9,2.6,4.2,1.79,No,Offline,Poor,Average,No,3,High,4.2,A,0.98,1,Neutral,2.7,3.7,4.5,2.8,3.9,5.0,3.3
17,Female,2.65,62.8,6.9,4.2,4.8,1.78,Yes,Hybrid,Good,Good,No,4,Middle,3.9,B,0.25,2,Positive,3.8,3.4,3.8,1.8,1.7,3.5,4.0
21,Female,4.77,73.4,7.5,10.0,2.0,1.56,No,Hybrid,Average,Average,No,1,Low,4.9,B,0.5,2,Neutral,3.0,3.3,3.7,2.3,3.4,4.8,1.9
22,Female,3.15,87.9,6.0,6.1,4.2,1.9,Yes,Offline,Average,Good,Yes,0,Middle,6.1,C,0.62,1,Neutral,1.6,1.9,2.9,3.1,1.5,4.4,1.6
27,Male,5.54,74.4,8.4,9.8,4.2,2.08,Yes,Offline,Poor,Average,No,0,Middle,5.7,C,0.61,2,Neutral,3.6,1.9,5.0,1.0,1.0,3.9,2.0
22,Female,1.89,82.0,5.2,4.7,5.1,1.84,No,Hybrid,Poor,Good,No,2,Middle,7.4,C,0.75,2,Positive,4.0,2.9,4.6,3.4,3.4,2.9,1.5
21,Male,5.75,90.2,6.7,2.4,2.7,2.24,Yes,Online,Average,Good,Yes,1,Low,5.6,A,0.49,2,Positive,2.7,3.6,4.3,2.4,3.2,5.0,2.2
21,Male,4.01,87.9,5.6,3.5,5.2,1.89,No,Offline,Poor,Average,Yes,1,High,4.5,B,0.51,1,Positive,2.2,3.7,5.0,3.0,4.0,4.7,3.0
26,Male,4.55,85.2,7.0,2.6,3.3,1.1,Yes,Hybrid,Good,Good,No,0,Middle,1.5,B,0.68,2,Positive,4.3,3.0,4.6,4.4,2.0,4.9,3.7
24,Female,6.05,92.0,5.0,7.2,4.7,1.81,No,Offline,Good,Excellent,No,3,Middle,6.6,A,0.67,1,Positive,3.2,2.6,4.4,4.7,2.6,4.8,2.0
19,Male,7.29,81.6,7.3,2.9,1.4,1.68,Yes,Hybrid,Average,Average,Yes,3,High,2.9,A,0.56,0,Neutral,2.9,2.8,4.5,3.9,3.4,4.7,2.7
19,Male,1.61,91.8,7.0,5.2,4.4,1.83,No,Offline,Average,Good,No,2,Middle,5.4,B,0.81,0,Negative,2.9,1.6,4.2,2.4,2.7,3.9,1.4
19,Male,7.01,83.3,5.5,3.8,2.6,2.1,No,Online,Average,Average,Yes,1,Low,4.9,A,0.47,0,Positive,4.5,2.3,3.2,3.5,2.7,4.2,2.8
21,Female,6.12,96.2,7.4,6.2,2.2,2.06,Yes,Online,Average,Poor,No,3,Middle,6.1,A,0.55,0,Positive,3.3,2.2,3.9,3.0,3.3,4.0,2.8
23,Female,4.41,92.1,5.0,4.3,3.2,1.76,No,Offline,Poor,Average,Yes,0,Middle,7.3,B,0.68,2,Positive,3.4,3.3,3.1,3.7,4.0,4.5,2.5
21,Male,7.81,82.2,6.4,9.1,4.4,2.14,No,Offline,Poor,Good,Yes,2,Low,3.8,B,0.76,0,Neutral,2.8,1.0,4.5,2.5,4.4,4.4,1.8
17,Female,5.38,92.9,7.1,5.0,1.5,1.73,No,Online,Average,Good,No,2,Middle,5.6,A,0.35,2,Positive,3.0,3.2,3.1,2.7,3.7,5.0,3.0
23,Female,7.59,90.6,6.6,9.0,4.0,1.89,No,Offline,Good,Excellent,No,2,High,4.3,A,0.45,2,Positive,2.7,2.6,3.4,2.4,2.1,5.0,2.8
24,Female,3.81,89.9,7.7,2.9,4.0,1.77,No,Hybrid,Average,Good,No,2,Middle,8.3,A,0.75,1,Positive,3.5,2.7,4.0,4.0,1.9,4.3,2.6
19,Male,3.27,85.1,5.4,7.8,1.9,1.61,Yes,Online,Poor,Poor,Yes,0,High,7.7,C,0.8,1,Positive,1.9,3.9,4.5,2.8,5.0,3.5,1.9
22,Female,7.45,70.4,5.1,3.5,4.7,1.95,No,Offline,Average,Good,No,0,Low,3.2,A,0.7,0,Positive,3.2,3.2,3.7,4.0,2.5,2.3,2.5
20,Male,9.33,76.8,8.7,5.6,5.6,1.82,No,Offline,Average,Average,Yes,2,Low,2.9,A,0.28,0,Neutral,2.6,2.9,3.8,5.0,2.7,3.8,3.8
25,Female,6.27,90.7,5.3,5.2,5.0,1.68,No,Online,Good,Good,Yes,2,High,1.0,A,0.6,1,Positive,2.5,2.6,5.0,3.8,3.0,4.9,1.9
24,Male,6.78,94.4,9.0,5.3,8.6,1.96,Yes,Offline,Average,Average,No,1,Middle,4.8,A,0.21,0,Neutral,3.4,1.2,2.6,5.0,1.4,4.4,2.3
21,Male,4.05,66.7,7.7,6.5,5.3,1.43,No,Offline,Good,Average,No,0,High,6.4,B,0.32,0,Positive,3.0,2.0,3.5,3.8,2.0,3.9,2.2
23,Male,2.35,72.8,8.0,4.6,2.7,1.82,Yes,Offline,Average,Good,Yes,3,Low,6.2,B,0.76,1,Neutral,2.0,2.2,3.5,1.9,3.5,4.4,2.0
25,Female,4.55,61.6,6.8,10.0,1.4,1.99,No,Offline,Average,Excellent,Yes,2,High,2.3,C,0.98,2,Positive,2.1,2.5,4.6,3.1,1.4,3.5,1.3
21,Male,8.0,68.6,5.9,5.7,4.8,1.92,No,Hybrid,Average,Average,No,3,Middle,1.7,A,0.68,0,Positive,3.2,2.2,4.1,4.6,2.3,4.2,3.5
19,Female,1.28,87.6,6.9,3.5,4.6,1.8,No,Online,Average,Excellent,No,0,Low,6.1,C,0.5,2,Neutral,2.2,3.2,2.5,1.7,1.8,3.1,2.6
23,Male,4.01,75.6,7.1,6.6,1.7,2.05,Yes,Hybrid,Average,Average,No,0,Middle,6.8,A,0.41,1,Neutral,1.3,1.2,4.2,3.2,2.3,3.7,1.7
19,Female,1.17,86.5,6.4,3.2,3.7,1.41,No,Offline,Good,Excellent,No,2,High,5.3,C,0.2,1,Positive,3.8,4.1,3.9,1.5,2.6,5.0,2.4
20,Female,5.22,95.7,5.6,6.0,4.5,1.93,No,Online,Poor,Good,No,3,Low,5.2,A,0.9,0,Neutral,1.8,3.2,3.3,3.2,3.8,4.7,3.0
25,Female,6.75,64.6,7.7,1.9,4.4,1.84,Yes,Online,Poor,Average,No,2,High,2.5,A,0.82,1,Neutral,2.6,3.2,4.8,4.7,3.9,4.5,2.9
23,Female,2.51,82.9,6.2,5.2,3.3,1.96,Yes,Offline,Poor,Average,No,2,Middle,5.2,B,0.36,2,Neutral,2.1,2.3,3.1,1.9,3.0,3.8,2.3
20,Female,4.18,84.9,7.9,5.7,5.6,1.63,No,Offline,Average,Average,Yes,3,Middle,3.1,A,0.64,2,Negative,2.1,3.3,3.9,3.4,2.8,3.2,4.2
19,Male,7.65,86.1,7.5,5.2,5.0,1.8,Yes,Online,Good,Average,No,2,Low,5.8,A,0.19,0,Neutral,3.3,2.3,2.3,2.3,1.5,3.6,3.6
20,Female,4.82,92.0,8.8,5.2,5.1,1.61,Yes,Online,Average,Average,Yes,2,Middle,3.1,A,0.58,0,Positive,2.3,2.3,4.5,3.3,1.4,5.0,2.6
19,Male,2.52,93.2,8.1,5.6,4.2,1.9,No,Offline,Good,Good,No,2,Low,6.3,A,0.71,2,Neutral,2.8,2.5,3.5,2.9,3.2,5.0,3.4
18,Female,2.37,87.5,4.3,8.4,4.4,1.71,Yes,Offline,Average,Excellent,Yes,0,Middle,6.8,D,0.55,2,Positive,1.2,3.4,4.0,2.2,4.2,4.7,1.6
23,Female,0.97,72.6,7.5,3.9,2.6,2.1,No,Hybrid,Poor,Poor,No,0,High,4.2,C,0.66,1,Positive,4.7,2.4,4.7,2.0,3.2,3.2,2.1
19,Male,6.55,93.4,7.1,6.8,3.8,1.85,Yes,Offline,Poor,Good,No,2,Middle,2.6,A,0.37,2,Neutral,3.4,3.0,4.3,3.7,3.1,3.8,2.7
20,Male,3.51,100.0,9.9,7.2,3.1,1.64,Yes,Offline,Average,Good,No,1,Middle,3.8,B,0.89,0,Positive,4.4,1.8,5.0,3.1,5.0,4.9,2.3
20,Male,7.1,71.3,6.8,5.4,2.4,1.73,Yes,Offline,Good,Excellent,No,3,Low,4.9,A,0.74,2,Positive,4.3,1.0,4.4,4.9,3.7,4.2,3.5
28,Female,6.73,81.0,6.7,6.5,5.2,1.68,Yes,Hybrid,Average,Good,Yes,2,High,3.4,A,0.53,2,Neutral,4.2,2.8,4.2,5.0,1.7,5.0,1.6
20,Female,3.68,85.6,6.7,5.6,3.6,1.96,Yes,Hybrid,Average,Good,No,1,Middle,3.5,B,0.41,1,Positive,2.8,2.0,3.8,2.0,1.8,3.7,2.2
17,Female,3.94,78.5,6.9,3.8,5.2,1.81,Yes,Offline,Average,Good,Yes,1,Middle,6.3,B,0.87,0,Neutral,3.0,2.7,3.4,2.6,2.5,4.6,2.9
18,Female,6.56,84.5,6.2,1.6,3.4,1.87,No,Offline,Average,Average,Yes,2,Middle,1.0,A,0.66,2,Positive,2.0,3.9,4.6,3.6,1.9,4.8,5.0
22,Female,5.3,85.1,9.1,4.1,4.6,1.37,No,Online,Average,Poor,Yes,4,High,3.3,A,0.58,0,Positive,3.1,2.2,2.7,3.3,2.4,4.7,4.3
22,Male,5.54,93.2,7.5,6.1,2.0,1.7,No,Online,Average,Good,Yes,4,High,1.7,A,0.28,2,Positive,1.8,2.3,4.4,2.9,3.0,4.0,2.7
20,Male,1.71,78.8,7.7,5.9,5.6,1.85,No,Offline,Average,Poor,No,1,High,4.3,C,0.45,0,Neutral,4.4,3.1,3.2,2.7,1.7,4.4,2.8
20,Female,6.8,80.7,8.6,4.6,5.6,2.0,No,Hybrid,Average,Good,No,3,High,4.5,A,0.88,0,Neutral,3.9,2.4,5.0,2.8,3.0,5.0,2.6
17,Female,3.25,100.0,5.4,1.0,5.3,1.74,No,Hybrid,Good,Average,No,2,Middle,3.4,A,0.13,1,Positive,3.6,3.4,3.7,3.0,3.2,4.7,4.3
21,Female,0.46,92.9,8.9,6.7,3.5,2.18,No,Online,Poor,Good,Yes,2,Low,4.1,B,0.12,2,Negative,2.4,2.4,3.2,1.0,5.0,3.5,3.5
21,Male,3.77,77.7,6.7,6.2,6.0,1.93,No,Hybrid,Poor,Average,Yes,2,Middle,7.6,C,0.42,0,Positive,4.2,2.5,3.6,2.8,2.8,3.1,2.0
18,Male,5.84,70.2,7.5,1.3,2.3,1.89,No,Hybrid,Average,Excellent,Yes,2,Low,3.9,A,0.43,2,Positive,1.4,3.1,4.4,3.2,2.5,5.0,3.7
18,Male,9.19,81.6,6.4,6.7,7.3,1.9,No,Offline,Average,Excellent,Yes,3,Low,6.1,A,0.79,2,Positive,2.9,2.9,3.0,3.2,4.9,4.7,1.0
18,Male,4.25,87.4,6.3,5.5,4.9,1.3,No,Hybrid,Average,Average,Yes,2,Low,6.7,C,0.39,2,Positive,3.2,1.1,3.8,3.7,1.5,3.6,1.9
18,Male,2.34,79.7,6.5,8.3,3.2,1.73,Yes,Hybrid,Average,Average,Yes,1,Low,5.0,D,0.62,0,Negative,4.6,2.0,4.1,1.7,5.0,4.2,2.2
22,Female,9.25,68.4,7.6,6.0,4.3,1.8,No,Offline,Good,Good,No,2,Middle,6.3,A,0.69,1,Positive,1.7,2.0,4.0,3.9,3.3,4.4,3.3
18,Male,5.32,69.6,7.6,3.0,4.0,2.13,No,Offline,Poor,Poor,No,0,Middle,4.6,A,0.68,0,Neutral,4.4,3.6,3.8,4.5,4.1,5.0,2.8
19,Female,4.48,75.1,7.3,7.3,0.5,2.14,Yes,Online,Good,Average,No,2,Middle,6.6,A,0.78,0,Negative,4.2,3.4,5.0,3.2,2.6,4.5,1.0
18,Male,2.85,81.8,8.4,1.2,3.2,1.83,No,Offline,Average,Average,Yes,0,High,3.2,A,0.75,0,Neutral,4.2,3.3,3.4,4.4,1.6,4.8,4.0
27,Female,2.99,84.3,6.6,6.7,3.3,1.37,Yes,Online,Average,Excellent,No,0,Middle,6.6,C,0.21,1,Positive,2.4,2.4,1.9,3.9,1.8,5.0,2.2
25,Male,7.96,92.7,5.4,5.0,1.2,2.2,No,Online,Average,Excellent,No,2,High,4.1,A,0.55,2,Positive,3.4,3.1,4.0,3.6,3.5,3.9,2.1
19,Male,4.46,74.4,5.9,2.8,6.3,1.76,No,Hybrid,Good,Good,Yes,1,Middle,4.6,B,0.88,1,Neutral,3.9,3.2,4.0,3.5,4.9,3.9,2.7
19,Male,3.92,73.1,6.6,8.1,2.7,2.21,No,Offline,Poor,Good,Yes,3,Middle,6.3,B,0.82,0,Positive,3.3,2.2,4.1,2.9,1.9,3.4,2.4
19,Non-Binary,3.98,64.1,8.3,4.3,4.6,1.77,No,Offline,Poor,Excellent,Yes,3,Low,7.0,A,0.44,2,Neutral,3.4,3.0,2.8,2.0,3.2,3.6,1.2
21,Female,8.14,71.1,8.0,6.6,1.3,1.47,Yes,Hybrid,Average,Excellent,Yes,3,Middle,1.0,A,0.81,2,Neutral,3.5,2.2,4.1,3.9,1.5,5.0,4.0
17,Male,3.82,78.7,8.1,3.7,1.2,1.77,Yes,Hybrid,Poor,Excellent,No,2,High,6.3,B,0.46,2,Positive,2.4,3.5,2.7,3.8,4.2,3.9,2.8
22,Male,6.26,78.1,7.7,5.1,6.3,1.75,No,Hybrid,Average,Average,Yes,3,Low,2.8,A,0.6,2,Neutral,2.3,4.1,5.0,2.0,3.3,4.0,3.5
21,Female,5.53,79.0,6.2,2.6,3.9,1.86,No,Offline,Good,Average,No,0,High,1.0,A,0.5,0,Neutral,3.8,3.0,3.0,2.9,1.3,4.7,4.1
25,Male,5.48,82.9,6.4,6.3,6.0,1.64,Yes,Online,Average,Good,Yes,1,Middle,5.5,B,0.82,0,Positive,2.4,2.9,4.6,1.9,3.2,4.4,2.6
18,Male,3.25,77.1,4.6,3.9,5.1,1.77,No,Hybrid,Poor,Good,No,0,Low,6.0,B,0.52,1,Negative,3.3,1.3,3.3,3.4,3.4,4.6,1.9
24,Female,6.32,66.6,7.2,4.7,5.8,1.93,Yes,Hybrid,Poor,Poor,Yes,2,Middle,5.4,B,0.62,0,Negative,1.7,1.4,3.8,2.8,4.1,4.0,3.2
24,Female,8.22,82.8,6.1,6.2,2.3,1.92,No,Hybrid,Poor,Poor,No,0,Middle,4.9,A,0.23,1,Positive,2.8,2.7,2.8,4.6,3.4,3.7,2.6
18,Male,4.9,84.3,7.3,5.2,4.7,1.71,Yes,Hybrid,Good,Excellent,Yes,2,Low,5.7,B,0.76,2,Positive,4.5,2.4,4.4,3.7,1.0,5.0,1.9
20,Male,3.16,73.0,7.4,2.6,3.6,1.59,Yes,Hybrid,Average,Excellent,Yes,2,Middle,3.4,A,0.45,2,Neutral,3.2,2.5,3.3,4.5,1.0,5.0,4.1
18,Female,2.42,100.0,6.3,5.5,4.6,1.86,No,Offline,Good,Average,No,0,High,5.1,B,0.52,0,Neutral,4.2,3.0,3.8,2.3,3.5,4.7,1.0
19,Male,5.38,55.9,9.4,5.6,5.4,2.39,Yes,Hybrid,Good,Excellent,No,3,Middle,5.1,A,0.66,2,Positive,4.7,2.4,3.0,4.8,1.1,4.8,2.9
19,Male,4.46,65.6,6.6,4.5,3.0,1.25,No,Hybrid,Good,Good,Yes,3,Middle,5.7,A,0.85,0,Positive,3.9,3.2,5.0,1.3,5.0,5.0,3.5
21,Female,4.79,75.0,5.9,8.7,5.7,1.97,No,Online,Poor,Excellent,No,1,High,6.0,C,0.59,2,Neutral,3.4,2.3,3.9,2.9,3.2,3.2,2.2
20,Female,5.02,74.9,8.5,3.7,7.1,1.01,No,Offline,Poor,Good,No,2,Low,5.1,C,0.4,0,Neutral,2.9,3.5,2.7,3.5,3.6,4.3,3.5
26,Male,2.05,71.5,6.2,4.8,1.0,1.73,No,Offline,Average,Average,No,1,Middle,5.4,C,0.5,1,Neutral,2.8,2.7,3.7,3.4,2.4,3.5,2.1
18,Non-Binary,6.56,83.0,9.2,7.2,4.2,1.68,No,Offline,Average,Good,Yes,3,Middle,1.6,A,0.68,2,Positive,2.7,2.4,5.0,2.7,3.2,4.6,2.6
28,Female,5.47,91.8,8.0,5.9,3.3,1.98,No,Offline,Average,Good,No,2,High,4.9,A,0.8,1,Positive,4.1,2.4,2.9,3.8,5.0,5.0,2.9
19,Male,4.85,86.1,5.5,7.9,6.6,1.61,Yes,Online,Average,Good,Yes,1,Middle,3.2,C,0.72,2,Positive,3.2,1.9,5.0,1.9,2.7,3.2,2.7
24,Non-Binary,5.46,82.8,6.8,6.5,4.5,1.71,No,Online,Good,Average,Yes,0,Middle,5.9,B,0.42,1,Positive,3.9,2.9,5.0,2.6,3.6,5.0,3.4
20,Male,6.85,96.3,8.2,6.0,3.5,1.89,Yes,Online,Average,Excellent,Yes,1,High,4.0,A,0.85,2,Neutral,4.6,1.9,4.3,3.3,3.8,4.5,2.5
18,Male,5.11,65.6,7.8,4.6,4.6,1.9,No,Hybrid,Poor,Average,No,1,High,2.4,B,0.75,2,Neutral,4.9,3.7,2.2,3.7,2.0,3.4,4.2
25,Female,3.3,78.7,8.1,5.2,3.7,1.94,No,Offline,Average,Average,No,1,Low,2.0,A,0.61,2,Neutral,3.7,1.9,3.2,1.7,3.1,4.3,2.3
19,Male,7.33,81.4,7.8,4.3,5.4,1.79,Yes,Online,Average,Good,No,2,High,2.1,A,0.73,0,Positive,3.7,2.6,3.9,3.9,3.3,4.0,3.9
22,Male,4.13,77.4,7.7,6.4,4.9,1.63,No,Offline,Good,Good,No,3,Middle,2.9,A,0.67,0,Positive,2.8,2.2,2.4,1.7,4.3,4.5,3.2
21,Male,3.55,79.2,6.6,4.6,2.8,1.22,No,Online,Average,Good,No,0,Low,6.8,B,0.65,2,Neutral,3.9,3.3,1.9,2.1,2.6,2.2,1.7
21,Male,1.88,78.4,6.7,2.1,3.8,1.49,Yes,Hybrid,Poor,Good,No,0,Middle,6.1,C,0.65,1,Neutral,2.2,4.2,4.9,4.0,1.3,2.4,3.5
21,Female,5.02,74.1,7.4,5.4,3.3,1.97,No,Hybrid,Average,Good,No,3,Middle,4.5,A,0.26,1,Neutral,3.1,2.9,3.9,3.8,4.4,3.7,2.6
23,Female,2.9,68.7,7.9,1.7,5.8,2.07,Yes,Offline,Average,Good,No,3,Low,6.0,A,0.19,2,Positive,2.0,4.5,2.0,4.3,3.1,4.2,3.8
18,Non-Binary,3.96,69.7,7.9,2.6,5.7,1.6,Yes,Online,Average,Good,Yes,2,Low,6.8,B,0.7,0,Positive,1.7,2.6,3.8,2.5,3.8,5.0,2.3
22,Male,5.9,77.3,6.1,4.9,5.1,1.77,Yes,Offline,Average,Poor,No,1,Middle,4.3,A,0.21,0,Positive,3.3,2.6,2.1,2.6,3.6,4.0,2.7
25,Male,5.07,84.5,6.4,4.1,4.1,1.71,No,Hybrid,Poor,Good,No,3,High,2.8,A,0.47,0,Positive,2.0,1.8,2.7,2.6,4.9,3.7,2.7
17,Male,7.03,85.5,9.8,7.7,6.2,1.61,Yes,Offline,Average,Excellent,No,1,Low,4.9,A,0.64,1,Neutral,2.5,1.5,3.0,3.3,3.4,3.8,2.1
18,Male,5.61,87.8,7.8,4.9,1.2,1.51,No,Hybrid,Average,Poor,No,2,Middle,2.3,A,0.73,0,Positive,3.4,3.5,3.2,4.4,4.1,4.6,2.8
23,Male,4.19,56.2,6.7,7.8,3.1,1.91,Yes,Hybrid,Average,Good,No,0,Middle,8.8,C,0.61,2,Positive,4.0,2.2,3.5,2.6,3.5,3.7,2.1
20,Female,4.34,71.2,5.6,5.7,5.1,1.83,No,Online,Average,Excellent,No,0,Middle,6.8,C,0.56,2,Negative,5.0,2.3,3.7,1.4,3.0,5.0,3.6
20,Female,3.99,68.6,7.2,4.5,1.8,1.52,No,Hybrid,Average,Average,No,1,High,4.7,B,0.44,2,Positive,1.1,2.1,3.2,3.1,4.9,4.1,2.9
18,Non-Binary,6.29,80.1,7.5,7.6,0.5,1.99,Yes,Offline,Average,Good,Yes,2,Middle,4.8,A,1.0,1,Positive,2.1,2.9,4.8,2.9,4.2,4.2,3.9
21,Male,5.04,80.3,6.7,6.3,4.4,1.04,No,Hybrid,Average,Excellent,Yes,0,Middle,6.1,C,0.63,1,Neutral,1.1,2.2,4.7,3.9,2.3,4.7,2.7
18,Female,4.18,76.1,5.7,4.8,4.6,1.76,Yes,Hybrid,Average,Average,No,2,High,4.7,B,0.97,0,Neutral,1.7,1.9,3.2,3.3,3.3,4.1,1.8
21,Male,6.69,90.0,8.7,5.9,5.0,1.93,No,Offline,Poor,Poor,Yes,2,Low,4.3,A,0.12,0,Positive,3.5,2.6,4.6,3.5,3.1,2.3,3.3
23,Male,5.19,75.4,6.7,3.5,4.6,1.9,Yes,Online,Good,Excellent,No,2,Low,4.0,A,0.2,2,Neutral,3.0,3.4,2.7,3.4,2.9,4.6,3.2
19,Female,4.07,81.3,7.5,6.4,4.9,1.62,No,Offline,Good,Excellent,Yes,1,Middle,8.2,B,0.48,2,Negative,1.4,2.4,3.7,1.9,3.5,5.0,2.6
21,Female,1.98,85.5,7.5,6.3,4.1,1.95,Yes,Online,Poor,Good,No,0,Middle,5.2,C,0.78,2,Neutral,3.3,2.1,3.9,2.3,3.4,4.1,2.1
29,Male,5.87,84.8,6.4,6.7,2.3,1.81,Yes,Offline,Average,Good,Yes,2,Low,5.5,B,0.58,1,Positive,4.5,2.5,3.8,3.3,1.6,4.6,3.0
23,Male,5.48,76.9,7.9,5.6,3.1,1.98,Yes,Offline,Good,Excellent,No,2,Middle,2.2,A,0.37,2,Positive,1.9,1.6,3.8,3.2,2.7,5.0,2.2
24,Male,5.1,93.8,6.2,3.2,1.5,1.65,Yes,Online,Average,Good,No,3,Middle,3.1,A,0.71,1,Neutral,3.4,3.5,4.4,1.9,2.7,4.4,3.5
20,Female,4.13,87.2,6.2,5.3,4.2,1.67,Yes,Offline,Poor,Average,No,2,High,2.6,B,0.42,0,Positive,4.6,3.0,2.3,3.6,2.4,5.0,2.8
23,Male,3.33,89.7,9.2,5.3,3.3,2.08,No,Offline,Good,Poor,Yes,2,Low,4.1,A,0.34,1,Neutral,2.1,3.5,5.0,3.0,1.9,5.0,3.6
17,Non-Binary,4.55,82.5,7.2,5.9,4.4,2.04,Yes,Hybrid,Poor,Good,No,2,Middle,2.7,A,0.36,1,Neutral,2.9,1.9,4.5,3.8,2.6,3.3,2.5
18,Male,5.46,82.1,7.4,3.7,5.4,1.99,No,Online,Poor,Excellent,No,2,Middle,5.7,A,0.52,2,Positive,1.5,1.7,2.5,3.2,2.7,4.7,1.5
19,Male,4.74,72.4,6.1,7.1,5.9,1.28,Yes,Online,Good,Excellent,Yes,1,Middle,6.3,C,0.48,1,Positive,4.4,1.2,3.3,3.0,2.9,4.4,1.2
20,Female,4.71,60.9,7.9,5.0,4.3,1.35,Yes,Offline,Average,Excellent,Yes,3,Middle,5.5,B,0.77,2,Neutral,3.4,2.0,1.8,1.7,2.4,4.0,2.4
24,Female,4.06,68.8,7.6,8.6,3.4,2.32,Yes,Online,Average,Excellent,Yes,1,High,1.7,A,0.28,2,Neutral,2.4,1.2,2.2,2.1,3.0,5.0,1.9
20,Male,5.68,64.5,7.1,2.3,4.7,2.02,Yes,Online,Poor,Good,Yes,3,Low,4.9,A,0.41,0,Neutral,2.8,3.6,3.1,4.8,1.0,4.0,3.8
22,Female,5.47,79.7,7.9,4.9,4.3,1.99,No,Online,Good,Good,Yes,3,Middle,3.0,A,0.46,1,Neutral,3.9,2.4,4.1,3.9,2.6,4.3,3.2
23,Female,3.5,65.6,7.5,4.9,4.3,1.56,Yes,Online,Poor,Good,Yes,0,Low,3.6,C,0.74,2,Positive,1.4,2.6,4.4,2.4,4.4,4.4,2.1
22,Female,6.52,74.9,5.7,6.4,4.1,1.87,No,Offline,Poor,Good,No,1,Middle,5.1,B,0.69,2,Positive,2.2,2.1,2.7,2.6,2.9,4.9,2.2
20,Female,6.58,70.7,6.9,4.6,2.6,1.64,No,Hybrid,Average,Good,No,1,High,1.7,A,0.88,0,Positive,3.2,2.7,5.0,4.1,2.7,3.7,2.7
21,Female,6.63,80.0,6.3,5.0,2.0,1.37,No,Offline,Average,Poor,No,3,High,1.0,A,0.41,1,Neutral,3.9,3.3,4.5,2.2,3.0,5.0,3.4
20,Female,4.74,78.1,5.8,4.6,3.6,1.92,Yes,Online,Average,Excellent,No,1,Middle,6.6,B,0.85,1,Positive,3.5,4.0,3.0,3.6,5.0,3.6,2.9
18,Female,4.61,93.8,7.7,5.9,2.3,1.94,No,Hybrid,Average,Good,No,2,High,2.7,A,0.68,2,Positive,1.6,3.3,4.4,4.1,4.3,4.3,3.7
29,Male,2.68,89.1,4.4,6.4,3.9,1.6,Yes,Online,Average,Average,No,0,Middle,3.2,C,0.41,1,Negative,4.0,2.6,3.2,1.5,3.1,4.5,2.7
18,Male,6.51,95.5,7.5,1.1,4.2,1.8,No,Hybrid,Poor,Good,Yes,3,Low,2.5,A,0.23,0,Positive,4.2,3.1,2.0,4.2,2.5,3.7,4.3
17,Male,0.73,81.1,6.7,4.5,2.5,2.15,No,Hybrid,Average,Good,Yes,1,High,4.1,B,0.92,2,Positive,4.0,3.8,4.0,2.8,2.3,5.0,1.7
25,Male,4.22,62.3,8.6,2.8,4.5,1.61,Yes,Offline,Good,Average,No,2,Low,6.0,A,0.33,0,Negative,3.0,2.3,3.2,3.7,3.7,4.5,1.5
19,Male,4.32,89.9,8.0,6.4,3.0,1.69,No,Online,Average,Excellent,No,2,Low,1.9,B,0.42,2,Neutral,2.4,2.5,1.9,2.9,3.5,4.6,2.8
22,Non-Binary,6.71,99.5,7.9,1.1,4.8,2.19,Yes,Offline,Good,Average,No,3,Middle,1.5,A,0.45,0,Neutral,4.4,2.4,3.4,4.9,2.8,5.0,3.7
19,Male,5.0,76.1,7.6,4.3,3.4,1.86,No,Hybrid,Average,Average,Yes,2,Middle,4.9,A,0.62,1,Positive,2.5,3.8,4.3,2.6,4.3,4.5,3.8
20,Male,3.07,94.3,4.9,6.9,2.6,1.52,Yes,Online,Good,Good,No,3,Low,4.7,C,0.29,0,Positive,3.1,3.6,4.1,2.0,2.7,4.2,2.4
19,Female,2.15,78.4,6.4,5.1,3.5,1.62,No,Offline,Average,Good,Yes,0,High,5.3,B,0.87,0,Neutral,3.9,1.7,4.9,1.3,2.2,3.6,2.3
20,Male,3.54,81.3,5.7,6.1,5.9,2.04,Yes,Online,Average,Excellent,Yes,0,Middle,4.5,B,0.5,2,Neutral,4.3,1.5,3.3,2.6,3.1,3.7,2.5
20,Male,5.21,78.9,7.1,7.4,4.7,1.71,No,Offline,Average,Excellent,No,0,Middle,8.1,B,0.92,2,Neutral,2.3,2.0,4.2,3.6,1.2,3.2,1.4
23,Male,5.11,74.1,7.4,2.6,2.9,1.81,No,Hybrid,Average,Excellent,No,0,Middle,2.1,A,0.44,2,Positive,4.3,3.6,3.9,3.6,3.4,1.9,4.3
21,Male,4.6,75.5,6.6,7.4,3.8,2.02,Yes,Hybrid,Poor,Average,No,2,Middle,5.2,B,0.74,0,Negative,2.5,1.7,4.2,3.5,2.0,5.0,2.6
26,Male,3.63,62.7,6.2,2.3,4.6,1.68,No,Hybrid,Poor,Poor,No,2,High,7.2,B,0.28,0,Neutral,3.8,2.6,3.7,3.2,3.2,3.7,2.4
17,Female,4.58,81.7,7.1,3.8,6.2,1.5,Yes,Hybrid,Average,Good,No,3,High,3.7,A,0.89,1,Neutral,3.7,3.4,4.4,1.8,4.7,4.2,2.8
21,Female,7.0,81.5,6.6,4.7,3.9,1.69,No,Online,Average,Average,No,1,High,2.8,A,0.99,0,Positive,3.1,3.0,4.1,3.4,2.8,5.0,2.1
22,Male,2.8,87.2,6.4,3.4,3.5,1.68,Yes,Offline,Average,Excellent,Yes,2,Middle,5.6,B,0.05,1,Neutral,1.6,2.9,3.2,2.3,3.5,3.6,3.8
26,Male,5.07,79.6,9.7,4.5,5.0,1.95,No,Hybrid,Poor,Good,Yes,3,High,4.8,A,0.57,1,Positive,2.0,2.9,3.8,2.8,2.4,3.8,4.0
17,Male,8.24,84.3,6.5,1.8,2.2,1.56,Yes,Online,Average,Excellent,No,2,Middle,3.0,A,0.5,1,Positive,4.0,3.4,2.6,2.9,3.9,4.4,3.8
21,Female,6.11,100.0,6.2,3.6,5.1,2.08,Yes,Online,Good,Average,Yes,3,Low,6.0,A,0.07,2,Positive,3.5,3.6,3.5,4.1,3.2,4.0,3.0
25,Male,4.09,90.1,7.0,5.3,2.4,1.6,No,Online,Average,Good,Yes,0,High,5.4,B,0.52,2,Neutral,3.6,3.4,4.2,3.5,2.6,3.1,2.1
19,Male,6.32,78.7,7.0,2.1,2.4,1.79,Yes,Online,Poor,Good,Yes,5,Low,4.4,A,0.33,2,Positive,2.7,2.8,2.6,4.1,1.2,3.6,4.0
25,Female,3.5,82.7,8.0,4.6,2.9,1.92,Yes,Online,Average,Average,No,3,Low,7.0,B,0.34,2,Negative,2.6,2.7,3.0,2.2,3.2,2.9,2.6
17,Male,5.01,80.3,9.3,5.3,2.6,1.28,No,Offline,Good,Good,No,2,High,4.6,A,0.83,1,Positive,3.5,2.2,4.5,2.8,2.6,5.0,1.7
23,Male,8.11,93.0,5.6,5.3,4.7,1.76,No,Hybrid,Average,Good,No,1,High,3.6,A,0.42,1,Positive,2.7,3.0,4.6,2.6,4.5,4.0,3.2
26,Male,8.79,75.1,9.1,9.0,5.2,1.58,No,Offline,Good,Good,No,2,Low,3.3,A,0.87,1,Positive,3.5,1.3,3.5,1.8,1.0,3.5,1.9
22,Female,1.58,90.7,7.5,3.1,2.3,1.68,No,Online,Good,Average,Yes,2,High,8.6,B,0.4,0,Neutral,1.8,2.1,3.9,3.0,3.9,4.9,1.9
20,Female,6.4,84.2,6.4,4.7,4.1,1.55,Yes,Offline,Average,Poor,No,3,High,2.7,A,0.68,0,Positive,3.1,2.4,5.0,4.0,3.2,5.0,2.4
17,Female,8.9,53.8,6.0,1.0,2.8,2.16,Yes,Online,Average,Good,No,1,High,4.2,A,0.24,1,Positive,2.3,1.7,1.0,4.7,2.6,4.8,2.7
26,Female,3.91,84.8,8.7,5.3,3.2,1.84,Yes,Online,Average,Average,Yes,2,Middle,5.5,B,0.46,0,Neutral,3.2,1.0,2.8,2.0,4.6,5.0,2.8
21,Female,5.52,74.5,5.3,1.3,5.8,1.63,No,Offline,Average,Poor,No,1,Middle,4.2,A,0.33,0,Positive,1.9,3.6,3.9,4.5,3.9,3.7,3.1
17,Non-Binary,8.01,71.0,6.1,2.1,2.4,1.71,Yes,Online,Good,Average,No,2,High,7.4,A,0.63,0,Positive,4.3,3.5,5.0,5.0,2.2,5.0,2.9
23,Non-Binary,4.01,80.0,8.6,5.7,3.1,1.89,No,Offline,Poor,Average,No,1,Middle,4.6,B,0.71,2,Positive,1.4,1.8,3.0,2.9,2.0,4.1,3.4
21,Male,5.9,83.2,4.4,5.0,3.1,1.65,No,Online,Poor,Average,Yes,4,Middle,4.3,B,0.45,1,Positive,4.1,2.6,2.8,4.1,3.9,4.4,2.6
18,Female,4.88,100.0,6.1,2.6,3.0,1.62,No,Offline,Good,Average,No,1,Middle,6.1,A,0.14,1,Positive,2.7,4.3,3.3,2.9,4.0,4.2,3.8
19,Male,1.15,80.8,8.5,4.3,2.4,2.12,Yes,Online,Poor,Good,No,2,Middle,5.3,C,0.45,1,Negative,3.6,2.7,2.1,1.8,2.4,4.8,4.0
17,Male,5.69,71.4,7.2,6.9,4.1,2.39,No,Hybrid,Average,Good,No,1,High,4.7,A,0.66,0,Neutral,3.5,3.4,4.0,1.0,4.0,4.2,1.7
21,Female,4.63,78.9,6.6,1.1,1.6,1.76,Yes,Hybrid,Good,Good,Yes,1,Middle,4.5,A,0.28,1,Neutral,2.5,2.7,3.3,4.0,4.6,4.6,4.0
22,Male,6.86,84.8,7.9,5.4,4.4,1.43,No,Offline,Average,Excellent,No,1,Low,4.8,A,0.58,2,Positive,2.6,2.8,3.3,3.6,3.6,4.3,4.0
21,Female,9.19,70.8,4.8,6.7,4.3,1.95,No,Offline,Good,Good,No,2,High,4.8,A,0.25,1,Neutral,4.0,2.8,2.8,3.2,3.7,4.2,2.7
24,Male,6.37,77.7,5.6,4.1,6.0,1.59,Yes,Offline,Poor,Good,Yes,0,Low,4.2,B,0.3,1,Positive,3.2,2.4,2.6,3.5,4.7,3.4,2.6
25,Female,4.27,64.0,7.7,3.2,5.7,1.98,Yes,Offline,Good,Excellent,Yes,0,Middle,2.0,B,0.57,1,Neutral,2.7,2.7,2.2,2.0,3.0,5.0,4.1
22,Female,5.9,67.8,6.3,5.7,4.1,1.73,No,Online,Average,Good,No,2,Low,1.3,A,0.41,2,Neutral,2.6,2.5,2.2,2.9,3.6,4.1,2.9
17,Female,5.4,75.8,4.7,3.0,3.6,2.09,Yes,Hybrid,Poor,Good,Yes,2,Middle,1.8,B,0.7,1,Positive,2.8,2.4,3.6,3.2,2.7,3.2,5.0
23,Male,7.05,87.4,9.7,6.8,6.7,1.61,Yes,Offline,Average,Good,No,2,High,3.3,A,0.14,0,Positive,4.7,2.6,4.1,2.6,2.8,5.0,3.2
20,Male,2.12,71.1,6.9,5.9,3.7,1.34,No,Online,Good,Good,Yes,0,Middle,2.3,C,0.53,2,Positive,4.5,3.5,3.9,2.6,3.3,4.3,1.5
21,Female,2.67,71.6,7.9,3.6,7.0,2.13,No,Online,Average,Good,Yes,4,Low,3.8,A,0.43,2,Neutral,4.7,3.9,3.9,2.9,1.9,4.8,2.8
22,Male,0.91,79.1,7.5,5.6,3.6,2.39,No,Offline,Poor,Average,No,1,High,5.3,B,0.73,0,Neutral,4.7,4.2,4.6,2.7,4.1,3.2,3.5
20,Non-Binary,6.21,70.0,7.0,2.8,3.2,1.16,Yes,Hybrid,Poor,Average,Yes,3,Middle,5.2,A,0.65,0,Positive,2.3,2.7,5.0,3.6,3.7,4.8,2.4
26,Female,4.96,74.6,6.2,5.6,5.1,2.12,No,Online,Average,Average,No,2,Middle,4.8,A,0.55,0,Neutral,3.1,2.2,3.1,2.3,2.0,3.4,1.8
18,Male,3.72,70.9,6.9,6.4,5.3,2.39,Yes,Hybrid,Average,Average,No,0,Middle,5.9,B,0.71,0,Neutral,2.4,3.0,4.4,3.3,1.6,4.7,2.5
22,Male,3.55,97.2,4.6,3.5,4.1,1.82,No,Offline,Good,Average,No,2,High,5.0,B,0.11,0,Neutral,3.9,4.0,3.8,2.4,2.6,4.9,3.1
17,Male,3.86,75.4,5.9,5.5,2.0,1.67,No,Offline,Average,Good,No,1,Low,4.4,B,0.22,0,Neutral,2.8,3.5,3.1,4.1,3.4,4.3,2.6
26,Female,3.14,93.9,8.1,6.8,4.8,1.73,No,Online,Average,Good,No,1,Middle,5.2,C,0.35,1,Positive,2.6,3.0,3.0,3.0,2.6,3.8,2.7
18,Male,4.36,81.3,6.7,3.8,3.0,1.5,Yes,Hybrid,Good,Good,Yes,2,Middle,2.6,A,0.72,0,Positive,2.6,2.3,3.3,5.0,3.7,3.6,5.0
18,Male,4.01,97.7,6.4,5.9,4.5,1.77,No,Online,Average,Average,No,0,Low,5.3,B,0.57,0,Positive,2.3,2.0,3.1,2.1,1.5,4.2,1.9
20,Male,7.78,70.3,7.1,3.0,3.7,1.78,No,Offline,Average,Excellent,Yes,1,High,1.2,A,0.23,2,Positive,3.7,3.4,2.5,3.8,2.8,4.9,3.0
20,Female,5.65,81.8,7.5,3.0,2.2,1.95,No,Hybrid,Good,Good,Yes,3,Middle,5.2,A,0.48,2,Positive,3.5,3.4,2.6,3.3,3.4,4.4,2.8
19,Male,3.36,56.1,8.0,1.0,2.3,1.89,Yes,Offline,Average,Average,No,0,High,3.9,B,0.66,2,Neutral,2.3,3.2,4.2,3.3,2.4,3.3,4.3
22,Male,3.83,93.0,6.8,6.7,4.6,1.96,Yes,Hybrid,Average,Excellent,No,1,Low,5.1,B,0.32,1,Neutral,3.9,2.9,3.1,2.5,2.4,5.0,2.8
20,Female,7.4,86.2,6.2,4.9,4.1,1.75,Yes,Online,Good,Good,Yes,2,High,4.1,A,0.24,0,Neutral,3.3,2.8,3.6,3.8,4.1,4.0,2.1
17,Female,5.9,76.4,5.7,4.0,6.4,2.33,Yes,Hybrid,Average,Good,Yes,1,High,5.9,A,0.46,1,Positive,2.0,3.5,2.6,4.0,3.3,3.6,2.3
19,Female,5.59,100.0,6.4,3.8,5.1,1.48,No,Hybrid,Average,Average,No,2,Middle,1.4,A,0.92,1,Positive,2.0,2.5,2.9,4.0,3.7,4.1,3.7
24,Male,6.44,100.0,5.2,5.2,5.3,1.86,No,Offline,Average,Good,Yes,2,Middle,3.5,A,0.97,1,Positive,2.1,1.6,3.7,4.2,4.2,4.8,1.4
23,Male,8.17,95.2,7.2,3.6,4.2,1.91,No,Hybrid,Good,Excellent,No,2,High,4.9,A,0.55,2,Positive,3.9,1.9,5.0,2.2,3.1,4.9,3.2
23,Female,2.57,96.0,6.4,6.6,0.7,2.1,Yes,Offline,Average,Good,No,1,High,7.0,B,0.52,0,Neutral,4.5,1.9,3.1,3.6,3.3,4.2,2.4
23,Male,3.51,80.6,7.6,6.2,3.8,1.9,No,Hybrid,Average,Good,Yes,1,Middle,5.6,C,0.62,2,Neutral,1.0,2.1,4.5,2.3,4.0,5.0,2.8
19,Female,1.52,72.0,6.7,4.3,4.1,1.91,No,Online,Average,Good,Yes,2,Middle,4.9,C,0.56,0,Positive,1.8,2.8,3.3,3.4,4.7,4.3,2.7
18,Female,5.99,65.1,6.2,8.5,4.9,1.54,No,Offline,Poor,Excellent,No,1,High,8.0,B,0.31,1,Neutral,4.3,1.5,2.7,2.8,3.8,3.8,1.5
19,Male,4.24,90.6,6.1,7.0,5.2,2.19,No,Offline,Average,Average,No,3,Low,5.7,B,0.18,0,Neutral,2.7,1.6,3.0,4.0,4.9,4.8,2.4
24,Female,3.66,61.3,7.6,7.8,2.4,1.83,No,Offline,Good,Good,Yes,2,Middle,6.6,B,0.79,0,Neutral,4.1,1.1,3.4,3.8,4.6,4.7,1.8
28,Female,3.48,78.2,5.9,6.7,6.3,1.85,Yes,Hybrid,Good,Average,Yes,2,High,3.3,B,0.26,2,Neutral,3.1,2.6,3.8,3.4,1.3,3.9,1.5
21,Male,6.38,97.2,6.9,3.7,6.9,1.94,No,Hybrid,Average,Good,Yes,3,High,4.2,A,0.96,2,Neutral,3.3,2.9,4.6,4.8,3.9,5.0,4.4
17,Female,4.72,83.7,8.8,7.1,6.3,1.58,No,Offline,Average,Good,Yes,1,High,3.6,B,0.19,1,Neutral,4.1,2.6,1.9,1.9,2.3,5.0,2.8
18,Male,3.94,67.5,8.5,3.6,3.2,2.14,Yes,Hybrid,Good,Poor,No,3,Low,1.6,A,0.87,0,Neutral,3.0,2.6,4.3,4.8,4.3,5.0,4.0
19,Male,7.51,71.5,7.1,5.2,1.7,1.47,Yes,Offline,Average,Good,No,4,High,4.3,A,0.47,1,Neutral,2.2,4.1,3.1,3.3,4.3,4.8,3.3
21,Male,2.91,92.9,7.3,6.3,5.5,1.78,Yes,Offline,Good,Good,No,2,Middle,5.8,B,0.13,2,Neutral,3.6,1.6,3.4,1.9,3.9,5.0,4.0
17,Female,2.47,69.6,7.6,4.4,5.8,2.11,Yes,Online,Average,Average,No,2,Low,4.0,B,0.72,2,Neutral,2.6,2.9,3.7,1.6,1.5,3.1,2.5
26,Female,10.19,75.5,7.6,5.2,4.5,1.95,Yes,Hybrid,Good,Good,Yes,2,Middle,5.7,A,0.6,1,Positive,5.0,1.0,5.0,3.7,3.3,4.6,3.2
20,Female,4.26,66.1,6.6,3.5,4.3,2.04,No,Hybrid,Average,Average,Yes,3,High,3.5,A,0.63,2,Neutral,2.8,3.3,4.1,1.3,4.3,4.2,3.2
26,Male,3.91,79.5,6.1,5.7,3.2,1.86,No,Offline,Poor,Good,No,1,Low,5.6,C,0.46,2,Negative,3.5,2.0,3.6,2.6,3.3,3.7,1.5
24,Female,3.55,73.9,5.1,2.1,3.1,2.27,Yes,Online,Good,Average,No,2,High,4.1,A,0.53,0,Neutral,3.9,2.1,2.9,3.2,3.2,5.0,2.8
23,Male,4.73,90.3,8.5,6.0,4.4,1.15,Yes,Online,Poor,Good,No,1,High,5.3,C,0.41,0,Positive,4.2,3.0,5.0,3.3,2.4,4.0,4.0
22,Female,6.57,70.2,8.4,6.3,3.2,1.5,Yes,Offline,Good,Good,No,3,Low,5.4,A,0.43,2,Positive,4.2,1.6,3.7,2.7,3.3,5.0,2.1
22,Male,6.51,75.8,8.9,3.9,3.6,1.43,No,Offline,Average,Good,No,2,High,1.8,A,0.62,2,Positive,4.2,2.2,3.6,2.6,2.2,3.7,3.2
22,Male,6.09,56.4,6.9,2.5,2.4,1.46,No,Hybrid,Average,Poor,Yes,0,High,2.8,A,0.24,0,Positive,2.9,3.9,4.7,3.7,3.6,5.0,2.6
22,Male,4.44,93.2,8.0,6.9,6.6,1.89,No,Offline,Average,Excellent,No,1,Low,4.1,C,0.67,2,Positive,3.8,2.6,4.2,3.3,2.7,3.9,3.3
21,Female,2.02,92.2,8.2,1.4,2.9,1.76,No,Online,Average,Good,No,3,Middle,7.2,B,0.36,2,Negative,1.1,3.0,3.3,3.3,1.4,5.0,3.6
28,Male,5.57,77.3,7.8,4.5,1.9,1.7,Yes,Offline,Poor,Poor,No,4,Middle,3.0,A,0.12,0,Positive,3.6,2.9,1.5,1.6,1.5,5.0,3.0
23,Female,8.04,81.6,8.7,4.3,4.3,1.62,No,Offline,Average,Excellent,No,2,Middle,2.6,A,0.47,1,Positive,3.7,2.5,3.8,4.3,3.0,4.8,2.9
24,Male,7.14,84.6,7.3,8.6,3.3,1.73,No,Offline,Average,Average,No,2,High,3.1,A,0.61,1,Positive,3.8,2.7,3.9,4.1,2.5,4.9,2.4
25,Male,4.66,90.7,6.2,4.1,3.0,1.99,Yes,Online,Good,Good,No,3,Middle,4.9,A,0.35,0,Neutral,3.9,2.8,5.0,3.9,3.8,4.3,2.4
19,Male,6.61,63.5,9.2,4.4,4.3,1.78,No,Online,Poor,Good,No,2,High,4.5,A,0.34,0,Neutral,3.9,2.1,4.2,4.4,3.1,4.1,3.3
18,Female,4.23,71.0,5.6,3.2,5.1,1.28,Yes,Offline,Average,Good,No,1,High,5.0,C,0.26,1,Positive,2.7,1.8,2.7,4.1,4.5,3.1,3.5
21,Female,4.89,100.0,7.9,2.0,3.5,1.52,No,Offline,Good,Excellent,No,2,Middle,3.1,A,0.45,2,Positive,2.8,4.1,4.5,3.5,4.8,3.6,4.6
21,Male,2.53,91.7,6.6,4.2,3.9,1.54,Yes,Offline,Average,Good,No,2,Middle,3.3,C,0.26,0,Neutral,3.7,1.7,2.6,2.6,3.8,3.5,4.1
24,Male,4.37,85.9,8.2,5.0,1.3,1.44,No,Hybrid,Good,Poor,Yes,3,Middle,4.0,A,0.34,0,Positive,1.2,3.3,3.4,3.5,3.7,5.0,4.4
20,Male,5.28,80.4,6.1,5.1,6.1,2.11,No,Offline,Good,Excellent,No,3,Middle,6.2,A,0.31,2,Neutral,1.5,2.0,3.4,3.3,1.8,4.2,1.6
21,Female,4.66,88.5,6.8,5.8,3.2,1.8,No,Online,Good,Excellent,No,2,Middle,2.7,A,0.22,2,Positive,2.4,2.1,2.6,3.5,2.9,5.0,1.6
21,Male,6.54,89.0,6.1,2.0,7.1,1.01,No,Online,Average,Good,No,4,Low,5.1,A,0.79,2,Positive,2.6,4.2,2.1,3.3,2.8,4.2,3.5
17,Female,8.77,88.9,8.3,6.0,2.2,2.01,No,Online,Average,Good,Yes,3,Low,2.6,A,0.39,2,Positive,3.3,2.1,3.8,3.5,3.2,4.5,2.2
22,Female,7.64,69.5,6.3,7.4,4.3,2.07,No,Offline,Average,Poor,No,3,Low,2.0,A,0.85,1,Neutral,5.0,2.2,4.0,3.5,3.0,4.0,2.2
24,Male,4.39,80.3,5.4,3.3,4.0,1.89,No,Online,Poor,Good,Yes,1,High,5.3,A,0.44,1,Positive,2.6,3.9,3.5,3.5,3.1,4.1,3.3
18,Female,3.54,84.1,5.8,3.2,2.3,2.39,No,Offline,Average,Poor,No,2,Middle,7.3,A,0.72,0,Negative,3.5,3.5,2.9,1.7,3.1,4.2,3.1
22,Female,3.69,83.2,6.8,7.8,5.5,1.9,Yes,Online,Good,Poor,Yes,1,Low,6.4,C,0.74,0,Positive,1.4,2.9,4.7,3.7,3.2,4.5,1.9
22,Female,3.04,69.7,6.9,5.0,2.9,1.88,No,Hybrid,Good,Good,No,0,Middle,4.6,B,0.86,2,Neutral,2.6,2.1,3.4,4.2,4.1,5.0,3.1
18,Male,5.07,77.9,5.7,6.7,5.8,2.02,No,Hybrid,Poor,Average,Yes,1,Low,4.4,B,0.56,1,Positive,3.7,1.8,2.7,2.5,3.7,3.9,3.1
18,Male,5.84,70.4,9.0,6.3,5.3,2.08,No,Hybrid,Good,Poor,Yes,2,Low,6.2,A,0.39,0,Neutral,2.6,3.0,2.6,2.6,2.5,4.5,3.2
28,Male,5.37,75.9,4.8,5.9,5.0,1.41,No,Online,Poor,Good,No,1,Middle,6.4,C,0.59,0,Positive,2.4,2.6,4.0,2.5,1.8,3.3,1.8
20,Male,5.39,82.4,6.6,5.8,6.1,2.38,No,Hybrid,Poor,Average,Yes,1,Middle,2.4,A,0.58,1,Positive,1.0,2.6,3.6,2.9,1.8,4.4,3.0
19,Male,5.32,85.9,6.2,7.9,0.6,1.78,No,Offline,Average,Average,No,1,Low,4.8,B,0.3,2,Neutral,2.2,1.3,5.0,2.6,2.6,2.1,1.9
18,Male,4.74,86.1,6.3,3.9,3.8,2.2,No,Offline,Good,Poor,No,2,Middle,4.2,A,0.5,0,Positive,4.1,2.4,4.7,2.7,4.6,3.4,2.4
22,Female,3.52,90.3,6.8,5.9,5.7,1.61,No,Offline,Poor,Average,No,1,Middle,5.8,B,0.34,0,Neutral,2.6,1.2,2.0,4.3,3.4,4.8,3.0
22,Male,8.45,81.7,5.3,8.8,5.8,1.49,No,Online,Average,Good,Yes,3,Middle,6.9,B,0.84,2,Neutral,3.1,2.3,4.2,3.3,3.9,4.7,1.5
22,Male,7.1,67.6,5.9,3.3,3.3,2.05,Yes,Hybrid,Average,Excellent,No,4,Middle,5.4,A,0.15,2,Positive,2.3,3.3,4.2,4.3,2.1,3.8,2.1
18,Male,3.18,80.8,6.4,2.9,5.0,2.12,No,Online,Good,Good,Yes,3,Middle,4.5,A,0.56,1,Neutral,2.7,3.8,4.0,3.9,2.6,5.0,3.3
25,Female,3.19,75.7,5.7,3.6,1.8,1.67,Yes,Online,Average,Good,No,1,Middle,3.5,A,0.3,2,Negative,4.2,1.8,2.4,4.0,3.5,4.1,2.1
20,Female,3.83,63.2,7.5,4.5,3.9,1.59,No,Online,Poor,Poor,No,1,High,5.8,B,0.63,1,Negative,2.6,3.4,4.8,3.5,3.1,3.8,1.6
19,Female,5.07,73.9,5.8,4.8,5.2,1.83,Yes,Offline,Good,Poor,Yes,2,High,3.5,B,0.48,0,Neutral,2.3,2.7,3.9,3.0,3.9,4.6,3.1
21,Male,7.52,84.3,8.5,7.2,1.8,1.73,No,Online,Average,Average,Yes,3,High,5.0,A,0.49,1,Positive,4.2,3.2,3.6,3.1,2.6,4.1,1.6
20,Non-Binary,7.03,90.5,5.4,6.1,3.9,1.91,No,Offline,Average,Good,Yes,3,Middle,3.6,A,0.43,0,Positive,3.0,1.1,3.7,3.9,3.8,3.7,3.0
25,Male,7.14,79.0,9.0,6.7,5.4,1.67,No,Offline,Good,Good,No,2,Middle,4.4,A,0.45,0,Neutral,2.7,3.8,3.7,4.1,1.3,4.4,3.8
26,Male,7.18,66.2,6.6,2.7,4.2,1.65,No,Offline,Average,Good,Yes,2,Middle,6.5,A,0.64,2,Neutral,3.2,2.9,2.9,2.6,3.7,4.5,3.7
19,Male,7.21,79.6,9.5,7.3,4.1,2.39,No,Online,Average,Average,No,4,High,4.5,A,0.62,1,Positive,4.1,2.6,2.7,4.2,5.0,4.8,3.0
25,Male,6.47,72.8,7.2,6.1,4.0,1.42,Yes,Hybrid,Average,Average,No,2,High,4.7,B,0.84,0,Neutral,3.1,1.9,5.0,5.0,3.4,4.1,2.2
24,Male,5.91,92.8,7.1,1.9,4.2,2.07,No,Offline,Average,Good,No,1,Middle,2.8,A,0.36,0,Positive,2.3,2.4,2.9,3.3,4.1,4.4,3.3
26,Female,4.76,67.5,7.7,4.3,2.8,1.59,No,Offline,Poor,Average,No,3,Low,4.3,B,0.53,2,Positive,3.1,3.3,3.2,3.2,2.3,3.6,2.8
19,Female,1.51,88.7,3.0,7.0,4.9,1.61,Yes,Online,Average,Good,Yes,0,Middle,5.2,D,0.69,1,Neutral,1.4,2.2,4.2,3.1,4.1,3.4,1.0
21,Male,4.74,77.8,5.6,3.3,3.4,2.17,Yes,Online,Good,Good,No,0,Middle,4.3,A,0.42,1,Positive,2.1,4.3,4.0,2.3,2.1,4.4,4.4
19,Female,8.6,84.1,6.1,6.0,5.4,1.87,Yes,Online,Good,Good,No,3,High,1.0,A,0.95,0,Neutral,3.3,2.4,4.2,3.9,3.5,5.0,3.5
24,Male,3.92,73.0,5.3,5.5,7.0,1.71,No,Hybrid,Average,Excellent,No,2,Middle,6.5,B,0.57,2,Positive,3.0,3.3,3.8,3.1,4.2,3.7,1.8
17,Male,3.75,85.4,7.8,6.9,1.9,1.7,Yes,Online,Average,Excellent,Yes,1,Low,6.3,B,0.75,2,Neutral,3.4,2.3,4.2,1.3,1.8,4.4,2.2
21,Female,7.03,80.1,10.0,2.8,5.5,1.57,No,Online,Poor,Good,Yes,1,High,3.6,A,0.51,1,Positive,3.4,1.0,3.5,2.6,2.2,4.8,3.2
20,Female,5.16,78.3,3.8,3.2,3.5,1.7,No,Online,Average,Good,Yes,2,Low,3.5,A,0.08,0,Positive,3.8,2.7,2.1,5.0,1.8,4.1,3.1
19,Male,4.04,69.3,5.9,2.1,6.6,1.71,No,Online,Average,Average,Yes,1,Middle,4.9,B,0.79,1,Neutral,3.1,3.8,3.5,3.7,1.0,3.9,3.2
22,Male,8.12,74.5,7.2,6.3,4.8,1.76,No,Offline,Average,Excellent,Yes,1,Middle,1.3,A,0.52,2,Neutral,4.0,2.7,5.0,3.6,4.7,3.8,3.3
25,Female,6.25,61.1,6.1,5.4,4.5,1.65,Yes,Hybrid,Poor,Good,No,3,Middle,6.3,B,0.85,1,Positive,3.5,2.3,4.6,4.5,3.9,4.1,1.6
22,Female,6.52,85.3,7.9,5.7,4.5,1.43,Yes,Hybrid,Good,Average,No,1,Middle,3.8,A,0.5,1,Positive,3.5,2.8,3.0,4.5,2.1,5.0,2.9
25,Female,3.87,77.1,6.7,3.3,2.0,1.4,Yes,Offline,Average,Good,No,2,Middle,7.2,B,0.78,0,Positive,2.2,4.0,4.2,2.2,2.7,4.7,3.2
19,Male,5.99,95.1,7.8,6.1,2.0,1.79,Yes,Online,Poor,Average,No,3,Low,4.5,A,0.95,1,Positive,2.3,3.4,3.9,2.7,1.0,2.6,3.5
21,Male,5.75,64.9,8.9,8.5,2.1,1.83,No,Online,Average,Good,Yes,3,Middle,4.1,A,0.51,1,Neutral,2.5,1.1,4.4,2.5,2.1,5.0,1.0
20,Male,6.55,96.0,7.1,2.6,3.3,1.57,No,Hybrid,Good,Good,No,3,Middle,4.8,A,0.48,2,Positive,4.9,3.1,5.0,4.1,4.3,5.0,3.8
17,Male,7.3,84.7,7.8,6.1,4.4,2.03,No,Hybrid,Average,Average,No,3,High,2.3,A,0.72,0,Positive,4.4,2.7,3.8,2.7,1.0,3.8,2.5
21,Female,7.25,75.5,6.6,4.7,3.4,1.41,No,Online,Average,Poor,No,2,Middle,3.6,A,0.52,0,Positive,2.1,1.9,3.3,5.0,1.5,5.0,2.5
22,Male,5.34,85.1,5.7,4.3,4.8,2.12,Yes,Offline,Average,Excellent,No,3,Middle,3.9,A,0.35,2,Positive,3.0,2.2,3.5,1.6,3.2,3.9,3.4
22,Male,6.38,67.4,7.6,2.8,1.3,2.05,Yes,Online,Good,Good,Yes,3,Middle,3.0,A,0.58,0,Positive,2.2,2.3,3.4,2.4,3.8,5.0,3.8
23,Female,2.71,66.4,7.0,6.9,6.2,1.68,No,Online,Average,Excellent,No,0,Low,5.4,C,0.5,2,Neutral,2.2,1.7,2.7,2.1,2.0,5.0,2.5
21,Female,6.29,92.4,6.6,6.2,3.6,1.55,No,Online,Good,Average,Yes,1,Low,3.5,A,0.57,2,Positive,4.0,1.3,4.5,3.3,1.9,4.8,2.9
17,Male,6.37,60.0,6.3,6.7,5.5,1.73,Yes,Online,Average,Good,Yes,2,High,5.9,C,0.92,0,Positive,1.5,2.3,3.5,4.9,2.5,5.0,2.1
18,Female,4.22,80.3,6.1,4.4,5.3,1.54,Yes,Offline,Average,Good,Yes,2,Middle,8.7,B,0.54,1,Neutral,3.5,3.4,3.4,3.3,2.6,4.5,2.0
22,Female,3.45,93.9,7.4,3.5,5.6,1.13,Yes,Offline,Good,Average,No,2,Middle,3.9,B,0.31,2,Neutral,2.9,2.5,5.0,3.3,1.0,4.9,4.5
19,Female,4.88,81.3,6.9,4.0,3.6,1.66,No,Offline,Good,Average,Yes,1,Low,3.2,A,0.97,0,Positive,4.0,4.2,2.9,3.9,2.8,3.8,3.4
17,Male,2.57,93.6,5.2,4.2,2.6,1.61,Yes,Online,Average,Average,No,0,High,5.3,C,0.22,2,Positive,3.2,3.9,3.3,2.9,1.6,3.4,4.6
20,Female,5.68,78.0,6.7,6.1,6.9,2.04,Yes,Offline,Poor,Average,Yes,1,High,7.2,B,0.73,2,Neutral,4.5,2.3,4.4,2.9,2.3,5.0,2.0
21,Female,5.59,73.4,8.4,3.4,3.8,1.95,Yes,Online,Average,Excellent,No,1,Middle,5.9,A,0.32,2,Positive,3.0,2.8,3.0,3.0,3.5,3.2,2.1
19,Male,3.1,91.9,8.2,2.0,3.9,2.01,Yes,Offline,Poor,Poor,No,0,Middle,7.3,B,0.79,1,Neutral,4.0,4.2,3.8,3.2,2.2,4.3,2.4
23,Male,5.1,89.1,6.8,5.3,2.7,2.34,No,Offline,Poor,Good,Yes,2,Middle,3.9,A,0.81,1,Positive,3.2,2.1,2.1,4.2,2.7,3.7,2.9
22,Female,7.14,79.4,7.3,7.8,3.1,1.72,No,Online,Average,Good,Yes,2,High,4.4,A,0.42,1,Neutral,3.1,2.5,4.2,2.8,2.7,4.9,2.6
20,Male,7.13,94.1,6.5,6.4,2.8,1.99,No,Online,Average,Average,No,2,Low,2.3,A,0.66,2,Positive,4.2,3.3,4.2,3.1,1.6,4.7,3.6
23,Female,7.02,68.8,9.5,2.6,2.9,2.04,No,Hybrid,Average,Good,Yes,2,Middle,3.3,A,0.32,2,Neutral,3.1,2.7,2.9,3.4,3.0,4.3,4.6
22,Male,4.7,90.6,7.7,3.0,6.1,1.81,No,Offline,Poor,Average,No,1,Middle,3.0,B,0.27,2,Neutral,3.2,3.0,3.9,3.3,3.7,4.2,3.3
22,Male,4.32,76.2,6.6,6.1,5.1,1.44,No,Offline,Good,Good,No,0,Middle,6.2,C,0.17,2,Neutral,2.3,1.6,3.0,3.2,3.8,3.2,1.7
21,Male,4.22,82.5,8.2,5.5,3.8,1.92,No,Offline,Average,Average,Yes,1,Low,3.9,A,0.59,0,Neutral,3.0,1.8,4.9,2.0,2.5,5.0,3.7
17,Female,6.19,81.3,6.5,7.2,6.1,1.73,No,Offline,Average,Good,Yes,1,Low,4.4,A,0.7,1,Neutral,1.0,3.6,1.6,3.6,2.2,4.0,1.6
23,Male,9.7,82.1,6.5,4.9,2.5,2.08,Yes,Online,Good,Good,No,1,High,2.8,A,0.74,2,Positive,2.6,3.1,4.1,4.0,3.2,5.0,1.4
20,Female,7.81,85.6,5.2,3.5,4.3,2.32,No,Offline,Average,Excellent,Yes,2,Low,5.0,A,0.36,1,Positive,3.3,3.5,4.6,4.3,5.0,3.4,3.3
26,Female,8.17,94.5,5.9,6.2,5.1,2.17,Yes,Hybrid,Average,Excellent,Yes,1,Middle,1.0,A,0.29,2,Positive,2.9,2.9,4.0,4.0,3.5,4.7,2.6
24,Female,7.7,94.5,6.1,2.9,7.6,1.89,Yes,Online,Poor,Good,Yes,2,Middle,3.1,A,0.24,0,Neutral,2.8,3.2,2.5,3.2,3.0,3.7,2.9
22,Female,1.77,81.2,6.2,2.2,2.9,2.14,No,Offline,Average,Average,Yes,2,Middle,4.1,A,0.61,1,Positive,3.6,2.8,3.0,2.7,2.7,4.6,3.4
19,Female,4.6,81.0,5.9,6.7,2.0,1.79,Yes,Offline,Average,Good,Yes,1,Middle,1.0,A,0.96,2,Neutral,4.6,3.9,3.4,1.8,2.3,3.7,2.9
19,Male,4.13,70.4,7.0,5.6,2.5,1.67,No,Hybrid,Poor,Good,No,1,High,6.0,C,0.87,0,Positive,2.6,1.6,5.0,2.4,1.0,3.7,2.9
20,Female,7.5,97.0,6.0,5.2,3.9,1.82,Yes,Hybrid,Good,Excellent,No,0,Middle,4.0,A,0.81,1,Positive,3.9,1.8,5.0,3.2,3.0,4.8,2.3
21,Female,8.38,89.7,8.9,3.1,0.6,1.71,Yes,Offline,Good,Average,No,1,High,4.4,A,0.66,1,Positive,3.0,2.5,3.7,5.0,2.0,3.9,2.2
19,Male,3.67,74.1,6.5,6.1,4.9,1.98,No,Online,Average,Average,Yes,2,Middle,7.1,A,0.99,2,Neutral,3.5,2.9,5.0,3.3,2.8,5.0,1.4
21,Male,5.08,82.2,5.5,5.5,4.7,1.44,No,Hybrid,Good,Good,Yes,2,Middle,4.9,B,0.22,2,Positive,5.0,2.8,3.9,2.1,3.3,4.2,2.5
18,Female,6.11,95.6,7.7,8.3,2.7,1.46,No,Online,Average,Good,No,3,Middle,5.6,A,0.65,1,Positive,3.9,1.6,4.0,1.8,4.5,4.5,3.8
28,Male,4.02,73.4,7.0,3.6,3.2,2.03,No,Offline,Average,Average,No,4,High,6.1,A,0.87,1,Neutral,4.3,2.7,3.9,5.0,1.8,5.0,3.0
18,Female,3.74,83.2,7.0,3.3,1.5,1.41,Yes,Offline,Average,Good,Yes,2,Middle,4.7,A,0.24,1,Neutral,2.6,2.6,3.1,3.4,2.1,5.0,3.1
26,Male,3.65,80.4,6.5,4.2,5.9,1.8,Yes,Offline,Average,Good,Yes,0,Middle,4.7,C,0.53,0,Neutral,2.9,3.1,4.5,1.7,4.1,4.7,4.5
26,Male,6.77,77.6,8.7,4.3,3.4,1.83,No,Online,Poor,Excellent,No,1,Middle,1.2,A,0.54,1,Positive,1.9,2.5,3.1,2.9,2.1,4.2,3.4
21,Female,3.18,81.2,6.1,4.6,4.2,1.37,No,Online,Average,Good,No,0,Middle,5.6,B,0.39,1,Neutral,2.4,4.1,4.3,1.6,2.6,3.5,2.8
23,Male,7.27,60.4,8.2,1.8,4.7,1.45,Yes,Online,Poor,Average,Yes,3,Low,3.0,A,0.17,2,Neutral,3.2,3.0,2.4,3.8,1.9,5.0,3.3
20,Male,5.17,90.4,7.1,3.6,3.9,2.0,Yes,Offline,Average,Average,No,1,Low,5.9,A,0.88,0,Positive,2.3,2.7,3.4,3.5,4.3,4.9,2.6
22,Female,6.5,75.8,8.0,7.5,3.0,1.87,No,Offline,Average,Poor,No,4,Middle,2.8,A,0.32,0,Positive,3.2,2.9,3.5,4.0,3.4,2.8,3.1
20,Male,8.09,81.7,7.1,4.3,3.5,1.7,No,Offline,Average,Good,No,0,Middle,4.2,A,0.37,0,Positive,2.5,3.3,2.3,2.7,2.0,4.8,4.8
19,Female,3.66,66.2,9.4,7.5,4.9,1.18,Yes,Online,Good,Good,No,0,Middle,5.2,D,0.41,0,Positive,3.1,3.3,3.3,2.0,4.2,4.6,2.0
21,Female,3.37,100.0,6.5,7.0,3.9,1.99,No,Hybrid,Average,Average,Yes,1,High,3.0,A,0.52,1,Positive,3.7,3.2,4.8,2.8,4.6,2.9,1.9
21,Female,5.85,86.2,7.4,5.4,6.5,1.88,Yes,Offline,Average,Good,No,2,Middle,1.9,A,0.62,2,Neutral,3.6,2.5,3.1,3.7,1.6,4.4,3.3
21,Male,2.94,60.9,6.7,5.6,2.2,1.92,No,Hybrid,Average,Good,No,2,Low,2.9,A,0.71,2,Negative,3.4,3.6,4.4,3.6,4.1,3.7,3.8
19,Male,3.54,74.2,7.1,4.4,2.4,1.72,No,Offline,Average,Average,No,0,High,5.3,C,0.83,0,Negative,4.3,2.5,3.7,1.5,3.2,4.7,2.0
20,Female,4.77,77.0,5.9,5.6,3.3,2.26,No,Offline,Good,Average,No,1,Middle,3.2,A,0.96,2,Neutral,1.1,1.8,5.0,3.1,1.4,3.7,2.5
18,Female,5.31,70.5,6.4,8.2,4.8,1.69,Yes,Online,Poor,Excellent,No,0,Middle,9.5,C,0.63,2,Positive,3.0,2.2,5.0,3.0,2.9,3.8,2.0
17,Female,2.51,66.7,5.7,6.6,3.5,1.19,No,Online,Average,Average,Yes,2,Middle,7.4,C,0.92,1,Positive,3.8,2.8,2.8,3.1,3.2,5.0,1.8
19,Female,4.24,67.0,6.0,7.8,1.4,1.37,Yes,Hybrid,Average,Good,Yes,1,Low,6.4,B,0.41,1,Neutral,1.0,2.5,2.4,2.5,1.2,4.2,3.0
17,Male,6.16,71.6,7.5,3.7,1.3,1.78,No,Online,Poor,Good,No,2,Low,3.6,A,0.52,1,Neutral,4.7,3.3,4.2,3.9,5.0,4.8,2.4
18,Male,7.69,81.8,7.5,3.8,4.2,1.34,No,Hybrid,Average,Good,Yes,2,Low,3.7,A,0.47,2,Neutral,2.7,2.3,3.4,4.9,2.4,4.4,3.5
24,Male,1.08,82.5,7.4,7.6,3.7,1.44,Yes,Hybrid,Average,Good,Yes,1,Low,4.6,B,0.7,2,Positive,2.3,2.8,2.9,1.9,3.4,3.6,2.3
17,Male,7.61,93.0,6.9,7.4,3.5,1.86,Yes,Hybrid,Average,Good,Yes,1,Middle,8.1,A,0.38,1,Positive,3.8,3.5,2.9,3.3,2.9,2.2,2.1
22,Male,6.76,78.5,6.0,4.0,3.2,1.4,Yes,Offline,Average,Excellent,No,2,High,4.2,B,0.87,2,Neutral,2.2,2.3,4.1,3.5,2.7,4.6,2.7
19,Female,2.83,57.5,7.3,3.8,5.7,1.97,No,Online,Poor,Excellent,Yes,1,Middle,4.8,C,0.49,2,Negative,4.3,3.6,3.4,2.6,2.4,4.1,4.3
25,Male,2.07,78.6,5.9,5.9,3.6,1.94,No,Offline,Average,Good,No,1,High,2.9,A,0.61,0,Neutral,3.0,2.9,3.7,1.4,3.1,4.9,3.2
21,Male,5.83,91.1,5.4,4.5,3.8,1.49,No,Online,Poor,Average,Yes,3,Middle,4.6,A,0.37,0,Neutral,4.4,3.4,2.9,3.0,1.9,3.9,3.3
19,Male,4.16,68.2,8.3,5.5,5.4,2.02,No,Offline,Good,Average,Yes,3,Middle,6.1,A,0.49,2,Negative,4.2,2.0,2.0,3.4,3.0,5.0,1.6
21,Female,5.27,81.9,7.3,6.9,1.7,1.43,No,Offline,Poor,Good,Yes,1,Low,7.2,C,0.42,2,Positive,3.1,2.6,3.3,3.4,1.4,3.7,2.9
20,Female,6.72,83.4,7.0,5.3,2.8,1.9,No,Hybrid,Average,Good,Yes,2,Middle,2.6,A,0.61,2,Neutral,2.3,2.7,4.4,3.3,3.9,4.6,3.5
21,Female,4.26,69.8,9.1,4.6,5.3,1.25,Yes,Online,Average,Average,No,0,Middle,4.9,C,0.21,2,Positive,4.7,2.8,3.4,3.0,2.4,4.8,2.4
18,Female,5.32,78.0,6.8,7.3,4.4,1.28,No,Hybrid,Average,Poor,No,1,High,7.2,C,0.57,0,Positive,1.5,2.6,4.9,1.4,2.8,4.8,1.8
29,Male,5.95,69.9,8.7,5.0,5.6,1.62,Yes,Hybrid,Good,Good,No,1,Low,7.5,B,0.55,1,Positive,2.7,3.2,3.7,4.1,3.5,4.1,1.2
20,Female,6.77,94.6,5.9,4.3,4.7,1.74,No,Offline,Average,Average,Yes,2,Middle,3.5,A,0.45,0,Positive,3.9,4.0,3.4,1.9,4.4,3.6,3.8
20,Male,8.51,86.6,5.4,2.7,5.3,1.18,Yes,Offline,Average,Good,No,0,Low,6.0,A,0.79,1,Positive,1.5,3.9,3.8,3.0,4.8,3.4,2.8
23,Male,8.39,80.6,5.6,9.4,3.5,1.76,Yes,Online,Average,Good,Yes,3,Middle,1.6,A,0.7,2,Positive,1.8,2.8,3.7,3.0,3.9,4.9,3.3
20,Female,5.48,87.0,7.9,5.6,3.7,1.93,Yes,Offline,Average,Good,Yes,0,Middle,3.0,A,0.77,1,Neutral,2.8,3.7,3.3,3.5,1.8,5.0,3.7
24,Female,4.53,86.9,7.8,6.3,2.4,1.75,Yes,Offline,Average,Poor,No,1,Middle,3.5,B,0.32,0,Positive,3.3,2.7,1.7,4.0,4.3,3.7,2.9
20,Male,9.73,71.5,6.8,7.3,2.5,2.05,Yes,Online,Average,Average,No,3,Low,4.9,A,0.53,1,Positive,1.1,1.7,3.9,4.3,2.1,4.5,3.2
23,Male,6.28,66.9,5.2,6.5,5.6,1.59,No,Offline,Good,Average,Yes,0,Low,5.3,C,0.07,1,Negative,4.1,2.7,2.4,3.7,1.9,4.6,2.4
18,Female,5.85,65.7,6.1,2.5,3.5,1.54,Yes,Online,Average,Average,Yes,2,Middle,5.6,B,0.37,0,Neutral,2.8,3.5,2.1,3.9,2.5,3.2,2.5
24,Male,2.81,67.3,7.8,6.4,3.7,1.6,Yes,Hybrid,Good,Good,No,0,High,8.3,D,0.86,2,Negative,3.7,3.2,4.7,1.0,3.4,5.0,2.8
23,Male,6.55,88.3,7.4,6.9,0.5,1.19,No,Offline,Poor,Good,Yes,2,Middle,3.8,B,0.28,2,Positive,2.3,2.9,1.1,3.4,5.0,4.2,1.9
19,Male,3.45,91.1,5.9,2.9,5.7,2.06,Yes,Offline,Average,Average,No,0,Middle,5.2,B,0.6,1,Positive,2.6,2.9,3.8,4.0,2.8,3.2,3.0
18,Male,4.09,95.4,7.1,4.4,2.7,2.02,No,Hybrid,Poor,Poor,No,3,Middle,1.5,A,0.26,1,Neutral,3.3,3.8,4.1,1.8,5.0,3.9,4.1
19,Female,2.34,66.7,9.8,7.6,1.8,1.81,No,Offline,Average,Average,No,2,Low,7.2,C,0.15,0,Negative,3.2,2.6,3.7,2.4,3.9,5.0,2.6
28,Male,3.97,80.0,6.7,4.6,1.8,1.58,No,Offline,Average,Excellent,Yes,3,High,5.3,A,0.81,2,Negative,3.7,2.6,2.8,1.7,2.5,4.9,2.3
19,Male,5.12,92.4,5.3,3.2,4.1,1.81,No,Offline,Average,Good,No,1,Middle,4.9,B,0.54,2,Positive,3.7,1.6,3.5,4.0,3.9,4.5,1.7
20,Female,2.02,98.0,6.9,6.3,5.6,1.89,Yes,Online,Average,Excellent,Yes,0,Middle,7.1,D,0.15,2,Negative,1.8,2.9,3.3,1.6,2.0,4.8,2.6
17,Female,3.22,76.8,7.6,5.9,4.1,1.76,No,Offline,Poor,Excellent,Yes,1,Middle,4.5,B,0.14,2,Neutral,3.2,1.7,3.0,4.6,2.5,2.9,2.9
20,Male,4.85,76.3,8.8,6.5,4.2,1.83,Yes,Online,Average,Good,No,3,Middle,2.0,A,0.58,0,Negative,2.8,1.7,5.0,3.5,2.2,5.0,2.3
21,Male,2.49,76.2,7.2,2.9,9.6,1.76,No,Offline,Average,Good,Yes,1,Low,5.6,B,0.69,1,Neutral,3.4,3.4,5.0,3.1,3.7,5.0,3.9
27,Male,2.51,84.5,5.6,4.7,5.7,1.84,No,Online,Good,Average,Yes,0,High,6.5,C,0.41,1,Positive,2.7,3.2,3.8,2.7,4.2,3.4,1.0
21,Female,3.35,88.2,6.7,3.9,3.1,1.52,Yes,Hybrid,Average,Good,No,1,Low,7.5,B,0.68,2,Neutral,3.1,2.0,4.6,3.6,3.1,4.7,1.0
24,Female,2.2,90.0,8.4,1.8,1.9,1.47,Yes,Hybrid,Good,Average,No,3,Middle,3.5,A,0.61,2,Positive,4.9,2.9,3.2,3.6,2.7,5.0,3.7
21,Female,6.22,75.6,6.3,7.5,2.6,1.83,No,Online,Average,Excellent,Yes,2,High,5.4,B,0.52,2,Positive,1.8,2.3,4.4,3.2,2.8,4.4,2.5
17,Female,3.02,94.8,8.4,2.6,4.8,1.59,No,Online,Good,Poor,Yes,1,Middle,5.7,A,0.61,0,Neutral,2.6,3.8,3.5,2.2,1.2,5.0,3.5
19,Female,6.53,70.1,5.5,4.5,3.9,1.84,No,Hybrid,Good,Good,Yes,0,Middle,5.9,A,0.28,2,Positive,1.0,2.4,4.8,4.0,2.6,5.0,1.0
21,Female,6.84,86.5,7.0,5.2,4.4,1.63,No,Offline,Poor,Poor,Yes,1,High,3.8,B,0.56,0,Positive,2.5,3.3,4.9,2.9,3.1,5.0,3.2
27,Female,2.62,93.8,7.0,3.3,3.4,1.32,Yes,Offline,Average,Excellent,No,0,Middle,5.5,C,0.35,1,Positive,1.9,2.3,4.0,1.7,5.0,4.9,3.2
25,Male,5.08,91.4,5.8,5.4,3.4,2.39,Yes,Offline,Average,Average,No,2,High,3.0,A,0.54,1,Positive,4.9,1.7,4.8,2.9,1.8,3.6,3.2
19,Non-Binary,4.05,84.6,7.2,5.2,5.0,1.31,No,Online,Average,Good,No,4,Low,3.9,B,0.37,0,Positive,2.7,3.6,2.2,2.6,3.3,4.8,4.7
19,Male,2.74,76.4,8.0,6.7,5.1,1.52,Yes,Offline,Average,Good,Yes,0,Middle,8.6,D,0.25,1,Negative,2.6,3.6,2.8,2.6,1.7,3.9,1.0
19,Male,4.33,79.5,6.6,4.1,5.2,1.79,Yes,Online,Poor,Average,Yes,1,Low,5.4,B,0.61,1,Positive,3.6,3.8,3.2,2.9,3.4,4.4,3.3
26,Female,4.52,72.9,6.4,7.0,4.9,1.95,No,Hybrid,Average,Good,Yes,3,Low,4.5,B,0.89,1,Neutral,1.9,3.0,4.8,2.2,3.3,3.5,3.3
25,Male,6.42,73.4,7.6,4.6,5.4,1.86,No,Offline,Average,Excellent,Yes,3,Middle,4.1,A,0.68,2,Positive,3.8,2.9,3.8,3.8,4.2,3.4,2.3
24,Female,7.04,70.3,8.2,3.9,2.0,1.61,No,Hybrid,Good,Poor,Yes,2,Low,3.7,A,0.52,1,Positive,3.7,3.4,3.2,4.0,3.1,5.0,3.3
20,Female,2.81,91.4,8.3,5.0,4.0,1.64,Yes,Online,Good,Excellent,Yes,2,High,3.9,A,0.7,2,Negative,4.6,3.2,3.7,1.4,3.1,3.4,3.5
21,Male,4.19,68.4,6.7,4.2,5.2,1.76,Yes,Offline,Average,Good,Yes,0,High,4.1,B,0.87,2,Neutral,3.5,4.3,4.3,2.9,3.4,5.0,3.4
21,Female,6.06,73.3,6.5,1.9,4.8,1.69,No,Offline,Average,Excellent,No,2,Low,6.1,A,0.87,2,Neutral,1.2,2.6,2.5,3.9,2.8,4.5,3.7
19,Male,7.35,93.7,8.2,5.2,6.2,2.15,Yes,Offline,Average,Average,No,2,Low,2.8,A,0.46,2,Positive,4.1,2.3,4.2,2.7,3.2,5.0,3.6
21,Male,0.13,84.2,8.1,3.9,5.0,1.76,No,Hybrid,Average,Good,No,2,Middle,4.0,C,0.43,1,Positive,5.0,2.2,4.0,2.8,3.0,5.0,2.9
17,Female,7.55,97.7,9.3,9.7,6.0,1.84,Yes,Offline,Poor,Excellent,Yes,1,Middle,4.6,B,0.59,1,Positive,3.0,3.1,3.9,2.8,2.0,5.0,3.4
18,Female,4.67,96.0,7.1,6.5,4.9,1.76,No,Offline,Average,Good,No,1,High,8.4,B,0.39,2,Positive,3.0,2.5,3.5,2.7,3.7,4.6,2.4
25,Female,8.06,84.7,7.5,1.7,3.8,1.77,Yes,Online,Poor,Good,No,1,Middle,2.4,A,0.23,2,Neutral,2.5,2.7,2.7,3.5,4.6,4.1,3.2
23,Male,4.16,91.5,6.9,4.2,4.0,1.92,No,Hybrid,Average,Poor,Yes,2,Middle,5.5,B,0.65,0,Positive,1.4,1.3,4.2,2.7,2.0,4.7,1.5
20,Female,3.34,69.2,6.4,5.3,5.1,2.01,No,Hybrid,Average,Average,No,2,Middle,4.6,B,0.66,2,Neutral,3.4,2.0,2.9,3.6,3.4,3.6,1.7
21,Male,5.09,82.9,10.0,8.7,2.5,1.25,No,Hybrid,Poor,Good,No,2,Middle,5.7,C,0.25,1,Neutral,2.5,2.4,2.7,3.6,4.4,4.4,2.8
20,Female,7.33,98.1,7.5,4.5,2.7,1.62,Yes,Offline,Average,Good,No,1,Low,4.7,A,0.34,2,Positive,3.3,1.4,3.4,2.9,2.9,4.2,1.5
23,Male,5.06,85.3,6.5,7.3,4.2,1.52,No,Hybrid,Average,Good,Yes,2,Middle,1.4,A,0.56,0,Positive,3.4,1.7,3.4,2.6,4.7,4.6,1.5
24,Female,0.3,83.5,7.1,2.9,5.7,1.67,No,Hybrid,Poor,Average,No,0,Low,4.2,C,0.27,2,Negative,4.9,3.1,1.0,1.9,4.0,4.3,3.5
23,Male,6.37,100.0,7.2,4.2,3.6,1.94,No,Hybrid,Average,Good,No,3,Middle,5.2,A,0.65,2,Positive,2.6,2.7,4.3,3.4,2.0,4.3,3.9
23,Male,1.79,88.9,6.1,2.6,5.0,2.01,No,Hybrid,Good,Average,Yes,2,Middle,4.5,A,0.46,1,Positive,1.8,2.2,3.4,3.1,2.5,5.0,2.4
19,Female,3.05,66.2,5.2,2.9,3.1,1.46,Yes,Hybrid,Good,Good,No,0,High,5.3,B,0.88,2,Neutral,3.3,2.4,3.2,3.1,3.9,5.0,3.0
20,Female,2.68,92.3,6.0,6.7,2.5,2.07,No,Offline,Average,Excellent,No,1,Low,6.3,B,0.74,2,Negative,2.9,2.3,3.4,1.0,1.1,5.0,3.2
21,Female,1.33,55.5,6.2,7.6,3.5,2.14,No,Offline,Good,Good,Yes,1,Middle,4.5,C,0.85,0,Negative,4.9,2.6,4.8,3.1,2.2,3.5,3.3
20,Female,2.5,85.7,7.4,3.6,4.2,1.66,No,Hybrid,Average,Poor,No,2,Low,6.0,B,0.39,1,Positive,3.8,3.4,4.0,2.5,3.4,4.9,2.3
23,Female,3.03,84.6,7.5,3.1,4.9,1.79,No,Hybrid,Poor,Excellent,No,1,Middle,5.6,B,0.78,2,Negative,2.9,2.9,4.1,2.1,2.4,3.8,3.1
19,Female,3.78,76.1,4.2,7.9,3.9,2.16,No,Online,Poor,Good,Yes,0,High,6.0,C,0.61,0,Negative,4.0,3.3,4.0,1.8,1.7,2.8,2.2
18,Male,4.89,72.9,5.5,5.4,3.6,2.14,No,Hybrid,Poor,Good,Yes,1,High,4.3,A,0.67,0,Neutral,4.1,2.3,4.3,3.9,3.0,4.5,3.6
20,Female,4.33,76.4,5.7,1.1,2.6,1.94,No,Hybrid,Good,Average,No,2,High,5.1,A,0.46,1,Neutral,2.1,2.5,4.1,4.1,4.3,5.0,4.0
28,Male,2.04,100.0,8.9,5.9,6.1,1.96,No,Offline,Poor,Good,No,1,High,3.8,B,0.53,1,Positive,3.5,1.2,4.6,2.4,2.2,3.4,2.8
19,Female,4.64,69.8,7.6,3.8,3.7,1.9,Yes,Offline,Good,Average,Yes,3,High,5.0,A,0.68,2,Positive,5.0,3.4,4.8,3.1,2.3,4.6,3.1
22,Female,6.95,72.7,6.4,4.0,5.0,1.96,No,Hybrid,Average,Good,Yes,1,Middle,6.2,A,0.96,0,Positive,1.5,2.8,5.0,2.5,2.8,3.1,1.5
20,Female,6.9,78.9,6.6,6.1,2.9,1.83,No,Hybrid,Average,Poor,No,3,Low,4.4,A,0.52,0,Positive,2.2,1.4,5.0,4.0,4.9,4.6,2.6
17,Female,5.27,76.8,6.8,8.1,3.7,1.66,Yes,Offline,Average,Average,No,1,Middle,4.9,B,0.8,1,Positive,2.8,2.5,5.0,3.4,2.0,3.8,2.4
21,Female,6.24,98.1,5.1,7.7,5.7,1.9,Yes,Hybrid,Good,Poor,Yes,2,High,8.2,B,0.6,0,Neutral,3.5,3.1,4.1,3.9,1.9,4.7,2.0
23,Female,6.78,84.2,8.3,2.6,3.7,1.86,Yes,Online,Good,Average,No,3,Middle,4.4,A,0.7,1,Neutral,3.3,3.3,3.5,3.9,3.4,5.0,3.8
21,Male,7.72,79.3,7.8,7.1,3.8,1.88,Yes,Hybrid,Good,Average,Yes,3,Low,6.0,A,0.38,2,Positive,3.2,1.9,3.5,4.2,4.6,5.0,1.9
25,Female,8.39,88.4,7.2,4.6,5.0,1.43,No,Online,Poor,Good,Yes,2,High,3.6,A,0.4,1,Positive,2.8,1.9,4.0,3.0,2.3,5.0,3.3
19,Male,4.36,84.0,7.0,1.0,5.0,2.16,No,Online,Poor,Poor,No,1,Middle,5.9,A,0.64,1,Positive,3.3,3.5,3.9,3.6,4.8,4.0,3.6
18,Female,4.46,79.1,6.6,1.0,5.3,2.05,Yes,Hybrid,Average,Good,Yes,1,Middle,3.2,A,0.59,1,Neutral,4.4,3.4,3.5,4.3,1.4,4.9,3.7
26,Male,7.95,77.9,6.5,4.4,2.9,1.72,No,Online,Poor,Average,No,2,High,3.9,A,0.45,2,Neutral,4.7,4.8,4.9,4.2,1.6,2.2,2.1
20,Male,8.12,79.5,5.3,5.2,5.7,1.8,Yes,Hybrid,Average,Excellent,Yes,3,High,2.6,A,0.55,1,Neutral,4.1,1.9,5.0,4.9,2.2,4.6,3.1
21,Male,8.08,79.5,7.7,10.0,4.9,1.99,No,Online,Good,Excellent,No,2,High,6.5,A,1.0,2,Positive,4.2,2.3,5.0,2.4,2.9,5.0,1.8
24,Male,0.31,76.8,5.7,4.1,4.1,1.65,No,Hybrid,Average,Average,Yes,1,High,5.7,C,0.96,1,Negative,3.1,2.4,5.0,3.1,2.7,3.8,3.0
19,Female,4.56,80.3,7.0,4.4,3.9,1.88,Yes,Online,Poor,Good,Yes,3,Middle,2.7,A,0.99,1,Neutral,5.0,2.3,4.0,2.1,2.1,3.9,2.9
23,Male,0.66,93.7,6.5,6.9,5.2,1.45,Yes,Offline,Average,Poor,No,0,Middle,7.5,Fail,0.61,1,Positive,1.6,1.6,4.5,1.0,1.0,4.6,2.4
18,Female,6.46,68.4,6.5,3.1,5.5,1.39,Yes,Online,Average,Excellent,No,1,Middle,5.6,B,0.73,2,Neutral,3.3,3.9,4.3,3.9,3.0,2.8,2.2
19,Male,5.11,84.8,7.5,4.9,2.8,1.86,No,Hybrid,Poor,Good,No,2,High,4.5,B,0.51,1,Neutral,3.8,3.6,4.7,4.5,2.8,3.3,4.0
18,Female,5.1,88.3,6.8,7.1,3.9,2.16,Yes,Hybrid,Average,Poor,No,1,Middle,3.2,B,0.09,0,Positive,3.1,3.1,3.4,4.0,3.0,2.5,2.8
24,Female,4.72,80.0,5.8,4.7,5.5,1.36,No,Hybrid,Good,Average,No,1,Middle,6.3,B,0.34,1,Neutral,4.1,2.4,3.3,2.4,2.0,4.8,2.6
19,Female,7.61,80.6,7.8,1.6,1.2,1.8,Yes,Hybrid,Average,Poor,No,3,Middle,5.5,A,0.31,0,Positive,2.8,3.7,3.6,4.0,2.6,5.0,2.7
23,Female,4.41,92.3,8.6,4.2,2.5,1.81,Yes,Offline,Good,Average,No,2,Middle,1.5,A,0.65,1,Positive,4.3,3.9,5.0,2.2,2.9,4.6,4.6
26,Male,7.07,76.8,7.2,7.3,5.1,2.04,Yes,Offline,Poor,Good,No,2,Low,2.1,A,0.41,1,Positive,3.1,1.0,2.5,3.2,2.5,4.4,2.2
21,Female,6.11,86.9,7.4,3.8,4.5,1.39,Yes,Offline,Good,Good,No,1,High,3.9,A,0.17,0,Positive,2.6,3.3,3.9,4.0,2.3,5.0,4.3
21,Male,5.71,86.4,6.7,4.8,2.6,2.2,No,Hybrid,Good,Average,No,3,Low,3.4,A,0.39,1,Positive,2.5,3.5,2.8,2.9,3.5,5.0,3.2
21,Female,5.93,82.9,8.9,8.6,5.8,2.08,No,Offline,Good,Average,Yes,1,Low,5.4,B,0.62,1,Positive,3.3,2.8,3.5,2.9,1.6,5.0,3.0
19,Female,5.22,83.1,7.5,4.5,5.2,2.02,No,Offline,Poor,Average,No,3,Low,6.5,A,0.95,0,Positive,2.4,2.2,2.7,2.6,2.9,4.6,3.3
21,Male,2.81,89.2,6.0,6.7,4.1,2.23,No,Offline,Average,Average,Yes,2,Middle,4.3,B,0.68,2,Neutral,1.0,1.8,5.0,2.0,2.4,3.0,2.0
22,Female,6.43,95.6,8.3,7.2,0.5,1.93,Yes,Hybrid,Average,Excellent,Yes,2,Middle,6.4,A,0.45,2,Positive,1.1,2.7,3.5,2.2,2.4,5.0,3.3
28,Female,6.43,70.3,9.3,8.8,2.8,1.93,No,Offline,Good,Average,Yes,3,Middle,1.3,A,0.77,0,Positive,2.5,2.2,3.3,2.0,3.9,5.0,3.2
26,Male,4.71,91.4,7.4,4.0,4.5,2.05,No,Offline,Average,Good,No,2,High,4.5,A,0.5,0,Positive,2.7,3.6,5.0,4.6,3.7,3.4,3.0
25,Male,6.46,74.2,5.8,9.2,4.3,1.52,No,Offline,Good,Average,No,1,High,4.7,C,0.64,2,Neutral,4.3,2.8,3.8,3.1,3.2,3.9,3.4
25,Male,6.8,72.1,4.9,3.3,4.6,1.24,No,Offline,Good,Average,No,2,High,4.3,A,0.74,1,Neutral,3.4,2.6,4.4,2.2,3.5,3.3,3.7
21,Female,2.44,82.8,5.8,5.1,4.7,1.89,No,Offline,Average,Good,Yes,1,Middle,3.3,C,0.62,2,Positive,3.1,1.5,3.3,3.0,3.5,3.6,3.1
22,Female,4.72,82.8,9.7,8.6,6.2,1.96,No,Hybrid,Average,Good,No,3,High,1.6,A,0.5,1,Positive,2.3,1.2,2.4,2.9,2.2,5.0,1.9
25,Male,4.11,63.5,6.0,4.4,5.8,1.81,Yes,Online,Poor,Good,No,2,High,4.9,A,0.23,0,Positive,5.0,2.0,3.8,4.5,2.9,3.7,3.4
20,Male,3.19,97.3,5.5,1.0,1.8,2.0,No,Offline,Average,Good,Yes,1,High,2.7,A,0.29,0,Positive,3.0,3.0,4.1,2.4,2.2,3.0,4.0
27,Female,5.64,76.4,6.8,3.9,3.4,1.67,No,Offline,Good,Good,Yes,2,Low,3.2,A,0.51,0,Positive,3.9,3.1,4.9,3.8,3.0,3.4,3.1
20,Female,3.31,87.8,7.8,6.1,3.8,2.17,Yes,Online,Average,Average,Yes,3,Low,6.4,A,0.21,2,Neutral,3.0,2.3,3.6,2.6,1.0,3.3,3.0
22,Male,4.13,84.9,6.7,10.0,4.7,2.39,No,Hybrid,Poor,Good,No,1,Low,5.1,B,0.05,0,Neutral,3.6,1.1,2.9,2.4,1.0,4.4,1.2
23,Male,5.49,87.0,6.6,3.4,6.2,1.52,No,Hybrid,Average,Good,No,3,High,5.5,A,0.4,2,Positive,1.6,3.5,3.4,3.9,3.2,4.8,2.7
27,Female,5.7,81.8,7.3,2.3,6.2,1.96,Yes,Online,Good,Poor,No,3,Middle,2.9,A,0.79,0,Positive,3.4,2.9,4.6,1.9,4.3,3.8,2.7
19,Male,5.64,84.0,8.5,4.5,3.6,1.97,No,Offline,Poor,Good,No,0,Middle,2.9,B,0.57,1,Positive,3.1,2.3,5.0,3.7,2.9,4.3,4.0
23,Male,9.47,81.7,7.6,7.1,4.4,1.59,Yes,Hybrid,Average,Poor,Yes,2,Middle,3.3,A,0.25,0,Neutral,3.1,1.8,2.4,4.0,2.1,5.0,1.5
21,Female,3.99,77.5,6.4,5.8,4.8,1.85,Yes,Hybrid,Poor,Average,No,0,High,3.8,C,0.82,0,Neutral,4.1,2.9,2.4,3.0,2.5,5.0,2.9
19,Female,5.5,92.1,6.5,9.7,4.4,2.1,Yes,Online,Poor,Good,Yes,2,High,3.1,A,0.26,1,Neutral,1.4,1.8,5.0,1.6,3.3,3.4,2.3
24,Male,2.59,82.5,7.3,5.4,4.5,1.83,Yes,Online,Good,Excellent,Yes,1,Middle,5.2,B,0.75,1,Neutral,2.5,2.2,3.0,2.5,4.7,5.0,2.9
21,Male,5.96,84.4,5.7,8.2,1.5,1.68,No,Hybrid,Average,Excellent,No,2,High,4.8,B,0.62,2,Neutral,1.0,1.4,2.7,3.9,1.0,4.3,1.4
22,Male,7.31,75.3,7.3,5.2,6.4,2.16,No,Online,Average,Poor,No,2,Middle,4.1,A,0.2,0,Positive,2.7,2.3,3.3,3.4,3.7,3.6,2.6
19,Male,7.43,74.6,8.7,8.1,3.3,1.74,Yes,Offline,Poor,Good,No,3,Middle,5.7,B,0.52,1,Positive,4.1,2.5,3.0,3.7,2.4,5.0,2.9
21,Female,3.73,82.7,6.7,9.0,3.9,1.62,Yes,Online,Good,Good,No,1,High,3.5,B,0.27,0,Positive,4.0,2.6,2.2,2.7,2.9,4.5,2.9
22,Male,4.44,66.8,6.5,3.5,2.4,1.56,Yes,Online,Poor,Average,Yes,1,High,3.1,B,0.51,0,Neutral,2.8,3.7,4.2,4.1,1.0,3.7,4.4
20,Female,7.52,95.2,7.5,5.8,3.0,1.45,No,Offline,Good,Good,Yes,2,Middle,1.0,A,0.45,2,Positive,3.2,2.1,3.7,4.7,2.3,4.6,3.0
18,Female,4.81,77.1,6.0,5.0,4.3,2.11,No,Offline,Good,Good,Yes,2,Low,3.8,B,0.58,0,Negative,2.6,1.6,4.0,1.4,2.8,5.0,2.2
27,Male,6.92,77.7,8.7,7.0,4.0,1.87,No,Online,Average,Excellent,No,0,Low,5.5,B,0.71,2,Positive,3.0,2.9,4.5,2.6,3.4,5.0,3.9
21,Male,3.06,75.9,8.3,4.1,5.0,1.43,No,Hybrid,Poor,Poor,No,0,Low,7.6,C,0.45,0,Neutral,4.1,3.0,3.5,2.9,1.3,5.0,4.1
23,Female,7.77,82.2,8.0,3.1,1.4,1.99,Yes,Online,Good,Average,No,2,Middle,4.0,A,0.97,0,Positive,4.7,2.0,5.0,5.0,3.7,4.3,3.6
20,Female,7.05,86.1,7.2,6.7,2.4,1.63,No,Online,Poor,Excellent,Yes,3,Middle,6.0,A,0.4,2,Positive,3.7,3.1,2.3,4.0,3.8,2.6,1.2
20,Female,5.93,87.9,7.3,6.0,3.5,1.63,Yes,Hybrid,Good,Good,No,4,High,4.2,A,0.76,0,Neutral,2.9,1.0,2.4,3.5,4.2,5.0,2.6
20,Male,3.4,74.2,7.6,5.1,5.9,1.55,Yes,Online,Average,Excellent,No,1,Middle,5.4,B,0.73,2,Neutral,4.8,1.9,3.2,3.3,3.0,4.7,1.9
20,Female,4.68,69.8,5.7,5.6,2.6,1.93,No,Online,Good,Poor,No,3,Middle,3.6,B,0.46,0,Positive,3.6,4.0,3.4,2.2,2.5,3.6,3.1
21,Female,5.3,79.5,6.4,4.4,2.5,2.19,No,Offline,Good,Good,No,2,Low,1.0,A,0.29,1,Neutral,2.7,5.0,3.1,3.7,5.0,4.4,3.9
21,Female,5.53,79.6,6.6,4.9,1.9,1.77,No,Offline,Average,Good,No,1,High,5.3,A,0.87,0,Positive,2.9,3.5,4.7,1.9,1.5,5.0,3.7
21,Male,4.79,73.5,8.3,5.7,3.9,2.39,No,Online,Average,Poor,Yes,2,Middle,3.7,A,0.66,1,Neutral,2.6,2.4,5.0,3.1,3.0,4.1,2.3
18,Female,4.56,93.0,9.4,5.5,0.5,1.62,Yes,Hybrid,Average,Good,Yes,1,Middle,6.1,A,0.49,2,Positive,3.7,3.0,4.0,3.3,3.0,4.0,4.2
21,Female,5.38,70.6,6.9,1.3,3.3,1.77,No,Online,Poor,Good,Yes,3,Middle,3.0,B,0.43,1,Positive,3.3,1.7,3.7,4.4,4.3,4.2,3.0
18,Male,7.79,72.0,7.3,9.0,5.6,1.7,No,Hybrid,Average,Average,Yes,2,Low,7.8,A,0.49,1,Neutral,3.2,1.8,2.7,1.8,2.6,3.9,1.0
18,Female,0.98,90.1,7.3,5.9,3.1,1.38,Yes,Hybrid,Poor,Average,Yes,0,Low,6.3,D,0.65,0,Neutral,2.4,1.3,4.6,2.0,2.7,4.0,1.0
26,Male,2.26,76.8,6.4,3.8,1.5,1.79,No,Offline,Poor,Good,Yes,0,Middle,3.3,A,0.46,1,Neutral,5.0,3.8,3.9,1.8,5.0,5.0,3.5
22,Male,1.91,78.8,6.4,5.2,4.2,1.4,No,Online,Average,Good,Yes,0,Middle,6.0,C,0.69,2,Negative,2.9,3.3,3.3,3.6,4.2,3.4,2.4
22,Male,3.63,72.2,7.2,5.1,2.5,1.56,No,Online,Good,Excellent,No,0,Middle,4.9,B,0.63,1,Negative,4.2,3.2,2.7,4.2,3.3,3.6,2.7
20,Female,1.52,68.3,8.5,9.7,1.9,1.58,No,Offline,Average,Average,No,0,Middle,6.4,D,0.81,0,Neutral,2.0,2.7,5.0,2.5,2.4,3.7,2.5
25,Male,6.11,73.4,5.5,5.5,5.3,1.58,No,Hybrid,Good,Average,No,2,High,3.9,B,0.74,2,Positive,3.5,2.2,4.7,2.2,3.6,5.0,1.8
22,Male,5.19,63.8,8.0,5.6,4.5,2.06,Yes,Online,Average,Excellent,Yes,0,High,1.9,B,1.0,2,Negative,2.4,2.6,5.0,3.0,4.2,4.1,2.9
23,Female,4.49,87.8,5.6,8.1,3.5,1.92,Yes,Offline,Good,Excellent,Yes,2,Middle,4.4,C,0.61,2,Neutral,3.5,1.7,3.0,3.0,2.2,4.9,2.7
20,Male,3.64,83.5,8.0,3.9,4.4,1.97,Yes,Offline,Average,Poor,Yes,3,Middle,5.7,A,0.97,1,Negative,2.2,2.9,2.1,3.2,1.7,3.8,2.5
27,Female,5.31,99.4,6.8,8.9,3.3,1.79,No,Offline,Average,Good,No,1,Middle,3.3,B,0.45,0,Positive,1.8,2.1,3.9,3.0,3.5,3.9,3.2
24,Female,5.36,79.8,5.7,6.4,4.6,1.85,No,Offline,Poor,Average,No,1,Low,2.5,B,0.83,0,Neutral,2.0,2.8,2.3,3.1,3.8,3.0,2.5
25,Female,5.66,75.2,5.3,6.6,6.2,1.7,No,Online,Good,Poor,Yes,2,High,3.5,B,0.98,1,Positive,1.4,1.6,5.0,3.2,3.8,4.8,2.0
18,Female,3.54,90.5,6.7,6.7,7.5,2.29,No,Hybrid,Poor,Average,No,1,Middle,5.8,C,0.35,1,Neutral,2.3,2.5,3.5,1.8,2.7,5.0,2.9
19,Female,6.3,75.4,8.1,6.3,3.9,2.04,No,Offline,Poor,Average,Yes,0,High,3.0,A,0.8,0,Positive,3.8,2.6,5.0,3.8,3.0,4.7,3.0
19,Male,2.06,90.5,6.2,4.4,5.1,1.44,Yes,Offline,Average,Excellent,No,1,High,4.2,B,0.17,2,Neutral,2.2,3.0,3.7,1.3,3.4,4.0,3.0
19,Female,7.5,75.7,7.1,2.1,4.9,1.62,No,Hybrid,Poor,Good,Yes,1,Middle,2.5,A,0.43,2,Positive,2.4,2.4,2.4,4.7,3.4,5.0,3.0
25,Male,0.56,62.6,5.9,6.6,7.4,1.97,No,Offline,Average,Excellent,Yes,1,Low,8.5,D,0.73,2,Negative,3.3,2.0,4.2,1.0,2.8,4.1,1.5
17,Female,3.81,77.2,5.8,8.1,2.3,1.41,Yes,Offline,Average,Good,No,1,Middle,7.3,D,0.32,0,Neutral,1.1,1.6,3.6,3.4,2.1,4.0,1.0
17,Male,2.6,77.5,6.4,4.4,1.8,1.98,No,Offline,Average,Good,No,2,Middle,7.5,A,0.4,2,Negative,3.7,4.4,3.4,2.8,2.6,5.0,2.4
19,Female,6.58,85.7,5.7,4.7,6.4,1.47,No,Offline,Average,Good,No,1,High,4.5,B,0.59,0,Positive,2.9,3.8,4.4,3.1,4.7,4.7,2.4
18,Female,2.03,76.1,7.2,6.3,4.3,2.12,No,Offline,Poor,Excellent,No,0,Low,5.6,C,0.69,1,Neutral,3.4,2.5,3.8,3.3,3.6,2.5,3.0
19,Female,8.64,83.0,5.1,6.6,6.0,1.61,No,Online,Good,Good,Yes,2,Middle,5.4,A,0.26,2,Neutral,2.9,2.9,2.8,4.0,3.2,4.6,1.4
24,Male,1.91,82.9,8.8,7.5,3.7,1.57,No,Hybrid,Average,Good,Yes,2,High,6.2,C,0.48,1,Negative,2.7,3.6,5.0,1.8,2.3,4.2,1.8
21,Male,9.06,71.9,6.3,1.0,6.6,1.89,Yes,Offline,Average,Excellent,No,2,High,2.9,A,0.2,2,Positive,3.9,4.6,5.0,5.0,2.1,3.9,2.8
17,Female,5.9,69.5,6.1,3.0,5.3,1.77,Yes,Hybrid,Poor,Average,No,3,Low,5.3,B,0.86,0,Negative,3.0,3.4,3.8,3.5,2.7,4.1,3.9
20,Female,5.06,73.1,8.2,5.5,4.9,1.35,No,Hybrid,Good,Good,No,2,High,5.2,B,0.58,0,Neutral,3.6,2.0,3.9,3.0,1.6,5.0,2.9
20,Male,5.87,64.4,6.5,6.9,2.8,1.76,No,Offline,Poor,Excellent,Yes,2,Low,2.5,B,0.37,1,Negative,4.0,3.4,2.1,3.2,3.8,3.4,2.2
18,Non-Binary,9.39,81.2,8.3,6.5,2.7,1.81,No,Offline,Poor,Excellent,No,0,High,3.2,A,0.83,2,Positive,1.8,2.7,5.0,3.8,4.7,5.0,4.1
22,Female,6.79,86.7,5.9,4.6,7.5,1.09,No,Online,Good,Average,Yes,1,Middle,5.4,B,0.49,2,Positive,2.3,2.5,2.5,3.6,1.6,3.2,2.6
23,Male,0.53,77.2,6.0,4.3,3.5,1.51,Yes,Hybrid,Poor,Good,No,2,High,7.9,C,0.84,2,Neutral,2.2,3.4,4.2,3.1,2.1,2.7,2.9
23,Female,7.39,74.0,6.0,5.0,2.8,2.29,Yes,Online,Good,Good,No,3,Middle,4.6,A,0.32,2,Positive,2.7,2.2,4.1,3.3,3.3,5.0,2.3
23,Female,5.46,68.8,8.9,2.0,6.1,1.65,No,Online,Average,Average,No,3,Middle,3.4,A,0.39,1,Neutral,3.2,2.0,5.0,4.3,3.1,4.6,4.5
17,Male,1.77,86.7,4.9,10.0,3.3,1.74,Yes,Hybrid,Average,Good,No,0,Middle,5.6,D,0.59,0,Positive,2.1,3.0,3.8,1.0,3.1,5.0,1.0
27,Male,6.52,90.8,7.1,10.0,1.3,1.98,No,Offline,Average,Average,Yes,1,Low,5.5,A,0.74,1,Positive,2.2,2.4,4.6,2.7,3.4,4.2,1.0
24,Female,2.58,59.0,9.1,5.5,3.9,2.19,Yes,Online,Good,Average,Yes,0,Middle,1.3,B,0.66,0,Neutral,2.6,3.3,2.9,2.9,4.8,5.0,3.6
25,Female,5.36,100.0,6.2,5.4,3.8,1.97,No,Hybrid,Poor,Good,No,1,High,2.3,A,0.28,0,Neutral,3.9,1.2,3.2,2.5,1.3,5.0,2.2
17,Male,5.47,95.5,8.3,4.4,6.1,1.54,Yes,Hybrid,Average,Good,Yes,2,High,7.0,B,0.73,1,Positive,2.5,3.2,3.8,3.1,5.0,5.0,2.6
26,Female,3.7,75.1,7.8,1.6,3.6,1.52,No,Offline,Average,Good,No,2,High,5.0,B,0.34,2,Neutral,3.1,3.5,3.7,3.9,2.5,4.0,2.9
24,Female,6.3,80.2,7.7,6.6,3.7,1.8,No,Hybrid,Average,Good,No,2,High,2.5,A,0.47,0,Positive,2.7,2.2,2.7,2.4,2.5,5.0,2.0
24,Female,2.96,81.8,7.1,5.9,3.9,1.87,Yes,Offline,Good,Average,No,3,High,2.0,A,0.63,2,Positive,2.9,2.3,3.8,3.2,3.0,5.0,3.2
18,Male,5.38,84.1,6.6,6.8,2.3,1.92,No,Offline,Good,Average,No,2,High,5.6,A,0.29,1,Neutral,2.3,2.1,2.3,3.3,2.3,4.5,1.0
23,Female,3.91,76.7,6.1,8.2,1.1,1.36,Yes,Offline,Average,Poor,No,2,Low,5.6,C,0.85,0,Positive,1.0,3.5,4.8,2.3,5.0,5.0,2.2
27,Male,4.63,84.3,7.2,4.6,6.5,1.7,No,Hybrid,Poor,Average,No,3,High,3.7,A,0.28,2,Positive,2.4,3.5,3.4,2.7,3.2,5.0,3.5
22,Male,8.85,86.6,7.8,6.8,2.1,1.86,Yes,Offline,Poor,Good,Yes,1,Middle,4.0,A,0.72,1,Neutral,3.2,2.3,3.3,2.8,3.8,4.5,2.6
21,Male,5.22,100.0,6.7,4.9,6.4,1.89,No,Offline,Average,Good,No,2,High,4.2,A,0.75,0,Positive,3.1,2.3,3.4,4.5,4.2,4.2,3.0
26,Female,2.83,79.6,8.2,2.0,2.5,1.59,No,Hybrid,Average,Average,No,0,Middle,4.2,A,0.48,1,Neutral,3.7,3.2,3.3,2.9,3.3,4.4,3.2
20,Female,4.77,74.0,7.9,3.1,4.5,1.43,Yes,Online,Poor,Average,Yes,2,Middle,1.7,A,0.57,2,Positive,1.5,3.0,4.1,2.2,2.2,4.1,3.9
22,Male,3.46,90.2,7.4,4.8,4.3,1.98,No,Hybrid,Poor,Good,No,2,Low,3.0,B,0.57,0,Neutral,3.4,1.9,2.7,1.9,3.5,3.3,2.5
21,Female,5.05,80.0,6.6,4.4,3.4,1.94,Yes,Offline,Average,Average,No,0,Middle,5.5,B,0.82,0,Positive,2.4,3.7,4.2,3.4,2.3,3.6,3.1
26,Male,5.32,81.8,7.7,6.0,4.1,2.23,Yes,Hybrid,Average,Excellent,No,2,Low,4.5,A,0.86,1,Positive,2.2,2.4,4.3,2.5,3.5,4.3,1.2
17,Male,5.17,81.2,7.2,4.5,4.9,1.73,Yes,Hybrid,Good,Good,Yes,2,High,4.6,A,0.33,1,Positive,3.5,2.9,3.7,2.0,2.1,5.0,3.2
21,Non-Binary,5.17,76.8,9.4,4.3,4.0,1.98,No,Offline,Average,Average,No,2,Middle,3.1,A,1.0,1,Neutral,3.8,3.5,3.2,2.5,2.8,5.0,3.1
23,Female,3.91,75.9,7.3,6.2,3.8,2.04,No,Hybrid,Good,Average,Yes,1,Middle,5.6,B,0.8,1,Negative,4.1,3.8,4.6,3.6,2.5,5.0,2.5
24,Male,5.9,75.7,7.8,5.3,3.2,1.43,No,Offline,Average,Good,No,0,Low,4.8,B,0.66,1,Positive,3.6,2.8,4.1,3.9,1.5,4.5,3.2
22,Female,7.11,72.9,5.5,8.6,8.5,1.52,Yes,Online,Good,Poor,No,1,Low,6.6,B,0.39,1,Positive,2.9,1.1,4.2,1.7,2.0,3.9,2.8
25,Male,3.76,76.0,7.1,5.8,5.0,1.85,Yes,Online,Good,Average,No,0,Middle,4.5,C,0.59,1,Positive,1.5,3.1,4.1,1.0,3.3,3.5,3.0
26,Male,4.88,98.2,8.9,4.6,4.7,2.06,No,Offline,Average,Average,Yes,2,Middle,3.1,A,0.63,1,Positive,4.2,2.9,3.1,4.4,1.1,5.0,3.3
17,Female,5.12,79.7,7.5,3.8,3.2,1.86,No,Hybrid,Poor,Good,Yes,2,Middle,3.8,A,0.21,1,Positive,3.2,2.5,3.4,2.2,3.2,4.5,3.2
20,Female,7.51,72.6,8.1,7.3,3.0,1.87,No,Hybrid,Average,Good,Yes,2,Low,5.5,A,0.57,2,Neutral,2.1,2.7,3.6,2.7,3.1,5.0,2.3
17,Male,7.16,70.6,6.7,5.2,3.9,2.39,No,Offline,Average,Poor,Yes,2,Middle,3.8,A,0.74,1,Positive,3.2,2.2,2.6,3.4,4.1,4.4,3.6
19,Female,3.54,91.9,6.4,2.3,3.7,2.17,No,Online,Good,Good,No,1,High,3.9,A,0.64,0,Positive,1.5,1.9,2.4,2.0,1.9,4.3,3.0
21,Female,5.14,74.4,7.3,6.4,3.0,1.39,No,Hybrid,Average,Good,No,1,Middle,4.0,B,0.87,1,Neutral,4.4,2.6,4.7,3.1,2.4,4.2,2.3
26,Male,2.01,81.8,5.7,5.6,3.5,1.55,No,Hybrid,Poor,Good,Yes,1,Middle,6.5,C,0.66,0,Negative,2.6,1.9,3.7,1.4,1.0,3.3,2.4
24,Female,3.07,63.4,6.6,6.8,4.8,1.81,No,Offline,Average,Average,Yes,1,Middle,6.3,D,0.08,0,Neutral,1.9,2.3,2.7,2.0,3.6,3.3,3.2
18,Female,5.03,60.0,9.6,6.5,4.8,1.8,No,Online,Average,Good,No,4,Middle,2.9,A,0.64,2,Negative,4.3,3.0,4.6,4.5,4.2,5.0,2.5
18,Female,6.26,82.7,6.9,2.9,1.6,2.08,No,Offline,Average,Excellent,No,4,Middle,4.4,A,0.8,2,Positive,1.7,1.4,5.0,3.3,4.6,4.4,4.1
22,Female,6.91,63.9,6.3,6.9,1.5,2.07,Yes,Online,Poor,Poor,Yes,1,Middle,4.1,A,0.15,0,Positive,3.0,2.2,2.5,3.0,4.8,5.0,1.9
21,Female,4.38,82.4,8.6,2.9,4.6,1.61,No,Offline,Average,Average,Yes,1,High,8.5,B,0.77,0,Neutral,3.1,2.3,5.0,2.2,2.8,4.9,2.9
19,Male,2.29,88.6,7.5,4.7,3.2,1.62,Yes,Offline,Average,Average,Yes,1,Low,4.3,B,0.49,1,Neutral,1.7,1.6,2.2,1.0,2.8,3.2,3.2
25,Female,5.79,72.1,6.4,4.3,3.6,2.13,No,Offline,Average,Average,Yes,2,Low,2.7,A,0.93,2,Positive,2.6,2.9,4.2,4.1,4.1,4.2,4.2
26,Female,4.65,75.2,7.0,4.3,5.5,1.43,No,Offline,Average,Average,Yes,2,Low,4.7,A,0.27,2,Neutral,1.1,2.4,2.8,3.9,2.3,4.0,3.0
20,Male,5.85,75.8,6.8,3.5,4.7,1.67,Yes,Offline,Poor,Excellent,Yes,4,Middle,3.5,B,0.59,1,Neutral,2.6,3.5,4.9,3.7,3.4,3.4,3.2
25,Female,5.32,73.2,6.3,3.4,3.4,1.9,Yes,Offline,Good,Excellent,No,1,Low,2.2,A,0.35,2,Neutral,1.1,3.3,3.4,3.3,3.4,3.1,4.1
20,Female,6.43,76.2,7.2,7.8,3.2,1.91,No,Online,Good,Average,No,1,Middle,1.7,A,0.9,0,Neutral,3.9,2.8,3.7,3.1,4.1,3.6,3.1
23,Female,6.31,75.9,7.1,1.0,4.8,1.82,No,Online,Poor,Good,Yes,4,High,2.6,A,0.51,0,Positive,2.4,1.8,5.0,5.0,2.6,5.0,3.8
21,Male,6.69,77.9,6.4,3.1,4.3,2.05,No,Hybrid,Poor,Good,No,2,Low,2.6,A,0.84,2,Positive,1.8,3.1,3.4,4.3,4.2,3.2,3.0
18,Male,4.08,80.6,6.6,6.2,3.7,1.93,No,Offline,Poor,Good,No,2,Middle,3.2,B,0.2,1,Negative,3.2,2.7,3.5,3.4,3.5,4.1,2.7
26,Female,6.99,85.0,8.7,1.6,4.1,1.8,Yes,Online,Poor,Good,No,3,High,3.3,A,0.61,2,Positive,1.2,2.3,2.5,4.0,2.9,3.7,3.4
20,Male,3.99,84.5,8.9,3.3,1.1,1.78,No,Offline,Average,Average,Yes,2,Low,1.0,A,0.57,0,Neutral,2.3,2.9,1.8,2.2,2.5,3.2,4.0
23,Female,5.17,80.6,7.2,2.2,0.5,1.74,No,Online,Average,Good,No,3,Low,4.3,A,0.68,0,Positive,3.7,3.4,2.7,3.0,1.4,4.2,3.7
20,Male,8.72,72.6,4.2,1.8,4.3,2.0,No,Hybrid,Average,Good,No,3,Middle,3.1,A,0.88,1,Positive,1.6,3.3,4.0,1.5,4.3,4.5,3.8
17,Male,5.71,84.9,7.0,4.4,5.4,1.74,No,Hybrid,Good,Good,Yes,2,Low,2.8,A,0.56,0,Neutral,2.7,3.3,4.9,3.0,3.7,4.3,2.9
18,Male,2.67,87.8,5.3,6.1,1.6,1.99,No,Offline,Good,Good,No,1,High,6.0,B,0.22,1,Negative,2.2,2.9,3.6,1.6,3.9,5.0,2.1
21,Male,7.98,81.5,6.4,1.0,0.7,2.33,No,Online,Poor,Average,No,3,Low,4.3,A,0.32,2,Positive,1.0,3.9,4.1,5.0,1.9,3.1,3.5
23,Female,7.0,76.5,5.1,6.4,4.0,1.81,Yes,Online,Average,Poor,No,0,Middle,3.0,A,0.23,0,Positive,1.8,1.5,2.9,3.4,1.0,4.2,1.2
20,Male,7.28,100.0,9.1,4.9,3.6,1.99,Yes,Hybrid,Good,Excellent,Yes,4,Middle,4.5,A,0.94,1,Positive,2.3,2.2,5.0,5.0,5.0,3.7,2.9
23,Male,5.39,58.5,6.9,3.4,3.5,1.55,Yes,Offline,Poor,Good,Yes,1,Low,7.7,C,0.61,0,Neutral,3.2,2.7,4.1,2.6,2.4,4.3,2.7
23,Male,5.69,86.1,8.7,4.3,3.7,1.54,No,Online,Poor,Excellent,No,2,Low,2.5,A,0.39,2,Positive,4.4,2.7,3.2,4.3,2.0,5.0,3.2
23,Female,4.53,82.3,4.4,5.0,4.6,1.01,No,Offline,Good,Poor,Yes,0,Low,6.2,B,0.57,1,Positive,3.0,1.4,4.3,3.4,2.3,4.7,2.2
21,Male,3.6,94.6,9.0,4.1,3.8,1.79,No,Online,Average,Good,No,1,High,2.3,A,0.72,1,Positive,3.1,2.7,4.2,3.8,5.0,2.7,3.0
26,Female,8.06,97.9,7.2,4.3,5.3,2.31,Yes,Online,Average,Good,Yes,2,Middle,5.2,A,0.63,0,Positive,3.8,3.4,3.9,3.5,2.6,4.9,4.0
21,Female,4.26,86.3,8.1,4.3,5.6,1.58,No,Offline,Poor,Excellent,No,3,Low,2.9,A,0.66,2,Positive,3.4,1.8,4.1,3.0,2.5,3.6,3.3
20,Female,4.04,75.8,6.7,2.9,4.1,2.29,No,Online,Good,Poor,No,0,Middle,2.6,A,0.79,0,Negative,2.3,1.8,4.5,3.7,5.0,3.9,3.1
18,Female,4.11,85.7,6.5,6.0,3.7,1.69,No,Online,Average,Average,Yes,2,Middle,6.2,B,0.29,1,Neutral,2.4,3.6,2.2,2.9,3.4,4.7,1.0
19,Female,8.72,69.1,4.4,8.8,3.4,1.76,Yes,Offline,Poor,Good,No,0,High,6.6,C,0.6,1,Positive,3.6,2.5,4.1,2.7,3.1,4.3,2.2
17,Female,6.76,81.0,6.6,4.2,5.2,2.21,Yes,Online,Good,Excellent,Yes,2,Middle,2.6,A,0.65,1,Positive,3.5,4.4,4.7,2.4,3.4,4.7,3.0
22,Male,4.26,72.9,4.5,5.8,4.5,2.39,Yes,Hybrid,Average,Excellent,Yes,2,High,4.0,A,0.85,1,Neutral,3.2,2.7,4.6,4.0,2.9,4.1,2.4
19,Male,4.91,85.0,6.5,9.3,6.0,2.17,No,Online,Average,Excellent,Yes,1,Middle,4.2,B,0.79,1,Positive,2.4,2.0,4.3,1.0,2.1,5.0,3.3
19,Male,6.02,63.4,5.2,6.0,3.9,2.35,No,Hybrid,Average,Excellent,Yes,1,High,1.4,A,0.42,2,Positive,4.6,2.0,4.7,3.4,4.3,5.0,2.8
24,Female,6.76,77.0,6.5,2.4,3.4,1.55,No,Hybrid,Good,Poor,Yes,3,Low,4.0,A,0.2,1,Neutral,2.2,5.0,3.6,3.8,2.7,4.6,4.0
19,Non-Binary,1.78,82.1,9.5,4.7,5.5,1.71,Yes,Offline,Good,Poor,No,0,Low,5.3,C,0.46,1,Positive,2.9,3.7,2.5,1.0,2.5,5.0,3.5
19,Female,6.81,78.1,7.7,7.4,4.5,1.82,Yes,Hybrid,Poor,Average,Yes,1,High,3.4,B,0.71,0,Positive,4.4,2.8,3.0,3.2,2.0,4.8,2.9
18,Male,4.56,77.0,7.5,3.7,2.4,1.8,No,Offline,Average,Average,Yes,2,High,6.5,B,0.9,2,Neutral,3.1,3.2,5.0,3.2,4.2,5.0,3.0
24,Female,3.63,73.0,7.4,4.4,5.8,1.37,No,Offline,Good,Excellent,Yes,1,Middle,3.7,B,0.28,2,Negative,2.9,1.9,3.1,3.0,3.0,4.0,1.1
18,Male,4.22,77.9,6.7,2.3,2.8,2.19,Yes,Offline,Average,Excellent,Yes,0,Middle,4.4,A,0.16,2,Negative,3.3,3.2,2.8,3.8,3.6,5.0,2.5
20,Male,6.58,94.3,5.9,3.7,3.8,1.76,No,Hybrid,Average,Average,No,3,Middle,5.9,A,0.3,0,Positive,2.4,2.1,3.4,2.3,4.4,4.0,2.3
21,Male,8.52,74.6,7.9,6.4,5.8,2.31,No,Offline,Average,Good,Yes,1,Low,3.3,A,0.11,1,Positive,2.9,2.3,4.2,4.0,3.1,5.0,2.4
23,Male,5.3,67.9,7.2,6.7,2.1,1.5,No,Offline,Poor,Excellent,No,1,Low,4.0,B,0.63,1,Neutral,3.7,2.6,3.5,2.3,3.6,4.0,3.0
22,Female,6.11,70.4,5.5,4.7,3.1,1.84,Yes,Hybrid,Average,Good,Yes,2,Low,4.2,A,0.6,0,Positive,3.9,2.9,3.4,3.0,4.0,4.6,1.9
24,Male,3.37,76.1,8.5,5.1,3.6,2.09,Yes,Hybrid,Average,Average,No,1,Middle,6.3,C,0.76,2,Negative,4.6,1.9,3.5,2.7,3.1,4.7,2.8
17,Male,5.98,86.9,8.9,4.7,3.1,1.27,No,Offline,Good,Good,Yes,3,Middle,5.1,A,0.3,1,Positive,2.3,3.2,2.5,4.3,3.6,4.8,1.7
19,Female,6.65,77.7,6.7,6.8,3.8,1.41,Yes,Online,Average,Average,No,2,Low,6.3,A,0.74,1,Positive,4.3,2.4,2.0,3.0,2.9,3.3,2.8
19,Female,2.02,87.7,8.0,8.7,3.3,1.76,No,Online,Average,Good,No,1,High,4.6,B,0.37,2,Neutral,3.6,2.8,3.9,1.3,3.9,4.5,2.2
18,Female,3.97,93.5,6.8,5.1,4.4,1.78,No,Offline,Poor,Good,Yes,1,Low,5.2,B,0.65,1,Neutral,4.1,3.2,2.6,3.9,2.2,3.9,3.6
19,Male,6.58,71.8,7.9,2.3,7.4,1.56,No,Offline,Good,Poor,No,3,Middle,1.6,A,0.99,0,Positive,1.7,4.1,3.9,2.9,3.8,4.6,3.8
19,Female,1.48,82.4,6.2,6.7,3.5,2.09,No,Hybrid,Poor,Excellent,No,2,High,7.1,C,0.34,1,Neutral,2.2,1.9,3.4,1.8,2.6,3.3,2.6
21,Female,4.25,77.4,6.0,4.8,3.0,1.76,No,Hybrid,Good,Good,Yes,2,Low,5.1,B,0.31,1,Negative,3.2,4.4,3.6,4.1,4.0,4.8,3.7
22,Male,6.2,89.1,8.2,3.4,2.8,1.59,Yes,Online,Poor,Good,No,3,Low,3.1,A,0.31,1,Positive,3.7,2.1,1.0,4.0,2.1,4.3,3.3
20,Female,1.62,88.1,8.6,5.0,2.6,1.59,Yes,Hybrid,Poor,Excellent,No,3,Middle,4.3,B,0.39,1,Neutral,2.6,2.5,5.0,2.0,4.2,4.7,2.7
23,Male,4.21,83.9,7.5,4.9,3.9,1.84,Yes,Hybrid,Good,Average,No,3,Middle,3.8,A,0.33,2,Positive,2.6,2.9,3.7,2.1,1.0,5.0,3.0
20,Male,5.11,69.5,7.9,4.1,5.5,1.65,No,Hybrid,Average,Average,No,1,Middle,4.6,A,0.43,0,Positive,1.9,3.3,4.0,3.7,3.6,4.6,3.3
19,Female,6.78,76.9,8.3,4.7,5.2,1.96,No,Offline,Average,Excellent,Yes,3,Middle,2.3,A,0.49,2,Positive,2.5,2.6,2.7,2.3,1.5,5.0,4.7
21,Female,2.44,79.3,7.6,8.0,5.0,2.07,No,Offline,Good,Average,No,2,High,4.4,B,0.76,2,Neutral,2.6,2.2,4.1,3.3,3.2,4.5,2.1
17,Male,7.22,79.4,10.0,3.7,5.3,2.04,Yes,Hybrid,Average,Good,No,4,Low,3.4,A,0.75,0,Positive,2.6,4.5,4.1,3.8,1.9,4.2,4.1
17,Female,5.61,74.2,8.5,6.6,2.1,1.71,Yes,Hybrid,Poor,Average,Yes,2,High,2.3,B,0.8,0,Neutral,2.1,2.0,5.0,2.3,3.0,4.7,1.9
20,Female,7.39,82.5,6.8,4.6,5.8,1.67,No,Hybrid,Average,Poor,No,3,Low,1.8,A,0.53,1,Neutral,4.9,2.0,4.0,4.0,3.7,4.6,2.6
26,Female,7.33,84.3,6.8,3.8,3.3,2.39,Yes,Hybrid,Good,Good,Yes,3,Middle,2.8,A,0.16,0,Positive,4.0,1.9,3.5,5.0,1.9,5.0,4.4
23,Male,5.68,83.2,7.1,7.7,1.3,2.05,Yes,Offline,Average,Average,No,3,Low,5.9,A,0.91,0,Positive,3.7,1.9,3.5,3.3,2.7,4.2,2.4
18,Female,5.97,72.7,7.5,3.0,4.7,1.85,No,Online,Average,Good,Yes,3,Middle,2.2,A,0.59,1,Neutral,4.1,1.0,2.6,3.3,1.0,3.9,2.9
24,Male,1.52,76.4,6.0,7.1,3.4,1.53,No,Online,Good,Good,Yes,0,High,6.2,C,0.58,0,Neutral,3.6,2.4,3.9,2.6,4.5,4.0,2.6
23,Female,2.3,69.0,7.3,4.2,5.8,1.67,No,Hybrid,Average,Excellent,No,1,Low,3.5,B,0.76,1,Neutral,5.0,4.2,5.0,4.3,5.0,4.9,4.3
22,Male,2.99,73.1,6.2,3.2,2.8,1.71,No,Offline,Poor,Good,Yes,3,Middle,4.0,B,0.49,1,Neutral,2.2,3.0,2.5,4.0,4.3,4.2,2.2
24,Male,4.3,86.0,6.5,8.1,5.3,1.47,No,Offline,Good,Average,Yes,2,Middle,2.6,B,0.58,2,Neutral,1.0,3.3,2.4,2.4,2.8,5.0,2.9
20,Female,6.87,78.1,8.6,7.4,4.5,2.07,No,Offline,Poor,Excellent,Yes,2,Low,4.4,A,0.65,2,Neutral,2.1,2.1,5.0,3.1,4.3,4.9,2.0
19,Male,1.43,78.4,7.5,8.5,2.7,1.37,Yes,Online,Average,Good,No,0,High,4.4,D,0.88,0,Positive,1.1,3.6,4.5,2.4,3.3,4.0,2.3
21,Male,4.36,90.3,6.9,5.8,4.8,1.79,Yes,Hybrid,Average,Good,No,3,High,5.8,B,0.53,0,Positive,1.8,3.0,2.6,2.8,4.3,4.4,3.0
21,Male,2.36,74.6,8.2,3.0,3.2,1.83,Yes,Hybrid,Average,Excellent,Yes,2,High,4.4,A,0.66,2,Negative,2.4,3.0,4.2,2.4,2.9,3.7,2.0
21,Female,1.88,80.2,7.8,6.8,3.4,1.43,No,Hybrid,Average,Good,No,0,Middle,6.0,C,0.87,0,Neutral,2.9,1.7,3.9,3.2,3.6,4.2,2.4
21,Male,7.95,66.0,8.6,2.3,5.5,2.19,Yes,Offline,Average,Good,Yes,1,Middle,5.4,A,0.58,2,Positive,4.1,3.3,5.0,4.4,2.5,3.6,4.5
26,Female,5.2,88.8,8.1,6.1,2.0,1.68,No,Hybrid,Average,Good,No,1,Middle,8.3,A,0.48,2,Neutral,4.7,4.0,5.0,3.8,1.1,3.5,2.1
25,Male,8.27,78.4,5.8,8.5,5.9,1.84,Yes,Offline,Poor,Average,Yes,0,Middle,5.0,A,0.61,1,Positive,3.3,1.0,4.2,2.2,4.9,5.0,1.0
25,Male,7.37,87.7,7.3,7.0,3.1,1.8,Yes,Offline,Average,Average,Yes,1,Middle,2.0,A,0.43,1,Positive,1.8,2.4,4.2,3.1,4.7,4.1,2.9
24,Male,3.16,87.4,5.3,5.2,3.8,2.01,Yes,Online,Average,Good,Yes,2,High,8.0,C,0.72,0,Neutral,2.5,2.4,4.1,2.4,3.6,4.4,2.9
26,Female,1.29,79.7,8.8,5.4,6.6,1.95,No,Hybrid,Poor,Average,No,1,High,5.4,B,0.72,0,Negative,2.7,1.6,5.0,2.0,2.5,5.0,2.2
18,Male,9.14,85.4,7.2,2.7,3.7,1.98,Yes,Offline,Poor,Poor,No,2,High,6.9,A,0.76,1,Positive,2.6,2.5,4.4,3.9,2.7,4.3,2.4
19,Male,4.19,66.2,6.5,5.1,1.1,1.44,No,Online,Good,Poor,No,0,Middle,4.1,B,0.33,0,Neutral,1.7,3.4,2.9,2.2,3.2,3.7,1.9
21,Non-Binary,2.71,75.0,7.1,3.9,2.8,2.2,No,Online,Average,Good,Yes,1,Middle,6.5,B,0.57,1,Negative,4.3,2.5,5.0,4.0,5.0,5.0,2.7
24,Female,6.38,61.9,5.8,3.4,4.9,1.92,No,Online,Average,Average,No,0,High,4.1,A,0.74,2,Neutral,1.5,3.9,4.5,3.2,2.9,3.8,3.5
21,Male,5.27,89.4,7.2,5.5,4.5,1.81,No,Online,Poor,Good,No,1,Middle,8.7,B,0.65,2,Neutral,2.5,2.4,3.7,2.7,2.4,4.3,2.3
23,Male,3.66,85.9,8.9,1.8,4.5,1.67,No,Hybrid,Poor,Average,Yes,4,Middle,4.2,B,0.61,0,Positive,3.1,3.2,3.2,3.4,1.9,4.3,3.5
18,Female,4.31,93.7,6.5,2.9,6.2,2.15,Yes,Offline,Average,Good,Yes,3,Middle,8.3,A,0.68,2,Neutral,3.2,3.8,3.6,4.2,1.4,4.5,1.9
19,Male,5.32,93.0,7.3,4.5,2.5,1.71,No,Hybrid,Average,Good,Yes,2,High,4.5,A,0.35,2,Positive,2.6,2.7,5.0,1.7,2.1,5.0,2.7
23,Male,5.15,95.1,6.9,5.6,4.0,1.9,No,Offline,Average,Good,No,3,Middle,5.2,A,0.44,2,Positive,3.3,2.9,3.6,3.5,4.4,4.1,2.8
18,Female,6.51,78.3,7.8,6.2,5.1,1.87,No,Offline,Good,Average,No,2,Middle,6.3,A,0.37,1,Positive,1.9,2.2,3.5,2.4,1.3,4.4,3.2
20,Female,4.29,65.9,8.4,8.1,1.2,2.06,No,Hybrid,Poor,Excellent,No,0,High,4.0,B,0.59,2,Positive,2.9,2.0,2.5,1.6,3.4,4.9,4.0
19,Female,4.31,76.3,4.5,5.5,4.0,2.26,Yes,Online,Good,Excellent,Yes,3,Middle,5.9,B,0.83,2,Neutral,1.7,3.3,3.9,2.3,3.0,4.3,1.1
20,Male,6.2,100.0,6.9,3.2,5.5,1.01,No,Hybrid,Poor,Excellent,Yes,1,Middle,3.8,A,0.35,2,Positive,2.1,2.4,3.5,2.9,2.8,4.6,3.0
23,Male,5.63,85.5,5.7,4.3,3.7,2.04,No,Hybrid,Average,Excellent,No,2,Middle,3.6,A,0.58,1,Positive,4.0,2.0,4.1,3.6,2.0,4.6,3.0
20,Female,7.19,91.5,5.9,3.4,3.1,1.63,Yes,Offline,Average,Good,Yes,2,Middle,4.1,A,0.38,0,Positive,2.8,2.8,3.2,1.8,3.6,3.7,2.8
21,Male,4.5,87.6,7.9,6.8,3.2,1.94,No,Offline,Average,Good,No,1,Low,4.4,A,0.25,2,Positive,2.8,2.5,3.5,2.0,3.1,4.2,1.8
18,Female,4.8,85.8,8.8,4.7,3.4,1.96,No,Online,Average,Good,No,3,Middle,4.5,A,0.59,0,Positive,2.5,2.0,4.4,4.0,3.7,4.9,3.2
24,Female,2.69,77.1,6.3,7.2,3.0,1.48,Yes,Offline,Average,Good,Yes,0,Middle,5.7,D,0.3,1,Neutral,2.3,3.6,2.8,3.4,3.4,4.8,4.0
20,Male,8.0,69.4,8.1,6.2,1.8,1.95,Yes,Offline,Poor,Excellent,No,3,Middle,3.6,A,0.58,2,Neutral,3.0,2.7,5.0,3.0,1.9,4.4,2.6
22,Female,2.21,88.7,5.4,2.8,3.8,1.67,No,Offline,Poor,Good,No,1,High,2.1,C,0.7,1,Negative,5.0,2.4,3.4,2.1,2.7,4.9,3.1
23,Female,5.4,71.5,7.3,5.6,3.5,1.43,No,Online,Average,Excellent,Yes,1,Middle,6.2,B,0.35,2,Positive,1.6,3.1,2.0,2.5,3.2,4.4,2.6
19,Female,3.22,96.1,7.4,7.0,2.9,1.9,Yes,Online,Average,Average,No,3,High,6.9,B,0.59,1,Positive,2.0,3.2,4.6,2.7,1.4,4.6,2.9
25,Male,5.67,85.6,5.9,3.4,2.6,2.06,No,Hybrid,Average,Excellent,Yes,2,Middle,3.7,A,0.91,1,Positive,2.1,2.1,4.3,4.0,3.9,3.9,3.1
22,Male,6.49,86.7,7.9,2.7,7.8,1.58,No,Offline,Good,Good,No,3,Middle,1.7,A,0.15,1,Positive,1.0,3.5,3.8,3.7,4.4,4.9,4.5
20,Female,1.72,80.5,8.0,3.1,3.1,1.73,No,Offline,Average,Good,No,2,Low,6.2,B,0.43,1,Positive,2.9,2.6,2.9,3.1,3.2,3.9,4.3
18,Male,4.58,63.8,6.6,4.2,5.4,1.53,No,Hybrid,Average,Average,No,3,Low,3.9,B,0.92,0,Negative,2.8,3.3,5.0,3.5,2.6,3.3,3.2
26,Non-Binary,1.49,71.8,6.3,4.1,3.6,2.3,No,Offline,Average,Good,No,2,High,5.1,B,0.69,0,Negative,2.4,4.5,4.9,2.7,1.5,4.0,4.3
23,Male,7.81,89.4,8.0,6.1,4.2,1.62,No,Offline,Average,Excellent,No,1,Low,5.3,A,0.8,2,Positive,3.6,2.0,5.0,3.6,2.5,5.0,2.0
19,Female,4.11,68.1,8.0,6.4,3.5,1.58,Yes,Offline,Poor,Average,Yes,3,High,6.2,B,0.87,2,Negative,2.5,2.8,4.1,4.7,3.6,3.8,2.8
20,Male,1.85,68.6,7.6,2.3,5.4,2.14,Yes,Offline,Good,Good,Yes,1,Low,6.0,B,0.76,1,Neutral,2.8,1.5,3.4,2.5,3.9,4.9,2.7
24,Female,3.6,94.6,8.5,3.3,2.4,1.72,No,Offline,Average,Average,Yes,1,High,4.5,A,0.7,2,Neutral,3.2,4.6,3.6,2.0,3.7,4.6,4.2
23,Male,7.62,60.0,7.3,5.4,3.9,2.08,Yes,Hybrid,Average,Excellent,Yes,2,Middle,4.6,B,0.71,2,Positive,2.6,1.0,3.1,5.0,1.0,3.8,3.4
23,Male,7.98,79.4,7.3,7.7,3.6,1.74,No,Hybrid,Poor,Good,Yes,1,Middle,5.4,A,0.37,2,Neutral,4.7,2.5,3.8,4.6,1.9,3.7,1.8
20,Male,7.54,83.7,6.5,5.5,2.3,1.87,No,Offline,Poor,Average,Yes,3,Low,3.8,A,0.44,0,Neutral,2.6,3.5,2.2,4.9,3.6,4.1,1.9
23,Female,3.43,99.2,7.5,8.4,4.7,1.52,No,Offline,Poor,Average,No,0,Middle,4.9,C,0.88,0,Neutral,3.7,2.2,3.0,2.0,1.7,3.4,2.5
20,Male,4.7,90.5,7.4,5.4,2.9,1.71,Yes,Online,Average,Good,No,2,Low,4.5,A,0.85,0,Positive,2.9,2.4,4.0,3.6,2.4,3.5,3.3
19,Female,8.27,84.5,9.2,7.5,3.7,1.46,Yes,Offline,Average,Poor,Yes,3,Middle,2.5,A,0.54,0,Neutral,3.0,2.3,5.0,3.7,2.2,4.2,1.9
22,Female,3.54,63.3,8.4,6.5,5.2,1.13,No,Online,Good,Good,No,1,Middle,6.3,D,0.61,1,Neutral,3.9,2.3,2.3,1.1,1.4,4.4,1.4
28,Male,4.33,77.6,6.5,4.4,4.9,1.66,Yes,Online,Good,Excellent,Yes,2,Middle,2.1,A,0.36,1,Neutral,2.7,1.5,3.9,2.7,3.7,3.6,1.7
19,Female,3.09,63.7,5.7,4.0,4.9,2.21,Yes,Hybrid,Good,Excellent,No,2,High,3.7,B,0.74,1,Neutral,2.9,1.0,3.8,2.4,3.6,5.0,3.3
21,Male,2.67,82.8,5.7,5.4,4.1,1.64,Yes,Hybrid,Average,Poor,No,1,Middle,4.8,C,0.16,0,Negative,3.2,3.6,1.6,2.3,2.9,5.0,3.8
22,Non-Binary,7.41,66.8,6.9,3.9,4.3,1.49,No,Hybrid,Average,Excellent,Yes,2,Low,2.2,A,0.31,1,Positive,2.4,2.3,2.7,4.3,4.5,3.8,4.1
21,Female,6.26,89.9,6.0,4.1,3.3,1.74,No,Hybrid,Poor,Good,No,2,Middle,5.9,A,0.61,2,Positive,3.5,2.9,4.7,2.8,3.6,4.7,1.8
24,Male,5.9,86.4,6.0,3.1,4.5,1.74,Yes,Offline,Poor,Average,Yes,2,High,6.1,B,0.58,1,Positive,4.5,2.0,4.7,3.3,3.2,4.4,2.5
23,Male,6.16,75.0,6.2,5.1,3.1,1.62,No,Online,Poor,Poor,Yes,2,Low,5.6,A,0.58,0,Positive,2.1,2.5,1.9,3.8,3.1,4.2,3.1
17,Male,7.04,84.3,6.9,5.2,4.4,1.83,Yes,Online,Poor,Average,Yes,3,Middle,3.5,A,0.5,2,Positive,2.4,3.4,3.7,2.6,3.9,4.4,4.5
29,Non-Binary,8.02,82.3,5.5,1.0,2.4,1.46,Yes,Hybrid,Average,Excellent,No,1,Low,3.4,A,0.1,2,Neutral,2.0,2.9,4.0,3.4,3.5,4.9,3.4
23,Male,4.99,81.3,5.5,4.8,2.9,1.89,No,Hybrid,Average,Poor,No,1,Low,5.3,A,0.8,0,Positive,4.8,3.8,5.0,2.6,2.4,2.7,2.0
25,Female,4.32,80.4,7.7,5.7,4.1,2.04,Yes,Offline,Average,Average,No,1,Middle,4.6,B,0.46,1,Neutral,3.6,2.8,3.5,2.9,3.4,4.3,1.8
22,Male,2.95,87.4,6.7,7.1,4.3,2.14,No,Offline,Good,Good,No,0,Middle,5.9,C,0.54,2,Neutral,1.7,2.5,3.5,3.1,4.0,3.7,1.0
25,Female,7.16,80.9,7.1,4.1,6.0,1.61,No,Offline,Good,Good,Yes,4,Middle,1.0,A,0.88,0,Positive,1.5,3.1,4.6,3.7,4.5,4.6,4.1
18,Male,3.97,76.6,8.9,2.6,2.4,1.41,Yes,Offline,Good,Good,No,3,Middle,4.7,A,0.78,1,Neutral,3.6,3.3,4.7,1.3,5.0,4.9,4.2
20,Female,2.01,83.9,6.0,4.3,3.8,1.9,Yes,Offline,Poor,Good,Yes,0,Low,6.3,B,0.85,2,Positive,5.0,3.3,3.2,2.5,4.4,3.2,2.2
25,Female,4.46,73.5,7.0,4.3,4.7,2.04,Yes,Online,Poor,Poor,Yes,2,Middle,4.4,B,0.5,0,Positive,2.9,2.7,3.8,3.1,1.8,5.0,3.7
19,Female,5.05,92.1,9.5,3.4,6.3,2.17,No,Online,Poor,Excellent,No,1,Middle,5.5,A,0.43,1,Neutral,1.5,2.3,3.4,2.9,3.4,5.0,2.3
17,Male,6.67,88.2,9.0,3.9,2.7,2.04,No,Offline,Average,Average,Yes,2,Middle,4.4,A,0.84,2,Neutral,1.4,3.9,4.7,3.4,4.1,3.4,4.1
24,Male,7.01,60.4,8.5,2.9,5.6,1.55,Yes,Offline,Average,Good,Yes,1,Low,2.8,A,0.53,1,Neutral,2.6,3.9,3.0,2.8,1.4,5.0,2.8
24,Male,3.54,77.5,5.1,3.8,5.2,1.98,Yes,Online,Average,Good,No,2,Middle,5.1,C,0.39,1,Neutral,1.6,3.2,2.6,2.1,3.2,4.0,3.0
18,Female,3.4,79.0,6.2,6.2,5.6,1.74,No,Hybrid,Average,Average,No,0,Middle,4.0,C,0.93,0,Neutral,2.7,3.3,2.4,1.9,2.6,3.2,4.0
25,Male,4.34,79.6,7.2,3.8,6.1,1.39,Yes,Offline,Average,Excellent,No,1,Low,7.3,B,0.32,2,Neutral,3.5,2.0,3.5,2.9,2.4,5.0,1.7
23,Female,2.58,85.0,5.6,4.9,3.9,1.74,No,Hybrid,Average,Good,Yes,1,Middle,5.6,A,0.49,0,Positive,3.3,2.0,2.8,2.1,3.4,4.2,2.7
21,Male,4.78,93.1,5.8,3.0,2.7,1.88,No,Online,Poor,Poor,Yes,3,Middle,2.1,A,0.52,0,Neutral,3.4,3.5,3.5,4.0,2.0,5.0,4.4
24,Female,5.92,94.6,8.7,5.8,4.8,2.25,No,Offline,Good,Excellent,No,2,Low,5.0,A,0.69,1,Neutral,3.3,1.6,3.6,3.6,2.2,4.3,2.9
20,Female,5.09,61.5,4.8,10.0,3.7,2.07,No,Offline,Average,Good,No,0,Middle,6.4,C,0.34,2,Positive,3.7,3.4,3.0,3.1,2.4,3.6,1.4
18,Female,1.77,88.8,5.9,2.0,3.2,1.97,No,Hybrid,Average,Good,No,2,Middle,3.5,B,0.15,1,Neutral,2.7,2.7,3.6,3.0,1.8,4.0,2.8
19,Male,2.62,62.0,6.2,8.6,0.5,1.07,No,Online,Poor,Good,No,0,High,7.3,D,0.69,0,Neutral,3.1,1.0,5.0,1.6,2.5,5.0,1.8
21,Male,7.57,90.4,10.0,3.4,4.5,0.91,No,Offline,Good,Excellent,No,2,Middle,5.1,A,0.58,2,Positive,4.3,2.4,5.0,3.6,4.5,4.9,4.0
21,Male,2.97,84.5,6.9,8.2,7.4,1.57,No,Hybrid,Good,Poor,Yes,0,Middle,7.4,C,0.24,0,Neutral,3.8,1.5,2.5,2.2,2.0,4.9,1.2
24,Male,6.48,72.5,6.2,4.1,2.6,1.51,No,Offline,Poor,Average,No,1,Low,8.1,B,0.5,2,Positive,1.7,3.0,2.7,4.0,3.1,5.0,1.8
24,Female,6.26,75.5,5.8,6.8,5.5,1.79,No,Online,Poor,Good,No,0,High,5.3,B,0.28,1,Positive,2.2,2.7,2.9,2.7,2.9,3.8,2.1
22,Female,4.36,75.5,6.3,5.6,6.7,1.64,No,Hybrid,Average,Poor,No,0,High,4.7,B,0.74,0,Negative,1.7,1.9,2.8,2.7,4.8,4.9,3.0
24,Female,3.01,92.0,8.6,8.8,3.8,1.95,No,Hybrid,Poor,Good,Yes,2,Low,5.5,B,0.22,0,Negative,2.8,2.2,3.2,1.8,3.8,3.3,2.3
18,Male,5.42,74.7,6.7,2.8,7.3,1.69,No,Online,Poor,Average,No,1,Low,4.8,B,0.61,2,Positive,1.0,2.4,4.0,4.0,2.9,2.7,2.5
17,Female,3.23,76.2,7.6,5.3,3.0,1.61,Yes,Online,Poor,Average,No,0,Middle,4.6,C,0.73,2,Neutral,3.6,3.5,4.1,4.5,4.6,3.4,4.0
25,Female,4.65,84.2,6.0,3.9,4.4,2.08,No,Online,Average,Poor,No,0,Middle,2.8,A,0.56,0,Positive,2.1,2.1,4.0,3.9,2.4,5.0,2.6
17,Female,5.21,96.2,8.5,1.9,3.2,1.82,Yes,Online,Good,Good,No,1,Low,1.0,A,0.87,0,Positive,1.2,4.4,2.1,3.5,4.6,3.9,4.1
19,Male,3.57,74.6,9.4,3.2,4.4,1.46,Yes,Online,Poor,Excellent,Yes,0,Middle,6.8,C,0.08,2,Neutral,5.0,3.0,1.6,3.6,4.4,5.0,2.6
23,Male,4.55,82.9,7.2,3.2,4.9,1.83,No,Hybrid,Poor,Average,Yes,3,Middle,2.0,B,0.81,1,Neutral,2.3,3.6,4.6,1.7,3.2,2.9,4.6
20,Male,4.38,73.1,6.4,7.0,6.3,1.5,No,Offline,Good,Good,Yes,0,Middle,4.3,C,0.6,2,Positive,1.3,1.5,3.7,2.7,2.4,4.9,1.0
25,Female,2.53,90.1,5.5,1.5,3.8,2.04,Yes,Offline,Good,Average,Yes,2,Middle,5.3,B,0.76,2,Neutral,2.4,3.1,4.8,3.0,4.3,4.6,2.8
19,Female,4.62,69.0,7.7,4.7,5.1,1.78,Yes,Online,Poor,Good,No,1,Middle,4.1,B,0.87,1,Neutral,4.6,4.4,3.3,3.1,3.8,3.0,2.6
17,Male,3.73,83.9,6.3,7.6,3.0,1.55,Yes,Online,Average,Poor,Yes,2,High,8.3,B,0.57,0,Neutral,1.0,1.9,3.8,3.1,3.8,3.9,1.1
19,Male,1.35,84.1,9.0,7.2,4.8,2.21,No,Offline,Good,Good,No,1,Middle,2.9,B,0.55,2,Neutral,4.0,2.7,3.3,1.4,3.4,4.7,3.3
21,Female,4.32,76.5,7.7,5.7,4.9,1.25,No,Online,Average,Good,Yes,1,Middle,7.7,B,0.89,0,Negative,1.2,2.3,5.0,3.9,2.7,3.9,1.2
20,Female,4.43,91.3,5.5,4.2,3.8,2.19,Yes,Offline,Good,Excellent,Yes,2,High,5.8,A,0.46,2,Positive,3.5,2.5,5.0,3.7,3.6,3.2,1.4
21,Male,3.79,98.4,5.9,5.2,1.3,1.74,Yes,Online,Poor,Average,Yes,3,Low,6.2,B,0.63,2,Positive,1.9,3.7,2.6,3.5,2.1,4.6,2.9
25,Female,0.88,80.3,5.7,6.0,5.4,1.72,Yes,Hybrid,Average,Good,No,2,High,8.3,C,0.71,2,Negative,3.0,3.7,4.4,2.3,2.3,2.9,2.0
26,Non-Binary,6.55,83.4,7.9,6.1,4.2,1.64,Yes,Online,Poor,Good,Yes,3,High,4.3,A,0.88,1,Positive,2.5,1.1,5.0,3.0,4.5,3.3,1.0
19,Female,6.37,82.1,9.0,6.5,4.7,1.73,Yes,Offline,Good,Excellent,Yes,2,Middle,1.0,A,0.16,2,Positive,3.3,2.1,4.2,3.0,5.0,4.5,3.4
21,Male,6.3,91.7,7.4,5.7,2.5,2.19,Yes,Online,Good,Average,No,3,Low,4.4,A,0.12,0,Neutral,3.6,1.8,2.2,3.0,2.8,4.8,2.1
21,Female,5.65,88.1,6.2,5.9,2.4,1.52,Yes,Online,Poor,Average,No,2,High,2.8,B,0.47,0,Neutral,3.5,2.9,4.3,3.1,4.1,4.6,2.7
26,Female,2.49,81.0,8.5,6.7,2.9,1.52,No,Online,Poor,Excellent,No,1,Middle,5.1,C,0.52,2,Neutral,2.3,2.9,3.8,2.7,3.4,3.7,3.4
29,Male,5.25,79.6,6.8,8.4,3.7,2.3,No,Online,Poor,Poor,Yes,3,Low,3.4,A,0.53,0,Neutral,3.3,1.6,3.4,3.6,2.9,3.1,2.4
19,Female,3.14,72.9,7.4,1.7,4.1,1.79,No,Offline,Average,Average,Yes,2,High,2.7,A,0.37,1,Positive,3.9,2.8,1.5,2.8,2.8,3.6,4.0
23,Female,9.38,77.6,5.5,4.4,3.2,2.19,Yes,Hybrid,Good,Poor,No,2,Middle,5.0,A,0.14,1,Positive,2.8,3.0,2.8,4.0,4.5,4.6,1.5
20,Female,3.96,80.4,7.2,5.4,3.5,1.66,No,Hybrid,Poor,Excellent,No,0,Middle,4.4,B,1.0,2,Positive,3.2,2.5,4.0,1.9,2.7,3.1,1.9
17,Male,6.34,96.5,7.5,5.1,4.7,1.09,Yes,Offline,Average,Poor,No,1,Middle,5.6,B,0.41,1,Positive,1.9,3.5,4.2,3.6,2.5,4.1,3.8
17,Female,1.9,88.6,5.5,6.4,2.0,1.72,Yes,Offline,Average,Excellent,Yes,1,Middle,6.0,C,0.85,2,Neutral,3.3,2.0,3.9,1.0,4.2,3.4,1.3
21,Female,2.64,59.5,8.0,5.6,4.6,1.81,No,Online,Good,Good,Yes,1,Middle,5.6,C,0.33,2,Neutral,2.4,3.1,4.6,1.9,4.6,3.2,2.5
21,Male,3.93,75.1,7.9,6.9,2.5,2.18,No,Online,Good,Poor,Yes,2,Low,2.7,A,0.48,0,Neutral,2.8,2.3,2.0,2.4,3.8,4.5,2.9
17,Female,6.41,92.1,7.9,6.2,4.1,1.47,No,Offline,Average,Good,No,2,Middle,2.3,A,0.26,0,Positive,3.0,3.4,4.6,1.9,1.3,4.5,3.9
23,Female,6.1,91.2,3.0,2.8,4.5,1.52,Yes,Offline,Good,Average,Yes,0,Middle,4.5,B,0.94,2,Positive,3.2,3.4,3.6,3.0,2.8,4.5,2.3
19,Female,5.58,63.0,9.2,2.5,2.5,1.66,No,Online,Good,Good,No,2,High,2.4,A,0.44,0,Neutral,2.6,2.0,3.4,4.2,4.4,5.0,4.5
21,Male,1.29,79.1,6.5,4.4,4.7,1.83,Yes,Hybrid,Average,Good,Yes,0,Middle,7.5,C,0.22,0,Neutral,4.7,2.0,3.1,1.0,3.2,3.8,1.6
19,Female,7.26,95.5,6.8,4.1,6.0,1.5,No,Hybrid,Average,Good,No,1,Middle,2.0,A,0.88,2,Positive,2.0,2.1,2.7,3.7,1.5,4.1,3.2
18,Male,3.15,73.3,5.4,5.6,1.9,2.05,No,Online,Average,Poor,Yes,3,Low,7.6,A,0.36,0,Negative,1.4,2.5,3.3,3.4,3.7,4.0,2.5
20,Male,8.23,76.2,6.5,8.6,3.2,1.93,No,Offline,Average,Good,No,2,High,4.1,A,0.88,1,Neutral,1.7,2.0,5.0,4.6,2.7,5.0,1.6
19,Female,8.73,81.1,6.7,6.6,3.4,1.52,No,Offline,Good,Excellent,Yes,1,Middle,4.3,A,0.54,2,Positive,2.0,2.6,2.8,2.7,2.0,5.0,2.3
21,Male,6.65,70.2,8.4,3.1,7.9,2.0,Yes,Online,Average,Good,No,4,Middle,3.2,A,0.13,0,Neutral,3.0,4.2,2.8,3.7,1.6,5.0,4.2
18,Female,6.98,90.5,5.6,3.0,4.8,1.93,Yes,Online,Average,Excellent,No,3,High,4.6,A,0.93,2,Positive,4.8,3.5,5.0,4.8,3.2,4.1,2.7
21,Male,2.48,82.0,7.3,4.2,2.7,1.77,Yes,Online,Poor,Average,Yes,2,High,3.8,A,0.42,1,Negative,3.4,2.7,3.8,2.1,3.7,5.0,2.9
18,Male,10.16,82.1,7.6,3.2,4.4,1.88,No,Offline,Average,Excellent,No,3,Middle,4.0,A,0.63,1,Positive,2.7,2.5,4.8,4.5,2.0,4.3,3.8
22,Male,5.44,73.6,6.7,6.7,2.2,1.77,Yes,Offline,Average,Average,No,2,Middle,5.6,A,0.58,2,Neutral,2.3,3.3,2.4,3.8,1.0,4.4,2.4
23,Non-Binary,7.0,90.3,7.0,3.4,4.1,1.24,No,Online,Good,Poor,No,2,High,4.6,A,0.35,1,Positive,4.2,3.5,2.7,4.6,4.1,4.2,3.5
18,Female,3.28,76.8,7.4,6.2,5.1,1.49,Yes,Hybrid,Average,Excellent,No,1,High,7.3,C,0.88,2,Positive,1.9,4.1,4.7,2.6,4.3,4.8,2.1
21,Female,4.87,72.4,5.0,9.5,3.5,1.86,Yes,Offline,Poor,Excellent,No,0,Middle,7.0,C,0.87,2,Positive,1.4,2.7,1.1,2.3,2.1,2.5,1.1
17,Male,2.63,78.5,6.5,4.7,5.5,1.41,No,Offline,Poor,Good,Yes,1,Middle,4.6,C,0.32,0,Neutral,2.1,2.7,2.2,2.4,2.7,4.9,2.4
22,Male,4.52,67.2,6.3,4.9,5.0,1.97,No,Hybrid,Average,Average,Yes,3,Low,1.0,A,0.46,2,Positive,2.5,3.5,1.6,3.0,4.8,4.4,3.7
19,Non-Binary,5.03,74.5,7.2,3.5,4.1,2.33,Yes,Online,Poor,Average,No,3,Middle,3.7,A,0.49,2,Negative,3.6,4.4,3.7,4.7,2.2,4.5,3.5
21,Male,5.51,100.0,9.6,6.7,1.2,1.93,No,Online,Average,Good,No,2,Middle,4.3,A,0.55,2,Positive,3.8,2.1,3.3,3.2,3.6,4.9,2.9
21,Male,7.79,72.4,5.9,5.6,3.9,1.44,No,Online,Poor,Excellent,Yes,3,Middle,6.5,A,0.53,2,Positive,3.5,2.1,2.4,1.9,2.7,4.9,1.0
26,Female,5.96,71.3,9.3,6.7,5.6,2.06,No,Hybrid,Good,Average,No,1,Middle,3.8,A,0.5,0,Positive,1.0,1.7,3.8,2.8,1.9,5.0,2.1
21,Male,5.49,80.2,6.3,9.3,1.9,1.53,No,Offline,Average,Excellent,Yes,1,Low,7.0,D,0.49,2,Neutral,3.0,2.0,4.1,4.3,2.4,3.3,2.3
22,Female,5.08,83.2,7.1,4.2,5.5,1.96,Yes,Online,Good,Average,No,2,Low,4.8,A,0.74,1,Positive,3.0,2.5,2.4,3.5,1.5,3.9,3.7
20,Female,9.02,84.1,7.6,2.2,4.7,1.86,No,Offline,Average,Excellent,No,3,Middle,4.3,A,0.56,2,Positive,3.4,3.1,3.6,3.8,2.5,4.4,2.8
26,Male,3.84,82.4,4.8,2.1,3.3,2.22,Yes,Hybrid,Poor,Excellent,No,2,Middle,5.0,A,0.94,2,Positive,1.5,3.0,4.4,1.7,2.1,3.0,4.0
24,Male,7.38,63.8,9.0,4.2,0.9,1.79,No,Online,Poor,Good,Yes,4,Middle,2.8,A,0.36,0,Positive,2.6,3.3,4.0,4.7,2.9,3.5,2.6
19,Male,1.08,75.5,7.2,3.8,4.4,2.14,No,Hybrid,Average,Average,Yes,0,High,4.3,C,0.8,2,Negative,2.5,3.7,2.9,4.7,4.6,3.8,3.4
24,Female,3.24,58.5,7.3,4.0,6.8,1.78,Yes,Offline,Good,Excellent,Yes,2,Middle,4.9,C,0.52,2,Positive,3.9,3.2,2.8,3.7,2.6,4.8,3.6
20,Female,5.82,86.9,9.3,6.5,3.8,1.66,Yes,Online,Average,Good,No,0,Middle,1.6,B,0.47,2,Neutral,3.0,2.7,3.5,3.0,2.5,5.0,3.3
24,Male,4.68,84.1,6.7,5.6,5.0,1.4,Yes,Hybrid,Average,Good,Yes,2,Low,4.6,B,0.59,2,Positive,2.3,2.8,3.5,2.4,1.9,5.0,3.1
24,Male,11.01,88.1,7.5,3.5,4.6,2.07,Yes,Online,Poor,Good,No,3,Middle,2.4,A,0.68,1,Positive,1.2,2.3,5.0,4.3,4.2,4.6,3.1
18,Female,10.16,65.0,5.3,1.8,5.7,1.06,No,Online,Average,Average,No,2,Middle,4.0,A,0.72,0,Neutral,1.6,3.7,4.7,4.2,3.0,3.8,4.1
23,Female,1.96,60.2,7.8,2.8,2.8,1.98,Yes,Offline,Average,Excellent,No,1,Middle,4.7,B,0.67,1,Neutral,3.6,3.2,3.5,3.6,4.6,4.4,3.6
19,Male,2.86,80.7,6.8,6.1,2.7,1.67,No,Online,Good,Average,No,2,Low,2.7,A,0.73,0,Neutral,1.0,1.0,3.3,3.1,2.5,4.7,2.9
19,Male,4.72,70.3,6.7,1.0,4.6,2.1,No,Online,Good,Excellent,No,2,Low,5.9,A,0.67,1,Negative,1.0,3.6,3.3,3.9,3.4,4.1,4.3
19,Male,8.48,68.4,6.8,5.1,5.3,1.79,No,Hybrid,Average,Average,Yes,4,Middle,3.5,A,0.92,0,Positive,3.7,2.6,3.1,4.0,1.7,4.6,4.5
23,Female,7.27,71.9,8.1,8.2,2.3,2.32,No,Online,Good,Good,No,1,Middle,4.9,A,0.64,0,Neutral,3.6,2.7,3.6,2.3,3.3,5.0,1.7
19,Non-Binary,5.65,64.9,6.4,8.0,1.7,1.74,Yes,Offline,Average,Average,No,1,High,5.0,B,0.72,2,Neutral,1.6,2.8,5.0,4.1,4.4,3.8,2.1
17,Male,2.17,62.0,7.9,5.1,2.8,2.06,Yes,Online,Average,Average,Yes,0,High,7.3,D,0.53,2,Positive,2.7,3.8,1.7,1.8,3.2,2.3,1.7
23,Female,3.31,83.4,7.3,3.0,6.2,1.86,Yes,Hybrid,Good,Average,No,1,Middle,2.6,B,0.42,1,Negative,4.4,2.5,3.6,2.6,2.5,3.6,4.1
18,Male,1.37,82.9,4.5,4.4,4.5,1.64,No,Offline,Average,Good,Yes,0,High,8.9,D,0.31,0,Neutral,3.0,1.6,5.0,3.2,1.1,4.5,1.3
18,Male,1.93,87.3,7.5,2.8,4.0,1.61,No,Offline,Good,Good,Yes,3,High,5.9,B,0.63,0,Neutral,3.3,4.2,5.0,2.6,3.5,3.6,2.7
19,Male,5.86,82.9,7.4,8.4,3.6,1.68,No,Online,Average,Excellent,No,0,Middle,3.9,A,0.22,1,Positive,4.5,3.0,4.2,2.8,4.2,4.7,3.4
20,Female,6.58,80.8,6.2,7.0,3.6,1.83,No,Online,Poor,Average,No,2,Middle,4.1,A,0.77,1,Positive,4.8,1.9,4.1,3.0,3.0,3.6,1.4
21,Female,2.4,84.2,6.2,6.0,3.7,1.86,Yes,Hybrid,Average,Good,No,0,High,6.6,B,0.53,2,Neutral,3.0,2.2,4.8,3.0,2.2,5.0,1.8
17,Female,5.22,76.9,6.9,6.2,2.1,2.04,No,Offline,Average,Good,No,1,Middle,3.8,A,0.37,2,Positive,4.4,2.6,3.8,2.1,1.6,4.4,2.3
28,Male,8.26,81.0,7.6,1.0,5.1,2.02,No,Hybrid,Poor,Average,No,5,Low,1.2,A,0.1,0,Positive,3.9,3.4,4.4,4.7,3.0,2.6,3.8
23,Male,5.33,78.2,7.5,3.9,5.8,1.96,Yes,Offline,Average,Good,No,2,High,3.7,A,0.75,2,Positive,2.5,2.2,4.9,2.3,3.2,4.4,2.6
19,Male,4.4,57.7,5.2,10.0,4.3,1.64,No,Online,Poor,Good,No,1,Middle,6.2,C,0.71,2,Neutral,3.4,2.6,3.3,3.9,2.5,3.8,1.7
19,Female,6.23,83.5,7.0,2.6,5.7,1.84,Yes,Online,Average,Average,No,2,High,4.1,A,0.66,2,Positive,1.2,3.3,5.0,3.1,3.6,4.2,3.2
20,Male,6.06,96.6,5.3,4.7,2.5,1.72,No,Offline,Average,Average,Yes,3,High,5.8,A,0.49,0,Positive,3.6,1.7,3.8,3.2,3.2,3.4,2.3
22,Female,5.17,94.8,7.2,5.2,5.4,1.48,Yes,Offline,Average,Good,Yes,0,Middle,4.0,C,0.63,2,Positive,2.4,2.8,2.9,2.1,3.4,4.7,1.7
18,Male,3.94,77.7,7.4,7.2,6.0,2.11,No,Offline,Average,Average,Yes,3,Middle,3.4,B,0.1,2,Neutral,2.2,2.9,3.5,2.0,4.2,4.2,2.8
18,Male,4.16,83.3,6.0,2.3,0.5,1.56,Yes,Online,Average,Good,No,1,Middle,2.5,A,0.52,1,Negative,4.0,2.7,4.5,1.8,2.2,4.8,3.4
25,Male,5.19,82.0,6.6,5.0,0.6,2.16,No,Offline,Average,Excellent,No,2,Low,4.1,A,0.77,1,Positive,2.0,2.6,3.6,2.5,2.7,4.2,2.3
19,Male,3.91,96.9,4.2,8.7,6.5,1.87,No,Online,Good,Good,No,1,Low,3.4,C,0.14,2,Positive,3.3,2.3,3.1,2.0,3.8,4.4,1.0
20,Male,7.68,96.2,6.5,2.8,4.8,1.89,No,Hybrid,Good,Good,Yes,2,Middle,4.9,A,0.21,0,Positive,3.9,1.6,4.9,4.8,2.8,4.3,2.2
25,Male,6.8,72.4,4.4,7.3,4.7,1.94,No,Online,Average,Poor,No,2,Low,3.4,B,0.44,1,Positive,2.5,2.2,3.2,4.0,4.2,3.7,1.2
22,Female,7.19,72.3,6.7,1.7,2.7,1.55,No,Offline,Poor,Excellent,Yes,1,Middle,2.4,A,0.31,1,Positive,3.2,3.5,4.2,4.4,2.1,4.4,4.2
20,Female,9.07,75.4,7.3,7.3,4.8,2.23,No,Offline,Average,Average,Yes,2,Low,6.7,A,0.68,2,Neutral,2.2,2.5,4.7,2.1,4.0,4.7,2.1
23,Male,8.17,74.1,7.1,4.3,5.1,1.84,Yes,Hybrid,Poor,Good,No,3,Middle,6.0,A,0.29,2,Neutral,2.0,3.9,2.8,3.8,3.7,3.9,1.9
17,Male,7.85,95.0,8.2,3.6,4.7,1.95,Yes,Offline,Poor,Excellent,No,2,High,3.6,A,0.43,2,Positive,2.7,3.5,3.9,4.2,3.4,3.8,2.9
23,Male,5.75,61.2,7.3,5.4,5.3,2.0,No,Online,Good,Good,No,3,Middle,2.1,A,0.43,0,Neutral,5.0,2.4,4.9,2.2,4.5,5.0,2.6
21,Male,4.62,69.0,7.3,8.9,4.7,2.18,No,Hybrid,Average,Good,Yes,1,Middle,7.4,B,0.57,2,Positive,4.8,2.1,4.8,1.6,2.9,3.5,1.4
24,Male,9.61,66.1,6.7,2.1,3.4,2.1,No,Online,Average,Good,Yes,2,High,3.7,A,0.37,1,Neutral,2.5,3.5,3.4,4.3,4.2,4.1,3.2
27,Female,3.66,73.3,7.9,5.4,2.5,2.0,Yes,Offline,Average,Poor,No,3,Low,4.4,A,0.55,0,Neutral,2.8,1.0,3.2,3.8,3.2,3.7,2.1
26,Male,3.77,86.0,6.3,6.8,2.8,1.82,No,Offline,Good,Good,Yes,0,Middle,6.6,B,0.3,0,Negative,2.6,1.2,1.0,3.2,4.1,4.9,1.5
25,Male,3.27,69.3,9.1,5.8,5.0,2.39,No,Hybrid,Poor,Poor,Yes,3,Middle,1.6,B,0.46,0,Neutral,1.7,2.6,4.6,1.6,3.7,3.6,2.6
21,Male,5.44,87.8,6.8,6.1,4.2,1.9,Yes,Offline,Average,Good,Yes,3,Middle,3.9,B,0.26,1,Neutral,2.2,4.0,3.9,3.3,3.2,4.4,3.1
20,Male,5.85,96.1,7.6,1.0,5.1,1.73,Yes,Online,Average,Poor,No,2,Low,3.5,A,0.78,0,Positive,2.5,3.2,2.2,4.4,2.4,3.5,3.0
21,Female,7.07,81.6,6.9,5.4,3.7,2.36,No,Offline,Average,Excellent,No,1,Middle,4.5,A,0.69,1,Positive,1.0,3.5,4.6,3.2,2.5,4.3,2.9
23,Male,4.56,91.8,8.1,7.1,4.6,1.3,No,Hybrid,Average,Average,No,1,Middle,1.7,A,0.4,0,Neutral,2.7,1.3,3.7,2.2,3.4,4.4,3.2
25,Male,1.54,77.7,6.1,8.0,5.9,2.16,No,Offline,Poor,Good,No,1,Middle,7.4,D,0.94,2,Neutral,3.7,1.9,4.8,1.8,4.5,3.4,1.0
19,Female,5.65,83.4,7.5,3.1,7.9,1.53,No,Hybrid,Poor,Good,No,3,Middle,4.3,A,0.4,0,Positive,4.9,2.4,4.1,4.5,2.9,4.0,3.0
26,Male,6.96,77.3,6.0,7.9,2.3,1.8,No,Online,Average,Good,No,4,Middle,6.0,A,0.48,0,Positive,3.5,2.5,3.5,2.9,3.4,3.4,2.4
24,Female,5.07,90.9,9.0,2.1,4.1,1.43,Yes,Online,Average,Average,No,2,Middle,4.9,A,0.35,1,Neutral,2.1,3.9,2.3,4.2,3.0,4.4,2.7
28,Female,4.74,83.3,6.3,5.4,4.6,1.56,Yes,Hybrid,Poor,Good,No,2,Low,5.4,C,0.22,1,Positive,2.0,2.5,2.5,2.9,4.0,3.6,3.6
25,Male,6.13,86.5,6.8,4.2,4.7,2.3,Yes,Online,Poor,Average,Yes,2,High,3.9,A,0.3,1,Neutral,2.9,2.6,3.3,3.9,2.8,4.8,3.4
19,Female,7.87,88.8,5.4,1.0,3.1,2.04,No,Online,Average,Good,No,1,Middle,5.5,A,0.95,0,Positive,3.0,4.4,2.6,5.0,3.1,3.9,2.8
18,Male,4.88,90.1,6.2,7.5,3.8,1.0,Yes,Offline,Average,Average,Yes,2,Low,6.2,C,0.54,0,Neutral,2.9,4.1,3.5,1.2,2.1,5.0,3.0
18,Female,2.17,70.6,5.5,8.1,2.7,1.52,No,Offline,Average,Good,Yes,2,Low,4.6,D,0.34,1,Neutral,4.2,1.9,3.8,1.8,3.4,3.2,2.3
19,Male,3.88,82.7,5.2,5.7,1.9,1.56,No,Offline,Average,Average,No,0,High,9.4,C,0.39,1,Neutral,3.4,2.6,3.1,3.3,2.1,4.4,1.5
22,Male,4.68,73.0,8.1,4.7,4.1,1.58,No,Hybrid,Poor,Excellent,Yes,0,Middle,3.8,B,0.51,2,Neutral,3.5,3.0,4.0,2.0,4.7,3.0,2.4
24,Female,1.41,76.2,5.6,8.8,3.0,1.79,No,Hybrid,Average,Good,No,0,Middle,10.0,D,0.83,2,Neutral,3.3,2.5,4.6,2.5,2.4,3.5,1.0
25,Female,6.55,80.0,5.8,5.4,5.0,1.77,No,Offline,Good,Average,No,3,Middle,4.4,A,0.24,2,Neutral,2.3,2.9,3.9,4.2,2.9,5.0,2.3
22,Non-Binary,3.47,85.9,7.3,5.4,3.5,1.29,Yes,Online,Average,Good,Yes,0,Middle,4.3,B,0.32,0,Neutral,1.4,1.1,2.8,1.5,1.0,4.9,2.4
17,Female,6.02,79.8,9.9,5.6,4.7,2.2,No,Offline,Good,Excellent,No,3,Middle,1.0,A,0.49,1,Neutral,2.9,3.0,5.0,4.2,2.5,5.0,5.0
18,Male,5.4,77.8,4.1,5.5,4.7,1.19,No,Offline,Average,Poor,No,0,High,6.9,C,0.8,0,Positive,2.3,4.2,4.4,2.4,2.5,3.2,2.3
18,Male,4.38,92.8,7.9,7.6,4.2,2.01,No,Hybrid,Good,Good,Yes,3,Middle,1.8,A,0.18,2,Positive,3.6,1.1,2.2,3.9,4.0,5.0,4.1
20,Male,8.26,84.5,7.0,4.9,5.5,1.84,No,Online,Good,Good,No,2,Middle,3.9,A,0.68,0,Positive,2.4,1.5,3.5,3.7,2.3,5.0,2.6
21,Male,3.88,59.3,7.9,4.6,4.9,1.9,No,Offline,Good,Average,No,3,Low,6.3,A,0.9,2,Neutral,4.2,1.8,2.5,3.4,3.2,4.0,2.4
17,Male,3.66,83.9,6.8,2.4,5.9,2.21,No,Offline,Average,Excellent,Yes,2,Low,2.6,B,0.07,2,Negative,3.6,3.6,2.5,2.3,4.4,4.3,3.9
20,Female,5.59,75.6,7.7,7.1,1.7,2.14,No,Hybrid,Average,Average,Yes,1,Middle,5.4,A,0.86,0,Positive,4.7,1.0,5.0,2.0,3.5,4.9,2.2
18,Male,6.68,86.5,8.3,2.9,5.7,1.91,No,Offline,Poor,Average,Yes,2,Low,2.5,A,0.93,2,Neutral,4.6,4.0,4.4,2.6,2.5,4.2,4.5
22,Male,5.0,87.6,6.3,6.8,6.1,1.74,No,Offline,Poor,Excellent,Yes,0,Middle,6.8,B,0.51,2,Neutral,3.7,1.6,5.0,2.6,4.3,3.6,2.5
21,Male,3.04,96.5,4.5,3.6,1.5,1.47,Yes,Online,Average,Good,Yes,0,Middle,5.9,C,0.87,1,Neutral,1.9,3.6,4.3,2.8,1.0,3.9,3.1
21,Female,6.39,76.6,5.2,5.0,2.8,1.4,No,Offline,Good,Excellent,No,2,Middle,4.2,A,0.82,1,Positive,2.6,2.3,5.0,4.4,3.5,3.8,2.0
20,Female,6.21,88.6,6.7,6.9,2.1,1.03,Yes,Online,Average,Good,Yes,0,Middle,6.0,A,0.59,2,Positive,2.3,1.9,2.6,2.5,4.2,2.4,1.2
27,Female,9.15,78.4,7.4,7.6,4.3,2.01,No,Offline,Poor,Good,No,0,Middle,4.6,A,0.76,1,Positive,3.1,2.8,3.0,3.1,2.0,3.4,2.4
19,Male,4.56,73.5,7.7,5.1,4.6,2.0,Yes,Hybrid,Average,Excellent,Yes,0,Middle,3.5,B,0.2,2,Positive,3.5,3.2,3.7,3.3,1.0,5.0,2.6
21,Female,5.43,64.9,5.7,6.3,3.2,1.73,No,Offline,Average,Poor,No,2,High,8.1,C,0.41,0,Positive,2.7,1.9,4.7,3.6,2.0,3.2,1.8
23,Male,3.87,82.8,6.8,4.7,5.4,1.9,No,Hybrid,Good,Good,No,2,Middle,1.1,A,0.7,1,Negative,3.6,3.0,4.7,2.7,2.8,4.9,3.5
21,Female,2.03,94.3,6.5,2.5,1.9,1.99,Yes,Hybrid,Good,Good,No,1,Middle,4.8,B,0.17,2,Neutral,2.3,3.7,2.2,3.9,2.1,4.9,2.5
26,Female,5.15,78.0,7.4,1.5,3.3,1.61,No,Offline,Good,Poor,No,3,High,2.7,A,0.41,0,Positive,1.0,1.8,5.0,3.3,3.5,5.0,3.0
20,Male,6.7,90.5,7.2,6.2,3.5,1.98,Yes,Hybrid,Poor,Good,Yes,2,Middle,1.8,A,0.36,0,Positive,3.2,2.5,1.6,2.6,2.0,4.0,1.6
21,Female,2.97,80.9,5.9,5.3,3.9,1.64,Yes,Offline,Good,Poor,No,2,High,2.9,B,0.76,0,Neutral,2.7,2.6,5.0,3.2,2.8,5.0,1.3
18,Female,3.65,88.1,8.2,4.6,7.6,1.57,No,Hybrid,Average,Good,Yes,2,Middle,4.5,B,0.74,2,Neutral,3.1,1.3,2.8,1.2,3.9,4.7,3.0
22,Male,2.65,78.5,5.6,1.0,2.7,1.92,Yes,Offline,Good,Good,Yes,1,Middle,5.6,B,0.75,2,Neutral,3.8,3.3,5.0,3.7,3.2,3.0,2.6
19,Female,7.68,85.5,9.2,7.7,2.9,2.04,Yes,Online,Poor,Excellent,Yes,3,Middle,5.0,A,0.12,2,Neutral,2.8,2.3,2.7,3.5,1.5,3.7,3.7
18,Male,3.73,70.3,6.9,5.8,3.5,1.81,No,Hybrid,Average,Average,No,2,Middle,6.9,B,0.43,0,Neutral,1.8,3.3,3.8,3.1,4.6,4.4,1.6
21,Male,6.16,87.3,7.6,2.3,7.5,1.97,No,Hybrid,Average,Good,Yes,2,Low,4.4,A,0.45,2,Neutral,2.4,3.5,3.3,3.8,2.8,5.0,3.3
21,Male,3.27,98.5,6.7,2.3,5.7,2.08,No,Online,Good,Average,No,2,High,2.8,A,1.0,0,Neutral,4.4,4.3,3.2,4.3,3.3,5.0,3.9
17,Male,5.15,90.7,8.1,5.3,4.0,1.7,No,Hybrid,Poor,Good,No,2,Middle,5.1,A,0.61,1,Positive,3.4,3.0,3.9,3.6,3.9,4.0,3.7
23,Female,3.75,74.9,5.8,4.8,2.5,2.2,No,Hybrid,Poor,Good,No,0,Middle,2.6,A,0.64,0,Neutral,4.2,2.0,2.8,3.6,2.0,4.1,2.7
22,Male,0.31,61.8,5.2,6.2,5.7,1.43,Yes,Hybrid,Poor,Good,Yes,0,Middle,5.7,Fail,0.48,0,Neutral,2.5,2.2,3.1,3.4,1.5,3.2,1.5
18,Female,5.16,82.1,7.9,8.1,6.8,2.13,Yes,Hybrid,Poor,Excellent,Yes,1,Middle,5.7,A,0.86,1,Positive,3.7,3.1,5.0,2.8,2.3,4.1,3.1
21,Male,6.06,69.1,4.1,4.8,5.5,1.25,No,Hybrid,Poor,Excellent,Yes,2,Middle,7.4,C,0.71,2,Neutral,4.0,3.4,4.1,4.3,4.7,2.7,1.8
23,Non-Binary,0.83,78.9,5.0,3.7,3.9,1.51,Yes,Hybrid,Average,Poor,Yes,1,Middle,4.3,C,0.53,0,Positive,1.5,3.5,3.4,2.1,2.7,4.1,4.0
21,Female,4.65,89.9,8.0,3.8,6.2,1.55,No,Online,Average,Average,No,2,Middle,6.6,A,0.7,1,Neutral,3.3,3.6,4.7,4.0,3.8,5.0,3.0
20,Female,4.13,58.0,7.4,4.4,3.8,1.63,Yes,Online,Average,Good,No,2,Low,6.1,B,0.6,1,Positive,3.2,3.1,4.0,3.3,2.5,5.0,2.7
19,Male,2.84,77.6,7.9,1.9,4.1,1.8,Yes,Offline,Average,Good,No,1,High,5.0,A,0.88,1,Neutral,1.8,3.3,3.5,3.0,2.7,5.0,4.6
22,Male,4.5,78.6,5.5,6.6,5.0,1.9,Yes,Online,Average,Average,No,2,High,4.1,B,0.8,1,Positive,1.8,2.4,3.4,3.5,5.0,5.0,2.4
26,Male,1.12,87.3,3.0,4.7,3.4,2.03,No,Hybrid,Average,Good,No,1,Low,7.8,C,0.28,1,Positive,5.0,3.6,4.3,1.7,2.8,2.9,2.0
22,Female,5.5,84.2,4.7,2.3,1.5,1.77,Yes,Offline,Good,Good,Yes,2,Middle,1.3,A,0.73,1,Positive,3.2,3.4,4.2,2.8,2.2,5.0,3.4
17,Female,7.37,96.8,5.5,5.2,5.5,2.24,No,Online,Good,Average,No,1,Middle,3.2,A,0.41,0,Positive,4.3,1.1,5.0,3.2,3.1,5.0,3.2
21,Male,2.48,84.5,10.0,6.0,3.5,1.76,Yes,Online,Good,Excellent,Yes,3,High,2.8,A,0.55,2,Neutral,3.7,2.9,2.3,2.4,1.4,5.0,4.2
25,Male,4.87,87.1,4.9,10.0,5.1,1.49,Yes,Offline,Poor,Good,No,1,Low,3.9,C,0.75,2,Neutral,3.1,2.7,4.8,2.3,1.7,4.7,2.1
18,Female,7.85,60.5,6.7,4.1,4.8,2.02,Yes,Hybrid,Good,Poor,No,2,Low,4.9,A,0.55,0,Positive,2.0,2.2,3.9,4.5,4.1,3.9,3.2
28,Male,5.24,80.1,6.7,4.9,4.5,1.06,Yes,Offline,Poor,Poor,No,0,Low,5.5,B,0.41,0,Positive,3.6,2.3,2.4,2.9,3.3,4.8,2.1
26,Female,3.96,77.1,8.4,2.0,3.9,1.92,No,Offline,Good,Excellent,No,2,Middle,4.8,A,0.32,2,Negative,3.0,3.2,3.9,4.3,3.2,3.5,3.5
17,Female,3.18,79.7,7.5,4.3,3.5,2.39,No,Offline,Poor,Excellent,No,2,High,3.3,A,0.66,2,Positive,3.2,4.0,3.0,3.2,2.8,3.6,3.6
26,Female,5.36,90.4,7.1,6.6,2.9,1.91,No,Offline,Poor,Good,No,3,Middle,5.4,A,0.38,1,Positive,3.3,2.3,4.0,2.8,1.7,3.2,1.9
20,Male,4.73,68.2,8.3,3.4,1.7,1.68,Yes,Offline,Average,Average,No,1,Low,3.7,A,0.5,1,Negative,3.4,2.7,4.4,2.5,3.9,5.0,3.7
24,Male,6.26,55.0,6.2,8.1,4.3,2.01,No,Offline,Average,Excellent,No,1,Middle,3.7,B,0.85,2,Neutral,3.5,2.7,4.0,1.4,4.7,5.0,3.0
20,Female,1.96,98.1,7.6,6.7,2.8,1.86,Yes,Offline,Good,Good,Yes,1,Low,4.1,B,0.22,2,Positive,2.1,2.7,2.8,2.4,1.6,4.5,3.4
20,Female,7.15,78.5,7.6,6.1,2.3,1.4,No,Offline,Average,Excellent,Yes,2,Low,1.3,A,0.36,1,Positive,3.7,2.1,2.4,1.8,3.4,4.5,2.8
22,Male,4.19,76.4,5.4,2.2,3.6,1.98,Yes,Offline,Good,Good,No,0,High,6.5,B,0.89,0,Positive,3.7,3.2,5.0,4.6,1.2,5.0,3.6
24,Male,6.29,94.2,6.2,4.4,3.4,2.08,No,Online,Poor,Average,No,2,High,5.4,A,0.45,1,Positive,3.2,2.9,4.1,4.3,2.4,4.5,2.7
17,Female,3.56,88.2,6.0,6.2,2.4,2.39,Yes,Online,Good,Good,No,2,High,8.1,A,0.35,2,Positive,3.6,3.6,3.5,2.3,5.0,5.0,2.2
22,Female,2.4,82.2,6.4,3.2,2.4,1.39,Yes,Online,Average,Average,Yes,0,Middle,4.6,B,0.43,1,Negative,4.4,2.3,4.9,2.1,4.0,2.8,2.3
18,Female,3.87,83.3,6.8,6.6,4.2,1.93,No,Offline,Average,Average,Yes,1,Middle,3.6,B,0.79,2,Neutral,3.8,2.6,5.0,1.7,3.4,3.8,2.2
20,Non-Binary,3.09,87.5,6.0,3.7,2.4,1.89,Yes,Hybrid,Poor,Good,Yes,2,High,1.4,A,0.6,2,Negative,1.9,3.4,4.1,2.5,1.2,3.3,3.1
20,Male,4.25,71.3,6.7,5.8,5.4,1.68,No,Offline,Average,Excellent,No,2,Low,5.9,B,0.33,1,Neutral,2.5,3.5,3.3,2.6,3.9,3.3,2.4
21,Male,6.3,81.5,5.8,4.2,3.9,1.21,No,Hybrid,Average,Good,Yes,1,Low,5.0,A,0.62,0,Positive,2.8,2.4,4.5,2.0,3.3,3.7,2.9
20,Female,7.16,100.0,6.1,7.8,5.2,1.91,No,Online,Poor,Good,Yes,2,Middle,6.9,B,0.85,2,Neutral,2.4,3.8,4.1,2.6,2.7,4.3,2.6
18,Female,5.41,86.0,7.8,2.5,2.6,1.68,No,Online,Average,Poor,No,1,High,2.5,A,0.54,0,Positive,1.6,1.8,2.8,3.2,2.0,3.2,1.9
18,Male,3.92,83.5,6.9,5.6,3.7,1.89,No,Online,Average,Poor,No,1,Middle,6.3,B,0.33,0,Positive,3.9,1.5,3.7,3.6,1.9,3.2,2.2
17,Male,4.1,100.0,6.8,3.6,2.1,1.9,Yes,Hybrid,Average,Average,Yes,2,Low,3.4,A,0.63,2,Positive,2.2,3.1,4.2,3.4,2.2,5.0,3.7
21,Female,6.18,82.9,6.1,5.5,4.8,1.97,No,Online,Average,Good,No,2,Low,6.3,A,0.44,2,Neutral,4.2,1.4,4.4,2.8,3.6,4.2,2.0
27,Male,7.27,96.7,4.8,6.2,6.3,2.16,Yes,Offline,Poor,Good,No,1,High,5.8,B,0.39,2,Positive,1.4,2.1,5.0,2.8,2.9,3.1,2.0
18,Male,4.35,83.9,5.1,1.1,1.4,1.58,No,Offline,Average,Poor,No,2,High,1.9,A,0.38,0,Positive,3.8,3.7,5.0,2.6,3.1,4.6,4.3
26,Female,4.75,78.6,7.5,6.3,4.2,1.89,No,Online,Average,Excellent,No,0,Middle,3.9,A,0.39,2,Neutral,3.9,3.7,3.3,3.7,4.2,4.1,2.8
23,Female,3.5,84.6,9.9,7.2,3.8,1.52,Yes,Offline,Poor,Average,No,2,Low,2.8,C,0.66,0,Neutral,3.2,2.6,3.6,2.5,1.7,4.9,1.8
22,Female,5.41,83.6,8.7,5.5,6.6,1.51,Yes,Offline,Average,Excellent,Yes,2,Middle,3.3,B,0.58,2,Positive,2.7,3.0,2.3,3.0,1.0,4.3,2.2
22,Male,6.91,67.1,6.5,3.6,1.3,1.48,Yes,Hybrid,Poor,Good,Yes,2,Middle,2.7,B,0.88,2,Positive,3.0,3.5,3.5,3.1,3.8,4.1,3.7
24,Female,1.1,100.0,6.9,6.1,4.0,1.64,No,Hybrid,Poor,Average,No,0,High,4.5,C,0.85,1,Neutral,3.0,1.3,2.9,1.4,1.8,4.7,2.3
18,Female,5.51,85.8,6.8,5.7,5.0,1.21,No,Hybrid,Poor,Good,No,0,Low,5.0,C,0.27,1,Neutral,3.5,3.1,4.5,3.5,2.5,4.1,2.5
21,Female,3.9,100.0,7.0,6.1,5.4,1.38,No,Hybrid,Average,Good,Yes,1,Middle,4.9,B,0.27,0,Positive,2.8,2.6,3.4,3.5,2.7,4.4,2.3
23,Female,0.34,73.5,7.0,5.5,3.7,1.87,No,Offline,Poor,Good,Yes,0,Low,6.6,D,0.24,0,Positive,3.0,2.0,3.2,1.7,2.9,5.0,1.0
22,Male,5.63,77.0,5.9,3.1,2.3,1.99,No,Online,Poor,Good,No,3,Middle,3.7,A,0.43,0,Positive,3.3,2.3,4.3,2.2,1.0,2.9,2.3
24,Male,4.82,68.4,7.6,5.6,4.0,1.74,No,Offline,Good,Poor,Yes,3,Low,5.2,B,0.74,1,Neutral,3.0,2.6,3.7,3.2,2.9,3.7,2.6
17,Male,5.74,79.0,9.7,1.0,3.0,1.58,Yes,Hybrid,Average,Good,No,4,High,1.9,A,1.0,2,Positive,2.1,4.0,4.7,2.6,4.8,5.0,3.2
23,Male,2.27,87.0,5.8,5.0,4.9,1.75,No,Offline,Good,Excellent,Yes,0,Middle,5.7,C,0.62,1,Neutral,2.2,3.6,3.5,3.4,2.7,4.3,2.2
21,Female,9.27,100.0,6.4,4.5,4.1,1.83,No,Hybrid,Average,Poor,No,2,Middle,6.0,A,0.34,0,Neutral,2.9,2.7,3.8,3.1,3.2,5.0,2.9
20,Female,5.22,76.2,7.5,3.6,4.5,1.97,Yes,Offline,Good,Average,Yes,4,Middle,3.4,A,0.72,2,Positive,1.3,3.8,5.0,4.0,3.9,4.0,3.3
20,Female,4.31,77.5,5.8,5.0,4.0,2.29,No,Online,Poor,Excellent,Yes,2,High,5.0,A,0.77,1,Negative,2.9,1.9,5.0,2.8,4.3,3.1,2.4
22,Female,8.05,90.4,7.1,3.8,5.3,1.68,Yes,Offline,Good,Average,Yes,2,High,4.1,A,0.9,1,Neutral,3.2,2.6,3.9,4.6,4.3,5.0,2.4
25,Male,6.3,85.7,6.4,3.4,5.7,1.99,Yes,Offline,Average,Good,No,0,Low,5.0,A,0.5,1,Positive,2.9,4.4,4.3,2.6,2.5,3.7,2.9
21,Male,6.67,74.2,5.1,3.1,3.0,1.61,No,Hybrid,Poor,Good,Yes,3,Low,4.5,A,0.07,1,Positive,3.5,4.0,1.7,2.3,3.6,3.5,2.1
24,Male,7.33,76.2,8.9,2.5,4.5,1.58,No,Offline,Average,Good,No,2,Middle,5.3,A,0.15,2,Positive,3.2,2.5,2.1,3.9,4.7,4.3,3.3
20,Male,0.86,74.1,4.7,1.8,1.6,1.52,No,Offline,Poor,Good,No,0,Middle,6.6,C,0.36,0,Positive,3.9,3.8,3.1,3.8,2.6,2.0,1.4
18,Male,8.34,92.6,7.7,5.4,3.8,1.98,Yes,Hybrid,Good,Average,No,2,Middle,5.2,A,0.41,1,Positive,3.2,2.2,3.1,4.0,4.5,4.5,3.4
17,Female,4.31,75.0,7.3,3.1,4.5,1.97,No,Offline,Good,Poor,Yes,2,High,4.2,A,0.82,1,Negative,4.9,2.8,4.0,3.2,2.5,4.5,4.3
17,Non-Binary,5.57,77.3,7.4,7.8,3.3,1.64,No,Online,Good,Good,No,2,Low,2.6,A,0.26,0,Positive,3.0,2.3,2.8,3.1,3.1,4.9,4.3
20,Male,6.85,92.2,7.2,5.1,4.7,1.79,No,Offline,Average,Good,No,2,High,2.4,A,0.86,0,Positive,3.8,1.7,4.9,2.1,5.0,3.5,4.2
20,Male,3.58,74.9,8.9,4.3,3.2,2.27,Yes,Offline,Good,Good,Yes,4,Low,3.0,A,0.58,1,Neutral,2.8,3.1,4.7,3.3,2.0,4.9,4.4
23,Female,5.64,90.9,8.1,4.7,3.6,1.71,No,Offline,Good,Good,No,2,Low,6.0,A,0.37,0,Positive,3.0,3.9,4.9,3.3,1.0,5.0,2.0
23,Male,6.53,66.6,6.8,4.8,1.8,1.83,No,Offline,Poor,Average,No,3,Middle,4.5,B,0.68,0,Positive,2.1,2.7,4.6,2.9,3.6,3.5,2.4
17,Female,4.92,74.3,7.4,4.0,6.9,1.57,Yes,Hybrid,Good,Poor,No,3,Middle,4.5,A,0.66,0,Neutral,2.9,2.5,5.0,2.0,4.0,4.8,3.0
19,Female,5.99,94.2,8.4,3.1,6.0,2.05,Yes,Online,Good,Excellent,Yes,3,Low,1.0,A,0.73,2,Positive,2.2,2.6,2.9,4.0,2.6,5.0,3.5
19,Female,1.79,86.5,9.2,4.1,4.1,1.48,Yes,Offline,Poor,Good,No,1,Middle,5.9,C,0.62,0,Neutral,4.1,1.1,4.6,2.1,2.8,3.8,2.3
21,Male,2.62,71.6,5.9,8.1,5.7,2.16,Yes,Offline,Average,Average,Yes,1,Middle,6.3,C,0.68,2,Neutral,3.2,1.0,3.4,1.5,3.8,3.7,1.9
18,Female,2.7,69.0,6.9,6.6,4.0,1.77,Yes,Hybrid,Average,Average,Yes,1,Low,2.0,C,0.19,2,Neutral,3.6,4.0,4.1,4.1,2.4,5.0,2.7
18,Male,5.74,64.4,5.4,6.4,4.3,1.29,No,Online,Poor,Poor,Yes,0,High,6.8,C,0.77,0,Positive,1.3,2.2,4.7,3.2,2.6,4.8,2.1
26,Female,12.0,83.9,6.5,7.9,5.6,2.39,No,Hybrid,Average,Average,Yes,1,High,1.8,A,0.63,0,Positive,1.4,1.6,4.4,3.0,3.9,4.8,2.3
24,Male,5.53,78.0,7.1,7.1,5.2,2.09,No,Hybrid,Average,Excellent,No,2,Middle,3.5,B,0.75,2,Positive,2.7,1.7,3.4,3.6,3.9,5.0,2.9
18,Male,4.7,83.5,5.9,3.5,3.0,1.92,No,Offline,Average,Excellent,No,0,High,6.5,B,0.46,2,Positive,1.6,2.9,3.4,3.2,3.0,5.0,1.0
20,Female,4.87,79.7,6.8,7.1,4.1,1.86,No,Online,Average,Excellent,Yes,1,Low,5.4,B,0.76,2,Neutral,1.0,2.2,2.4,3.7,2.2,5.0,2.1
20,Female,6.97,100.0,8.2,5.6,3.7,2.08,Yes,Offline,Good,Excellent,Yes,3,Middle,3.6,A,0.69,1,Positive,3.8,3.0,3.4,2.1,3.8,4.9,1.8
24,Female,6.43,92.8,6.7,4.2,3.0,1.92,No,Offline,Poor,Excellent,Yes,3,Middle,2.8,A,0.59,2,Positive,3.3,1.8,3.1,3.7,3.3,3.9,3.5
21,Female,2.71,65.4,6.6,8.1,4.5,1.71,Yes,Online,Average,Good,No,0,High,5.9,D,0.36,1,Neutral,2.2,2.6,3.1,1.8,2.1,4.3,1.9
18,Female,7.03,83.0,4.9,5.2,2.4,1.79,No,Offline,Poor,Average,No,4,Middle,3.9,A,0.42,2,Positive,3.1,3.2,3.3,3.3,2.1,2.7,3.1
23,Male,4.95,68.3,7.0,1.7,5.7,2.39,No,Online,Poor,Good,Yes,3,Low,1.7,A,0.64,1,Positive,4.8,3.0,5.0,4.8,2.6,4.7,2.1
20,Female,6.64,82.6,6.4,6.1,3.7,1.83,No,Offline,Good,Average,No,3,Middle,5.5,A,0.62,1,Positive,2.1,3.2,5.0,3.6,4.4,3.7,2.9
19,Female,1.0,77.6,8.1,2.0,2.5,1.04,No,Online,Average,Average,Yes,0,Low,4.3,C,0.4,1,Positive,3.9,4.3,4.6,1.3,2.0,4.9,3.8
20,Female,1.89,82.8,5.5,3.4,3.6,1.49,No,Hybrid,Average,Average,No,1,Low,3.6,C,0.11,0,Neutral,2.5,2.8,2.5,3.2,4.9,3.9,4.5
21,Female,6.19,77.0,7.3,3.4,5.1,1.94,No,Offline,Average,Good,No,3,Middle,5.7,A,0.3,2,Positive,2.4,2.9,3.5,2.4,4.3,4.4,3.0
20,Male,1.4,59.7,6.3,6.4,5.0,2.19,No,Offline,Average,Average,Yes,1,Middle,6.3,D,0.75,1,Neutral,1.7,2.8,3.6,1.8,3.7,3.7,3.8
19,Female,5.78,86.4,8.0,7.3,4.5,2.09,Yes,Hybrid,Poor,Average,No,0,Low,4.6,B,0.29,0,Neutral,3.1,2.9,2.1,2.4,2.5,3.1,2.1
20,Male,5.68,62.2,7.2,4.9,5.0,2.18,Yes,Offline,Poor,Good,Yes,3,Low,5.6,B,0.8,1,Negative,3.8,3.4,3.8,3.4,5.0,3.8,3.3
17,Male,5.29,71.2,5.4,1.9,3.6,1.52,No,Offline,Average,Excellent,Yes,4,Middle,2.9,A,0.99,2,Positive,3.3,3.8,4.5,3.6,3.0,3.9,3.9
24,Female,5.71,73.0,6.0,4.0,4.6,1.93,Yes,Hybrid,Good,Good,No,0,Middle,4.2,A,0.51,2,Neutral,2.8,3.5,4.7,3.0,2.4,4.3,3.0
18,Male,5.53,82.0,9.3,3.3,4.3,1.8,Yes,Hybrid,Average,Excellent,No,3,Middle,4.5,A,0.76,1,Positive,2.4,3.1,4.1,3.3,2.6,5.0,2.9
17,Female,5.89,68.3,8.1,4.8,3.7,1.67,No,Online,Poor,Average,No,3,Middle,6.3,A,0.65,1,Neutral,4.7,3.4,1.7,4.6,1.5,4.8,2.5
22,Male,4.19,78.7,7.3,4.5,3.0,1.59,No,Hybrid,Good,Average,No,2,Low,3.1,A,0.67,2,Positive,2.4,3.4,2.8,3.0,2.0,4.4,3.5
24,Male,4.96,81.1,6.7,6.1,4.9,2.31,No,Hybrid,Good,Good,No,2,Low,3.1,A,0.85,0,Positive,2.4,2.5,3.3,1.5,2.2,5.0,2.9
24,Female,10.86,99.5,6.7,6.5,1.8,1.84,Yes,Offline,Average,Good,Yes,3,High,4.5,A,0.54,1,Positive,1.4,3.6,2.5,2.8,2.9,4.4,3.4
21,Female,7.27,73.8,6.3,5.6,3.9,1.44,Yes,Offline,Good,Good,Yes,2,Middle,3.9,A,0.08,2,Positive,4.8,1.5,2.7,2.6,2.8,4.4,2.0
19,Female,6.22,82.9,6.3,5.2,2.0,1.75,No,Hybrid,Average,Good,No,2,Middle,3.1,A,0.74,1,Positive,1.3,2.8,4.8,5.0,1.6,2.8,2.6
23,Female,5.78,86.9,6.9,1.8,3.9,2.11,No,Hybrid,Good,Good,No,3,High,6.6,A,0.88,1,Neutral,4.0,3.6,4.0,2.9,2.6,5.0,2.5
23,Female,3.54,78.6,7.4,7.9,2.5,1.85,No,Hybrid,Poor,Excellent,Yes,4,Middle,1.6,A,0.18,1,Positive,3.6,2.3,4.0,1.7,2.7,5.0,1.7
19,Male,5.45,82.3,4.9,3.5,3.9,2.0,No,Online,Poor,Average,No,3,Low,1.5,A,0.87,2,Neutral,2.5,4.4,3.9,3.5,2.5,4.5,3.8
25,Male,4.51,90.0,5.0,2.2,3.8,2.01,No,Online,Poor,Average,No,2,High,1.3,A,1.0,0,Positive,3.2,3.1,5.0,4.6,3.2,3.5,3.6
18,Male,6.89,73.9,7.0,3.4,4.1,1.61,No,Online,Average,Good,Yes,1,Low,5.8,A,0.66,1,Positive,3.5,4.1,2.3,3.4,3.4,3.2,3.5
28,Female,3.17,51.9,6.5,1.0,5.5,1.56,Yes,Hybrid,Average,Average,No,0,Middle,5.8,B,0.21,2,Neutral,5.0,2.9,3.8,2.8,3.6,4.0,3.2
25,Female,0.27,77.6,6.2,6.4,7.0,2.01,Yes,Online,Average,Average,Yes,0,Middle,5.6,Fail,0.63,1,Positive,4.8,2.4,3.2,3.2,1.6,4.6,2.5
23,Male,3.88,83.4,8.3,4.3,2.2,1.33,No,Online,Good,Average,No,2,Middle,3.5,A,0.33,1,Positive,3.7,3.1,4.7,3.1,2.1,4.5,3.1
26,Female,6.39,85.5,7.6,7.4,3.9,1.39,No,Hybrid,Average,Average,No,3,Middle,3.6,A,0.89,1,Positive,3.3,2.3,3.0,3.1,2.4,5.0,2.8
23,Female,9.92,85.4,6.2,7.3,5.6,1.62,No,Hybrid,Average,Average,No,1,Middle,1.0,A,0.26,2,Positive,3.7,1.5,4.4,4.3,3.8,4.4,2.6
18,Male,7.05,92.1,5.6,8.4,2.0,2.3,Yes,Online,Average,Poor,Yes,2,High,3.6,A,0.88,0,Positive,3.2,2.5,4.5,3.0,3.2,5.0,1.9
20,Male,3.04,81.1,7.3,2.6,3.4,2.29,Yes,Offline,Good,Good,No,3,High,2.0,A,0.6,2,Neutral,3.4,3.2,4.4,3.7,2.8,4.1,3.7
17,Female,4.56,74.6,7.6,5.4,5.4,2.08,No,Hybrid,Poor,Good,No,2,Low,5.4,A,0.49,1,Neutral,2.3,2.2,3.5,2.6,2.8,5.0,2.2
20,Female,3.1,69.2,4.0,6.2,5.2,1.73,No,Offline,Average,Good,Yes,0,High,4.4,C,0.42,0,Positive,2.9,1.0,2.3,2.1,4.2,3.6,1.4
23,Female,4.63,67.4,7.5,4.5,4.0,2.04,No,Offline,Poor,Good,Yes,3,Low,4.8,B,0.46,2,Positive,3.8,1.6,3.9,3.4,4.6,3.7,2.9
20,Male,3.21,89.9,9.1,6.1,4.4,1.83,No,Offline,Good,Average,No,1,Low,6.2,A,0.44,1,Negative,3.1,1.4,3.2,3.4,2.8,4.9,2.9
20,Non-Binary,1.71,74.3,7.5,5.4,2.0,2.38,Yes,Offline,Poor,Average,No,3,High,5.9,B,0.16,0,Positive,3.5,2.6,4.8,2.2,2.4,5.0,2.5
22,Male,5.89,72.3,8.1,3.7,3.1,1.62,No,Offline,Average,Average,Yes,3,Middle,4.4,A,0.79,2,Positive,2.5,3.8,4.6,2.9,1.0,5.0,3.2
25,Male,5.39,95.2,6.0,5.0,7.2,1.47,No,Online,Average,Excellent,Yes,1,Low,4.1,A,0.52,1,Positive,3.0,2.2,4.2,4.5,3.4,3.2,4.7
17,Non-Binary,4.66,67.2,7.3,5.2,3.4,1.21,Yes,Hybrid,Average,Good,Yes,0,Middle,3.5,C,0.72,1,Negative,1.8,3.2,3.8,3.5,3.0,3.7,3.6
20,Male,5.69,88.9,7.6,1.0,3.4,2.39,No,Online,Average,Average,Yes,2,Middle,3.3,A,0.75,0,Positive,3.8,2.5,4.5,3.9,3.9,5.0,3.8
18,Female,9.07,70.3,8.9,5.6,2.9,1.48,No,Hybrid,Good,Average,No,1,Middle,3.6,A,0.75,1,Positive,1.2,2.5,4.7,2.6,4.0,5.0,2.6
23,Male,5.23,75.0,6.5,2.7,5.6,1.89,No,Offline,Poor,Excellent,Yes,4,Middle,3.1,A,0.65,2,Negative,3.5,2.9,4.8,3.9,2.9,4.2,3.9
18,Female,4.24,75.1,6.8,3.1,4.1,1.23,No,Online,Average,Good,Yes,1,High,2.8,B,0.74,2,Positive,1.6,3.1,5.0,2.3,1.7,3.8,3.3
22,Female,6.73,84.0,9.1,5.3,3.7,2.19,Yes,Online,Poor,Excellent,No,3,Low,4.0,A,0.81,2,Neutral,2.1,2.5,4.9,4.0,4.3,4.9,3.6
19,Male,1.72,76.6,6.2,4.9,2.6,2.39,No,Online,Average,Average,Yes,2,Low,3.0,B,0.6,1,Neutral,2.0,2.8,2.8,3.8,2.3,3.4,3.6
18,Female,6.51,89.4,7.3,7.4,3.7,1.9,Yes,Online,Good,Average,No,2,Low,6.0,A,0.59,2,Neutral,3.9,3.0,3.4,4.0,4.4,5.0,2.8
26,Male,3.45,74.0,7.0,5.5,4.5,1.39,No,Online,Average,Good,No,1,Low,5.7,C,0.62,2,Neutral,1.8,3.1,3.2,3.8,3.7,5.0,1.8
17,Female,3.37,98.8,5.6,1.2,2.4,2.02,No,Offline,Average,Good,No,3,High,5.5,A,1.0,1,Positive,2.8,3.5,5.0,2.8,1.1,4.8,3.6
20,Male,5.22,76.3,7.6,4.3,2.9,1.31,No,Hybrid,Poor,Good,No,1,High,6.0,B,1.0,1,Positive,2.6,3.0,4.4,4.0,2.6,5.0,1.0
17,Male,8.34,62.0,6.7,5.6,4.7,1.92,No,Online,Average,Good,Yes,4,Middle,6.5,A,0.19,2,Positive,2.7,2.0,2.7,3.2,2.3,4.6,3.5
21,Male,3.51,70.4,6.7,2.8,5.8,1.79,No,Hybrid,Average,Good,Yes,0,Middle,4.7,B,0.87,2,Neutral,3.7,2.7,3.7,4.1,1.0,3.8,3.8
21,Male,6.9,70.6,8.9,6.6,1.9,1.96,Yes,Hybrid,Good,Good,No,3,High,3.0,A,0.3,0,Positive,2.9,2.6,3.7,3.4,1.6,3.6,3.3
19,Female,5.76,82.9,4.1,4.3,6.7,2.11,No,Offline,Poor,Average,No,0,Low,4.3,B,0.52,0,Neutral,2.9,3.0,3.2,3.1,1.4,5.0,2.7
18,Male,2.22,66.3,7.3,5.7,5.8,1.69,Yes,Offline,Poor,Average,Yes,0,Low,8.2,C,0.23,0,Neutral,2.1,1.7,2.2,2.3,3.9,3.8,1.9
20,Male,6.83,91.7,6.9,2.7,4.3,1.45,Yes,Online,Good,Excellent,No,2,Middle,2.0,A,0.42,2,Positive,2.0,1.4,3.6,4.1,2.4,4.6,3.8
22,Male,3.35,71.0,7.3,4.8,3.4,2.01,Yes,Online,Good,Average,No,0,High,4.1,C,0.21,2,Negative,1.6,2.8,3.8,2.4,2.8,3.3,3.3
24,Male,2.06,75.0,6.7,4.9,4.6,1.84,No,Offline,Poor,Good,Yes,0,Middle,6.3,C,0.74,2,Neutral,2.6,2.0,3.4,1.3,3.0,3.7,2.0
21,Female,3.42,90.8,6.2,6.1,1.0,2.2,Yes,Offline,Average,Good,No,0,Middle,4.0,A,0.72,0,Positive,4.5,3.7,3.5,3.5,5.0,3.8,2.1
22,Non-Binary,3.55,58.7,7.0,8.2,3.5,1.95,No,Offline,Average,Excellent,No,0,Low,7.5,C,0.95,2,Neutral,3.2,2.8,5.0,2.1,3.0,5.0,3.8
19,Male,6.18,100.0,7.5,1.9,3.1,2.26,No,Hybrid,Average,Good,No,3,Middle,1.6,A,0.69,1,Positive,3.1,3.7,2.4,4.9,2.4,4.4,4.0
19,Female,3.54,71.3,7.8,7.3,4.3,2.39,No,Offline,Average,Good,No,2,High,3.4,A,0.22,1,Positive,1.4,1.3,3.8,3.3,2.3,4.5,3.5
18,Female,7.99,60.7,6.4,5.8,6.3,1.66,No,Online,Good,Excellent,No,1,Middle,3.8,A,0.77,2,Neutral,4.1,3.3,5.0,3.7,2.6,4.2,2.3
19,Male,5.44,95.2,7.6,7.7,4.2,1.35,No,Hybrid,Good,Excellent,Yes,3,Middle,2.6,A,0.37,2,Positive,4.6,1.8,3.3,4.0,3.4,5.0,1.2
19,Female,3.56,77.9,6.8,6.7,2.5,2.13,No,Online,Poor,Good,Yes,1,Middle,5.7,B,0.59,1,Neutral,2.2,3.1,4.6,2.2,2.7,2.4,2.1
21,Female,3.33,62.1,6.2,6.2,2.1,1.61,No,Offline,Average,Good,Yes,1,High,5.4,C,0.31,2,Positive,2.0,3.3,2.3,3.3,2.0,4.0,1.7
21,Female,5.46,86.3,7.8,7.3,0.5,1.7,No,Online,Good,Average,No,2,Middle,3.2,A,0.92,2,Positive,4.4,1.2,2.6,2.9,3.1,4.9,2.3
26,Female,0.94,96.3,7.4,4.0,4.3,2.18,No,Offline,Average,Good,No,2,Middle,3.4,B,0.43,2,Neutral,3.4,2.1,3.6,1.1,4.2,4.9,3.3
18,Male,0.65,96.4,7.9,1.4,2.1,1.43,No,Online,Good,Excellent,No,2,Middle,3.7,A,0.36,2,Neutral,4.7,4.5,2.7,2.6,3.1,4.8,3.2
22,Female,3.23,86.1,6.8,3.3,4.6,1.61,No,Offline,Good,Excellent,No,2,Low,2.5,A,0.82,2,Negative,4.2,1.8,4.3,2.4,2.4,5.0,3.6
24,Female,6.26,70.0,5.3,3.8,4.5,1.74,No,Hybrid,Average,Average,No,0,High,5.1,A,0.45,0,Neutral,1.1,3.4,4.3,3.0,3.2,4.0,2.8
21,Female,5.36,74.6,8.1,6.8,5.3,1.82,Yes,Hybrid,Average,Good,No,3,High,5.8,A,0.86,2,Neutral,4.6,1.6,5.0,2.2,1.0,4.6,3.1
19,Female,5.04,88.4,6.9,3.8,6.9,1.72,No,Offline,Poor,Good,Yes,2,Middle,6.2,A,0.52,1,Positive,3.1,3.9,4.4,1.7,2.7,4.3,2.0
19,Male,4.57,84.6,6.0,3.2,4.3,1.76,No,Online,Average,Excellent,No,2,Low,5.0,A,0.41,2,Positive,3.0,2.8,3.1,3.6,2.1,5.0,3.6
17,Non-Binary,0.64,77.1,5.6,6.1,3.9,1.59,Yes,Online,Good,Good,No,0,Middle,6.5,D,0.21,0,Neutral,3.0,2.5,3.8,1.7,1.1,4.5,2.6
19,Female,4.35,94.8,7.8,5.6,5.4,1.46,No,Offline,Good,Good,No,0,Middle,4.2,B,0.8,2,Positive,2.9,3.6,4.0,2.8,4.4,5.0,2.9
23,Male,1.45,67.1,7.3,5.3,5.6,2.14,Yes,Offline,Good,Poor,Yes,2,Middle,6.3,C,0.96,0,Neutral,1.5,4.1,3.1,3.0,2.5,5.0,1.2
17,Male,6.67,96.6,8.1,5.3,5.3,1.85,Yes,Hybrid,Average,Good,No,0,Low,4.1,A,0.5,1,Positive,4.4,2.6,4.1,3.2,2.1,5.0,3.2
19,Female,4.98,68.9,7.1,3.8,4.5,2.09,No,Online,Average,Poor,No,1,High,3.4,A,0.93,1,Negative,2.4,3.4,5.0,3.9,3.1,4.0,3.5
23,Male,4.82,75.0,6.1,8.0,4.8,1.22,Yes,Hybrid,Average,Excellent,Yes,2,High,5.6,C,0.36,1,Neutral,2.7,2.3,3.2,3.0,1.5,3.5,1.4
24,Male,5.8,79.2,6.4,2.8,2.9,1.87,No,Offline,Good,Good,Yes,3,High,5.7,A,0.64,2,Positive,3.6,4.5,5.0,3.2,2.3,4.8,2.7
20,Male,5.65,88.2,7.5,7.7,4.9,1.62,No,Hybrid,Good,Good,Yes,2,Middle,2.9,A,0.37,2,Positive,4.7,3.5,2.9,3.0,2.2,5.0,3.5
23,Male,5.46,92.4,5.8,2.4,4.2,1.95,Yes,Offline,Poor,Good,No,4,High,5.5,A,0.85,2,Positive,2.9,3.2,5.0,4.2,2.8,5.0,1.8
20,Male,5.7,64.2,6.8,6.2,5.0,1.82,No,Offline,Good,Excellent,Yes,2,Middle,4.3,A,0.43,2,Positive,3.2,3.1,3.5,2.8,5.0,3.2,3.0
18,Male,3.82,70.7,6.4,3.5,2.0,1.8,Yes,Online,Average,Average,Yes,1,Middle,4.5,B,0.63,2,Positive,4.4,3.8,2.4,3.6,4.7,5.0,3.9
20,Male,2.33,72.9,6.5,3.5,4.5,2.17,Yes,Offline,Poor,Average,No,1,High,3.9,B,0.82,0,Neutral,3.6,2.4,5.0,3.5,1.4,4.5,4.1
21,Female,5.68,78.7,10.0,3.6,3.7,1.78,Yes,Hybrid,Average,Excellent,No,2,High,4.0,A,0.96,2,Positive,3.5,2.8,5.0,3.1,3.0,3.8,3.7
26,Female,7.89,71.9,4.6,4.1,5.2,1.99,Yes,Online,Poor,Excellent,No,3,High,4.7,A,0.94,2,Positive,1.0,3.7,5.0,4.2,2.3,2.7,1.3
17,Male,7.02,68.9,7.3,8.4,5.1,1.8,No,Offline,Average,Excellent,Yes,4,High,4.4,B,0.19,2,Positive,2.7,1.2,1.3,2.6,3.3,4.1,2.1
21,Male,4.57,95.5,5.7,2.7,4.1,1.74,No,Offline,Poor,Average,No,1,Middle,5.7,B,0.73,1,Neutral,3.2,3.6,2.1,4.0,1.5,3.3,3.3
19,Female,6.22,87.4,9.5,4.9,3.3,1.27,No,Offline,Poor,Average,Yes,2,Middle,3.2,A,0.59,2,Positive,3.2,3.2,4.7,2.5,5.0,5.0,2.4
21,Male,4.12,80.4,6.6,6.4,2.8,1.84,No,Offline,Poor,Poor,No,0,High,4.4,B,0.65,0,Neutral,3.9,2.0,5.0,2.9,2.9,4.9,3.2
17,Male,5.77,89.6,6.8,5.3,4.5,2.18,Yes,Offline,Poor,Average,Yes,2,Middle,1.5,A,0.7,2,Positive,1.8,3.6,2.7,3.3,2.3,4.3,3.6
19,Male,3.78,77.8,7.5,1.6,4.4,1.89,Yes,Hybrid,Average,Good,No,4,Low,5.0,A,0.25,2,Neutral,2.0,3.6,3.5,3.9,2.2,5.0,3.6
24,Female,5.28,64.4,7.7,3.5,3.9,1.99,Yes,Offline,Good,Average,No,3,High,3.9,A,0.78,2,Positive,4.0,2.5,4.3,3.4,3.2,5.0,4.4
21,Female,9.01,61.0,6.8,7.6,4.6,1.97,No,Offline,Good,Good,No,2,High,6.0,A,0.43,0,Positive,4.1,1.2,2.8,3.2,2.0,4.5,1.8
20,Female,6.54,86.4,8.5,1.3,5.7,1.65,No,Hybrid,Average,Average,No,2,Middle,4.9,A,0.23,2,Positive,2.0,2.9,2.9,3.0,2.4,3.7,3.6
19,Female,8.0,79.4,7.0,2.9,0.7,1.89,No,Online,Good,Average,Yes,0,High,4.4,A,0.82,2,Positive,3.3,2.3,5.0,3.7,3.4,5.0,3.6
19,Female,3.45,79.2,8.3,3.3,5.3,2.02,Yes,Online,Good,Excellent,Yes,1,Middle,5.7,A,0.8,2,Neutral,2.8,2.6,3.3,2.6,1.8,5.0,2.4
20,Male,3.63,69.9,6.6,7.8,6.0,2.04,Yes,Offline,Good,Average,No,2,High,5.2,B,0.88,0,Neutral,2.4,2.0,2.9,3.2,3.2,4.8,3.3
24,Female,4.92,81.6,5.9,5.7,2.7,1.74,Yes,Hybrid,Average,Average,No,1,Middle,5.8,A,0.49,1,Neutral,1.8,3.6,3.3,3.4,3.5,3.7,1.3
27,Male,6.11,82.6,6.4,5.6,4.7,1.98,No,Hybrid,Good,Average,Yes,1,Middle,2.9,A,0.89,1,Positive,2.1,1.6,1.5,1.7,1.5,5.0,2.5
20,Female,4.58,94.3,6.0,4.9,3.7,1.97,Yes,Hybrid,Good,Average,Yes,2,High,4.7,A,0.76,2,Positive,2.2,1.9,4.1,4.5,3.1,3.6,3.0
20,Female,7.03,93.3,5.1,2.7,4.7,1.86,No,Offline,Poor,Good,No,2,High,5.0,A,0.85,0,Positive,4.6,2.8,2.9,4.3,3.1,4.3,4.0
24,Female,3.9,73.8,6.1,6.5,3.4,1.93,No,Hybrid,Poor,Average,No,0,High,2.2,B,0.86,0,Neutral,3.5,4.6,3.5,2.5,3.9,2.6,4.2
20,Male,7.72,99.1,5.6,5.3,5.9,1.83,No,Offline,Good,Good,No,0,High,5.9,A,0.5,2,Neutral,3.3,1.4,4.2,4.0,2.6,3.6,1.9
21,Male,6.94,89.8,7.7,3.4,3.7,1.81,Yes,Hybrid,Good,Excellent,No,2,Low,1.9,A,0.38,1,Positive,1.9,1.4,1.9,2.8,2.0,5.0,2.0
19,Female,2.77,96.0,8.8,6.9,6.9,1.46,No,Online,Average,Good,No,0,Low,3.2,B,0.59,2,Positive,4.3,3.5,2.6,1.7,1.8,3.0,4.3
23,Female,6.17,78.6,5.7,3.8,1.8,1.56,No,Online,Average,Poor,Yes,0,High,1.0,A,0.97,0,Neutral,4.4,2.5,5.0,2.3,1.6,4.6,2.8
21,Female,4.55,90.8,7.1,2.2,4.0,1.86,Yes,Offline,Poor,Good,Yes,3,High,4.5,A,0.61,0,Positive,3.2,2.5,4.3,3.4,2.9,4.4,3.8
24,Male,7.04,64.1,5.9,5.9,2.8,1.82,No,Hybrid,Average,Poor,No,2,Middle,1.2,A,0.59,1,Neutral,3.1,2.9,4.1,4.1,2.1,3.2,3.2
24,Female,3.92,92.6,8.1,4.0,2.3,1.5,No,Online,Average,Good,No,2,Low,2.9,A,0.67,0,Positive,3.1,3.5,4.2,3.4,4.1,4.9,3.9
19,Female,5.62,72.8,8.6,3.8,4.7,1.35,Yes,Online,Average,Good,No,2,Middle,5.6,B,0.42,0,Neutral,3.7,3.6,3.6,3.5,3.1,4.3,2.1
23,Female,6.09,84.7,6.3,6.3,7.4,1.93,No,Offline,Poor,Average,No,0,Middle,5.3,B,0.87,0,Neutral,1.5,3.0,5.0,3.2,3.3,3.5,2.3
24,Female,1.21,73.5,7.8,2.9,4.4,1.69,No,Offline,Average,Excellent,No,1,High,4.7,C,0.48,2,Negative,1.9,2.5,4.5,4.3,3.1,4.2,3.2
20,Female,1.24,80.5,4.9,3.6,4.0,1.48,No,Offline,Poor,Excellent,No,0,Low,4.9,D,0.72,2,Neutral,2.2,3.5,2.7,3.7,2.8,2.7,3.8
18,Female,5.26,81.1,7.4,7.6,4.6,1.61,No,Offline,Good,Excellent,Yes,1,Low,4.3,B,0.73,2,Positive,2.5,2.7,4.0,2.1,4.3,5.0,3.7
17,Female,4.75,67.0,8.0,7.6,4.3,2.08,No,Offline,Average,Average,Yes,1,High,5.3,A,0.8,0,Neutral,3.3,3.4,3.0,1.6,1.3,4.2,1.7
20,Non-Binary,7.03,81.9,7.3,9.1,4.6,1.64,Yes,Online,Poor,Good,No,0,Low,6.1,B,0.64,0,Positive,4.0,3.3,1.1,2.8,3.0,2.8,1.9
20,Male,5.45,90.4,7.8,7.9,4.0,1.51,No,Offline,Average,Excellent,No,1,High,7.6,B,0.38,2,Positive,3.9,1.6,5.0,2.5,1.5,4.6,1.0
21,Male,2.46,81.4,8.4,3.4,5.3,1.65,No,Hybrid,Average,Average,Yes,1,Middle,4.0,B,0.89,0,Positive,1.4,4.3,4.0,3.7,1.2,5.0,4.1
18,Female,5.66,92.2,9.9,4.1,4.1,1.97,Yes,Online,Good,Excellent,No,2,Middle,1.4,A,0.07,1,Positive,4.9,2.5,4.2,2.8,1.6,3.2,3.2
25,Female,3.5,100.0,7.2,5.2,4.1,1.43,No,Offline,Good,Poor,No,2,Low,5.1,B,0.51,1,Positive,5.0,1.6,3.4,3.8,4.9,5.0,1.7
19,Female,4.54,81.8,7.0,7.3,7.7,1.34,No,Offline,Good,Poor,No,1,Middle,6.1,C,0.68,0,Neutral,4.6,3.7,4.5,2.9,2.6,5.0,1.8
19,Female,3.98,94.7,7.9,4.5,3.5,2.09,No,Offline,Good,Good,Yes,2,Middle,4.0,A,0.6,2,Neutral,2.3,3.5,4.9,2.4,3.1,4.2,4.0
21,Male,5.7,82.4,6.1,6.0,6.1,1.79,Yes,Offline,Good,Good,Yes,3,High,3.1,A,0.49,2,Positive,2.5,1.0,2.7,2.1,4.5,3.9,2.7
21,Female,2.16,68.8,8.1,9.6,3.9,1.12,No,Online,Poor,Good,Yes,0,Middle,3.3,D,0.69,1,Positive,1.4,1.7,4.3,2.0,1.9,5.0,1.9
19,Female,2.76,88.7,5.9,4.6,4.7,1.99,Yes,Hybrid,Average,Excellent,Yes,3,Low,2.1,A,0.7,2,Neutral,3.3,2.2,4.3,2.3,2.8,3.8,3.4
19,Male,0.55,68.1,7.2,3.7,4.6,1.45,Yes,Online,Poor,Average,No,0,High,6.8,C,0.84,0,Neutral,3.3,2.5,5.0,3.2,2.7,4.9,2.2
18,Male,9.29,81.0,6.0,4.3,3.3,1.56,Yes,Online,Poor,Average,Yes,1,Low,4.5,A,0.7,1,Positive,2.6,4.3,2.3,3.8,3.9,3.0,2.5
23,Female,3.0,100.0,5.6,3.7,5.3,1.78,No,Offline,Average,Excellent,No,2,High,5.9,B,0.75,2,Neutral,2.1,2.8,4.2,1.0,4.2,3.3,2.2
24,Male,3.27,73.3,7.1,6.2,4.1,2.14,No,Hybrid,Good,Average,Yes,2,Low,5.0,B,0.75,1,Positive,3.2,2.2,4.4,2.6,1.9,5.0,2.0
21,Female,2.69,68.9,5.9,1.2,4.4,1.56,Yes,Offline,Average,Good,Yes,1,Middle,6.2,B,0.67,2,Negative,2.8,4.1,4.5,2.0,2.2,3.9,3.5
23,Male,3.71,76.7,5.6,7.8,2.3,1.86,No,Hybrid,Good,Good,No,2,Low,5.9,B,0.3,1,Neutral,3.4,1.9,4.8,1.8,4.2,5.0,1.4
23,Female,4.12,85.0,6.7,3.3,8.0,2.39,No,Online,Poor,Poor,No,1,Middle,4.6,B,0.33,0,Neutral,4.6,4.9,4.0,2.1,2.2,2.9,3.3
18,Female,6.23,89.2,5.9,6.1,4.0,1.73,No,Offline,Average,Average,No,3,Middle,3.5,A,0.61,1,Positive,3.7,2.7,3.2,3.0,2.7,4.7,2.4
27,Female,5.35,74.5,7.3,5.0,2.9,2.13,No,Offline,Good,Good,No,2,Middle,1.0,A,0.34,0,Positive,3.2,3.5,4.4,1.8,2.5,4.3,3.2
24,Male,5.66,74.0,7.6,5.9,5.2,1.99,No,Offline,Poor,Excellent,No,1,Low,2.7,A,0.08,2,Positive,3.2,4.2,3.8,2.1,4.0,3.9,3.5
19,Female,3.82,86.7,7.5,3.4,4.2,2.08,Yes,Offline,Average,Good,No,1,High,3.9,B,0.88,2,Neutral,2.0,2.3,3.5,4.2,3.3,3.2,4.0
18,Male,4.85,79.7,9.2,8.6,4.6,2.34,No,Online,Average,Good,No,4,High,3.7,A,0.99,1,Positive,2.9,2.8,5.0,2.6,1.0,5.0,3.0
18,Male,7.44,91.0,6.9,6.2,4.3,1.58,No,Offline,Average,Good,Yes,2,Middle,2.4,A,0.39,1,Positive,3.3,2.1,5.0,3.0,1.9,3.6,2.9
18,Non-Binary,4.95,72.1,6.6,5.8,1.9,1.93,No,Online,Poor,Average,No,4,Middle,6.3,B,0.46,2,Positive,3.9,2.8,3.1,2.4,2.5,3.4,1.6
23,Female,5.61,95.0,7.3,3.9,4.7,1.71,Yes,Hybrid,Good,Average,Yes,0,Middle,2.8,A,0.4,2,Positive,3.7,1.4,2.2,2.6,2.8,5.0,3.0
21,Female,0.94,83.3,6.4,6.1,4.4,1.53,No,Online,Poor,Good,No,0,Low,8.7,D,0.58,1,Positive,2.7,2.2,2.5,3.7,4.4,4.3,1.9
24,Male,6.03,79.9,5.4,6.0,2.4,1.71,No,Offline,Poor,Poor,Yes,0,High,2.7,A,0.4,1,Positive,4.4,3.7,2.7,2.8,3.3,4.9,3.6
23,Male,5.52,63.9,7.6,1.6,4.6,1.61,No,Offline,Average,Average,No,2,Middle,3.1,A,0.45,2,Neutral,1.1,3.9,2.3,2.1,2.7,4.8,3.6
22,Male,7.58,77.1,6.0,4.2,4.0,1.87,Yes,Offline,Average,Good,No,3,Middle,2.4,A,0.73,1,Neutral,3.6,2.6,3.4,2.9,3.3,3.9,3.4
23,Female,0.52,79.4,6.0,4.7,3.7,1.92,Yes,Offline,Average,Good,Yes,2,Middle,5.0,C,0.28,0,Neutral,2.0,2.9,2.3,3.2,2.9,2.6,1.8
17,Female,5.04,92.1,6.5,5.5,3.0,1.86,No,Online,Average,Poor,No,2,Middle,5.2,A,0.53,0,Positive,4.5,3.3,5.0,4.1,2.3,3.0,3.3
19,Female,4.74,82.2,7.0,5.2,5.3,1.76,Yes,Hybrid,Average,Good,Yes,3,High,3.6,A,0.28,1,Neutral,4.0,3.3,2.2,1.5,2.1,4.2,3.8
22,Female,5.15,70.1,6.4,6.9,2.9,1.84,No,Offline,Average,Good,Yes,1,Middle,4.5,B,0.28,0,Neutral,1.5,2.8,3.7,2.1,2.6,4.3,2.6
17,Male,3.72,66.2,4.3,10.0,4.0,1.62,No,Hybrid,Poor,Poor,Yes,0,Middle,5.3,D,0.21,0,Neutral,2.0,2.8,3.1,1.0,1.8,4.0,1.5
17,Male,5.4,89.6,7.0,8.6,3.9,2.32,No,Online,Poor,Excellent,No,1,Middle,4.1,B,0.6,2,Positive,1.3,2.1,4.2,1.2,3.1,5.0,1.0
25,Male,6.38,68.4,7.3,5.0,6.1,1.58,No,Hybrid,Good,Poor,No,0,Low,5.2,B,0.47,1,Neutral,3.8,1.6,3.3,3.8,4.1,4.5,4.2
23,Male,5.06,98.4,7.4,7.1,4.8,1.61,Yes,Offline,Average,Excellent,No,3,Middle,4.4,B,0.1,2,Positive,3.5,1.7,3.4,2.9,3.6,2.8,2.5
19,Male,4.38,83.1,9.0,6.3,3.5,1.79,No,Online,Good,Poor,No,2,High,3.3,A,0.57,0,Neutral,3.9,2.2,5.0,2.6,3.8,4.9,2.7
23,Female,4.54,75.1,5.8,5.5,7.0,1.7,No,Offline,Average,Excellent,No,2,Middle,6.9,C,0.21,1,Positive,1.0,1.1,2.8,2.6,2.1,3.6,2.1
24,Male,4.19,71.9,9.2,5.4,7.1,1.3,No,Online,Average,Poor,No,2,Middle,5.3,B,0.91,1,Negative,2.2,1.8,2.7,3.3,1.7,5.0,1.9
19,Female,5.04,94.7,7.4,2.0,6.8,1.4,Yes,Offline,Good,Good,Yes,1,Middle,2.6,A,0.74,1,Positive,3.7,2.4,3.9,3.9,3.8,5.0,3.6
17,Male,3.53,78.9,6.2,6.5,2.7,1.65,No,Offline,Good,Average,Yes,2,Middle,5.3,C,0.77,1,Negative,4.3,1.5,3.3,2.8,3.3,3.7,2.1
26,Non-Binary,0.98,82.2,9.1,8.2,4.8,1.77,Yes,Hybrid,Poor,Good,Yes,1,High,5.7,D,0.79,1,Negative,2.7,1.0,4.7,2.2,2.8,3.3,1.1
20,Female,7.67,59.6,6.7,6.7,1.2,1.65,No,Online,Good,Good,No,1,Low,4.3,A,0.47,1,Neutral,3.3,3.9,2.7,5.0,3.6,3.8,2.7
18,Female,1.44,81.9,8.2,4.0,3.6,1.87,No,Offline,Average,Poor,Yes,3,Middle,4.0,A,0.75,0,Neutral,3.8,3.6,3.3,1.5,2.7,4.6,2.4
21,Male,4.72,69.8,5.7,6.5,5.7,1.88,No,Offline,Average,Good,Yes,0,Middle,7.1,C,0.37,0,Positive,4.5,2.3,4.7,1.9,4.6,3.9,1.7
23,Female,2.34,56.9,8.3,2.3,3.4,1.62,Yes,Online,Poor,Poor,No,3,Middle,4.0,B,0.55,1,Positive,1.4,3.3,5.0,3.7,3.6,4.2,2.7
19,Female,4.38,77.9,8.1,3.7,3.5,1.9,Yes,Offline,Poor,Excellent,Yes,3,High,4.1,B,0.32,2,Neutral,2.8,2.6,2.9,3.9,3.0,3.3,3.4
19,Male,3.02,79.0,6.7,4.6,3.1,2.01,No,Online,Average,Poor,No,1,Low,3.3,B,0.93,0,Neutral,1.5,2.5,4.0,5.0,1.5,3.8,3.0
19,Male,4.86,67.5,8.8,5.4,4.0,1.81,No,Online,Poor,Good,Yes,3,Low,3.8,A,0.11,1,Neutral,3.5,3.4,2.5,2.4,2.5,3.2,2.7
29,Male,3.26,100.0,5.4,1.5,1.3,2.38,No,Hybrid,Poor,Good,Yes,1,Middle,1.1,A,0.38,0,Positive,1.6,3.5,3.9,3.9,4.2,4.2,4.1
18,Female,2.35,68.2,9.7,8.5,3.2,1.8,Yes,Hybrid,Good,Average,Yes,0,Middle,5.7,B,0.33,0,Neutral,3.0,1.4,3.2,2.0,3.6,5.0,2.7
21,Female,5.56,71.0,5.3,1.1,7.1,2.06,No,Offline,Poor,Average,Yes,2,Middle,3.7,A,0.97,2,Negative,3.1,4.2,4.9,4.3,4.6,3.7,4.5
26,Female,7.61,83.1,7.4,4.0,7.2,1.67,Yes,Hybrid,Average,Good,No,5,High,3.6,A,0.58,1,Neutral,2.2,3.2,3.2,2.0,2.1,5.0,3.2
18,Male,5.63,83.5,7.0,7.8,4.8,1.62,Yes,Hybrid,Average,Good,Yes,1,Middle,5.1,A,0.34,2,Positive,4.0,3.0,4.6,2.7,1.2,4.9,3.1
28,Male,5.15,83.1,3.2,5.6,3.8,1.67,No,Offline,Average,Excellent,Yes,0,Low,5.6,B,0.64,2,Neutral,3.2,2.8,3.4,2.9,3.9,3.0,1.0
26,Female,2.83,77.5,7.3,6.4,3.6,2.15,Yes,Hybrid,Average,Average,No,0,Low,3.0,B,0.85,2,Neutral,3.0,2.6,5.0,1.7,3.8,4.5,3.9
25,Male,4.76,96.1,6.5,6.3,5.5,2.02,Yes,Offline,Average,Good,No,3,Low,3.4,A,0.48,2,Neutral,2.3,2.4,5.0,3.1,3.1,3.1,2.7
19,Female,5.82,71.8,5.7,9.4,4.8,1.71,No,Online,Average,Average,No,1,Middle,4.5,B,0.25,2,Positive,2.8,2.5,3.6,1.8,4.0,3.9,1.8
22,Female,3.63,61.1,6.1,3.4,3.0,1.87,Yes,Online,Poor,Average,No,0,High,5.3,C,0.35,2,Neutral,2.1,2.0,3.5,3.1,4.5,4.5,2.5
23,Male,6.73,69.4,5.1,4.7,2.4,1.86,Yes,Offline,Average,Good,No,2,High,4.2,B,0.88,2,Neutral,2.7,3.2,3.9,3.1,2.7,3.7,2.0
28,Female,4.84,78.6,8.2,4.7,3.7,1.5,No,Offline,Average,Average,Yes,2,Low,6.9,B,0.72,1,Neutral,3.0,1.5,4.1,2.7,4.4,4.4,2.6
18,Male,5.63,81.0,5.7,1.7,5.1,2.13,No,Offline,Average,Good,No,2,High,3.8,A,0.43,2,Positive,5.0,2.8,4.4,3.9,1.3,4.4,4.1
23,Female,3.93,100.0,6.5,7.4,1.7,2.05,No,Offline,Poor,Good,No,1,Low,6.0,C,0.43,1,Positive,2.9,3.5,3.0,2.9,3.1,4.4,3.1
20,Male,3.94,79.3,8.6,7.7,2.7,1.7,Yes,Online,Average,Good,Yes,1,Middle,1.6,B,0.64,1,Neutral,2.3,1.5,3.1,2.1,3.1,4.5,2.8
18,Female,5.36,75.4,9.1,6.6,5.1,2.35,Yes,Offline,Good,Excellent,Yes,2,Low,4.5,A,0.7,1,Neutral,1.7,2.1,2.7,2.2,3.3,5.0,2.0
20,Male,5.69,74.6,5.1,1.6,4.2,1.24,No,Offline,Average,Good,Yes,3,Low,7.9,A,0.63,2,Neutral,3.6,2.8,4.6,3.6,3.8,4.4,1.6
24,Male,5.61,71.6,7.4,5.8,3.0,2.13,No,Offline,Average,Good,Yes,3,High,6.3,A,0.77,1,Positive,2.0,2.0,3.3,3.4,4.0,3.7,1.5
21,Female,2.88,87.6,8.6,7.3,3.2,1.54,No,Hybrid,Good,Good,Yes,0,Middle,4.9,C,0.35,0,Positive,3.4,2.2,2.9,2.9,2.5,5.0,2.2
21,Male,3.44,67.8,8.3,3.5,4.7,1.76,No,Offline,Average,Good,Yes,0,Middle,7.6,A,0.83,0,Neutral,4.4,3.1,4.2,2.6,1.9,3.8,3.0
29,Female,4.87,94.4,5.5,5.9,4.7,1.6,Yes,Hybrid,Poor,Poor,No,2,Middle,4.8,B,0.99,1,Positive,3.8,3.7,5.0,2.1,3.9,4.7,2.7
20,Male,1.2,70.4,6.4,6.1,2.1,1.31,No,Online,Average,Poor,No,1,Low,6.7,C,0.59,1,Positive,2.1,3.4,3.8,2.0,2.1,4.5,2.6
22,Female,7.0,73.3,7.3,5.8,5.5,1.52,No,Online,Poor,Poor,No,2,Middle,4.0,B,0.54,1,Positive,3.2,3.1,2.7,3.3,1.4,5.0,2.4
20,Male,5.54,80.7,8.1,7.0,5.1,2.38,Yes,Offline,Poor,Good,No,2,High,3.6,A,0.21,2,Positive,4.3,2.3,3.2,1.2,3.3,3.7,2.8
20,Female,4.99,63.2,7.9,4.3,4.0,1.67,No,Offline,Good,Excellent,Yes,1,Low,1.0,A,0.43,2,Neutral,3.3,2.3,2.6,3.1,2.7,5.0,2.8
23,Male,3.48,81.5,5.4,4.3,1.8,1.76,Yes,Online,Good,Average,No,1,Middle,6.9,C,0.82,1,Negative,2.8,3.3,5.0,2.0,1.5,5.0,2.2
26,Male,6.54,80.0,7.8,4.9,0.7,1.79,Yes,Offline,Good,Average,No,3,Middle,3.8,A,0.68,2,Positive,3.9,3.1,4.6,3.1,1.6,5.0,3.1
21,Male,4.36,94.0,8.3,1.9,3.9,1.77,Yes,Offline,Average,Excellent,Yes,2,Middle,3.7,A,0.78,2,Positive,3.5,3.6,2.9,3.1,2.9,4.4,4.5
23,Female,8.7,87.7,8.8,5.3,4.9,1.26,Yes,Online,Good,Excellent,Yes,5,Middle,3.9,A,0.53,2,Positive,3.1,2.4,3.5,3.1,2.6,5.0,2.6
18,Male,5.69,55.1,7.6,5.4,4.4,1.44,No,Hybrid,Poor,Good,Yes,0,Middle,4.2,B,0.83,2,Neutral,3.7,2.8,4.3,2.8,3.4,3.7,2.9
19,Female,1.92,84.0,5.9,3.6,5.4,2.2,Yes,Online,Average,Average,Yes,2,High,5.0,B,0.48,0,Positive,3.3,3.1,2.7,3.7,3.3,4.0,1.9
21,Female,6.35,69.8,7.4,4.6,4.4,1.53,No,Offline,Average,Average,Yes,0,Middle,6.7,B,0.89,1,Positive,2.5,2.3,5.0,3.1,3.3,3.8,2.7
17,Male,3.84,70.0,7.4,4.5,3.7,1.96,Yes,Hybrid,Poor,Poor,Yes,2,Middle,5.6,B,0.7,0,Negative,3.2,3.7,4.2,5.0,2.2,3.1,2.9
19,Female,3.86,71.4,5.5,5.1,4.9,1.81,No,Hybrid,Good,Average,Yes,0,Middle,4.4,B,0.48,0,Negative,2.7,1.5,4.3,2.4,2.8,3.9,2.5
21,Male,4.41,100.0,5.4,5.5,5.5,1.83,Yes,Online,Poor,Average,Yes,1,Middle,3.9,A,0.11,0,Positive,4.2,2.1,1.9,1.9,3.4,3.9,2.8
17,Male,4.64,75.6,7.7,3.7,2.6,2.02,Yes,Online,Average,Good,No,2,Middle,3.8,A,0.81,0,Neutral,2.7,2.2,4.1,4.0,2.8,5.0,3.4
19,Female,5.4,80.2,8.6,8.2,5.8,1.91,No,Online,Average,Poor,Yes,2,Middle,3.2,B,0.6,1,Positive,2.7,2.0,3.7,1.9,4.1,3.9,3.9
21,Female,6.42,89.5,7.1,5.7,4.5,1.89,No,Hybrid,Average,Average,Yes,2,Middle,3.7,A,0.49,2,Positive,3.8,2.2,2.8,2.8,2.5,4.9,3.3
21,Female,5.8,99.0,7.2,5.6,3.7,1.17,No,Hybrid,Good,Average,No,2,Middle,4.8,A,0.54,2,Positive,2.8,2.2,3.5,1.3,3.6,5.0,4.3
26,Male,3.44,76.1,6.2,4.0,5.8,1.81,No,Offline,Good,Good,No,2,Low,4.3,A,0.14,2,Neutral,3.1,3.5,3.8,2.8,3.2,5.0,1.9
22,Male,2.19,81.6,6.6,5.1,3.6,1.85,No,Online,Average,Good,Yes,1,Middle,3.9,B,0.3,1,Positive,2.7,2.9,2.6,4.3,2.3,5.0,3.1
20,Male,3.28,82.8,7.7,5.5,4.8,2.02,Yes,Offline,Average,Good,No,3,High,4.2,B,0.91,2,Negative,2.2,2.0,4.5,3.1,3.8,4.6,2.5
26,Female,5.61,81.0,8.0,6.6,6.6,1.45,No,Offline,Average,Average,Yes,2,High,6.3,B,0.92,1,Positive,2.7,2.9,5.0,2.8,2.4,3.3,1.5
24,Female,6.62,77.9,6.9,3.3,4.5,2.2,Yes,Offline,Good,Average,Yes,2,High,1.7,A,0.3,0,Neutral,2.4,3.4,2.2,3.1,3.6,5.0,4.6
19,Female,8.49,68.4,4.3,8.0,2.8,1.36,No,Online,Good,Poor,Yes,4,Middle,2.7,A,0.64,0,Neutral,5.0,1.0,3.8,2.1,3.8,5.0,2.9
18,Male,2.19,74.7,7.1,3.3,5.2,1.32,Yes,Online,Good,Average,No,1,Low,3.2,C,0.56,2,Negative,2.7,2.6,2.9,4.5,3.8,2.7,4.2
22,Male,5.04,71.8,5.3,8.6,2.6,1.98,No,Online,Good,Excellent,Yes,1,Middle,4.7,B,0.74,1,Positive,2.5,2.7,4.5,1.0,3.0,3.5,2.1
21,Male,4.43,69.8,4.7,3.3,6.1,1.68,No,Offline,Poor,Excellent,No,1,Low,6.8,C,0.39,1,Negative,3.9,3.3,3.0,3.9,1.8,3.2,2.0
24,Male,4.08,74.4,6.2,3.9,4.2,1.7,No,Online,Average,Good,Yes,2,High,6.4,B,0.81,2,Neutral,3.8,3.4,5.0,3.0,3.3,3.1,3.3
23,Male,5.16,79.4,8.8,3.8,5.5,1.75,Yes,Offline,Average,Excellent,No,1,Middle,6.9,B,0.78,1,Neutral,2.1,2.3,4.5,3.5,4.7,3.8,2.8
22,Female,4.39,73.1,5.2,6.2,2.8,1.8,No,Offline,Average,Good,Yes,0,High,3.8,B,0.8,0,Negative,3.2,2.9,4.5,4.1,4.8,5.0,3.5
28,Female,4.35,75.9,7.1,5.6,3.5,1.31,No,Offline,Average,Poor,No,1,High,5.6,B,0.9,0,Neutral,2.7,1.2,5.0,2.0,2.2,4.9,3.2
21,Female,3.59,89.3,7.3,7.9,6.1,1.41,No,Hybrid,Poor,Excellent,No,1,High,4.8,C,0.42,2,Positive,3.3,2.2,3.7,2.8,3.3,4.2,1.8
18,Male,5.67,87.6,8.6,5.0,6.4,2.24,No,Online,Poor,Poor,No,4,High,6.0,A,0.82,0,Positive,2.7,4.1,3.9,2.1,2.2,4.3,3.1
24,Male,6.99,70.0,6.2,7.4,2.2,2.39,No,Online,Good,Good,Yes,3,Middle,6.2,A,0.27,0,Neutral,1.0,3.1,3.6,4.8,4.6,5.0,1.7
19,Female,8.15,61.3,7.0,3.9,3.3,1.74,No,Offline,Poor,Average,No,2,Middle,4.0,A,0.78,1,Positive,3.5,3.1,3.7,3.7,3.7,3.7,3.9
24,Male,3.83,100.0,5.7,5.2,3.1,2.02,Yes,Offline,Good,Average,No,3,Middle,2.4,A,0.76,2,Positive,3.5,2.3,3.0,1.8,3.2,3.7,3.0
27,Female,2.77,78.0,6.1,2.9,1.5,1.73,Yes,Online,Average,Good,Yes,2,Low,1.0,B,0.58,1,Neutral,1.8,4.1,2.5,2.8,3.6,5.0,3.0
23,Female,4.36,98.2,7.6,10.0,3.5,1.68,No,Offline,Poor,Good,No,0,Low,2.3,B,0.39,1,Positive,4.0,2.0,2.1,2.5,1.0,3.3,1.6
22,Male,3.21,79.5,8.2,5.1,4.6,1.74,No,Hybrid,Average,Average,No,0,Low,2.3,B,0.38,2,Neutral,4.0,2.4,3.2,4.2,2.6,2.8,3.3
21,Female,6.94,98.3,4.6,4.0,4.0,1.83,Yes,Online,Average,Average,No,2,High,1.6,A,0.73,2,Positive,4.2,4.0,4.3,3.3,3.3,4.0,2.8
20,Male,3.24,84.5,4.5,4.6,5.1,1.89,No,Hybrid,Average,Average,Yes,1,Low,8.0,B,0.16,1,Neutral,1.5,2.9,1.5,2.3,2.1,2.9,1.9
20,Female,5.03,79.3,6.2,5.1,5.6,1.43,No,Offline,Average,Excellent,No,1,Middle,3.4,B,0.34,1,Neutral,3.8,3.0,4.5,3.9,2.6,4.8,1.9
22,Female,2.19,74.2,8.2,3.8,5.6,1.47,No,Hybrid,Average,Good,Yes,1,Low,3.2,B,0.7,2,Neutral,2.2,1.8,4.6,2.8,3.5,4.7,2.8
23,Male,4.18,78.3,5.9,3.8,5.4,1.84,No,Offline,Good,Good,Yes,1,High,3.5,B,0.41,0,Neutral,1.8,2.5,3.7,3.1,3.6,4.5,2.3
22,Male,5.26,70.7,8.2,5.1,4.5,1.48,No,Online,Good,Average,Yes,3,Middle,7.6,A,0.52,2,Neutral,2.5,3.3,4.5,3.3,2.7,4.8,3.2
18,Female,7.94,83.1,6.7,1.6,2.3,1.7,Yes,Hybrid,Average,Excellent,No,3,Middle,3.5,A,0.71,1,Positive,2.8,3.2,3.6,2.5,3.0,4.2,3.1
21,Female,3.5,79.6,6.2,2.2,2.4,1.39,Yes,Online,Average,Average,Yes,1,Middle,6.0,B,0.57,1,Neutral,2.5,3.1,2.4,3.1,2.1,4.1,2.9
24,Male,5.62,85.5,7.7,6.7,4.5,1.65,No,Hybrid,Average,Average,No,4,High,4.4,A,0.35,1,Positive,4.2,1.6,3.7,2.4,2.3,4.9,2.3
21,Female,0.72,85.7,7.0,5.8,2.5,2.39,No,Offline,Average,Average,Yes,3,Low,1.9,B,0.41,1,Positive,2.0,3.3,3.0,1.7,3.8,3.4,3.7
21,Male,2.47,68.8,7.3,5.2,5.2,1.5,Yes,Hybrid,Average,Excellent,Yes,1,High,8.9,D,0.62,2,Positive,4.0,2.4,4.4,2.8,1.9,5.0,3.3
24,Male,3.25,83.2,4.4,3.0,3.7,1.57,Yes,Offline,Good,Average,No,2,Middle,5.6,B,0.85,2,Negative,2.6,3.2,4.8,1.0,4.0,4.2,2.9
22,Male,3.88,80.4,7.1,6.4,3.7,1.92,Yes,Online,Average,Average,No,4,Low,3.7,A,0.94,1,Neutral,3.1,3.6,4.9,1.8,4.0,5.0,2.0
20,Male,5.74,91.0,7.1,6.8,0.6,1.55,Yes,Hybrid,Good,Good,Yes,1,Low,7.3,B,0.67,0,Positive,2.7,3.9,2.7,2.9,3.5,5.0,1.1
25,Male,6.14,97.0,10.0,6.2,5.7,1.94,No,Offline,Poor,Average,Yes,1,High,3.4,A,0.16,1,Neutral,2.2,1.9,5.0,3.5,3.6,4.1,3.3
18,Non-Binary,1.66,75.9,6.8,8.0,5.0,2.04,Yes,Offline,Good,Good,Yes,1,Low,5.0,B,0.93,1,Positive,2.2,2.1,3.1,2.0,1.7,5.0,1.8
29,Male,5.94,58.3,7.1,5.4,2.7,1.92,Yes,Online,Poor,Good,No,1,High,3.7,A,0.75,1,Neutral,1.7,3.2,4.3,2.1,3.6,3.3,2.9
18,Male,2.65,79.5,8.3,6.0,4.2,1.61,Yes,Hybrid,Average,Good,Yes,2,Low,6.2,B,0.5,1,Positive,1.6,2.1,3.8,2.2,1.9,4.1,3.0
17,Male,8.55,79.4,8.3,5.2,4.9,2.2,Yes,Online,Average,Average,No,3,Middle,4.9,A,0.55,2,Positive,2.8,3.5,3.6,4.4,1.2,3.0,3.3
25,Female,5.5,69.8,7.7,4.0,0.6,1.9,No,Offline,Poor,Average,No,2,Middle,4.1,A,0.72,2,Neutral,4.4,3.4,2.1,4.2,3.3,5.0,3.3
19,Female,5.18,84.2,8.4,5.2,2.8,1.77,No,Offline,Poor,Excellent,Yes,2,Middle,2.2,A,0.32,2,Positive,1.9,3.2,2.4,2.6,4.8,5.0,2.2
23,Male,4.52,77.5,4.6,6.6,5.7,1.84,Yes,Hybrid,Good,Excellent,Yes,2,Middle,4.3,B,0.31,1,Positive,3.2,2.3,3.2,1.7,2.3,3.4,2.3
24,Male,4.81,86.7,6.7,3.9,2.5,2.01,No,Offline,Good,Average,Yes,4,High,1.9,A,0.63,0,Positive,2.9,3.0,4.3,4.6,3.5,4.5,3.3
25,Male,4.88,67.0,6.3,4.1,3.0,1.91,Yes,Hybrid,Good,Average,Yes,2,High,6.0,A,1.0,1,Neutral,4.3,3.3,3.7,5.0,3.5,4.9,1.7
29,Male,3.49,82.7,7.1,6.5,7.1,1.87,No,Hybrid,Poor,Poor,No,2,Middle,3.5,C,0.65,0,Neutral,3.5,2.7,4.3,3.0,3.1,4.3,2.8
19,Male,6.37,77.8,4.9,4.8,2.5,1.99,No,Online,Good,Good,No,2,Middle,6.4,A,0.29,0,Positive,2.4,1.6,3.8,3.3,1.5,3.6,2.4
23,Male,5.41,77.7,7.8,6.3,5.7,1.53,Yes,Offline,Average,Good,No,0,Middle,7.5,C,0.09,0,Positive,1.8,3.6,3.8,2.0,3.2,5.0,2.1
18,Male,6.37,89.9,6.5,3.6,3.6,1.71,Yes,Offline,Good,Average,Yes,1,High,2.0,A,0.34,0,Positive,1.1,3.1,3.8,3.7,4.5,5.0,3.3
20,Female,4.75,73.7,7.7,5.0,1.4,2.39,Yes,Online,Poor,Good,No,5,High,2.8,A,0.65,2,Positive,2.2,2.8,3.8,3.0,4.0,5.0,2.8
24,Male,6.23,75.8,7.0,4.4,2.9,1.81,Yes,Hybrid,Average,Good,Yes,2,Low,2.5,A,0.36,2,Positive,5.0,3.8,3.6,2.7,1.1,4.6,4.4
20,Female,3.36,87.7,7.5,4.8,3.9,1.95,Yes,Online,Poor,Excellent,Yes,1,Middle,5.5,B,0.8,1,Neutral,2.4,2.7,3.9,2.2,4.1,4.4,2.2
22,Female,12.0,64.2,8.3,3.6,4.1,1.44,Yes,Offline,Poor,Poor,No,3,High,5.6,A,0.37,0,Positive,1.1,2.2,5.0,3.9,3.0,3.0,2.4
21,Female,3.45,86.9,6.1,7.7,4.5,1.53,No,Online,Poor,Average,No,1,Low,7.8,C,0.49,2,Positive,1.4,2.1,2.4,3.4,4.3,3.1,1.1
22,Male,3.98,72.5,5.1,5.4,1.9,1.46,No,Offline,Average,Poor,Yes,2,High,4.4,B,0.96,0,Neutral,4.6,3.7,5.0,3.2,1.5,3.7,3.1
28,Male,6.8,56.2,6.9,4.3,4.0,1.5,No,Hybrid,Average,Excellent,No,4,Middle,5.6,A,0.33,2,Negative,2.6,2.1,4.0,4.5,2.4,5.0,2.5
17,Male,7.34,94.3,6.1,7.7,6.1,1.87,No,Online,Average,Good,No,4,Low,5.6,A,0.4,0,Positive,3.4,1.0,3.3,2.9,3.1,4.3,1.0
21,Female,3.28,96.6,6.8,3.4,2.4,2.3,No,Hybrid,Poor,Good,No,1,Middle,3.4,A,0.46,0,Positive,3.3,2.5,3.8,3.2,4.3,2.9,4.3
25,Male,1.55,80.7,6.2,4.0,2.3,1.79,No,Hybrid,Average,Poor,Yes,2,Middle,5.8,C,0.54,0,Neutral,2.4,3.3,3.8,2.5,2.8,3.4,1.7
21,Female,2.08,69.3,4.3,6.5,6.4,1.59,No,Offline,Poor,Average,No,0,High,9.8,Fail,0.61,2,Positive,2.5,3.5,4.1,1.3,2.5,4.6,1.0
17,Female,2.88,61.5,5.7,5.7,4.5,1.59,Yes,Offline,Average,Average,No,1,Middle,7.3,C,0.16,0,Negative,2.1,2.8,4.4,3.0,2.9,4.0,2.3
21,Male,3.3,82.9,6.0,5.6,1.7,1.46,Yes,Offline,Good,Good,No,0,Middle,7.6,C,0.28,2,Neutral,1.2,2.4,4.8,2.1,4.9,3.5,2.2
20,Female,4.54,95.3,7.3,6.0,2.6,1.49,No,Online,Poor,Average,No,0,High,8.8,B,0.47,1,Neutral,4.0,1.5,4.3,3.2,2.0,3.8,1.4
18,Male,6.93,64.1,7.8,5.5,2.8,1.37,Yes,Online,Average,Poor,No,2,Low,4.9,A,0.38,0,Positive,3.8,2.3,3.8,2.0,2.6,4.1,2.0
24,Male,7.03,79.1,8.6,3.5,4.6,1.37,Yes,Offline,Poor,Good,Yes,1,Middle,4.7,A,0.81,0,Positive,3.0,1.5,3.1,4.3,2.0,3.7,3.3
21,Male,3.65,95.7,7.3,7.9,4.9,1.43,No,Hybrid,Average,Average,Yes,2,Middle,7.1,B,0.9,1,Positive,3.1,3.2,3.7,2.8,3.5,5.0,2.6
26,Male,5.95,87.8,9.3,7.8,5.2,1.91,No,Online,Average,Good,No,2,Low,7.0,A,0.74,2,Neutral,4.0,1.5,4.0,2.1,2.0,5.0,1.9
24,Female,6.63,77.7,9.0,7.0,5.6,2.07,Yes,Offline,Poor,Average,Yes,1,Low,5.3,C,0.24,0,Neutral,1.0,1.8,3.0,3.2,3.1,3.6,1.8
23,Male,7.68,100.0,6.5,3.6,5.0,1.74,No,Online,Average,Excellent,Yes,3,Middle,3.6,A,0.93,1,Neutral,3.5,1.9,4.6,3.7,2.2,3.5,3.8
17,Male,4.55,66.3,6.6,4.0,4.4,1.65,Yes,Online,Average,Good,No,0,Low,4.5,C,0.64,0,Negative,4.0,2.8,2.4,4.7,3.4,2.6,2.9
20,Female,3.38,84.9,5.7,7.5,5.2,2.31,Yes,Offline,Poor,Excellent,Yes,1,Middle,5.2,B,0.55,1,Neutral,4.9,2.6,4.0,2.2,3.2,4.0,2.1
18,Female,6.37,90.3,6.9,3.9,2.5,1.31,Yes,Online,Average,Good,No,3,Middle,4.8,A,0.48,1,Positive,3.9,3.8,5.0,3.6,3.9,5.0,3.2
26,Male,7.9,65.5,6.6,4.4,6.5,1.91,Yes,Online,Poor,Excellent,No,2,Middle,3.4,B,0.85,2,Positive,4.6,2.8,3.3,2.6,3.5,4.4,3.5
18,Female,3.82,74.4,7.6,4.8,3.9,2.26,No,Online,Good,Excellent,Yes,3,Middle,5.7,A,0.81,2,Positive,2.8,2.2,4.3,3.1,4.2,5.0,2.7
19,Female,8.76,75.2,9.2,4.3,4.1,1.7,No,Offline,Average,Good,No,3,Middle,3.0,A,0.72,2,Neutral,3.0,3.6,3.6,4.7,5.0,5.0,3.4
21,Male,8.3,100.0,9.7,5.3,5.0,1.7,No,Online,Average,Excellent,Yes,2,Low,3.3,A,0.06,2,Positive,2.2,3.0,3.7,4.4,5.0,4.7,2.8
19,Male,4.34,78.9,7.8,1.0,1.9,1.62,Yes,Hybrid,Average,Average,No,2,Low,5.4,A,0.83,1,Negative,2.4,3.3,4.0,3.7,3.4,4.9,2.8
19,Male,1.73,78.4,5.9,3.6,3.1,1.27,Yes,Offline,Average,Average,No,2,Middle,3.9,B,0.23,2,Positive,3.9,2.6,3.0,2.9,3.3,4.1,2.6
22,Female,3.67,73.8,7.4,1.2,4.2,1.25,No,Hybrid,Average,Poor,Yes,0,High,2.8,B,0.68,0,Positive,3.4,2.6,3.6,3.7,2.7,4.1,3.5
18,Female,4.16,100.0,7.6,4.8,3.2,1.56,Yes,Offline,Average,Good,Yes,2,Low,4.6,A,0.69,0,Positive,3.5,3.3,4.0,3.2,2.7,5.0,3.1
17,Female,5.93,100.0,6.1,5.9,2.9,2.39,Yes,Hybrid,Average,Good,Yes,2,Middle,3.9,A,0.74,1,Positive,1.5,2.6,3.6,3.3,3.3,5.0,3.7
20,Female,1.52,70.6,6.8,3.6,3.7,1.72,No,Offline,Poor,Good,No,2,Middle,6.6,B,0.23,1,Positive,3.5,1.7,5.0,1.2,2.1,3.9,1.5
23,Male,9.73,71.9,8.0,5.5,5.2,1.96,No,Online,Poor,Average,No,1,Middle,4.9,A,0.8,1,Positive,4.4,2.5,4.2,4.4,3.6,4.2,4.0
21,Male,9.55,85.8,6.4,5.9,6.8,1.46,Yes,Online,Average,Good,Yes,1,High,1.4,A,0.59,0,Neutral,3.4,3.4,4.5,3.8,1.2,4.6,3.1
20,Male,3.42,81.8,5.7,6.4,5.1,1.39,No,Offline,Poor,Average,No,0,Low,7.8,C,0.49,2,Neutral,2.0,4.4,1.8,2.4,3.2,4.2,2.7
21,Female,1.14,83.6,6.7,5.2,5.9,1.73,No,Online,Poor,Good,Yes,3,Low,8.7,C,0.34,0,Positive,3.0,2.5,3.4,1.3,2.2,3.5,2.5
20,Female,4.53,72.2,7.3,5.6,5.3,1.64,Yes,Offline,Average,Average,No,0,Middle,6.9,C,0.76,1,Positive,4.4,3.3,2.6,3.6,2.6,3.3,2.6
26,Male,5.71,61.0,8.6,7.9,6.6,1.96,Yes,Offline,Poor,Excellent,No,2,Low,7.0,C,0.84,1,Neutral,3.3,2.0,3.6,4.3,3.6,3.3,2.5
17,Female,7.56,81.3,6.1,5.0,5.5,1.99,No,Offline,Average,Average,Yes,3,Middle,3.8,A,0.38,0,Neutral,4.3,2.8,4.4,4.5,1.9,4.0,2.6
22,Male,6.29,69.9,7.9,6.8,0.5,1.98,No,Online,Average,Average,No,2,High,3.1,A,0.61,0,Positive,4.9,2.7,5.0,2.6,2.3,5.0,2.9
25,Male,4.46,100.0,7.1,4.5,5.3,1.61,No,Hybrid,Good,Excellent,No,2,Middle,3.8,A,0.78,2,Positive,2.8,4.0,5.0,1.7,1.8,4.6,3.6
24,Male,0.93,81.8,7.6,3.7,4.0,2.02,No,Hybrid,Average,Good,No,2,Low,5.9,B,0.19,1,Neutral,1.9,3.8,3.2,1.5,4.3,3.8,1.7
18,Male,5.88,82.7,7.4,4.6,4.9,1.36,Yes,Online,Average,Poor,Yes,2,Low,5.7,B,0.73,0,Positive,2.5,3.3,4.8,3.3,1.0,4.4,3.5
19,Male,6.55,84.3,6.0,9.1,4.6,1.82,No,Hybrid,Poor,Good,Yes,1,High,3.9,B,0.89,0,Positive,4.9,1.5,5.0,3.1,2.5,2.8,3.1
23,Male,4.24,73.5,4.0,1.0,3.3,1.27,Yes,Offline,Good,Poor,Yes,0,Middle,4.6,C,0.48,0,Negative,3.8,3.8,2.8,4.3,3.8,3.7,4.2
18,Male,5.41,82.1,5.8,5.8,5.8,1.32,Yes,Online,Average,Excellent,No,2,High,2.9,B,0.96,1,Positive,3.3,3.8,5.0,3.2,4.1,5.0,3.6
24,Male,5.27,68.6,7.4,3.2,5.3,1.91,Yes,Offline,Poor,Good,No,3,Middle,5.4,B,0.82,0,Positive,4.1,3.5,3.4,2.8,4.2,5.0,4.1
23,Female,4.37,80.1,7.1,2.9,4.0,1.93,Yes,Online,Average,Average,Yes,2,High,3.3,A,0.5,0,Negative,2.6,3.6,3.8,3.3,3.7,5.0,3.5
23,Male,2.55,84.9,7.4,2.5,3.0,1.86,Yes,Online,Average,Good,No,2,High,3.4,A,0.35,0,Positive,2.7,3.2,4.2,2.5,2.1,4.7,4.3
18,Non-Binary,5.54,80.4,6.8,5.3,2.6,1.92,No,Hybrid,Good,Poor,Yes,3,Middle,6.6,A,0.29,0,Positive,2.3,2.5,4.5,3.5,3.2,4.6,2.9
23,Male,2.02,51.2,7.1,5.6,4.7,1.52,No,Offline,Good,Good,Yes,0,High,6.8,C,0.83,0,Negative,5.0,3.1,4.2,3.3,1.2,4.5,1.9
22,Male,7.66,85.9,6.5,3.8,6.6,1.57,No,Online,Good,Excellent,Yes,2,Middle,4.2,A,0.85,2,Positive,3.2,2.8,3.1,3.4,2.3,4.5,3.2
24,Male,3.06,72.0,8.6,7.9,2.5,1.64,No,Online,Poor,Excellent,Yes,0,Low,6.5,B,0.46,1,Negative,2.9,1.1,1.8,2.5,1.9,3.6,1.7
17,Male,5.84,90.0,5.3,1.6,4.0,1.61,Yes,Offline,Poor,Average,Yes,1,Low,5.8,A,0.38,2,Neutral,3.2,4.3,3.0,3.6,2.4,3.8,3.1
17,Female,3.39,80.9,6.1,6.8,4.5,1.88,No,Offline,Average,Average,Yes,4,Middle,2.7,B,0.64,1,Neutral,2.9,3.0,5.0,2.3,2.9,4.3,2.3
20,Male,5.61,79.8,5.9,3.9,5.0,2.22,Yes,Offline,Good,Poor,No,2,Low,3.4,A,0.78,0,Neutral,2.2,1.3,3.3,2.9,1.8,3.8,2.8
18,Female,4.43,85.0,6.8,4.7,5.8,1.69,No,Hybrid,Average,Good,No,3,Low,4.0,B,0.61,2,Positive,4.1,1.0,4.5,3.5,4.4,4.2,3.2
21,Female,5.92,73.3,7.8,5.7,5.4,1.53,No,Offline,Poor,Good,Yes,3,Middle,3.2,B,1.0,2,Positive,1.3,2.5,3.6,4.0,1.7,4.0,1.9
26,Female,3.27,80.6,9.1,5.0,2.6,1.56,No,Online,Poor,Good,No,0,High,5.4,C,0.81,0,Negative,3.2,3.2,4.5,3.2,3.3,3.8,2.6
20,Female,1.59,76.3,8.2,4.2,3.0,1.57,No,Offline,Good,Excellent,No,1,Middle,2.9,B,0.2,1,Negative,3.6,2.4,3.6,2.9,1.3,5.0,2.8
24,Female,4.29,85.8,8.2,1.6,6.3,2.38,Yes,Offline,Good,Average,Yes,3,Middle,4.7,A,0.63,1,Neutral,1.5,2.5,4.6,3.6,3.2,3.6,3.5
17,Male,4.15,89.4,8.7,4.4,4.2,2.07,No,Offline,Average,Poor,No,0,Low,3.4,A,0.72,0,Positive,3.5,2.7,2.7,2.3,1.7,3.5,4.1
18,Female,1.84,71.6,8.3,4.9,2.5,1.75,No,Online,Good,Poor,No,0,Low,5.2,B,0.45,0,Positive,2.6,2.6,3.1,3.7,4.3,3.2,3.2
17,Male,3.47,75.6,8.2,1.0,4.6,1.77,No,Hybrid,Poor,Average,No,2,Middle,3.7,A,0.56,1,Neutral,1.4,3.2,4.8,3.4,2.9,3.0,2.4
19,Male,1.5,71.8,5.9,5.6,4.9,1.52,Yes,Hybrid,Average,Poor,No,0,High,7.3,D,0.18,0,Positive,3.2,1.7,2.4,2.3,2.5,5.0,2.4
25,Male,5.08,98.7,6.3,7.7,6.1,2.0,No,Hybrid,Average,Good,No,4,Middle,1.0,A,0.46,1,Neutral,3.9,2.5,4.3,3.3,3.5,5.0,2.8
18,Female,4.1,72.1,7.8,2.1,5.1,2.14,No,Hybrid,Average,Average,Yes,2,Middle,4.7,A,0.39,1,Neutral,5.0,3.2,2.4,3.4,2.8,4.0,3.8
22,Female,4.88,79.3,7.2,7.4,4.9,1.84,No,Hybrid,Average,Average,No,3,Middle,4.4,B,0.46,0,Neutral,2.6,1.2,3.5,2.7,3.6,4.0,1.4
20,Male,10.06,77.7,6.6,3.7,3.8,1.8,Yes,Offline,Average,Good,Yes,2,Low,4.3,A,0.5,0,Positive,3.5,3.3,3.4,3.3,3.9,3.9,3.3
26,Female,5.17,70.6,8.4,5.1,2.9,1.96,No,Hybrid,Good,Average,No,4,Middle,2.0,A,0.71,2,Neutral,3.9,2.4,3.3,2.4,2.8,4.4,3.6
18,Male,5.6,85.8,6.5,3.5,2.5,2.05,Yes,Online,Average,Good,Yes,2,Middle,5.3,B,0.15,1,Neutral,3.1,2.3,4.0,3.3,2.9,5.0,3.8
19,Male,6.11,77.2,7.5,1.2,5.2,1.79,No,Hybrid,Poor,Average,Yes,3,Middle,6.0,A,0.98,0,Positive,3.7,3.5,4.4,4.9,1.8,4.5,2.9
17,Male,4.57,90.9,7.0,1.5,4.0,2.27,Yes,Offline,Good,Good,No,2,Low,3.8,A,0.72,2,Positive,2.6,3.0,4.2,2.7,4.0,4.0,4.0
20,Male,3.67,70.7,5.8,8.2,2.4,1.62,Yes,Offline,Good,Excellent,Yes,2,Low,3.8,B,0.87,2,Neutral,2.8,2.0,3.2,1.5,3.1,4.5,1.5
19,Male,6.61,83.6,9.1,3.3,3.6,1.65,Yes,Online,Good,Poor,No,4,Middle,2.6,A,0.39,1,Neutral,1.7,2.3,4.7,2.9,3.6,5.0,3.1
25,Female,6.91,100.0,5.0,9.0,4.4,1.8,No,Online,Average,Good,Yes,2,Middle,4.3,A,0.79,1,Neutral,2.6,2.4,4.7,3.4,2.6,4.2,2.9
22,Female,1.47,89.3,5.5,3.3,4.4,1.4,No,Hybrid,Poor,Excellent,No,0,High,7.5,D,0.73,1,Negative,1.4,4.0,4.1,2.5,1.2,5.0,4.1
22,Male,4.53,80.0,6.5,4.4,2.0,2.26,No,Hybrid,Average,Good,Yes,2,Low,4.7,A,0.44,2,Neutral,1.4,2.8,2.3,2.4,2.2,4.7,4.1
21,Female,4.17,89.5,8.6,6.3,6.6,2.2,No,Online,Average,Average,Yes,3,Low,4.7,B,0.35,0,Neutral,3.9,2.0,4.4,3.3,1.0,5.0,1.6
18,Female,3.72,67.8,8.6,2.8,2.0,2.04,Yes,Online,Poor,Average,Yes,3,Middle,4.1,A,0.33,1,Positive,1.7,3.8,2.6,2.4,2.7,3.4,3.8
20,Female,7.33,85.2,6.2,6.9,5.8,1.75,No,Offline,Average,Good,No,4,High,3.8,A,0.69,1,Neutral,3.9,2.5,4.6,3.3,4.2,5.0,1.7
29,Female,3.78,84.0,7.8,6.9,2.0,1.86,Yes,Hybrid,Good,Excellent,No,2,High,3.3,A,0.48,2,Neutral,2.8,1.4,4.1,1.6,1.9,4.0,3.7
24,Male,6.57,85.5,6.7,7.5,3.7,1.99,Yes,Online,Poor,Poor,No,2,High,4.7,A,1.0,1,Positive,2.8,2.5,4.5,4.1,4.8,5.0,2.7
25,Female,3.76,85.7,5.8,5.0,5.8,2.04,No,Online,Average,Poor,No,2,Middle,5.1,B,0.63,1,Negative,2.3,2.2,2.8,3.8,2.0,4.1,3.0
24,Female,4.03,87.6,7.4,5.8,5.2,1.96,Yes,Offline,Good,Average,No,3,High,6.5,B,0.16,2,Positive,3.0,3.2,2.7,2.8,1.2,3.2,2.5
18,Male,6.3,74.0,7.0,3.1,4.6,1.71,No,Offline,Poor,Average,No,2,High,5.2,A,0.53,0,Positive,4.5,1.5,5.0,4.9,1.8,4.1,3.3
19,Male,3.37,74.9,6.3,8.2,4.0,1.63,Yes,Offline,Average,Average,Yes,2,Middle,6.9,D,0.47,2,Neutral,2.3,2.2,3.9,1.8,3.6,5.0,1.4
17,Female,4.52,69.6,7.9,7.0,3.5,1.8,Yes,Offline,Good,Average,Yes,1,High,6.1,B,0.52,1,Neutral,2.7,3.3,4.9,1.8,2.8,4.4,2.6
19,Male,2.64,85.2,8.1,4.1,4.8,1.69,Yes,Online,Poor,Average,Yes,0,High,2.4,A,0.6,0,Neutral,3.8,2.6,2.1,4.0,3.7,5.0,4.1
18,Non-Binary,3.07,61.7,5.8,8.5,6.5,1.09,No,Offline,Poor,Average,Yes,0,High,7.8,Fail,0.32,1,Negative,1.8,2.1,3.4,1.5,4.2,4.0,1.0
21,Male,6.29,79.0,9.0,3.6,3.3,1.96,Yes,Online,Good,Excellent,No,1,High,4.1,A,0.75,2,Positive,1.8,2.4,5.0,3.4,2.0,5.0,2.8
22,Female,6.01,71.7,7.7,6.6,0.5,2.12,Yes,Offline,Average,Average,No,3,High,2.1,B,0.66,2,Positive,3.0,2.4,3.6,4.9,3.5,4.2,2.7
25,Male,2.56,82.1,6.8,6.9,5.4,1.54,No,Offline,Poor,Average,No,1,High,6.8,C,0.45,2,Negative,4.2,1.3,2.3,1.8,1.6,4.2,1.8
23,Female,2.48,100.0,8.9,6.6,6.1,1.7,No,Online,Average,Average,No,1,Middle,3.8,B,0.67,2,Positive,2.9,1.5,4.5,2.4,2.0,4.6,2.1
26,Female,9.94,74.6,8.0,2.5,3.3,1.64,No,Online,Poor,Excellent,No,3,High,2.2,A,0.54,2,Neutral,2.7,2.1,2.3,5.0,3.5,4.4,3.3
17,Male,3.56,91.2,8.1,2.4,3.3,2.12,No,Offline,Average,Good,No,4,Low,2.6,A,0.57,0,Neutral,3.0,4.3,3.9,3.7,3.9,4.4,4.6
17,Female,3.1,94.3,8.0,5.0,6.1,1.7,No,Offline,Average,Good,Yes,1,Middle,5.0,B,0.23,2,Neutral,2.9,1.6,3.6,1.8,2.5,4.1,2.1
22,Male,5.87,68.6,6.7,5.5,5.2,2.13,Yes,Offline,Average,Average,Yes,3,High,2.4,B,1.0,2,Positive,2.4,2.0,4.3,3.9,3.4,4.3,4.2
19,Male,3.29,78.4,7.7,6.5,2.9,1.93,No,Offline,Poor,Excellent,Yes,2,Middle,6.4,B,0.25,1,Neutral,3.9,1.3,3.4,2.3,2.6,4.0,2.5
19,Male,4.11,82.6,6.9,4.7,1.7,1.64,Yes,Hybrid,Good,Good,Yes,3,High,4.7,B,0.43,1,Positive,3.2,4.0,3.9,3.6,5.0,4.1,3.5
20,Female,6.63,71.5,6.1,1.0,2.9,1.62,No,Offline,Poor,Average,No,1,Middle,6.5,A,0.23,1,Positive,2.5,2.9,4.1,2.8,3.1,3.9,3.0
19,Male,6.84,75.6,5.9,3.2,3.2,1.53,No,Online,Good,Good,No,3,Middle,4.1,A,0.37,0,Positive,3.1,1.9,4.0,5.0,3.0,5.0,3.2
21,Male,4.45,77.8,7.6,5.2,1.0,1.95,Yes,Offline,Average,Excellent,Yes,1,Low,5.3,B,0.55,2,Negative,2.7,2.1,4.4,2.7,2.0,4.6,4.1
20,Male,7.52,81.7,8.2,1.1,3.3,1.44,No,Offline,Good,Good,No,1,Low,2.2,A,0.05,0,Positive,1.6,2.6,4.7,4.5,2.9,5.0,3.5
21,Female,4.55,74.7,5.3,4.5,1.3,1.57,Yes,Offline,Average,Excellent,No,2,Middle,2.4,A,0.8,2,Neutral,5.0,3.6,3.3,2.3,3.3,3.9,2.6
22,Female,4.36,91.7,9.0,10.0,3.2,1.87,Yes,Online,Good,Excellent,Yes,1,Middle,6.2,B,0.64,1,Neutral,3.1,1.8,3.7,1.0,2.8,5.0,1.8
20,Male,4.83,85.8,7.9,4.8,7.4,2.17,No,Hybrid,Good,Average,Yes,3,Low,2.3,A,0.27,1,Positive,2.0,1.8,2.4,2.7,2.4,4.7,2.5
19,Male,4.23,79.3,8.2,3.5,2.3,1.53,No,Online,Good,Good,No,2,Low,4.4,A,0.21,1,Negative,1.9,4.1,4.2,3.9,3.6,4.6,3.7
18,Female,5.89,83.1,6.7,6.4,4.5,2.39,No,Offline,Average,Poor,No,2,Middle,6.0,A,0.65,0,Positive,1.5,3.0,3.7,3.8,2.5,4.5,2.0
20,Male,5.4,62.7,7.8,2.9,1.6,1.26,Yes,Offline,Poor,Excellent,Yes,1,Middle,6.4,B,0.68,2,Positive,2.3,2.4,3.8,2.9,3.9,3.9,3.2
23,Female,3.29,64.9,7.9,4.3,5.7,1.97,No,Hybrid,Good,Average,Yes,1,Middle,4.5,A,0.39,0,Neutral,1.8,3.2,3.5,4.2,2.4,5.0,2.3
23,Female,5.2,66.4,5.4,5.1,3.4,2.23,No,Online,Poor,Excellent,Yes,1,Low,5.0,B,0.36,1,Positive,2.8,1.5,2.5,2.2,2.4,3.1,2.2
22,Female,3.76,82.1,8.2,1.1,7.3,1.61,No,Online,Good,Average,Yes,3,High,3.5,A,0.19,2,Neutral,4.6,1.9,1.5,3.2,3.8,5.0,2.8
19,Male,3.68,95.1,9.7,6.2,3.8,2.17,No,Hybrid,Good,Average,No,2,Middle,3.6,A,0.88,0,Positive,2.3,1.6,4.4,3.0,3.6,4.8,2.2
22,Female,4.56,75.1,6.1,5.0,5.4,1.63,No,Online,Average,Poor,Yes,3,Middle,3.9,B,0.53,1,Positive,5.0,3.4,3.1,2.1,4.4,4.5,2.7
21,Female,6.88,68.4,4.9,5.0,4.6,2.39,No,Offline,Average,Average,Yes,3,Low,1.9,A,0.58,0,Positive,3.7,3.9,3.6,1.0,2.1,2.5,3.5
21,Female,5.39,70.5,6.1,4.1,0.5,1.65,Yes,Hybrid,Poor,Excellent,Yes,1,High,3.9,A,0.21,1,Neutral,5.0,2.0,5.0,3.9,3.1,3.5,2.3
21,Male,7.38,82.1,8.1,6.4,4.8,2.13,No,Offline,Poor,Poor,No,3,Low,5.0,A,0.32,0,Positive,1.7,2.6,4.7,3.4,3.9,5.0,2.6
21,Male,7.96,66.9,7.6,4.8,5.9,1.4,No,Offline,Good,Good,Yes,3,Middle,1.5,A,0.17,0,Positive,2.3,4.1,3.1,3.7,4.3,5.0,4.5
21,Male,4.77,71.0,5.9,2.6,2.5,2.17,No,Offline,Poor,Poor,Yes,3,Middle,5.5,A,0.65,0,Positive,2.4,3.7,4.2,2.6,4.0,4.9,2.8
23,Female,3.63,86.7,6.3,5.6,5.5,2.07,No,Hybrid,Average,Average,No,1,Low,7.1,B,0.71,0,Negative,2.9,2.2,4.2,2.8,2.9,5.0,1.0
18,Female,3.27,92.4,4.9,5.2,6.3,2.14,No,Online,Good,Average,Yes,0,Low,5.8,B,0.49,2,Neutral,3.7,3.4,4.0,2.3,3.5,3.7,2.6
23,Male,5.4,81.1,7.2,2.8,2.2,1.65,No,Hybrid,Average,Average,Yes,4,Middle,4.1,A,0.67,1,Neutral,1.5,3.8,3.3,2.8,1.6,5.0,4.3
18,Male,6.57,79.7,4.5,4.3,3.2,1.98,Yes,Offline,Good,Excellent,Yes,2,High,3.6,A,0.63,1,Positive,3.9,2.2,3.7,4.3,5.0,4.9,1.2
17,Male,8.01,76.8,6.8,8.2,6.1,1.15,Yes,Offline,Average,Good,No,1,Low,4.7,B,0.69,0,Positive,2.3,1.0,4.3,2.4,3.4,3.7,1.0
28,Female,2.23,85.7,5.4,3.0,6.6,1.15,Yes,Hybrid,Good,Average,No,1,Middle,5.7,D,0.75,2,Neutral,4.8,2.4,3.6,2.9,2.8,4.2,2.7
27,Female,7.2,50.6,6.8,5.1,5.0,1.69,Yes,Hybrid,Average,Good,Yes,0,Middle,5.2,B,0.17,1,Neutral,3.4,2.5,4.2,3.5,3.8,3.5,2.8
17,Male,8.1,82.0,7.8,5.2,6.1,1.6,No,Offline,Average,Average,Yes,1,Middle,3.7,A,0.41,1,Positive,4.3,1.8,3.1,3.0,3.0,5.0,2.9
20,Male,4.56,82.0,6.8,2.8,5.2,1.93,Yes,Offline,Good,Average,Yes,1,Low,7.1,A,0.53,1,Neutral,2.5,2.8,4.5,3.0,5.0,5.0,3.9
18,Male,5.7,76.6,7.3,2.1,2.8,1.08,Yes,Offline,Average,Good,No,1,High,5.6,B,0.51,1,Positive,3.5,4.6,3.5,4.1,5.0,4.6,3.9
21,Female,7.17,76.3,7.3,6.2,1.6,1.46,No,Online,Poor,Average,No,0,Middle,4.6,B,0.34,2,Neutral,2.5,2.9,3.9,4.2,2.4,4.4,3.1
24,Female,8.03,84.0,6.7,5.0,6.4,2.19,Yes,Offline,Good,Good,No,2,Low,5.2,C,0.64,0,Positive,3.6,1.8,4.4,3.5,3.1,5.0,2.1
27,Female,8.49,75.1,6.1,3.8,2.9,2.07,No,Offline,Poor,Good,No,1,Middle,4.4,C,0.35,0,Positive,3.2,2.0,2.9,4.2,3.0,4.0,2.5
22,Male,5.07,86.3,4.9,4.1,2.9,1.44,Yes,Offline,Good,Good,No,2,Low,4.6,C,0.54,1,Neutral,4.5,3.6,5.0,2.8,1.1,3.1,3.5
20,Female,7.53,72.0,7.4,3.2,2.7,2.14,No,Hybrid,Poor,Excellent,No,1,Middle,6.0,B,0.45,2,Positive,3.9,2.9,5.0,3.4,3.7,5.0,1.6
22,Male,2.64,84.0,8.7,9.6,2.9,1.6,Yes,Online,Average,Average,No,0,Low,5.0,C,0.25,0,Positive,3.5,2.4,3.1,1.3,3.0,3.2,2.4
19,Female,0.66,89.0,9.5,4.9,5.2,1.62,Yes,Hybrid,Average,Average,No,1,High,4.2,B,0.51,1,Neutral,3.2,3.0,4.6,2.7,3.7,5.0,2.4
25,Male,4.16,69.6,4.8,3.2,4.4,2.14,Yes,Offline,Average,Average,Yes,4,Middle,3.6,B,0.72,1,Neutral,3.1,3.0,4.4,2.6,1.7,4.8,3.5
25,Female,5.71,90.0,5.9,3.7,5.2,2.17,No,Offline,Average,Average,No,2,High,3.2,A,0.41,2,Positive,1.5,4.9,3.8,3.0,4.3,4.1,4.5
21,Female,2.03,83.9,7.7,5.7,3.2,1.7,No,Hybrid,Good,Excellent,No,5,Middle,5.7,A,0.65,2,Positive,1.9,2.3,2.3,2.2,3.0,4.3,1.6
19,Female,4.72,82.7,9.3,2.4,3.8,2.02,No,Offline,Poor,Good,No,3,Middle,3.7,A,0.56,2,Positive,2.1,2.1,3.5,2.3,1.4,3.4,3.8
19,Female,5.36,93.1,5.7,3.3,1.9,1.91,No,Hybrid,Average,Good,Yes,3,High,2.9,A,0.22,1,Positive,4.7,3.1,2.4,2.8,1.6,3.8,4.0
17,Male,4.96,84.4,7.2,4.3,1.3,1.81,No,Hybrid,Average,Good,No,0,Middle,4.2,A,0.17,2,Positive,2.5,2.8,3.2,3.4,3.0,2.9,3.0
24,Male,5.54,71.1,7.3,2.6,2.4,1.7,Yes,Offline,Average,Poor,No,2,Middle,5.2,B,0.34,0,Negative,2.6,3.4,5.0,3.0,2.5,4.3,3.4
20,Female,7.22,86.4,6.3,3.8,2.2,1.67,Yes,Online,Good,Good,No,2,Low,2.7,A,0.18,0,Neutral,3.6,2.6,2.4,5.0,2.1,5.0,4.6
19,Male,4.49,91.5,6.8,6.9,0.5,1.12,No,Hybrid,Good,Good,Yes,1,High,2.3,B,1.0,1,Positive,2.1,2.1,3.3,3.5,3.3,3.1,3.5
21,Male,4.09,76.5,6.5,4.8,3.6,2.33,No,Hybrid,Average,Good,Yes,2,Low,6.5,B,0.73,1,Positive,4.4,3.8,4.5,3.8,3.4,4.1,3.8
24,Male,6.09,77.5,5.2,4.6,4.0,1.74,Yes,Offline,Poor,Average,Yes,2,High,6.0,B,0.5,0,Neutral,1.0,3.6,4.2,2.3,3.2,4.7,2.8
18,Female,4.61,77.4,9.2,4.6,2.0,1.71,No,Hybrid,Average,Good,No,2,Middle,4.3,A,0.46,2,Negative,4.2,2.6,5.0,2.5,1.7,5.0,3.7
25,Male,7.79,75.2,7.3,7.9,2.1,1.58,Yes,Offline,Good,Average,No,4,Low,5.0,A,0.4,2,Neutral,4.9,2.6,1.7,2.8,2.9,4.8,2.3
25,Male,8.96,71.9,6.5,2.8,4.6,1.46,No,Hybrid,Average,Good,Yes,2,Low,6.8,A,0.7,1,Positive,3.3,3.4,3.2,4.0,3.2,2.7,3.0
26,Male,5.71,87.5,8.4,2.7,3.6,1.27,No,Hybrid,Average,Good,Yes,3,High,2.6,A,0.54,1,Positive,2.3,3.0,3.0,4.9,1.7,3.6,2.9
20,Male,4.49,90.9,6.7,3.8,2.3,1.95,Yes,Hybrid,Good,Average,No,2,Middle,1.7,A,0.52,0,Positive,3.9,1.9,4.3,1.9,3.5,3.6,2.2
19,Female,4.58,66.9,8.4,2.5,3.5,1.93,No,Offline,Poor,Good,Yes,3,Middle,4.9,A,0.75,2,Negative,2.3,1.3,4.8,3.3,3.2,5.0,3.0
20,Non-Binary,4.85,78.6,6.2,6.6,2.9,2.08,No,Hybrid,Poor,Excellent,No,2,Middle,2.0,A,0.39,1,Negative,5.0,3.1,3.0,2.3,1.3,4.6,3.0
20,Female,6.02,77.0,8.4,6.6,3.7,1.7,Yes,Hybrid,Good,Poor,No,1,Low,4.4,B,0.12,0,Positive,3.6,2.2,3.4,3.0,2.1,4.4,2.6
18,Male,3.41,87.3,7.8,3.6,1.7,1.58,No,Offline,Good,Excellent,Yes,0,Middle,4.0,B,0.82,2,Negative,2.1,4.1,5.0,3.1,2.9,5.0,3.2
22,Female,6.04,90.7,6.2,5.4,3.3,2.35,Yes,Offline,Poor,Good,No,2,Middle,4.8,A,0.65,0,Positive,3.8,1.6,3.5,2.7,3.7,2.9,1.8
21,Female,4.39,84.2,8.0,5.7,5.2,1.6,No,Offline,Average,Good,Yes,1,Middle,4.6,B,0.68,0,Neutral,2.0,3.0,5.0,2.8,1.0,4.2,2.0
25,Male,6.99,91.8,8.3,5.0,2.4,2.03,No,Offline,Average,Excellent,No,2,Middle,5.3,A,0.75,2,Neutral,2.2,1.8,2.2,3.4,4.1,4.4,1.7
17,Female,7.6,89.4,7.1,1.6,8.3,2.2,No,Offline,Average,Good,Yes,1,High,2.4,A,0.78,0,Positive,3.8,3.4,4.4,3.2,2.6,4.4,4.2
22,Female,8.35,86.7,5.7,8.1,4.3,0.91,No,Online,Average,Excellent,No,3,Low,6.2,B,0.29,2,Positive,2.3,1.8,4.6,4.9,4.1,3.1,3.7
23,Female,4.57,85.3,5.6,3.4,1.3,1.52,Yes,Online,Poor,Average,No,2,Low,3.9,B,0.17,2,Positive,3.1,1.4,1.6,3.1,1.0,4.2,3.9
23,Female,2.18,91.0,6.8,2.6,2.6,1.99,No,Online,Average,Average,No,4,High,4.2,A,0.87,0,Neutral,3.6,3.7,5.0,4.4,2.0,2.9,1.5
25,Male,1.51,74.9,7.3,1.0,3.4,1.4,No,Offline,Good,Good,Yes,3,Middle,3.2,B,0.55,0,Neutral,2.3,3.7,2.7,3.7,3.6,3.7,2.8
23,Male,4.3,69.1,4.0,8.1,4.4,1.73,No,Offline,Average,Excellent,Yes,1,Middle,6.0,C,0.07,2,Positive,2.5,2.7,2.7,2.5,4.1,3.3,2.2
26,Female,2.05,88.8,7.9,5.1,1.7,1.99,Yes,Offline,Average,Excellent,No,1,High,5.9,A,0.7,1,Positive,4.7,3.8,3.8,2.2,4.3,5.0,3.1
20,Male,1.59,89.6,7.6,4.0,4.8,2.24,No,Offline,Poor,Good,No,3,Middle,5.1,B,0.25,2,Neutral,3.7,3.5,3.0,2.9,3.9,4.5,4.0
21,Male,4.18,96.6,9.0,6.1,3.2,2.34,No,Hybrid,Average,Good,Yes,1,Low,5.7,A,0.35,2,Positive,3.0,2.3,3.9,1.2,3.0,3.8,2.1
17,Female,2.92,79.4,6.7,2.7,5.9,1.31,No,Online,Average,Average,Yes,1,Middle,5.1,B,0.48,1,Positive,2.9,4.7,2.8,1.8,3.6,4.5,3.1
17,Female,6.27,68.8,6.6,6.2,4.1,1.9,No,Offline,Average,Excellent,Yes,2,Low,3.7,B,0.48,2,Positive,1.8,3.0,5.0,2.5,4.3,5.0,2.9
19,Male,8.77,84.1,7.5,5.9,2.6,1.9,Yes,Hybrid,Average,Average,No,3,Low,4.3,A,0.91,1,Neutral,3.5,1.8,3.8,2.4,4.1,5.0,3.7
18,Female,4.44,94.7,5.4,4.0,2.0,1.89,No,Online,Poor,Good,Yes,3,Low,4.9,A,0.16,0,Positive,3.1,2.7,4.0,3.1,2.6,4.3,3.0
19,Female,5.52,74.4,7.1,3.6,3.8,1.98,No,Offline,Poor,Good,Yes,1,Middle,1.5,B,0.68,2,Positive,3.9,2.4,4.7,3.4,3.7,4.5,3.2
18,Female,1.74,78.8,4.9,3.5,5.3,1.92,No,Online,Poor,Good,Yes,0,Low,7.0,C,0.46,2,Neutral,1.0,4.5,3.1,4.2,3.0,2.9,2.1
17,Male,5.26,74.7,6.0,3.6,4.7,1.65,No,Offline,Average,Average,Yes,5,High,2.4,A,0.37,0,Neutral,2.8,3.7,4.0,3.6,4.4,4.4,4.3
25,Male,3.5,65.1,7.2,7.4,5.1,1.76,No,Offline,Poor,Excellent,Yes,1,Middle,3.6,C,0.72,1,Neutral,2.9,2.6,3.6,2.6,2.5,4.2,2.0
17,Male,2.7,92.3,7.0,7.5,3.9,1.64,No,Hybrid,Good,Good,No,1,Middle,5.5,B,0.61,0,Positive,3.3,2.1,4.2,2.4,3.7,4.3,1.7
23,Male,1.18,76.0,5.7,6.5,3.9,1.36,Yes,Online,Poor,Excellent,Yes,0,Middle,8.4,D,0.26,2,Neutral,3.2,4.1,2.3,2.4,4.0,2.7,2.1
18,Male,8.1,96.3,7.5,2.7,3.9,1.77,No,Online,Poor,Poor,No,2,High,4.6,A,0.75,0,Neutral,3.5,4.1,4.9,3.6,2.1,3.4,3.8
26,Male,1.68,76.1,7.0,4.8,4.7,1.63,No,Online,Good,Good,Yes,1,Middle,3.5,C,0.51,0,Positive,2.8,2.4,4.2,2.4,2.5,4.0,2.7
25,Male,2.49,62.8,7.8,3.0,4.1,2.08,No,Offline,Good,Good,Yes,2,Low,2.5,A,0.79,1,Negative,1.8,3.1,4.3,2.3,4.9,5.0,3.1
22,Female,4.92,70.9,6.1,4.7,3.0,1.79,Yes,Hybrid,Poor,Good,Yes,2,Low,3.4,A,0.64,1,Negative,1.5,3.2,3.7,1.7,3.7,3.6,2.1
22,Male,5.48,70.5,6.6,5.2,3.7,1.7,Yes,Online,Average,Excellent,No,3,High,5.0,B,0.71,2,Positive,2.9,2.1,3.1,2.8,4.5,3.8,2.0
17,Female,5.49,73.1,7.5,7.3,3.7,1.62,No,Online,Good,Poor,No,1,Low,4.3,B,0.44,0,Neutral,5.0,1.8,2.6,3.0,2.4,3.4,2.9
28,Female,5.12,77.8,5.6,6.6,4.6,2.21,No,Hybrid,Average,Poor,No,2,Low,5.1,A,0.85,0,Positive,3.6,4.1,4.3,3.7,2.2,4.3,1.9
25,Male,3.12,76.4,7.4,6.1,3.2,2.07,No,Offline,Average,Good,Yes,1,Middle,6.4,B,0.52,1,Neutral,5.0,2.5,3.4,2.3,3.2,5.0,3.0
25,Female,6.45,96.5,5.9,4.3,6.6,1.56,Yes,Offline,Good,Poor,No,2,Low,4.9,B,0.08,1,Neutral,3.7,2.6,2.0,2.6,2.5,3.0,3.8
22,Female,5.3,57.7,9.0,8.7,6.3,1.59,Yes,Online,Average,Excellent,No,1,High,5.9,B,0.6,1,Neutral,1.9,2.9,5.0,2.6,1.0,4.3,1.3
20,Male,2.01,69.9,6.0,4.0,5.8,1.77,No,Online,Average,Average,Yes,0,High,5.0,C,0.72,2,Negative,2.9,2.1,3.8,2.1,4.3,4.4,3.7
25,Female,8.12,81.1,7.7,5.5,5.6,2.39,Yes,Online,Poor,Good,No,1,Middle,8.4,A,0.44,1,Neutral,5.0,2.7,3.2,2.4,4.7,5.0,1.6
19,Male,4.23,87.5,4.5,5.3,3.2,1.81,No,Hybrid,Poor,Poor,No,2,High,5.1,A,0.44,0,Positive,3.8,3.8,3.8,2.0,4.4,3.1,1.5
21,Female,6.81,81.1,6.6,3.6,3.4,1.75,Yes,Offline,Average,Good,Yes,3,Middle,4.6,A,0.55,1,Positive,3.7,1.7,4.1,3.8,4.6,5.0,2.4
18,Male,2.01,79.7,7.3,5.9,2.5,2.08,No,Online,Average,Average,Yes,3,High,8.3,C,0.19,1,Neutral,2.3,2.1,3.7,2.6,3.7,3.8,1.9
26,Female,2.54,85.4,6.7,5.9,3.0,1.87,Yes,Hybrid,Average,Poor,No,2,Middle,5.0,B,0.77,0,Negative,3.0,2.4,5.0,3.0,2.7,5.0,2.1
18,Male,3.77,78.1,6.3,3.1,4.9,1.9,No,Hybrid,Average,Average,No,1,Low,3.3,A,0.54,0,Negative,1.9,2.4,3.7,3.4,5.0,3.7,2.6
19,Female,3.54,77.1,5.7,6.2,4.1,1.83,No,Offline,Good,Average,Yes,0,High,7.1,B,1.0,2,Neutral,2.6,3.5,5.0,3.6,4.5,4.5,2.6
21,Male,6.95,83.7,6.9,8.2,2.7,1.43,Yes,Offline,Good,Excellent,No,0,High,6.5,B,0.82,1,Positive,3.2,3.3,3.7,4.2,3.8,5.0,2.0
23,Female,1.68,65.5,6.6,5.8,5.1,1.86,Yes,Hybrid,Poor,Average,No,0,High,5.9,C,0.53,1,Positive,2.4,3.0,2.7,2.9,1.0,2.1,2.5
22,Female,5.25,80.1,6.9,4.0,4.8,1.8,No,Hybrid,Good,Good,Yes,4,Middle,6.3,A,0.36,2,Neutral,4.0,2.8,3.9,2.8,3.2,2.6,3.7
19,Male,2.9,72.1,6.1,8.7,3.8,1.57,Yes,Online,Average,Excellent,Yes,1,Middle,5.3,C,0.74,2,Neutral,2.4,3.5,5.0,2.5,2.7,4.9,1.5
17,Female,5.96,82.5,5.4,6.5,4.7,1.77,No,Online,Average,Good,No,1,Low,6.3,B,0.73,0,Neutral,3.3,2.2,4.4,2.7,3.4,5.0,2.4
23,Male,5.34,78.0,8.1,6.7,4.9,2.07,No,Offline,Poor,Excellent,Yes,1,Low,5.8,A,0.25,2,Positive,4.0,2.6,4.2,3.1,2.2,5.0,3.4
28,Female,3.82,92.3,8.6,6.3,1.9,1.86,No,Offline,Good,Excellent,Yes,2,Low,3.5,A,0.27,1,Positive,5.0,2.7,3.2,2.6,3.4,5.0,3.1
24,Female,9.37,85.4,8.3,4.8,3.0,1.3,No,Offline,Poor,Good,Yes,2,Low,4.0,A,0.85,2,Positive,3.4,2.4,4.7,3.8,2.2,4.6,3.3
21,Female,4.84,82.9,7.4,2.6,3.9,1.76,No,Hybrid,Average,Good,Yes,3,Middle,5.3,A,0.64,1,Positive,2.0,3.0,4.7,3.6,3.8,4.2,2.8
25,Female,7.12,72.1,7.3,4.1,4.0,1.48,No,Hybrid,Average,Average,No,2,Middle,2.9,A,0.55,1,Positive,3.0,2.0,3.5,5.0,2.0,4.3,2.1
20,Male,2.27,85.4,6.8,4.3,3.5,2.39,No,Online,Average,Good,No,0,Middle,2.9,A,0.54,1,Neutral,5.0,3.8,3.4,3.2,3.3,4.5,3.2
21,Male,4.68,58.6,7.1,4.9,7.4,1.24,Yes,Hybrid,Average,Excellent,Yes,2,Middle,8.5,D,0.83,1,Negative,4.0,1.2,3.6,3.2,3.3,2.8,2.3
21,Male,5.11,88.7,7.0,5.0,3.9,1.59,No,Online,Poor,Good,No,1,Middle,4.0,A,0.44,0,Neutral,3.2,2.8,3.1,3.1,3.3,4.2,2.6
20,Female,5.21,88.4,5.8,6.2,2.6,1.76,Yes,Offline,Average,Good,No,1,Middle,3.2,A,0.5,1,Neutral,3.6,2.0,2.1,4.0,2.6,4.3,3.1
24,Male,4.24,81.9,5.5,5.3,6.3,1.34,No,Hybrid,Good,Good,Yes,3,High,4.9,B,0.4,1,Neutral,3.3,2.6,3.2,2.2,2.5,4.5,2.6
21,Female,3.28,86.6,7.3,3.1,4.3,1.65,Yes,Hybrid,Average,Average,Yes,2,Middle,5.8,B,0.32,2,Neutral,1.7,1.4,2.8,3.6,4.3,2.8,2.3
19,Female,1.33,66.1,5.6,3.6,1.6,1.95,No,Hybrid,Average,Excellent,No,0,Low,3.6,C,0.46,2,Neutral,3.2,3.8,3.2,4.8,3.1,4.4,3.7
19,Male,3.8,75.0,8.8,5.0,4.9,1.65,No,Hybrid,Average,Good,No,0,Middle,6.3,B,1.0,0,Negative,2.3,2.5,5.0,3.2,2.6,3.9,3.4
17,Female,3.1,71.1,6.6,2.9,3.2,1.75,No,Online,Average,Average,Yes,1,High,4.7,A,0.67,2,Positive,2.5,3.5,4.5,2.6,2.7,4.6,2.6
22,Male,4.43,85.7,7.8,2.0,3.5,2.32,No,Offline,Average,Excellent,Yes,1,Middle,6.3,A,0.71,1,Positive,2.7,3.2,5.0,2.6,3.6,5.0,3.4
19,Male,6.66,85.7,7.2,3.2,6.2,2.3,No,Hybrid,Average,Good,Yes,2,High,3.2,A,0.34,0,Neutral,1.0,2.9,2.1,3.4,2.3,4.4,2.5
18,Female,9.38,95.6,6.7,3.8,3.4,1.61,No,Offline,Average,Good,Yes,3,Low,5.5,A,0.63,2,Positive,2.8,3.3,4.6,4.9,2.7,3.8,1.7
22,Male,6.01,69.6,7.2,9.0,3.3,2.24,Yes,Offline,Good,Good,No,2,Middle,3.7,A,0.62,2,Positive,1.3,1.2,4.4,3.3,2.5,3.5,1.4
23,Male,6.98,71.2,7.0,3.2,3.5,1.3,No,Offline,Good,Average,Yes,2,Low,3.6,A,0.43,2,Positive,3.8,3.0,4.0,3.5,4.6,4.9,3.4
23,Female,6.2,84.2,7.8,4.6,5.9,2.02,No,Online,Average,Excellent,Yes,1,High,3.9,A,0.82,2,Neutral,1.0,1.7,4.2,4.1,2.7,4.6,3.2
21,Male,6.4,73.8,7.6,5.1,4.2,1.87,No,Hybrid,Average,Good,No,3,Middle,6.6,A,0.93,1,Neutral,1.3,1.9,5.0,4.2,1.9,4.2,2.3
25,Non-Binary,6.13,73.4,8.7,6.2,3.6,1.66,No,Online,Poor,Average,No,3,Low,2.5,B,0.43,2,Neutral,1.1,2.1,3.8,3.2,1.8,4.0,2.1
26,Non-Binary,4.43,86.1,7.0,5.9,5.7,2.06,Yes,Online,Poor,Average,Yes,1,Middle,5.5,B,0.68,1,Positive,3.3,2.0,2.9,2.4,2.5,3.9,3.0
24,Male,4.3,80.0,7.7,6.0,4.9,2.24,Yes,Hybrid,Average,Excellent,Yes,1,Middle,4.6,B,0.84,1,Neutral,3.0,2.8,3.8,4.6,2.6,4.0,3.2
22,Male,5.62,74.3,6.1,4.9,4.5,2.08,No,Offline,Average,Poor,No,2,High,4.1,A,1.0,0,Positive,4.7,1.7,5.0,2.1,3.1,3.5,2.1
19,Female,8.56,90.8,8.5,5.5,4.7,1.94,Yes,Offline,Poor,Excellent,No,3,Middle,5.0,A,0.7,2,Positive,3.4,3.2,4.2,3.8,2.3,3.8,3.3
28,Male,6.53,78.8,6.7,3.3,2.5,2.05,No,Hybrid,Poor,Average,Yes,1,Low,5.5,A,0.74,1,Positive,1.2,4.8,3.9,3.3,3.0,4.6,3.3
19,Male,8.18,66.0,7.1,8.9,6.8,1.29,Yes,Offline,Poor,Good,Yes,2,Middle,6.5,C,0.64,0,Positive,2.2,3.0,4.8,3.5,4.6,3.0,2.6
19,Female,2.37,77.9,6.1,6.4,6.7,2.29,No,Online,Good,Excellent,Yes,2,Middle,6.0,A,0.68,1,Positive,3.2,2.9,4.1,2.8,2.9,4.9,1.6
20,Male,5.5,79.9,5.6,3.4,3.2,1.74,Yes,Hybrid,Poor,Average,No,2,Middle,3.8,A,0.45,2,Positive,3.3,2.5,5.0,2.8,4.2,4.0,3.7
17,Female,5.77,73.1,4.1,5.0,5.0,1.53,Yes,Hybrid,Good,Good,Yes,3,Middle,4.3,A,0.66,1,Positive,1.2,2.9,5.0,2.6,3.2,4.1,2.9
28,Male,6.01,90.1,10.0,5.1,5.3,1.49,Yes,Online,Average,Good,Yes,1,Middle,2.2,A,0.46,1,Positive,3.9,3.2,3.2,3.2,2.3,4.7,5.0
22,Male,2.23,82.8,8.6,5.0,1.6,2.16,Yes,Offline,Average,Good,Yes,2,High,7.0,A,0.8,0,Neutral,2.1,3.6,5.0,3.5,2.3,4.6,2.8
21,Male,1.29,86.9,6.0,4.5,2.4,1.68,Yes,Offline,Poor,Good,Yes,1,Low,5.5,C,0.28,1,Negative,2.2,4.2,2.0,2.1,3.4,3.3,2.9
22,Non-Binary,0.73,88.7,6.6,4.4,7.6,1.33,No,Hybrid,Average,Good,No,0,High,5.5,C,0.69,0,Neutral,4.1,2.4,4.2,2.2,1.1,3.3,1.7
21,Female,4.18,77.5,5.1,2.0,4.1,2.14,No,Offline,Good,Good,Yes,3,High,4.3,A,0.45,1,Positive,3.0,2.0,3.9,3.8,3.2,4.9,3.8
17,Female,9.67,77.9,7.9,1.0,3.7,1.92,No,Online,Poor,Excellent,Yes,2,Middle,5.9,A,0.43,2,Positive,3.3,3.7,4.2,5.0,1.8,3.4,4.2
22,Male,5.41,81.2,7.5,3.4,1.6,1.93,Yes,Offline,Average,Good,No,2,Low,2.3,A,0.88,0,Positive,3.5,2.9,3.5,3.6,4.1,4.9,3.7
23,Male,2.56,76.5,7.9,6.5,3.6,1.15,No,Hybrid,Average,Average,No,1,High,8.1,C,0.79,0,Neutral,1.4,1.7,4.3,1.0,4.2,5.0,1.0
20,Male,5.66,94.5,6.2,4.8,3.7,1.8,No,Offline,Good,Excellent,Yes,2,Middle,3.3,A,0.31,1,Neutral,3.2,2.3,4.5,2.1,2.7,3.6,3.9
23,Female,4.38,71.7,7.7,6.6,4.7,2.23,No,Hybrid,Good,Good,No,1,Low,7.2,B,0.67,1,Neutral,4.9,1.7,5.0,1.9,5.0,5.0,1.1
19,Female,5.33,67.2,6.9,1.0,5.7,1.57,No,Hybrid,Average,Poor,Yes,2,Middle,2.6,A,0.76,1,Neutral,2.8,3.5,5.0,2.8,2.3,2.7,4.7
19,Female,4.08,85.8,5.3,4.6,3.8,1.37,Yes,Offline,Average,Average,No,1,Middle,6.0,B,0.63,0,Negative,3.4,4.4,5.0,4.1,2.0,4.9,1.3
18,Male,2.4,78.5,8.5,6.4,3.1,1.72,Yes,Hybrid,Average,Average,No,1,Low,5.6,C,0.77,2,Neutral,5.0,2.6,2.9,2.6,2.7,4.2,3.6
20,Female,3.92,66.5,6.3,3.2,3.0,1.73,No,Hybrid,Average,Average,No,1,Middle,2.9,B,0.59,0,Neutral,4.5,2.7,2.4,3.9,1.0,4.9,2.8
24,Male,6.42,87.6,7.8,3.5,4.8,2.39,Yes,Online,Average,Average,No,1,Middle,1.6,A,0.41,2,Positive,2.6,3.9,4.7,3.3,2.9,4.8,3.4
24,Non-Binary,5.6,88.0,7.9,4.0,2.4,2.04,No,Offline,Poor,Poor,Yes,0,High,2.5,A,0.44,0,Positive,3.5,3.2,3.2,3.2,2.5,4.7,2.4
20,Male,7.44,72.1,8.1,4.4,4.4,1.62,Yes,Hybrid,Poor,Good,No,3,Middle,5.0,A,0.62,1,Positive,3.8,3.3,3.4,3.1,5.0,3.3,3.0
22,Female,2.85,68.9,8.0,4.9,6.5,1.64,No,Hybrid,Average,Poor,Yes,0,Middle,2.7,C,0.75,1,Neutral,5.0,4.3,4.4,2.6,1.8,5.0,4.1
23,Male,7.1,88.5,6.9,2.5,3.1,1.68,No,Hybrid,Poor,Average,Yes,3,Middle,3.9,A,0.48,2,Neutral,2.1,1.7,4.1,3.6,5.0,4.7,3.2
19,Male,5.13,87.6,4.9,1.7,2.3,1.1,No,Offline,Average,Poor,No,2,Middle,4.7,A,0.45,0,Positive,5.0,2.2,4.2,4.0,4.2,4.9,3.7
18,Female,5.39,88.3,7.5,5.2,3.9,2.1,No,Hybrid,Poor,Poor,No,2,High,1.0,A,0.39,1,Positive,3.3,2.5,3.5,2.9,1.4,4.9,3.2
28,Male,7.51,77.5,10.0,3.6,2.0,1.88,Yes,Online,Good,Average,No,4,Middle,2.9,A,0.48,2,Neutral,2.7,4.0,3.4,3.8,3.2,5.0,3.9
22,Male,4.76,89.1,6.6,4.3,4.4,1.72,No,Online,Average,Good,Yes,2,High,2.5,A,0.55,2,Positive,3.6,2.7,4.6,3.4,3.6,4.5,3.6
28,Female,5.53,97.1,7.9,8.2,3.1,1.8,Yes,Online,Good,Excellent,No,2,High,4.6,B,0.5,1,Neutral,2.6,2.9,3.3,2.7,2.9,5.0,3.6
20,Female,6.3,88.0,7.1,4.0,5.9,1.61,Yes,Online,Average,Excellent,Yes,3,Middle,5.9,A,0.24,2,Positive,2.7,1.8,3.0,5.0,1.7,4.2,3.1
23,Female,6.32,87.5,6.6,3.6,5.2,1.6,No,Offline,Average,Excellent,No,2,Low,5.3,A,0.82,1,Positive,2.4,3.6,5.0,3.1,1.9,3.7,3.3
19,Male,6.66,92.2,7.1,1.8,2.0,1.97,Yes,Hybrid,Average,Average,Yes,2,High,3.4,A,0.97,1,Positive,2.5,3.3,5.0,3.4,2.4,5.0,2.9
19,Female,7.62,85.8,8.8,6.2,4.1,1.55,No,Hybrid,Average,Average,Yes,3,Middle,3.0,A,0.4,1,Positive,1.3,2.0,3.2,2.5,2.6,4.3,1.9
21,Female,6.1,81.1,8.1,4.4,4.5,1.84,Yes,Online,Good,Poor,Yes,3,High,1.5,A,0.7,0,Neutral,1.4,3.9,2.7,3.5,2.8,4.5,3.9
19,Male,4.16,84.6,7.1,1.0,3.7,1.53,No,Offline,Average,Good,No,3,Middle,4.3,B,0.33,2,Negative,2.2,4.0,3.0,4.2,1.4,2.4,4.4
18,Female,9.94,90.5,7.4,3.4,3.3,1.58,No,Online,Average,Poor,Yes,2,Low,2.3,A,0.35,0,Positive,3.3,3.1,3.8,4.2,3.4,4.9,3.9
19,Male,4.99,84.1,4.3,5.4,2.7,1.41,Yes,Offline,Average,Good,No,0,High,5.0,B,0.13,0,Neutral,2.3,2.6,3.7,4.8,3.5,3.9,1.5
17,Male,5.81,87.8,5.0,2.7,5.1,1.88,No,Offline,Average,Average,Yes,2,High,3.5,A,0.46,0,Positive,5.0,1.9,4.0,3.2,1.5,4.5,3.0
23,Male,3.57,77.2,4.1,8.9,3.2,1.49,No,Online,Poor,Average,Yes,0,High,6.9,Fail,0.7,2,Neutral,3.6,1.8,5.0,1.2,3.5,3.6,1.3
21,Male,0.7,80.1,6.7,7.1,2.0,1.58,Yes,Online,Good,Excellent,Yes,1,Low,5.5,C,0.43,1,Neutral,2.3,1.3,4.1,1.8,1.0,5.0,1.7
18,Female,3.51,66.6,8.6,4.3,2.9,1.65,No,Online,Average,Good,No,0,High,5.3,D,0.57,0,Positive,4.8,2.9,5.0,1.7,1.8,4.8,4.1
18,Female,5.2,89.8,8.4,5.0,2.3,2.28,No,Hybrid,Average,Excellent,Yes,0,Middle,3.0,A,0.79,2,Positive,2.8,3.0,4.5,3.5,1.8,5.0,3.5
18,Female,6.13,84.5,6.3,5.0,1.2,1.63,Yes,Offline,Average,Good,Yes,5,Middle,5.7,A,0.56,0,Positive,2.8,3.2,4.9,2.2,3.7,4.8,1.8
22,Female,5.12,70.9,7.6,4.0,5.2,1.58,No,Hybrid,Poor,Excellent,No,1,High,5.3,B,0.4,2,Neutral,3.6,3.0,4.6,3.0,2.0,4.4,2.6
18,Male,6.66,85.5,7.3,8.2,3.5,1.45,Yes,Offline,Poor,Good,Yes,0,Middle,6.1,B,0.74,1,Positive,2.9,3.5,5.0,2.2,2.3,3.7,2.3
23,Female,7.05,73.2,8.8,6.0,2.1,1.84,No,Online,Poor,Excellent,No,4,Low,5.3,A,0.37,1,Positive,3.1,1.5,2.0,3.1,3.7,5.0,1.0
17,Female,7.05,86.0,5.1,2.3,2.5,2.1,Yes,Offline,Good,Average,Yes,1,Middle,4.9,A,0.93,0,Positive,3.7,3.2,3.6,3.0,2.7,3.8,3.9
19,Male,5.08,99.9,5.2,7.9,2.3,2.32,No,Hybrid,Average,Good,No,3,Middle,6.0,A,0.48,2,Positive,1.9,3.3,2.5,2.0,2.4,3.7,3.1
25,Female,5.24,82.3,7.0,3.5,2.2,1.68,Yes,Hybrid,Average,Good,Yes,2,High,4.7,A,0.31,2,Positive,2.9,3.5,3.4,3.4,1.0,3.9,2.0
23,Non-Binary,4.65,73.8,6.2,5.4,5.2,2.16,Yes,Online,Average,Average,No,1,Middle,4.2,A,0.44,0,Positive,2.1,2.2,3.7,3.4,3.5,5.0,2.8
17,Female,3.33,76.4,5.1,5.6,6.7,2.02,Yes,Offline,Poor,Excellent,No,2,High,5.3,C,0.63,2,Neutral,3.3,3.2,5.0,1.6,4.1,2.9,3.8
24,Female,7.93,83.3,6.7,7.2,2.7,1.86,No,Hybrid,Poor,Excellent,No,3,High,2.5,A,0.91,2,Neutral,1.6,2.0,5.0,4.2,3.0,3.9,3.0
21,Male,2.59,76.7,9.4,3.1,5.6,1.85,No,Offline,Average,Good,No,3,Low,5.5,A,0.39,2,Positive,4.6,3.1,3.4,2.7,4.0,4.4,4.5
24,Male,4.93,87.2,7.3,4.0,5.1,1.52,Yes,Offline,Average,Average,No,3,Low,3.3,A,0.2,1,Positive,2.4,3.4,3.2,3.2,3.3,3.7,4.2
22,Male,5.53,62.3,6.0,3.2,5.9,1.81,Yes,Hybrid,Poor,Good,Yes,2,Middle,2.6,B,0.28,2,Positive,2.7,1.9,3.7,3.6,2.3,3.1,3.3
23,Female,0.8,94.3,8.2,4.2,3.6,1.49,No,Offline,Average,Excellent,Yes,0,High,2.8,C,0.25,2,Neutral,2.9,3.7,3.6,2.1,4.2,5.0,2.5
29,Female,6.57,79.2,5.5,7.1,4.8,1.55,Yes,Offline,Average,Good,No,1,Middle,8.1,B,0.66,0,Positive,2.0,3.1,3.3,4.1,4.1,4.7,2.4
19,Non-Binary,4.38,80.3,7.0,1.0,3.4,2.26,Yes,Hybrid,Average,Poor,No,1,High,2.4,A,0.5,0,Positive,3.2,1.9,4.0,3.4,2.7,4.3,3.9
22,Male,5.53,93.3,6.6,3.7,4.7,2.39,No,Offline,Average,Good,Yes,1,Middle,2.6,A,0.69,1,Neutral,4.1,1.0,3.4,2.4,3.5,4.1,2.7
21,Male,4.42,90.1,7.4,3.7,3.7,1.98,Yes,Offline,Average,Poor,No,2,Middle,6.6,B,0.77,1,Neutral,2.7,1.3,3.8,4.6,4.8,4.0,3.3
17,Female,2.01,63.0,7.0,4.8,3.2,1.64,Yes,Hybrid,Good,Good,Yes,2,Low,4.2,C,0.4,0,Positive,2.6,2.8,3.4,4.2,2.6,3.6,2.7
17,Female,5.47,66.9,7.7,1.5,3.9,1.29,No,Online,Poor,Average,No,1,Low,5.5,B,0.77,2,Neutral,3.6,4.7,3.8,3.0,3.8,4.5,3.9
18,Male,5.29,89.1,6.1,6.9,4.7,2.17,No,Online,Average,Good,No,2,Middle,7.0,A,0.14,0,Neutral,3.6,3.1,3.3,3.4,3.7,3.6,1.6
22,Female,7.08,76.5,7.1,5.5,5.7,1.19,Yes,Offline,Poor,Good,No,0,High,8.0,B,0.68,1,Positive,3.1,3.6,3.8,4.9,3.2,2.4,2.8
21,Female,6.03,71.5,8.0,5.0,7.1,1.13,No,Online,Good,Poor,Yes,2,Middle,3.4,A,0.77,0,Neutral,4.2,3.5,4.7,3.5,2.9,3.9,3.3
21,Female,1.72,88.1,5.8,8.3,5.9,2.39,Yes,Online,Good,Average,No,2,Middle,4.9,B,0.47,1,Positive,3.4,2.6,4.6,2.3,1.0,5.0,2.3
17,Female,7.29,79.0,8.2,10.0,3.6,1.96,Yes,Offline,Average,Average,No,3,Middle,2.9,A,0.41,2,Neutral,4.8,1.0,2.6,3.6,4.2,4.9,2.6
21,Male,6.68,84.2,7.3,4.9,3.7,1.33,No,Online,Average,Average,Yes,3,Low,3.8,A,0.84,0,Positive,2.7,3.7,3.8,4.4,2.0,4.3,4.2
26,Non-Binary,6.62,72.1,5.3,3.8,1.9,1.9,Yes,Offline,Average,Average,No,1,Middle,6.4,B,0.31,2,Positive,1.9,2.5,3.8,4.1,3.4,4.8,1.1
20,Female,6.06,75.7,7.9,2.9,2.2,1.68,Yes,Offline,Average,Excellent,No,1,Middle,2.0,A,0.57,2,Positive,4.4,2.2,4.0,2.5,2.5,3.8,2.9
22,Male,3.68,78.3,7.2,1.0,3.7,1.9,No,Hybrid,Good,Excellent,Yes,3,Middle,4.4,A,0.35,2,Positive,1.2,3.1,3.8,2.6,4.6,5.0,4.2
24,Male,6.15,82.8,5.7,5.1,4.9,1.38,Yes,Offline,Average,Excellent,Yes,2,Middle,4.9,B,0.43,2,Neutral,2.2,3.4,2.1,3.1,2.2,4.8,2.3
24,Female,4.36,90.1,7.5,6.5,3.9,1.67,No,Online,Average,Excellent,Yes,2,High,6.0,A,0.36,1,Positive,2.0,2.6,5.0,3.9,2.4,3.5,2.8
21,Male,10.85,64.3,5.3,3.0,3.3,1.59,No,Online,Poor,Average,No,2,Middle,5.9,A,0.93,1,Positive,3.1,3.2,4.2,3.4,5.0,3.1,2.5
25,Male,4.61,72.2,5.8,5.0,2.3,1.57,Yes,Hybrid,Poor,Average,No,3,Middle,3.8,B,0.35,1,Negative,2.9,2.7,3.4,2.9,3.8,5.0,2.4
20,Female,2.87,72.7,6.0,6.3,1.8,1.21,No,Online,Average,Average,No,0,Middle,6.3,D,0.36,1,Neutral,4.2,3.6,4.2,3.4,2.3,3.6,3.5
25,Male,4.41,81.1,7.5,2.6,6.6,1.74,No,Online,Average,Excellent,Yes,3,High,5.5,A,0.73,2,Positive,3.1,1.7,2.9,2.7,2.7,4.3,3.7
19,Female,7.97,72.8,9.1,3.7,1.0,1.67,Yes,Online,Average,Good,No,2,Middle,5.8,A,0.54,0,Positive,2.4,2.9,3.6,3.4,3.5,4.5,3.4
19,Male,3.95,80.6,6.8,5.1,2.9,1.86,No,Offline,Poor,Average,No,1,Low,1.0,B,0.37,0,Positive,2.7,3.2,2.9,1.6,2.1,4.1,3.3
17,Female,0.2,90.8,7.5,4.4,2.8,2.01,No,Offline,Average,Average,No,3,High,6.3,B,0.44,0,Neutral,2.1,3.0,5.0,1.8,2.5,4.0,3.0
24,Male,8.02,81.3,7.3,5.8,0.5,1.5,Yes,Offline,Good,Good,Yes,2,Middle,6.1,A,0.58,1,Positive,3.7,3.8,3.9,2.7,2.8,4.2,2.1
20,Male,5.74,91.9,7.5,7.1,5.4,2.02,No,Online,Poor,Good,No,1,Low,4.7,B,0.34,1,Neutral,4.5,2.6,2.5,2.8,3.3,5.0,2.9
19,Male,4.09,79.7,8.1,5.6,2.8,2.29,No,Online,Average,Excellent,Yes,1,Middle,5.1,A,0.71,1,Positive,3.2,2.4,4.0,2.0,3.6,4.0,3.5
19,Female,6.52,62.3,6.7,1.3,4.3,1.19,Yes,Offline,Good,Average,Yes,1,Middle,6.0,A,0.68,2,Neutral,3.0,2.8,3.9,4.8,1.4,4.8,2.8
25,Female,3.24,79.6,7.6,6.1,4.2,1.88,No,Online,Average,Excellent,No,1,Middle,5.6,B,0.62,2,Neutral,3.5,1.3,3.0,1.8,2.4,4.0,2.9
24,Male,2.74,82.8,7.7,4.0,5.1,1.75,Yes,Offline,Average,Good,No,3,Middle,6.2,B,0.56,0,Positive,2.5,2.4,3.7,2.5,3.1,4.5,2.7
21,Female,6.99,73.6,6.2,2.5,4.1,1.62,No,Offline,Good,Good,Yes,2,Low,3.7,A,0.43,2,Positive,2.9,2.1,4.4,3.2,4.3,5.0,3.1
22,Female,4.06,78.5,7.5,3.9,4.3,1.43,No,Offline,Poor,Excellent,No,2,Middle,5.6,C,0.51,2,Positive,2.8,2.8,4.2,2.7,3.1,3.8,2.6
21,Non-Binary,6.15,92.4,8.8,2.5,3.6,1.57,No,Hybrid,Poor,Excellent,Yes,2,Low,2.4,A,0.46,2,Positive,3.7,1.6,4.6,5.0,3.9,3.6,3.2
20,Male,5.11,84.5,4.4,5.2,4.2,2.14,Yes,Online,Good,Poor,No,0,Middle,4.7,B,0.9,0,Positive,2.6,2.8,4.6,2.4,2.4,4.3,3.4
26,Female,6.75,69.3,6.3,2.8,5.8,1.53,Yes,Offline,Good,Average,Yes,2,Middle,6.2,A,0.29,0,Neutral,1.0,2.7,3.7,4.2,4.2,5.0,2.2
18,Male,5.3,67.5,8.4,6.4,1.4,1.46,Yes,Online,Average,Good,Yes,0,Middle,3.9,B,0.44,1,Neutral,1.9,3.5,1.9,2.0,2.8,2.6,2.4
20,Male,0.99,86.3,7.9,8.2,3.8,1.46,No,Online,Average,Good,No,0,Middle,6.4,C,0.44,1,Neutral,5.0,2.7,4.3,2.9,3.9,5.0,3.1
20,Non-Binary,6.45,85.7,7.1,5.2,3.6,1.53,Yes,Offline,Good,Good,No,1,Middle,4.2,A,0.6,2,Positive,2.8,3.7,2.6,3.4,2.9,3.7,2.5
21,Female,4.14,68.2,7.5,6.2,2.5,1.66,Yes,Offline,Poor,Excellent,No,0,Middle,6.5,A,0.87,1,Neutral,3.5,2.6,5.0,3.0,3.9,3.5,2.6
20,Male,6.85,78.0,6.1,7.7,2.9,0.92,Yes,Offline,Good,Average,No,3,Low,7.6,B,0.43,2,Neutral,2.9,3.1,3.3,3.5,2.7,4.5,1.1
21,Male,5.31,80.7,7.5,8.0,5.1,1.82,No,Offline,Poor,Good,No,1,Middle,3.6,B,0.53,1,Neutral,2.9,2.3,4.0,3.7,3.3,4.2,2.6
18,Female,7.93,89.6,7.3,2.9,2.9,2.32,Yes,Offline,Poor,Average,No,1,Low,3.3,A,0.71,0,Positive,1.9,2.4,3.4,5.0,3.0,5.0,2.3
21,Female,4.46,88.0,7.5,5.3,2.2,1.38,Yes,Hybrid,Poor,Excellent,No,2,Middle,3.7,B,0.81,1,Positive,4.7,2.3,3.0,4.1,3.1,2.8,2.5
19,Male,0.97,100.0,6.3,6.0,6.5,1.88,No,Hybrid,Average,Excellent,Yes,0,High,4.7,C,0.78,2,Neutral,2.3,3.0,4.8,1.4,3.7,5.0,2.9
18,Female,4.44,73.3,7.1,6.3,1.3,1.56,No,Online,Average,Good,Yes,0,Middle,5.2,C,0.38,0,Neutral,2.2,2.9,2.1,3.5,3.7,4.6,3.7
17,Male,6.11,62.4,4.9,4.7,5.0,1.99,No,Hybrid,Good,Average,Yes,5,Middle,4.5,A,0.29,0,Neutral,3.4,3.0,3.1,3.2,1.7,4.8,3.1
23,Male,4.4,79.0,7.8,3.1,5.0,1.64,No,Hybrid,Poor,Good,No,1,Middle,3.7,B,0.43,2,Negative,4.2,3.1,3.1,4.3,4.1,4.1,3.1
20,Female,4.15,89.9,8.8,6.7,3.8,1.8,Yes,Online,Poor,Good,Yes,1,Middle,3.1,A,0.71,0,Positive,2.7,2.7,3.3,1.0,1.7,2.5,3.4
22,Male,8.03,69.0,5.6,2.1,2.1,2.25,No,Offline,Average,Average,Yes,0,Middle,3.0,A,0.6,0,Neutral,1.1,2.5,4.9,4.2,3.4,4.9,3.5
23,Male,4.78,69.6,6.9,1.5,3.6,1.59,No,Online,Poor,Excellent,Yes,0,Low,4.8,A,0.55,2,Negative,1.2,3.4,3.4,2.5,1.8,2.9,2.7
22,Female,7.19,82.3,4.8,2.9,3.4,2.13,Yes,Offline,Good,Excellent,No,3,High,4.2,A,0.46,2,Positive,4.5,2.8,3.5,4.2,4.1,3.9,3.9
21,Female,5.38,80.3,7.9,3.9,6.9,2.14,No,Online,Poor,Good,Yes,4,Low,3.3,A,0.88,2,Positive,3.1,2.8,2.8,2.8,4.0,5.0,2.2
20,Male,2.19,92.7,6.3,5.2,2.9,1.76,No,Hybrid,Poor,Good,Yes,2,Middle,3.7,B,0.89,1,Positive,4.3,1.2,4.7,1.7,3.2,2.8,2.0
20,Female,3.2,75.3,6.9,5.3,4.0,2.21,No,Offline,Average,Average,No,0,Middle,2.3,B,0.51,1,Neutral,3.2,3.0,4.7,1.2,2.3,3.9,2.6
22,Female,4.45,100.0,6.0,6.1,4.9,1.67,Yes,Offline,Good,Good,No,4,High,6.2,A,0.3,1,Positive,2.1,1.5,3.9,2.3,5.0,5.0,1.5
21,Male,5.7,88.8,5.7,7.6,4.9,2.23,Yes,Online,Poor,Good,Yes,2,High,4.1,B,1.0,2,Positive,3.4,1.3,5.0,3.0,2.7,3.8,2.7
24,Female,3.46,88.9,7.6,7.1,2.7,1.96,Yes,Offline,Good,Average,No,3,High,8.3,A,1.0,1,Neutral,3.3,2.8,5.0,2.9,2.4,4.8,2.1
25,Male,2.25,67.2,7.2,3.2,6.2,1.84,Yes,Online,Good,Poor,Yes,2,Middle,5.4,A,0.88,1,Positive,3.5,1.7,4.3,2.7,1.0,4.3,3.1
18,Male,3.05,84.7,8.0,5.3,4.3,1.62,No,Offline,Good,Average,No,0,Middle,7.3,B,0.44,2,Positive,3.1,3.3,5.0,2.4,1.5,4.4,2.2
18,Female,4.04,98.1,7.8,4.8,2.8,1.46,No,Offline,Average,Average,Yes,1,Low,5.1,A,0.47,1,Positive,2.5,2.2,5.0,3.4,4.3,5.0,3.6
22,Non-Binary,3.31,77.5,5.9,2.5,5.8,1.31,No,Hybrid,Poor,Good,No,1,Middle,5.1,B,0.29,1,Neutral,4.1,3.6,3.9,5.0,2.8,3.3,1.7
19,Male,3.91,97.7,9.0,6.5,6.1,1.31,No,Offline,Good,Good,No,2,High,4.2,B,0.86,2,Positive,2.9,1.5,3.3,3.0,2.5,5.0,3.5
17,Male,8.8,88.0,4.5,3.9,5.3,1.67,Yes,Hybrid,Poor,Good,No,1,Middle,2.5,A,0.64,2,Neutral,3.2,2.5,4.6,3.1,3.7,4.9,3.1
25,Female,5.64,92.2,7.7,2.0,7.2,1.99,No,Online,Good,Average,Yes,2,Low,5.4,A,0.45,1,Positive,2.0,3.8,3.6,2.6,2.3,4.4,3.4
19,Male,3.44,84.4,7.8,5.6,4.8,1.85,Yes,Online,Good,Good,No,2,Low,4.6,A,0.21,1,Neutral,1.9,2.5,1.8,2.5,1.7,3.8,1.9
26,Male,5.06,90.3,8.7,5.9,4.8,1.59,No,Offline,Good,Excellent,Yes,3,Middle,4.3,A,0.64,2,Neutral,2.2,1.9,3.6,3.5,3.5,5.0,3.2
23,Male,8.23,62.8,5.3,5.8,3.2,1.43,No,Online,Good,Good,No,3,Low,4.6,A,0.75,2,Neutral,1.9,3.0,4.1,2.9,3.5,5.0,3.4
23,Female,6.37,78.7,7.4,7.3,4.6,1.64,No,Offline,Good,Excellent,No,1,Middle,4.5,A,0.84,2,Positive,1.0,1.0,4.2,2.3,3.6,3.7,1.2
19,Male,4.87,75.6,5.5,3.4,6.4,1.65,No,Offline,Average,Good,No,3,Middle,3.7,B,0.46,2,Neutral,2.4,3.9,3.0,2.5,1.3,5.0,2.6
19,Male,2.36,81.0,9.6,4.0,2.5,1.68,No,Hybrid,Average,Good,No,0,Middle,6.3,B,0.78,1,Neutral,4.5,2.0,3.4,2.0,3.8,5.0,3.3
21,Female,1.68,75.9,4.2,3.6,4.9,1.62,No,Offline,Good,Poor,No,2,Low,5.6,C,0.27,0,Neutral,2.6,4.2,2.4,3.3,3.6,2.2,2.8
18,Female,4.39,67.8,7.2,8.1,4.5,1.77,Yes,Online,Good,Good,No,0,High,6.2,C,0.49,0,Positive,1.7,2.9,3.9,2.1,3.3,4.8,1.0
19,Female,4.86,84.1,7.6,4.7,3.7,1.76,Yes,Offline,Poor,Excellent,Yes,2,Middle,4.7,A,0.69,1,Neutral,3.7,2.6,3.9,3.6,3.4,4.4,3.7
19,Male,1.82,83.1,6.1,4.6,4.7,1.55,No,Offline,Good,Excellent,No,1,Middle,6.2,C,0.8,1,Positive,2.9,3.2,5.0,2.3,3.4,4.8,3.2
18,Female,2.4,79.9,5.9,4.0,3.5,2.25,Yes,Online,Average,Excellent,No,2,Middle,1.9,B,0.38,1,Positive,2.6,1.4,3.3,1.6,2.2,5.0,2.0
19,Male,4.99,89.3,10.0,6.7,4.9,2.15,No,Offline,Poor,Average,No,2,Middle,6.2,B,0.26,2,Positive,1.8,1.9,1.0,4.6,1.9,5.0,2.7
24,Male,0.64,76.4,6.3,4.2,5.4,1.65,No,Offline,Poor,Good,No,0,High,8.6,D,0.75,1,Neutral,3.0,2.5,3.5,2.1,3.7,4.4,2.0
18,Female,1.62,89.2,6.5,4.0,3.7,1.86,No,Offline,Poor,Good,No,1,High,3.2,C,0.78,1,Negative,3.0,3.2,3.7,3.3,2.8,3.9,3.2
17,Male,4.97,87.6,7.4,9.2,6.5,1.9,Yes,Offline,Poor,Good,No,1,Low,3.8,B,0.64,1,Positive,3.3,2.1,3.7,2.3,4.7,5.0,2.0
22,Male,6.19,71.3,6.9,5.1,3.0,1.7,Yes,Offline,Average,Average,No,1,Low,6.9,A,0.12,1,Positive,3.1,2.5,2.4,4.5,2.5,4.7,2.4
28,Male,5.71,88.2,4.9,5.5,4.7,1.77,Yes,Hybrid,Average,Excellent,Yes,2,Middle,5.0,B,0.97,2,Neutral,2.9,2.3,5.0,4.0,3.0,4.3,2.0
20,Male,7.07,77.2,5.5,4.1,2.7,2.07,No,Offline,Good,Excellent,No,2,Low,3.9,A,0.55,1,Positive,3.0,2.7,3.4,5.0,1.7,3.3,3.7
18,Male,8.23,83.5,6.0,2.5,3.5,1.94,No,Hybrid,Good,Good,Yes,1,High,2.8,A,0.69,1,Positive,2.9,3.1,3.7,4.1,1.9,4.2,3.0
21,Non-Binary,6.87,76.0,6.4,5.0,5.2,2.01,Yes,Hybrid,Average,Average,Yes,2,Middle,2.3,A,0.82,1,Positive,1.5,3.3,3.6,2.9,2.3,4.1,2.9
25,Male,4.54,93.1,7.4,5.1,2.4,1.95,No,Hybrid,Average,Average,Yes,2,Middle,3.7,A,0.83,0,Positive,5.0,3.0,3.9,2.6,1.9,5.0,2.8
24,Male,9.33,84.7,6.5,7.4,6.7,1.61,Yes,Hybrid,Good,Good,No,2,Middle,5.3,A,0.87,1,Positive,3.6,2.7,4.9,4.1,4.0,4.6,2.8
22,Male,8.44,53.8,6.7,5.1,2.4,2.17,Yes,Online,Average,Average,Yes,3,Middle,3.4,A,0.35,0,Positive,3.1,4.0,3.2,2.6,3.9,3.8,2.8
19,Female,6.96,70.6,7.6,7.1,2.4,1.59,No,Hybrid,Good,Excellent,No,4,Low,4.5,A,0.86,1,Neutral,2.8,2.8,4.1,2.7,1.0,5.0,2.8
21,Female,3.45,67.5,6.6,2.1,2.1,1.7,No,Hybrid,Good,Good,No,3,High,6.1,A,0.69,2,Negative,2.8,3.3,4.4,2.7,2.0,5.0,3.1
18,Male,5.88,77.2,7.3,5.1,3.7,1.4,No,Online,Average,Good,No,3,Low,3.0,A,0.39,1,Neutral,3.3,3.3,2.1,2.4,2.4,5.0,3.4
22,Female,0.89,86.8,7.6,10.0,3.0,1.99,Yes,Offline,Average,Good,No,0,High,7.5,D,0.5,1,Positive,4.4,1.9,4.3,1.6,3.5,4.7,2.0
23,Male,4.42,80.7,6.8,3.4,6.6,2.23,Yes,Online,Poor,Poor,No,3,Low,5.5,A,0.64,0,Neutral,2.3,3.0,4.0,4.5,2.6,3.5,3.1
27,Male,0.1,62.7,6.7,7.6,5.8,1.55,Yes,Online,Poor,Excellent,Yes,0,Middle,6.6,Fail,0.52,1,Negative,3.3,3.4,4.2,2.2,1.0,3.4,3.1
19,Male,4.24,58.9,8.3,5.8,1.1,1.69,No,Hybrid,Good,Good,Yes,1,Low,5.3,B,0.65,2,Neutral,1.4,2.8,3.3,3.0,1.4,4.7,2.8
17,Male,7.14,80.0,8.0,4.9,4.8,1.76,Yes,Hybrid,Average,Excellent,No,5,Middle,6.2,A,0.6,2,Neutral,3.8,3.3,3.6,2.8,4.5,4.3,3.1
21,Male,5.13,77.1,10.0,6.9,4.5,1.89,Yes,Offline,Poor,Good,Yes,1,Middle,4.0,B,0.39,0,Negative,3.3,3.5,3.1,3.9,2.2,4.2,3.1
23,Female,8.32,88.1,7.7,2.5,4.9,2.32,No,Hybrid,Good,Good,No,3,Low,5.5,A,0.8,0,Neutral,2.9,4.6,4.5,2.6,3.5,5.0,4.1
24,Male,5.09,85.5,7.3,6.7,4.7,1.72,Yes,Online,Average,Poor,No,0,Middle,4.9,B,0.94,0,Neutral,1.0,1.1,3.1,2.9,3.8,5.0,2.4
18,Female,5.3,82.4,8.0,6.5,5.3,2.14,No,Hybrid,Poor,Good,Yes,3,Middle,6.5,A,0.51,0,Neutral,2.4,1.2,3.8,3.1,1.6,4.2,1.0
19,Male,4.49,93.8,7.5,6.6,4.8,1.94,No,Offline,Poor,Good,No,3,Middle,1.7,A,0.67,2,Positive,2.1,1.6,5.0,2.4,2.9,3.4,2.4
21,Male,6.16,83.5,8.1,6.2,4.1,1.7,Yes,Online,Poor,Good,No,0,Middle,3.8,A,0.68,2,Positive,2.1,1.2,4.0,3.8,4.7,5.0,3.3
20,Male,5.03,87.1,6.7,6.1,5.9,2.1,No,Hybrid,Average,Good,Yes,2,High,1.6,A,0.77,0,Neutral,1.1,5.0,5.0,3.3,3.3,5.0,3.6
25,Female,7.5,75.4,6.1,1.9,5.6,1.82,No,Online,Average,Average,No,3,Low,2.6,A,0.98,1,Neutral,2.6,4.1,3.6,3.8,3.1,3.6,3.8
21,Male,8.33,84.0,4.7,4.5,2.7,1.54,No,Offline,Good,Excellent,No,2,Low,2.7,A,0.62,2,Positive,4.8,2.4,3.8,3.8,3.0,5.0,2.7
24,Female,5.85,96.9,8.2,7.0,4.4,1.96,Yes,Hybrid,Good,Excellent,No,3,Middle,3.1,A,0.15,2,Neutral,3.7,2.6,2.6,2.7,4.2,5.0,2.8
22,Male,2.86,68.9,5.3,6.2,4.5,1.7,Yes,Offline,Good,Poor,No,0,High,4.7,D,0.9,0,Negative,3.1,1.9,3.1,3.6,5.0,4.3,2.5
24,Male,6.23,67.6,8.8,3.9,4.7,1.73,No,Offline,Average,Excellent,Yes,1,High,3.4,A,0.31,2,Neutral,3.6,1.9,3.2,3.8,1.0,4.4,3.0
20,Male,7.82,75.3,6.1,4.4,2.6,2.04,Yes,Hybrid,Poor,Average,No,5,Middle,4.1,A,0.56,1,Positive,5.0,1.1,3.1,4.2,5.0,4.1,1.8
24,Male,6.41,91.0,5.7,5.3,3.3,1.65,Yes,Offline,Average,Good,Yes,2,High,1.3,A,0.52,2,Neutral,2.0,1.3,3.4,2.6,3.6,4.9,3.2
19,Male,5.7,80.5,5.9,3.6,2.3,1.88,Yes,Online,Good,Average,No,3,High,2.5,A,0.44,2,Positive,2.2,3.6,4.4,3.3,3.8,5.0,3.3
21,Male,6.99,72.7,6.3,5.2,3.3,2.36,Yes,Hybrid,Average,Excellent,No,1,Middle,8.0,A,0.39,2,Neutral,2.5,2.3,3.3,2.5,2.7,4.2,1.9
19,Female,7.75,85.9,7.7,4.9,5.1,2.1,No,Online,Average,Average,No,0,Low,3.9,A,0.55,1,Neutral,1.6,2.0,2.9,4.2,4.9,4.5,1.8
21,Male,0.71,79.4,7.1,4.7,4.1,1.58,Yes,Hybrid,Good,Good,No,0,Middle,3.5,C,0.92,0,Positive,3.3,4.3,3.8,1.7,3.0,5.0,2.4
19,Female,8.15,79.9,6.3,7.0,2.3,1.94,Yes,Online,Poor,Good,Yes,1,Low,1.8,A,0.72,2,Neutral,2.7,2.8,3.2,3.7,3.1,4.6,3.1
19,Male,6.66,66.8,9.7,1.4,5.7,2.37,Yes,Offline,Average,Average,No,3,Middle,4.2,A,0.25,1,Positive,3.6,4.3,3.1,4.5,2.2,5.0,3.1
27,Female,6.08,61.5,4.6,4.0,5.7,1.38,No,Hybrid,Good,Good,No,1,Middle,4.5,B,0.49,2,Neutral,3.8,2.4,5.0,3.3,1.8,5.0,2.9
18,Female,4.0,84.4,7.3,7.8,3.3,1.79,Yes,Offline,Average,Average,No,0,Middle,5.4,C,0.53,0,Negative,4.3,3.2,4.6,1.8,2.0,5.0,2.9
24,Male,5.57,74.5,7.6,5.1,2.7,1.89,No,Offline,Average,Good,Yes,1,Low,7.4,A,0.16,0,Positive,3.7,3.2,1.0,2.9,4.1,5.0,1.0
28,Male,6.33,87.0,7.8,5.8,4.5,2.08,No,Offline,Poor,Excellent,No,2,High,7.5,A,0.4,1,Positive,2.6,1.5,3.5,2.6,4.2,3.5,1.9
17,Female,2.15,100.0,9.4,5.4,6.5,1.2,Yes,Hybrid,Good,Excellent,No,1,Middle,4.4,B,0.96,1,Neutral,2.5,2.7,5.0,1.0,4.0,4.8,2.6
23,Female,6.62,88.3,7.3,2.4,2.6,1.47,No,Online,Poor,Excellent,No,3,Middle,5.2,A,0.96,1,Positive,2.0,1.6,4.4,5.0,2.9,4.3,1.5
19,Male,5.26,68.0,5.0,5.4,4.2,2.01,No,Hybrid,Good,Average,No,2,High,5.3,A,0.52,0,Negative,3.0,2.5,3.5,2.8,3.9,3.2,3.4
17,Male,8.06,82.7,8.7,5.1,4.4,1.67,Yes,Offline,Good,Average,Yes,2,Middle,5.2,A,0.47,0,Positive,3.4,2.1,2.2,3.5,2.2,4.4,3.8
20,Female,6.47,74.2,6.0,4.9,4.3,1.65,No,Offline,Poor,Good,No,2,Middle,4.3,B,0.6,0,Positive,1.5,3.1,4.5,2.5,3.0,4.4,2.9
26,Male,4.77,83.1,5.9,5.2,2.6,1.73,Yes,Hybrid,Average,Poor,No,2,Middle,7.5,B,0.49,1,Positive,4.2,2.4,4.0,2.7,2.5,3.1,2.8
17,Female,5.23,88.9,7.4,3.5,7.0,1.25,No,Offline,Poor,Excellent,Yes,1,High,5.2,B,0.52,2,Positive,3.0,4.0,2.1,2.1,2.3,5.0,3.8
22,Male,6.4,76.9,6.0,8.4,2.3,1.41,Yes,Online,Good,Average,No,0,Low,4.9,A,0.5,2,Positive,2.6,2.0,1.0,2.4,3.2,4.1,2.7
21,Male,5.42,85.7,6.5,1.5,6.2,1.37,No,Hybrid,Poor,Excellent,No,1,Middle,4.6,B,0.44,2,Neutral,2.0,3.4,4.0,3.2,3.6,4.1,3.4
25,Female,6.22,81.5,7.5,1.2,4.2,1.22,Yes,Online,Average,Poor,Yes,3,High,3.3,A,0.43,0,Neutral,4.4,3.6,4.7,2.4,2.7,4.3,3.4
18,Female,3.69,85.0,5.6,5.1,3.8,1.98,Yes,Offline,Poor,Excellent,Yes,3,Middle,4.5,A,0.67,2,Positive,3.5,2.5,3.8,3.2,3.6,4.0,3.6
23,Male,2.62,88.5,7.7,2.7,2.7,2.13,Yes,Online,Average,Average,Yes,1,Middle,2.6,B,0.29,0,Neutral,3.9,4.1,5.0,3.3,3.0,4.1,2.5
23,Male,3.98,79.5,5.4,8.0,1.9,2.28,Yes,Online,Poor,Poor,Yes,4,Middle,1.2,A,0.16,0,Positive,2.9,3.0,3.7,1.6,1.0,4.8,1.9
22,Female,2.26,91.4,6.1,2.9,3.2,2.1,No,Hybrid,Average,Good,Yes,3,Low,3.1,A,0.71,2,Neutral,4.6,3.4,3.4,3.2,2.1,4.6,4.6
26,Female,3.57,93.0,4.9,6.7,7.6,1.77,No,Hybrid,Average,Average,Yes,0,Middle,3.2,B,0.63,0,Neutral,3.8,2.1,4.3,2.9,3.4,2.9,2.5
24,Male,5.83,71.4,7.7,2.3,5.8,1.53,No,Offline,Average,Good,Yes,1,High,4.7,A,0.25,2,Positive,4.3,2.2,2.6,2.9,3.5,5.0,2.4
17,Female,1.85,78.6,8.2,3.4,4.5,1.85,No,Offline,Poor,Good,No,3,Middle,5.5,B,0.71,1,Positive,4.2,3.0,3.4,3.5,2.5,4.1,2.6
21,Female,2.66,79.8,7.1,7.5,2.9,1.64,No,Hybrid,Good,Average,No,2,Low,6.2,C,0.79,2,Positive,2.4,2.3,2.6,1.6,2.1,5.0,3.0
20,Female,6.59,60.9,7.0,7.7,4.2,1.66,Yes,Online,Good,Excellent,Yes,2,Middle,6.5,A,0.11,2,Positive,3.2,1.7,3.9,5.0,4.4,5.0,1.4
19,Female,4.06,71.1,5.8,2.3,3.9,1.57,No,Hybrid,Poor,Good,No,1,Middle,5.0,B,0.53,0,Neutral,4.3,2.9,4.6,4.7,3.7,3.8,3.1
20,Male,5.1,92.8,9.3,1.5,3.3,2.21,Yes,Online,Average,Good,No,1,Middle,1.2,A,0.31,0,Positive,3.5,2.3,4.0,3.4,1.0,4.2,3.3
20,Female,2.65,86.0,6.4,7.7,6.8,1.45,No,Hybrid,Average,Good,No,2,Middle,6.1,D,0.58,2,Positive,2.0,3.6,4.0,2.7,3.1,3.5,1.9
20,Female,3.03,80.8,6.6,4.1,4.5,1.67,No,Offline,Average,Good,No,0,High,6.5,B,0.8,1,Neutral,3.1,3.7,2.5,2.9,3.1,3.9,1.1
28,Male,4.51,82.2,7.5,5.5,4.9,1.78,No,Offline,Average,Average,Yes,3,Middle,1.4,A,0.55,0,Positive,3.8,1.7,5.0,2.8,2.3,3.9,3.9
18,Male,8.38,89.7,6.1,5.7,4.9,1.47,No,Offline,Poor,Average,Yes,3,High,4.0,A,0.35,2,Positive,1.5,2.9,1.2,3.1,2.8,2.5,2.5
26,Male,6.01,68.4,5.4,6.7,3.0,1.08,Yes,Hybrid,Poor,Good,Yes,0,High,7.0,C,0.86,0,Negative,2.0,1.0,4.5,2.9,1.7,3.5,1.8
21,Female,1.77,94.9,9.5,5.4,3.2,1.37,No,Offline,Average,Good,No,3,Low,8.3,A,0.59,0,Neutral,1.6,2.4,3.0,2.5,3.8,4.7,2.4
22,Male,6.02,74.5,6.9,5.9,5.0,1.66,Yes,Online,Good,Average,No,4,Middle,5.7,A,0.39,1,Positive,3.5,2.4,3.2,2.6,4.5,5.0,2.1
24,Female,6.97,76.3,6.1,3.5,0.5,2.05,Yes,Offline,Good,Good,No,2,Middle,4.2,A,0.66,2,Positive,4.6,2.4,3.4,3.4,2.1,5.0,3.1
20,Female,6.5,69.8,7.4,2.2,5.7,1.92,Yes,Offline,Average,Good,Yes,2,Low,4.3,A,0.76,2,Positive,1.0,2.5,3.7,3.3,2.8,3.8,2.2
20,Female,2.67,83.2,5.7,2.7,4.4,1.7,Yes,Hybrid,Good,Poor,No,1,Middle,2.4,B,0.19,1,Positive,3.2,3.3,4.6,4.5,1.9,5.0,2.7
20,Female,4.99,71.6,5.1,4.8,6.0,1.87,No,Online,Average,Average,No,2,Middle,2.0,A,0.83,2,Neutral,2.4,2.4,4.1,4.2,2.6,4.6,4.6
20,Non-Binary,9.37,79.2,4.0,6.6,3.1,1.72,No,Hybrid,Average,Good,No,1,Low,4.7,A,0.55,2,Positive,4.7,3.0,3.5,4.9,3.7,3.8,2.2
26,Male,3.25,71.1,7.3,2.3,3.4,1.45,No,Online,Poor,Poor,Yes,2,Low,5.3,B,0.01,0,Positive,3.2,4.2,2.3,2.9,2.8,4.8,3.9
24,Female,5.79,91.4,9.1,2.9,2.7,2.2,Yes,Offline,Poor,Average,No,2,Low,4.5,A,0.3,0,Positive,3.9,3.3,2.5,3.5,3.7,4.3,2.5
18,Male,3.62,92.9,5.1,5.3,3.8,2.26,No,Online,Poor,Poor,No,2,Low,4.6,B,0.68,0,Neutral,4.4,3.8,4.1,2.7,5.0,5.0,2.4
18,Female,2.58,72.4,7.4,5.1,3.3,1.78,No,Hybrid,Average,Excellent,No,0,Middle,4.6,B,0.75,1,Positive,3.2,2.1,4.1,1.3,2.4,5.0,2.4
20,Male,4.26,66.5,5.2,6.4,6.6,1.83,Yes,Hybrid,Poor,Good,No,1,Middle,5.7,C,0.84,1,Neutral,1.2,2.5,4.7,1.3,3.2,3.3,1.0
18,Non-Binary,7.18,67.1,8.6,4.4,3.6,2.07,Yes,Online,Average,Poor,Yes,3,High,2.7,A,0.47,0,Positive,2.9,3.7,5.0,2.7,2.6,5.0,5.0
22,Female,7.44,87.6,7.0,6.0,5.3,1.88,Yes,Offline,Average,Poor,No,1,Low,3.9,A,0.87,1,Positive,3.2,2.4,3.2,3.1,3.7,3.6,3.3
18,Female,3.36,66.8,8.0,3.0,6.3,1.18,Yes,Offline,Average,Good,Yes,1,High,3.9,C,0.97,1,Neutral,1.8,3.3,5.0,2.7,3.1,4.6,1.7
21,Male,4.17,71.0,6.4,1.2,3.5,1.77,Yes,Hybrid,Average,Good,No,0,Low,3.0,A,0.73,0,Positive,1.1,2.5,3.8,4.5,3.2,4.9,5.0
17,Male,3.34,79.0,6.0,9.1,4.8,1.81,Yes,Offline,Average,Good,Yes,0,Middle,7.9,C,0.82,0,Positive,1.6,3.5,4.1,2.4,3.0,4.3,1.7
19,Female,0.97,94.5,6.5,3.3,3.6,1.64,No,Hybrid,Poor,Excellent,Yes,2,Low,5.4,C,0.17,1,Neutral,4.3,2.4,3.4,3.2,2.9,4.1,2.8
22,Male,6.33,80.4,7.8,4.0,4.6,1.75,Yes,Offline,Good,Good,No,2,High,5.1,A,0.86,0,Positive,1.8,3.1,4.9,4.3,3.4,5.0,3.8
21,Female,8.24,77.1,7.0,7.8,4.0,1.9,No,Offline,Average,Average,No,4,Low,4.4,A,0.49,0,Positive,5.0,1.8,3.9,4.0,3.2,5.0,1.9
28,Male,8.12,86.6,5.7,8.4,4.0,2.18,No,Online,Average,Good,No,3,High,3.0,A,0.61,2,Positive,4.4,1.3,5.0,3.6,4.2,4.8,2.2
25,Female,4.19,63.0,9.1,7.4,2.2,1.96,Yes,Hybrid,Average,Excellent,No,3,Low,2.0,A,0.54,2,Positive,3.9,2.7,2.8,3.2,2.8,3.7,3.1
20,Male,7.78,69.0,7.4,4.4,4.7,1.74,No,Hybrid,Poor,Good,No,1,Low,3.7,A,0.16,0,Positive,1.5,4.2,1.3,3.1,4.7,3.2,3.7
17,Female,7.31,89.4,7.2,3.5,1.4,1.27,No,Online,Good,Good,Yes,1,Middle,4.5,A,0.32,2,Positive,4.4,2.4,2.7,4.0,3.2,4.3,3.3
24,Female,4.45,90.8,6.6,5.2,2.3,1.44,Yes,Offline,Average,Average,Yes,1,High,5.4,B,0.94,1,Positive,2.5,1.9,4.3,4.4,5.0,4.7,2.9
26,Male,5.12,85.4,6.9,5.1,2.6,1.7,No,Online,Average,Average,No,1,High,3.8,A,0.23,1,Positive,1.2,2.3,2.5,4.5,4.3,4.7,3.0
24,Male,4.39,83.9,7.5,5.6,3.8,2.14,No,Online,Poor,Good,Yes,2,Middle,5.6,B,0.8,0,Positive,3.3,2.4,3.6,3.3,2.9,3.0,3.1
18,Male,5.61,77.0,6.0,7.4,5.4,1.55,No,Hybrid,Average,Excellent,No,2,High,2.2,B,0.77,2,Positive,3.5,2.7,3.2,3.0,2.7,3.4,3.5
29,Female,8.76,77.6,10.0,4.8,5.0,1.98,No,Online,Good,Good,Yes,3,Middle,5.0,A,0.36,0,Positive,2.2,1.2,2.2,3.4,1.7,4.9,2.2
19,Female,3.28,97.4,6.7,3.3,3.7,1.87,Yes,Online,Average,Good,Yes,1,Middle,2.6,A,0.69,2,Positive,2.4,3.9,4.5,2.1,4.5,4.3,2.9
23,Female,2.75,70.1,5.6,3.8,3.8,1.71,No,Hybrid,Poor,Average,No,2,Middle,6.1,B,0.39,0,Negative,2.8,4.0,4.5,2.4,5.0,4.1,2.2
25,Female,6.88,92.5,8.0,3.9,2.0,1.72,Yes,Hybrid,Good,Average,No,0,Low,4.9,A,0.32,0,Positive,2.8,3.2,2.7,5.0,2.3,5.0,2.7
19,Male,5.26,79.5,6.4,3.2,4.5,1.24,Yes,Online,Good,Good,Yes,3,Middle,1.0,A,0.57,0,Positive,3.7,2.1,4.8,2.7,3.0,5.0,4.1
25,Male,1.36,64.5,6.2,4.1,3.9,1.93,No,Online,Good,Average,Yes,0,High,7.0,C,0.54,1,Neutral,2.7,3.8,4.9,1.8,3.3,4.1,3.7
19,Male,3.12,85.5,5.1,7.7,4.4,2.0,Yes,Hybrid,Average,Good,Yes,0,Middle,8.0,D,0.54,2,Neutral,4.6,2.0,2.9,1.0,3.1,3.9,1.2
28,Male,3.49,72.0,6.2,7.1,5.9,2.19,Yes,Offline,Poor,Average,Yes,1,High,6.9,B,0.74,2,Negative,3.3,2.6,4.3,1.9,2.1,3.5,2.0
19,Non-Binary,3.92,84.0,6.9,6.7,4.2,1.54,Yes,Offline,Average,Good,No,1,High,3.9,B,0.63,1,Positive,1.3,2.5,3.5,4.0,4.2,4.5,2.5
27,Female,5.79,83.5,5.1,3.8,0.5,1.91,No,Offline,Average,Excellent,No,2,High,4.3,A,0.54,2,Positive,4.2,2.0,4.3,3.9,3.1,3.5,3.4
17,Male,7.13,100.0,7.0,2.7,5.3,1.9,Yes,Online,Average,Good,Yes,1,Low,4.5,A,0.47,2,Positive,2.2,4.7,3.1,4.8,5.0,4.1,3.9
23,Female,4.82,74.1,8.7,6.0,4.2,1.55,No,Hybrid,Poor,Average,Yes,3,Low,5.9,B,0.09,2,Neutral,4.1,1.5,4.5,3.8,2.8,5.0,3.7
21,Female,5.44,60.4,7.5,5.9,5.8,1.65,No,Online,Poor,Good,Yes,0,Low,6.2,C,0.72,0,Neutral,3.3,2.6,2.4,4.2,3.1,4.7,3.0
21,Male,3.66,84.1,6.8,4.1,1.9,1.72,Yes,Hybrid,Poor,Excellent,Yes,0,High,4.4,B,0.75,1,Positive,2.2,3.0,3.5,3.3,2.5,4.5,2.9
19,Male,7.19,86.4,5.7,4.1,3.6,1.52,No,Online,Poor,Good,No,2,Low,5.3,A,0.66,2,Positive,2.6,2.9,3.8,3.0,1.4,3.8,3.0
23,Male,7.84,77.6,8.3,3.9,4.3,1.97,No,Offline,Poor,Poor,Yes,1,Middle,5.2,A,0.39,1,Positive,3.5,3.1,3.7,4.9,2.9,5.0,2.9
18,Female,4.62,72.6,6.9,6.3,4.8,1.79,No,Hybrid,Average,Poor,Yes,2,Middle,4.8,B,0.6,0,Positive,3.3,2.6,3.0,4.3,2.2,4.5,3.8
21,Non-Binary,3.67,84.9,9.1,3.4,5.7,1.99,No,Hybrid,Poor,Average,No,1,Low,2.4,A,0.86,1,Neutral,4.0,3.3,3.2,3.2,4.0,4.8,2.3
19,Female,9.3,86.9,4.9,4.5,0.5,2.04,No,Offline,Poor,Average,Yes,3,Middle,3.1,A,0.57,2,Neutral,3.4,2.0,3.5,3.9,2.9,4.9,3.2
27,Male,7.01,75.9,6.6,1.0,6.0,1.89,No,Offline,Poor,Excellent,No,3,Low,6.2,A,0.6,2,Positive,3.0,2.4,2.7,3.3,2.3,3.7,3.6
17,Male,3.37,88.3,7.2,4.4,4.0,2.39,No,Online,Average,Excellent,No,3,Middle,5.4,A,0.74,2,Neutral,3.1,3.7,3.5,2.8,1.4,3.4,4.0
18,Female,1.77,80.6,7.1,5.7,6.4,1.61,Yes,Offline,Good,Average,Yes,2,High,6.9,D,0.78,1,Positive,2.8,3.0,4.2,1.5,3.7,5.0,3.0
19,Female,4.57,79.3,7.5,4.2,5.3,2.17,No,Hybrid,Average,Average,No,2,Middle,4.0,A,0.53,1,Negative,3.5,2.7,3.3,3.2,2.4,4.1,3.4
20,Female,7.55,68.1,7.8,1.5,3.2,1.77,No,Online,Average,Average,No,1,Middle,1.6,A,0.78,2,Positive,3.4,4.3,3.4,3.5,3.4,4.8,3.9
19,Female,4.07,73.5,4.3,4.9,5.5,1.98,Yes,Online,Average,Excellent,No,1,Middle,5.1,B,0.66,2,Negative,3.3,3.2,4.2,3.5,3.5,4.2,2.5
21,Male,4.67,86.6,8.9,4.3,2.5,1.56,No,Hybrid,Good,Good,No,1,High,2.4,A,0.87,2,Positive,5.0,3.4,3.4,2.3,3.8,5.0,3.2
25,Female,4.17,92.5,7.8,7.7,4.1,1.92,Yes,Offline,Average,Good,No,0,High,5.3,B,0.76,0,Positive,3.4,3.5,4.6,2.3,1.9,4.0,2.2
23,Female,6.46,91.4,8.9,4.7,3.4,1.8,No,Offline,Average,Good,No,2,High,5.8,A,0.28,1,Positive,4.2,2.9,3.6,3.0,3.7,5.0,3.4
21,Male,7.95,79.2,7.5,7.9,4.7,2.17,No,Offline,Poor,Good,No,2,Low,2.7,A,0.73,1,Positive,2.3,2.0,2.4,1.0,2.6,4.4,3.0
18,Female,2.64,78.5,7.2,4.5,2.9,1.86,No,Online,Average,Average,No,1,High,4.8,B,0.75,0,Positive,3.0,2.5,3.3,2.2,3.3,5.0,2.5
23,Male,4.59,71.6,3.7,3.8,3.9,1.59,No,Hybrid,Poor,Average,Yes,1,Low,7.1,C,0.14,0,Neutral,1.0,1.2,1.0,2.5,2.8,2.6,1.4
18,Male,4.76,72.2,7.4,4.4,3.0,1.28,No,Hybrid,Average,Good,No,3,Middle,4.3,A,0.31,0,Neutral,3.1,2.0,4.3,1.9,4.2,5.0,2.2
24,Male,3.92,76.4,5.4,5.4,3.9,1.88,Yes,Offline,Average,Good,Yes,2,Middle,4.8,C,0.26,0,Positive,2.4,3.3,3.1,3.4,3.4,5.0,3.1
19,Male,2.77,89.6,8.6,5.0,5.9,1.29,No,Online,Poor,Average,Yes,0,Middle,5.4,C,0.58,1,Positive,2.3,2.1,4.1,1.0,3.2,4.2,1.8
20,Male,6.81,91.8,6.0,4.0,4.5,1.99,Yes,Online,Average,Average,No,2,Middle,5.7,A,0.42,0,Positive,3.2,2.6,4.3,1.4,5.0,4.6,1.7
20,Male,5.48,83.6,7.5,3.2,6.6,1.92,Yes,Offline,Poor,Average,No,2,Low,4.6,A,0.3,0,Positive,2.6,3.6,2.3,3.6,4.7,3.5,3.8
25,Female,6.61,85.6,7.8,5.4,5.0,1.85,No,Online,Poor,Good,Yes,1,High,3.4,A,0.43,1,Positive,1.5,2.8,3.4,3.5,2.5,4.0,2.4
18,Male,8.2,70.7,6.9,5.5,1.9,1.6,No,Offline,Average,Good,No,2,Middle,5.9,A,0.76,1,Positive,2.8,2.8,3.5,3.2,2.5,5.0,3.2
21,Male,4.44,78.2,6.1,4.8,5.0,1.56,No,Online,Average,Excellent,No,2,Low,4.9,A,0.28,2,Neutral,5.0,3.9,4.0,3.4,2.8,5.0,2.3
18,Male,6.25,86.9,10.0,4.3,4.5,2.03,Yes,Offline,Poor,Poor,Yes,3,Middle,2.1,A,0.37,0,Positive,3.4,3.5,4.0,3.9,3.1,5.0,3.2
23,Female,4.36,80.6,5.3,4.2,3.2,1.72,Yes,Offline,Average,Average,Yes,2,Middle,5.6,B,0.73,2,Negative,3.3,1.2,3.5,3.8,1.7,3.9,2.3
25,Male,4.99,85.8,6.3,3.1,4.2,2.01,Yes,Offline,Poor,Average,Yes,1,Low,5.6,A,0.73,2,Positive,1.9,4.3,5.0,2.4,4.0,3.8,2.6
20,Male,5.84,67.1,5.7,5.3,1.9,2.07,No,Offline,Average,Good,Yes,4,Low,2.1,A,0.74,2,Positive,1.8,2.5,2.1,3.4,2.4,3.2,2.0
21,Female,4.85,95.0,8.5,6.4,2.7,1.9,Yes,Offline,Average,Good,No,3,High,1.0,A,0.97,2,Positive,2.1,3.0,5.0,2.6,4.4,3.5,3.1
26,Female,2.15,76.9,7.9,7.2,4.7,1.9,No,Online,Poor,Good,Yes,1,High,4.7,C,0.25,1,Positive,3.3,2.6,3.1,2.8,3.8,4.5,3.8
21,Female,8.19,73.8,6.7,4.3,3.6,1.87,No,Online,Average,Average,Yes,3,Low,3.7,A,0.6,2,Positive,1.8,2.2,2.7,5.0,2.1,4.2,2.7
21,Female,5.48,81.0,6.1,3.3,4.6,1.7,Yes,Online,Average,Good,No,2,Middle,5.4,A,0.14,0,Positive,4.4,3.3,4.9,3.5,2.9,5.0,3.0
21,Male,2.88,43.3,6.6,2.9,6.3,1.93,Yes,Hybrid,Average,Excellent,No,2,Middle,4.4,C,0.56,1,Neutral,1.8,2.6,5.0,3.3,1.4,2.3,3.0
23,Female,0.75,76.7,8.0,5.9,3.9,1.39,No,Hybrid,Poor,Excellent,Yes,0,Middle,7.4,D,0.84,1,Negative,3.8,2.3,5.0,2.4,3.4,4.7,2.5
18,Male,5.13,99.8,8.8,4.3,4.0,1.76,Yes,Offline,Average,Excellent,Yes,2,Middle,1.0,A,0.25,2,Neutral,3.3,3.4,3.0,2.5,2.0,5.0,4.1
24,Male,6.48,74.2,6.5,5.3,3.2,1.91,No,Hybrid,Average,Good,Yes,3,Low,3.9,A,0.76,2,Neutral,4.5,2.1,3.4,2.9,3.1,4.6,2.8
20,Male,7.2,89.4,6.9,4.4,5.1,1.8,Yes,Online,Poor,Excellent,No,4,Middle,3.0,A,0.93,1,Positive,1.9,1.3,4.7,3.7,2.5,3.0,3.7
17,Female,7.41,63.3,9.7,3.3,0.7,1.92,No,Offline,Average,Average,No,3,Low,7.4,A,0.22,2,Neutral,5.0,2.3,3.9,4.5,4.4,3.9,3.4
24,Male,4.41,66.0,9.0,3.5,1.5,2.13,Yes,Offline,Poor,Average,No,3,Middle,1.2,A,0.6,1,Neutral,3.2,4.0,2.5,4.3,2.9,3.8,4.0
20,Female,6.47,64.2,7.4,1.1,3.5,1.94,No,Hybrid,Poor,Poor,Yes,3,High,3.5,A,0.63,1,Neutral,4.2,4.1,4.9,5.0,5.0,3.6,4.0
18,Female,2.09,93.6,6.7,6.3,5.3,1.44,Yes,Offline,Average,Good,No,2,High,2.7,C,1.0,0,Neutral,3.4,3.0,3.6,2.3,1.0,3.9,5.0
22,Male,5.48,61.2,7.6,5.0,3.4,1.77,Yes,Hybrid,Poor,Excellent,Yes,3,High,3.5,B,0.51,1,Positive,1.9,3.1,3.7,3.2,2.4,3.5,3.6
25,Female,7.01,82.8,6.5,4.1,3.0,2.1,Yes,Online,Good,Average,Yes,4,High,1.2,A,0.2,2,Positive,2.2,4.5,3.6,3.1,5.0,4.4,4.8
25,Female,3.96,71.8,7.4,6.2,3.0,1.78,Yes,Online,Poor,Good,Yes,1,Low,8.8,C,0.69,2,Neutral,3.0,3.6,3.5,2.8,2.6,4.1,3.9
27,Female,4.86,86.4,7.6,4.6,4.0,1.48,No,Hybrid,Average,Good,No,3,Middle,3.8,B,0.9,0,Neutral,2.2,2.2,3.4,2.9,3.7,4.9,2.1
25,Male,5.39,69.2,7.8,2.6,6.3,1.78,Yes,Offline,Good,Excellent,No,2,Middle,3.8,A,0.92,1,Neutral,3.1,3.5,3.8,3.9,2.1,4.4,3.5
17,Female,5.45,73.2,7.4,5.0,3.8,1.93,No,Offline,Poor,Good,No,2,High,4.4,B,0.42,2,Neutral,3.9,3.3,4.2,2.6,5.0,2.8,2.4
20,Male,8.16,83.7,8.3,4.2,4.4,1.76,No,Offline,Good,Excellent,No,3,High,2.6,A,0.48,2,Positive,4.3,2.3,4.1,1.7,2.7,5.0,2.1
24,Female,3.02,62.6,8.0,7.1,2.3,1.53,No,Hybrid,Average,Average,Yes,1,Middle,7.4,C,0.8,0,Neutral,4.7,2.8,4.7,1.0,1.7,3.5,1.3
20,Female,7.86,59.7,7.0,3.9,4.7,1.48,Yes,Offline,Average,Average,Yes,3,Middle,5.5,B,0.3,0,Positive,3.0,2.3,2.1,2.9,2.9,4.2,2.4
22,Male,2.68,99.9,6.1,4.7,1.3,2.05,No,Hybrid,Average,Good,No,2,Middle,4.9,A,0.63,0,Neutral,2.6,2.7,4.5,4.0,1.8,3.6,3.3
22,Female,3.84,80.8,6.6,6.6,4.6,2.21,No,Hybrid,Average,Average,No,3,Middle,2.6,B,0.46,0,Neutral,1.3,2.4,4.9,3.4,1.7,4.4,2.9
20,Female,3.62,84.9,9.2,6.0,3.3,2.2,Yes,Offline,Good,Poor,No,3,High,5.3,A,0.39,0,Negative,1.0,3.6,4.8,2.8,1.3,4.6,3.4
25,Female,5.0,80.0,7.7,3.2,4.5,2.16,No,Online,Good,Good,Yes,2,High,5.4,A,0.56,0,Positive,2.9,3.8,2.2,3.4,2.1,5.0,3.5
21,Male,4.19,83.6,8.9,4.1,4.9,1.96,Yes,Hybrid,Good,Good,No,3,Low,3.4,A,0.2,0,Positive,4.3,2.2,3.2,2.4,3.6,5.0,4.2
21,Male,6.15,80.1,6.0,3.5,1.2,1.93,No,Hybrid,Average,Good,Yes,5,Middle,4.8,A,0.89,2,Positive,3.1,4.6,4.2,3.0,4.5,3.8,2.3
29,Non-Binary,5.2,84.1,8.4,5.6,6.0,2.08,No,Online,Poor,Average,No,1,Low,3.8,A,0.45,1,Positive,3.4,3.2,2.7,2.9,3.9,3.1,3.9
21,Female,9.59,67.6,10.0,4.5,3.6,1.65,No,Hybrid,Poor,Good,No,2,High,1.0,A,0.51,1,Positive,2.0,1.7,5.0,3.1,3.6,5.0,3.2
18,Female,5.95,54.0,6.0,5.3,1.9,2.23,No,Hybrid,Good,Average,No,5,High,3.3,A,0.26,2,Neutral,2.6,1.9,4.3,4.9,3.0,3.8,3.2
21,Male,4.67,73.4,8.8,5.1,5.0,1.69,No,Offline,Good,Poor,Yes,3,Middle,2.8,A,0.53,0,Neutral,4.2,1.7,4.0,4.3,3.0,3.3,3.5
24,Male,5.93,95.5,6.5,6.0,1.8,1.83,Yes,Offline,Average,Good,No,2,Middle,3.9,A,0.24,2,Positive,3.4,2.2,2.6,4.5,1.9,3.8,2.9
24,Female,6.38,73.5,7.1,2.0,5.4,1.87,No,Offline,Average,Average,No,2,Middle,5.2,A,0.22,2,Positive,2.5,4.6,3.4,3.1,3.4,4.1,3.3
24,Female,4.8,61.7,6.4,6.1,4.0,1.84,No,Online,Average,Poor,Yes,3,Low,1.9,B,0.3,1,Negative,3.7,2.5,4.3,3.0,2.5,4.2,1.6
23,Male,2.95,95.2,6.9,8.2,3.8,1.54,Yes,Hybrid,Average,Good,Yes,3,High,5.1,C,0.18,2,Negative,3.1,2.5,5.0,3.8,3.1,5.0,2.1
19,Female,3.57,90.4,7.2,6.4,5.3,1.93,Yes,Hybrid,Poor,Poor,No,0,Middle,4.0,B,0.24,0,Positive,4.1,4.1,3.0,1.5,3.3,4.3,2.8
25,Female,5.54,74.2,5.6,7.4,6.1,1.55,No,Offline,Poor,Excellent,Yes,0,Low,5.3,D,0.55,2,Neutral,3.5,1.7,3.0,3.0,3.4,4.0,1.3
25,Male,6.85,87.6,7.8,3.7,1.2,1.8,No,Hybrid,Average,Good,Yes,1,Middle,3.0,A,0.46,0,Positive,2.7,3.2,4.0,3.0,3.0,4.7,3.1
18,Male,6.14,85.4,6.6,6.4,7.2,1.77,Yes,Offline,Average,Excellent,No,2,Middle,5.7,C,0.3,2,Positive,2.8,3.4,2.4,3.1,3.8,4.1,1.4
18,Male,5.01,67.6,6.3,5.5,1.9,1.61,Yes,Offline,Good,Poor,No,3,Middle,5.3,B,0.62,0,Positive,1.6,2.0,2.0,4.5,2.1,4.5,2.3
28,Female,6.31,92.2,9.3,4.6,2.0,1.85,No,Online,Average,Good,Yes,4,Middle,4.6,A,0.69,1,Positive,1.4,3.5,3.6,4.1,1.8,4.7,3.1
25,Male,4.19,86.5,7.8,10.0,1.6,1.81,Yes,Offline,Average,Average,No,3,High,4.5,A,0.75,1,Neutral,2.6,2.2,4.8,2.2,1.5,4.1,2.2
25,Male,5.7,84.7,6.1,3.0,2.2,1.24,Yes,Hybrid,Good,Excellent,No,5,High,4.3,A,0.88,2,Positive,4.4,2.0,3.7,3.8,3.3,5.0,2.6
25,Female,8.02,91.2,7.1,7.1,3.4,1.95,Yes,Hybrid,Poor,Average,No,2,Middle,7.1,A,0.42,0,Positive,3.4,3.2,4.1,1.0,3.3,4.1,3.0
21,Male,7.41,60.9,6.5,1.9,3.4,1.27,No,Offline,Poor,Average,No,1,Middle,4.3,A,0.58,2,Positive,2.7,3.5,3.4,3.7,2.9,4.3,4.4
22,Male,7.89,79.0,5.0,3.9,3.2,2.05,No,Offline,Average,Excellent,No,4,Middle,5.1,A,0.6,1,Positive,3.7,3.0,4.2,3.4,3.4,3.3,2.2
21,Male,4.44,95.7,8.0,3.5,2.6,1.48,No,Offline,Average,Average,Yes,2,Middle,5.2,A,0.39,2,Positive,4.1,3.3,4.0,3.0,4.4,4.6,3.0
17,Female,5.59,92.9,5.2,6.1,4.5,2.21,Yes,Offline,Average,Poor,No,1,Middle,6.5,A,0.78,1,Positive,2.4,3.9,4.9,2.5,1.0,5.0,2.6
23,Female,3.16,65.5,6.8,7.2,5.3,2.12,Yes,Offline,Poor,Average,Yes,0,High,7.0,C,0.91,0,Neutral,2.4,2.4,3.8,2.6,2.5,4.1,1.8
21,Male,7.02,86.5,4.5,4.7,4.8,1.25,Yes,Hybrid,Average,Good,Yes,2,High,3.5,B,0.23,0,Positive,5.0,2.2,2.9,3.3,2.2,5.0,2.0
22,Female,4.33,73.7,7.6,4.8,4.5,1.56,Yes,Offline,Poor,Average,No,1,Low,4.9,B,0.65,1,Positive,2.1,1.7,2.6,3.0,2.1,4.9,3.6
21,Female,2.54,84.0,6.6,3.2,3.9,1.42,Yes,Offline,Average,Good,Yes,0,High,6.2,C,0.94,2,Negative,2.4,2.4,4.8,3.1,3.7,4.5,3.9
21,Male,4.18,72.6,7.4,6.2,5.1,1.44,Yes,Online,Good,Poor,No,1,Middle,5.7,B,0.35,1,Neutral,2.6,1.8,4.6,3.0,3.0,4.8,1.7
18,Male,5.68,93.9,7.0,6.2,6.2,1.74,Yes,Online,Good,Good,No,1,High,2.7,A,0.68,2,Neutral,2.0,2.0,5.0,2.4,2.6,4.2,2.6
19,Male,0.76,100.0,7.3,3.4,1.9,2.17,No,Online,Average,Good,Yes,3,Middle,6.0,A,0.63,2,Positive,1.1,2.8,2.9,1.9,3.8,5.0,4.5
18,Male,2.34,91.0,7.0,6.2,3.6,1.74,No,Offline,Average,Good,Yes,0,Middle,5.2,B,0.45,2,Positive,3.1,3.2,3.8,2.6,4.9,5.0,2.1
18,Female,7.15,91.3,6.1,2.9,3.3,1.63,No,Offline,Poor,Good,No,2,Middle,5.4,A,0.59,2,Positive,2.4,2.3,4.8,2.1,3.4,4.4,3.3
28,Female,5.36,82.6,4.6,7.3,4.2,2.04,No,Offline,Average,Poor,No,3,Low,4.4,A,0.62,0,Positive,3.4,1.7,3.9,2.3,2.3,3.2,1.8
18,Male,5.08,78.8,9.3,5.2,1.9,2.02,No,Online,Average,Average,No,2,Low,4.1,A,0.9,2,Positive,2.2,2.6,2.6,3.2,2.6,4.8,2.9
19,Male,1.95,95.6,6.4,2.8,4.0,1.92,Yes,Offline,Good,Average,No,3,Low,4.1,A,0.59,1,Neutral,4.3,3.1,5.0,2.4,4.0,5.0,4.3
22,Male,8.34,89.3,8.8,5.2,2.8,2.04,No,Online,Average,Good,Yes,1,Middle,4.9,A,0.96,2,Neutral,2.9,3.4,5.0,3.8,2.5,5.0,3.3
22,Female,7.23,83.8,8.1,6.7,5.4,1.71,Yes,Offline,Average,Good,Yes,1,Middle,6.8,A,0.42,2,Positive,2.2,2.7,3.5,3.2,3.2,5.0,1.0
18,Male,6.58,74.5,6.7,6.3,4.9,1.87,No,Offline,Good,Excellent,No,1,Middle,1.2,A,0.58,1,Neutral,2.3,2.9,3.7,3.8,3.0,4.6,3.4
24,Female,2.95,69.7,6.3,5.7,1.6,1.83,No,Offline,Average,Poor,Yes,2,Middle,5.8,B,0.6,1,Positive,2.7,2.8,3.9,2.8,4.5,5.0,2.7
24,Male,6.33,89.5,7.6,2.9,2.4,0.99,No,Hybrid,Average,Good,No,2,High,4.0,A,0.77,0,Neutral,4.4,2.0,5.0,4.1,2.3,4.0,2.2
19,Female,7.46,89.4,7.7,3.8,8.3,2.2,No,Online,Poor,Good,No,4,Middle,3.5,A,0.39,0,Positive,2.4,1.7,3.1,4.8,1.6,3.8,3.1
19,Female,4.52,81.0,7.2,8.3,3.9,1.93,Yes,Online,Poor,Good,No,0,High,1.7,B,0.96,0,Neutral,1.4,1.0,5.0,2.1,2.5,2.9,1.6
26,Male,4.67,81.8,7.2,5.2,3.3,2.22,Yes,Offline,Average,Excellent,No,1,Middle,4.8,A,0.63,2,Neutral,4.7,1.7,3.6,3.1,2.6,4.8,2.1
24,Female,4.22,66.5,7.6,6.7,3.2,1.54,Yes,Offline,Poor,Average,No,2,Middle,6.1,C,0.42,0,Negative,1.2,2.2,4.7,2.1,2.6,5.0,2.7
23,Non-Binary,6.37,73.7,6.5,4.8,6.1,0.93,Yes,Offline,Average,Poor,No,0,Middle,5.1,C,0.29,0,Neutral,5.0,3.0,3.3,3.9,2.4,4.3,4.0
18,Male,4.7,71.1,5.4,7.1,5.6,1.45,No,Offline,Average,Good,No,1,Middle,5.8,C,0.3,0,Negative,1.2,1.0,4.0,2.3,3.2,3.2,2.1
20,Female,4.53,86.3,7.7,3.4,3.8,1.56,Yes,Offline,Average,Average,No,1,Low,3.9,A,0.22,2,Positive,2.6,2.3,2.6,3.4,1.9,4.3,2.1
21,Male,2.26,78.9,6.0,5.0,5.8,1.89,No,Offline,Poor,Poor,No,0,High,2.2,B,0.31,0,Neutral,2.6,2.3,3.5,3.4,4.8,4.0,4.2
18,Female,1.84,80.8,7.6,6.7,2.3,1.24,Yes,Hybrid,Good,Average,No,0,Middle,6.8,D,0.79,1,Negative,3.9,2.1,4.3,1.8,2.7,4.8,2.6
20,Male,7.04,73.5,6.7,7.7,4.3,1.77,No,Offline,Average,Average,No,3,High,5.1,A,0.49,1,Positive,3.7,1.9,4.3,1.9,2.7,5.0,1.9
22,Female,8.32,81.6,5.7,5.3,1.9,1.8,Yes,Online,Poor,Good,No,1,High,3.1,A,0.64,1,Positive,4.9,1.6,2.6,2.6,3.2,5.0,2.7
19,Female,6.9,64.3,5.5,7.8,5.7,1.76,Yes,Offline,Poor,Average,Yes,2,Middle,5.7,B,0.49,2,Positive,1.5,2.1,3.1,4.5,2.8,4.7,2.0
24,Female,8.0,98.3,5.8,5.7,4.6,2.17,Yes,Offline,Poor,Good,Yes,3,Middle,3.8,A,0.65,0,Positive,1.3,1.9,4.7,3.0,2.7,3.4,1.7
24,Female,4.08,81.2,6.6,5.7,0.5,1.58,Yes,Offline,Average,Good,Yes,0,High,6.1,B,0.86,2,Positive,4.0,3.6,3.7,3.8,4.2,3.2,1.2
19,Female,5.06,85.8,6.8,4.1,4.3,2.15,Yes,Offline,Poor,Good,Yes,2,High,3.8,A,0.56,1,Positive,5.0,3.8,5.0,2.1,3.4,3.2,2.4
24,Male,5.91,85.2,7.9,4.6,5.3,2.2,No,Offline,Good,Excellent,Yes,3,High,5.5,A,0.59,2,Neutral,4.2,2.1,3.5,3.3,3.1,5.0,3.5
18,Female,4.83,72.4,6.5,2.9,5.4,2.08,No,Hybrid,Poor,Poor,Yes,3,High,3.4,A,0.51,1,Neutral,3.7,2.5,4.2,4.0,2.1,3.6,4.2
24,Female,8.5,94.5,6.4,5.6,4.0,1.89,No,Online,Average,Excellent,No,2,Low,7.0,A,0.5,2,Positive,4.2,4.1,3.1,3.9,2.9,3.9,1.9
18,Female,2.51,82.6,5.8,4.6,5.0,1.57,Yes,Offline,Average,Good,No,1,High,5.1,C,0.7,0,Neutral,1.7,1.7,5.0,3.1,1.5,5.0,1.7
18,Female,4.01,79.4,7.4,5.5,7.4,1.7,No,Online,Good,Good,Yes,0,Middle,4.4,C,0.68,2,Neutral,2.8,2.7,5.0,2.7,3.6,3.3,2.0
22,Female,4.46,91.2,5.7,4.0,4.7,2.31,Yes,Offline,Poor,Good,Yes,3,Middle,3.5,A,0.31,1,Neutral,3.0,4.1,2.8,1.9,4.1,3.6,1.7
21,Female,3.74,71.9,6.4,5.2,5.1,1.99,Yes,Offline,Poor,Good,No,2,Middle,4.4,C,0.32,2,Positive,2.9,2.0,3.6,1.4,3.8,4.2,4.4
25,Male,6.85,87.5,7.6,9.7,4.0,1.7,Yes,Hybrid,Average,Excellent,No,3,Middle,1.6,A,0.78,2,Neutral,3.5,1.0,3.1,2.9,2.5,5.0,1.1
20,Male,1.17,98.6,8.1,4.9,6.6,1.94,No,Offline,Average,Excellent,No,2,Middle,5.9,B,0.59,2,Negative,3.0,2.3,3.0,2.6,1.3,5.0,2.2
19,Male,7.43,76.1,8.1,6.2,4.3,2.02,No,Hybrid,Good,Average,No,1,High,1.0,A,0.53,0,Positive,2.6,2.3,5.0,4.1,2.7,5.0,3.5
21,Male,6.97,85.5,7.9,6.0,0.5,1.84,Yes,Offline,Average,Average,No,1,High,2.7,A,0.99,2,Positive,1.8,2.7,4.5,2.1,4.1,5.0,2.9
20,Female,5.79,67.8,7.4,2.5,4.1,1.61,No,Offline,Poor,Good,Yes,2,Middle,2.0,A,0.13,2,Positive,2.9,3.2,3.3,2.6,3.4,3.8,4.0
20,Male,7.95,83.4,7.0,6.0,5.9,1.79,No,Hybrid,Average,Excellent,Yes,2,Middle,4.0,A,0.52,1,Positive,1.7,2.9,4.0,3.6,3.0,4.5,3.6
23,Male,9.86,83.8,8.5,2.1,4.6,2.33,Yes,Online,Good,Average,No,3,High,1.0,A,0.53,2,Positive,2.9,1.1,3.5,3.8,3.6,4.1,3.7
23,Non-Binary,5.53,64.7,6.8,7.1,3.0,1.6,No,Hybrid,Poor,Good,Yes,2,Middle,6.0,B,0.74,2,Negative,3.3,2.5,2.7,2.6,2.7,3.8,3.1
25,Male,6.63,97.2,5.1,4.1,4.0,1.27,Yes,Online,Good,Good,No,2,Middle,4.9,A,0.67,0,Positive,2.3,2.3,3.0,2.4,2.9,4.2,2.6
28,Male,5.95,100.0,7.5,4.0,3.3,1.74,No,Hybrid,Poor,Good,No,3,Middle,1.2,A,0.54,1,Neutral,3.7,3.9,3.2,3.7,3.7,4.7,3.1
19,Male,6.21,62.2,6.5,3.8,4.1,1.95,Yes,Online,Average,Good,No,1,High,4.1,A,0.88,2,Neutral,4.0,3.5,5.0,3.3,2.4,4.0,3.8
23,Male,4.16,85.2,7.8,1.6,1.8,2.2,Yes,Offline,Average,Good,Yes,4,Middle,4.2,A,0.24,1,Positive,2.5,4.0,3.7,3.7,2.5,5.0,4.5
20,Female,3.73,76.8,6.8,4.9,4.3,1.66,No,Hybrid,Poor,Excellent,No,1,High,6.3,B,0.61,2,Negative,2.6,3.5,4.1,3.6,4.2,4.9,3.3
22,Female,6.39,78.5,6.1,4.4,5.4,1.56,No,Hybrid,Poor,Good,No,3,Middle,1.6,A,0.58,1,Positive,3.7,2.9,2.5,2.4,2.3,4.8,3.0
21,Female,4.14,85.1,7.7,7.7,4.4,1.55,Yes,Offline,Average,Good,No,1,Low,3.3,C,0.8,0,Positive,2.0,2.0,2.5,2.8,1.4,4.3,1.7
29,Male,7.04,81.5,7.0,5.5,1.1,2.31,No,Offline,Good,Average,Yes,0,Low,6.1,A,0.9,0,Positive,1.9,2.5,3.3,2.6,1.7,3.8,2.9
23,Female,6.78,78.9,6.0,2.6,1.6,1.61,No,Online,Good,Good,No,3,Middle,2.9,A,0.83,2,Neutral,2.6,3.8,3.9,4.5,3.3,4.8,4.3
27,Male,4.29,83.8,5.2,7.5,3.0,1.92,No,Offline,Average,Average,No,2,Middle,4.3,B,0.45,1,Negative,3.0,2.1,3.0,1.4,4.1,5.0,2.5
24,Male,5.91,77.0,5.8,4.4,5.1,1.5,No,Offline,Average,Average,No,1,Middle,5.4,B,0.37,0,Neutral,2.5,2.9,2.8,3.0,5.0,4.2,2.3
25,Male,5.35,83.1,8.2,5.9,3.0,1.39,No,Online,Poor,Good,No,1,Middle,3.0,B,0.41,0,Neutral,3.6,2.5,3.1,4.0,2.3,4.7,2.5
24,Male,4.92,74.2,9.0,5.9,3.0,1.26,No,Offline,Poor,Good,No,1,Middle,4.3,B,0.33,1,Positive,1.6,2.4,2.9,2.0,1.2,4.4,2.3
20,Male,7.46,89.7,8.0,3.9,5.4,1.77,No,Offline,Average,Good,Yes,0,High,5.4,A,0.27,0,Positive,3.4,3.9,3.5,2.7,5.0,4.6,4.4
19,Male,5.28,100.0,5.7,1.5,3.0,1.83,No,Online,Average,Average,Yes,0,High,1.8,A,0.87,1,Positive,2.5,2.8,4.6,4.6,3.9,5.0,3.1
20,Non-Binary,5.66,81.2,6.4,2.4,3.0,2.39,No,Online,Good,Good,No,3,Middle,3.6,A,0.81,0,Positive,4.6,2.2,4.8,3.1,2.8,4.7,2.9
17,Male,1.32,77.9,6.9,4.0,4.1,1.65,No,Offline,Poor,Good,No,0,High,4.5,C,0.6,1,Negative,3.9,3.4,3.1,4.0,2.6,3.6,3.1
21,Male,6.39,94.4,7.6,6.7,3.1,1.61,No,Offline,Average,Good,Yes,4,Middle,3.1,A,0.47,0,Positive,3.1,2.4,3.6,2.6,2.6,4.8,2.3
21,Male,2.32,61.2,5.9,6.0,6.4,1.9,No,Offline,Poor,Average,No,2,Low,7.6,C,0.7,0,Neutral,3.0,2.1,5.0,2.7,2.7,4.6,1.7
21,Female,4.43,79.1,8.0,6.5,4.9,1.55,Yes,Hybrid,Average,Good,Yes,3,Middle,7.5,C,0.49,0,Negative,2.5,2.1,3.4,4.1,3.2,5.0,1.0
28,Male,8.42,69.5,8.1,2.0,4.1,1.67,No,Hybrid,Poor,Excellent,Yes,1,Middle,4.4,A,0.45,1,Positive,1.0,2.9,3.6,2.4,3.4,3.3,2.6
26,Female,8.77,75.3,6.2,1.8,0.5,1.72,Yes,Offline,Good,Average,No,0,Middle,4.9,A,0.47,1,Positive,3.1,2.6,2.9,3.6,4.0,4.3,3.8
18,Non-Binary,4.42,70.2,6.2,5.2,6.2,1.4,Yes,Offline,Average,Average,Yes,0,High,6.5,C,0.88,2,Neutral,4.1,4.0,5.0,3.1,2.6,5.0,2.7
20,Male,2.69,77.9,7.8,1.9,7.4,1.57,Yes,Hybrid,Poor,Good,Yes,1,High,4.3,C,0.37,2,Negative,2.1,4.1,3.2,4.9,4.2,3.9,3.7
20,Male,6.0,92.9,8.2,6.8,3.4,2.17,No,Offline,Average,Good,No,0,Low,4.4,A,0.71,0,Positive,2.2,1.4,5.0,3.2,2.5,4.3,2.3
20,Male,4.41,72.2,7.8,5.2,3.6,1.61,No,Hybrid,Average,Good,No,2,Middle,1.4,A,0.64,2,Positive,3.1,2.2,3.4,1.5,3.4,5.0,3.4
24,Female,5.88,78.5,5.7,7.2,4.8,1.77,No,Online,Good,Good,Yes,2,Middle,2.7,A,0.93,0,Positive,1.7,2.1,3.9,3.4,1.1,3.6,2.4
21,Male,2.52,92.0,5.0,5.6,5.5,1.49,Yes,Online,Average,Average,Yes,0,High,6.1,C,0.45,2,Neutral,2.3,1.0,4.2,4.2,2.4,3.6,2.3
21,Male,7.44,85.8,7.3,4.6,3.8,1.78,Yes,Online,Average,Average,Yes,1,Low,2.6,A,0.19,0,Positive,2.6,2.3,5.0,2.9,3.3,3.4,4.2
25,Male,8.3,88.0,8.2,4.6,4.7,1.95,No,Online,Poor,Average,Yes,2,Middle,1.5,A,0.61,2,Neutral,3.1,3.2,2.7,4.3,1.9,3.7,3.8
24,Female,2.32,79.4,7.9,3.3,3.9,1.29,Yes,Hybrid,Poor,Average,Yes,0,High,6.2,D,0.33,2,Positive,5.0,2.8,4.7,3.5,2.1,4.6,3.5
18,Male,3.67,75.5,5.8,8.3,3.7,1.57,Yes,Offline,Average,Good,Yes,0,High,7.3,C,0.31,0,Positive,3.0,3.3,4.1,3.0,3.8,2.5,2.4
23,Male,3.82,76.1,7.6,2.6,2.8,2.14,Yes,Hybrid,Average,Poor,Yes,2,Middle,6.1,A,0.84,1,Neutral,3.4,3.4,2.3,4.6,1.6,5.0,3.9
20,Female,6.67,76.7,7.7,5.5,3.9,1.74,No,Offline,Average,Excellent,No,2,Low,3.6,A,0.85,1,Positive,2.9,3.8,3.6,4.4,3.2,4.8,4.2
19,Female,1.28,67.4,6.2,3.2,2.1,1.8,Yes,Online,Poor,Excellent,Yes,1,Middle,6.8,C,0.52,2,Neutral,3.3,3.5,3.8,2.4,4.3,3.5,2.4
17,Female,5.62,57.0,5.4,1.8,4.0,1.58,No,Online,Good,Excellent,Yes,1,High,3.4,A,0.53,2,Neutral,3.2,3.1,4.1,2.8,4.0,3.3,3.5
21,Male,4.75,75.2,9.6,8.0,2.0,2.2,No,Hybrid,Poor,Excellent,Yes,0,Middle,1.4,B,0.5,2,Neutral,4.0,1.5,4.9,2.0,5.0,4.2,2.1
20,Female,3.63,82.7,7.6,1.6,6.1,1.54,No,Offline,Average,Good,Yes,3,High,3.4,B,0.81,1,Positive,4.7,2.3,3.6,3.5,3.0,5.0,3.6
19,Female,6.62,74.8,8.0,3.5,4.6,2.26,Yes,Online,Poor,Excellent,No,3,Middle,3.1,A,0.41,1,Positive,2.9,3.2,2.4,4.2,3.5,4.8,3.4
23,Male,1.31,91.3,9.7,6.1,3.2,1.51,No,Online,Average,Average,Yes,2,Middle,5.0,B,0.08,0,Neutral,2.6,3.3,1.6,2.2,3.3,5.0,3.4
23,Female,2.48,92.0,7.7,8.2,5.0,1.59,Yes,Offline,Good,Poor,Yes,1,Middle,4.6,B,0.29,0,Neutral,5.0,2.4,4.4,3.4,3.4,5.0,2.9
19,Male,3.65,81.2,6.2,4.9,3.6,1.92,No,Offline,Good,Good,Yes,1,Middle,4.7,B,0.33,1,Neutral,4.7,3.1,4.4,2.3,3.4,5.0,2.2
17,Female,6.63,77.0,6.6,2.0,3.1,1.29,Yes,Offline,Poor,Poor,No,2,Middle,3.6,B,0.43,1,Neutral,3.4,3.7,3.6,4.6,1.7,4.6,3.9
24,Male,4.52,84.8,8.7,4.6,5.3,1.66,No,Online,Average,Excellent,Yes,0,Middle,4.4,A,0.73,1,Neutral,4.3,2.5,3.3,4.4,3.2,4.7,2.8
17,Female,3.56,75.2,7.2,5.9,4.0,1.63,Yes,Online,Good,Good,No,0,High,2.5,B,0.9,1,Neutral,4.6,3.0,4.4,3.0,4.8,5.0,2.7
26,Male,6.17,78.2,6.4,3.8,3.7,1.81,No,Online,Average,Good,Yes,1,Low,5.1,A,0.3,0,Neutral,2.8,3.4,5.0,3.1,3.6,3.2,3.5
22,Female,4.26,71.9,9.3,3.9,4.2,1.84,Yes,Offline,Poor,Average,Yes,1,Middle,3.6,B,0.53,0,Negative,4.0,2.0,3.7,3.6,2.4,4.0,3.1
19,Male,3.93,73.8,7.4,7.1,4.3,1.55,No,Hybrid,Good,Good,No,0,Middle,8.2,B,0.81,2,Neutral,3.2,2.6,4.4,2.8,3.8,4.8,1.9
19,Non-Binary,4.61,86.1,7.6,7.1,3.2,1.2,No,Hybrid,Average,Poor,No,2,Middle,3.8,A,0.36,0,Neutral,3.2,2.8,1.8,4.1,1.2,5.0,2.1
17,Female,5.9,76.2,8.3,4.5,4.2,1.7,No,Offline,Average,Excellent,No,2,High,3.1,A,0.88,1,Positive,3.8,3.1,4.9,1.6,3.5,5.0,3.0
19,Male,10.61,85.3,5.1,6.5,1.8,1.86,No,Online,Poor,Average,Yes,3,Middle,3.4,A,0.28,2,Neutral,4.8,2.7,4.1,2.9,1.0,3.2,2.7
18,Female,3.05,80.4,6.6,4.9,4.9,1.47,No,Hybrid,Average,Good,No,3,Middle,4.8,C,0.53,0,Neutral,3.6,3.4,3.2,3.1,1.8,4.6,3.3
22,Non-Binary,5.78,81.1,7.4,1.0,6.3,1.85,Yes,Online,Good,Average,Yes,1,Middle,4.7,A,0.52,0,Positive,3.9,5.0,3.5,3.5,2.3,4.0,2.5
18,Male,4.92,83.7,6.8,6.5,5.0,1.37,Yes,Offline,Poor,Poor,No,1,Middle,5.2,B,0.7,1,Neutral,3.9,2.7,4.4,2.3,2.0,4.4,1.0
21,Male,4.71,58.4,8.0,2.6,6.1,2.08,Yes,Offline,Average,Good,No,2,Low,5.3,A,0.23,0,Positive,4.3,4.4,2.8,3.2,3.8,4.8,2.6
22,Female,8.27,76.1,5.9,1.0,1.0,1.83,Yes,Hybrid,Average,Average,Yes,2,High,4.4,A,0.84,0,Positive,3.6,2.0,5.0,2.3,2.4,5.0,3.7
19,Male,6.78,83.3,5.9,5.8,6.9,2.39,Yes,Online,Good,Good,No,1,Low,3.6,A,0.57,1,Positive,3.3,2.7,2.3,4.4,1.6,5.0,2.9
17,Male,6.58,94.8,7.1,6.0,2.6,1.8,No,Hybrid,Poor,Average,No,1,Middle,4.2,A,0.72,2,Positive,2.7,1.3,4.1,3.1,2.5,5.0,4.0
17,Male,4.34,85.6,7.0,5.5,5.2,1.76,No,Hybrid,Average,Average,Yes,2,Middle,5.6,A,0.46,1,Positive,3.7,2.3,4.2,2.6,2.7,2.6,3.1
17,Male,3.55,100.0,5.4,6.4,5.0,2.25,No,Hybrid,Good,Good,No,1,Low,4.9,A,0.51,2,Positive,2.7,3.9,3.5,1.9,3.2,3.8,3.7
23,Male,5.83,93.4,7.3,6.1,1.5,1.68,No,Hybrid,Average,Average,No,3,Low,3.8,A,0.69,0,Neutral,3.1,3.2,2.6,4.5,2.4,4.4,3.1
19,Male,4.68,81.9,8.6,6.4,3.5,1.86,No,Online,Good,Average,Yes,2,Low,4.7,A,0.67,1,Positive,2.0,2.6,4.4,1.5,4.0,5.0,1.6
24,Female,4.1,67.7,6.7,5.4,5.0,1.65,No,Offline,Good,Excellent,No,1,Middle,3.2,B,0.54,2,Neutral,5.0,3.6,2.5,1.0,3.3,4.0,3.0
20,Female,6.59,77.5,5.9,6.2,2.3,1.62,No,Offline,Average,Average,Yes,1,High,8.2,B,0.36,1,Neutral,1.9,2.8,3.0,2.7,2.7,3.8,2.2
20,Male,2.84,78.3,9.3,1.9,5.2,2.09,No,Online,Average,Poor,No,2,High,4.7,A,0.44,0,Neutral,3.6,2.9,3.9,3.1,3.9,4.5,4.2
21,Female,3.8,81.4,9.5,3.9,4.7,1.43,Yes,Offline,Good,Average,No,1,Low,4.7,A,0.67,2,Positive,2.3,1.6,4.1,2.9,5.0,4.7,2.3
23,Female,6.83,84.3,6.8,7.4,4.2,1.61,No,Hybrid,Average,Good,No,2,Middle,3.7,A,0.46,0,Positive,1.7,2.7,2.9,2.3,3.0,4.5,2.3
19,Female,5.09,67.3,8.1,8.7,6.5,1.25,Yes,Offline,Average,Good,Yes,2,High,2.5,C,0.3,0,Positive,3.5,1.4,2.3,1.4,1.1,4.7,3.4
18,Male,6.59,85.5,6.3,7.8,5.2,1.77,Yes,Offline,Average,Average,No,1,Low,4.7,B,0.64,1,Positive,4.6,2.3,4.0,3.3,2.9,4.4,1.2
21,Male,3.56,77.6,7.0,4.9,6.4,1.56,No,Hybrid,Average,Good,Yes,1,High,6.2,C,0.7,0,Positive,2.3,2.7,2.6,1.6,4.5,4.5,3.0
19,Female,6.67,73.8,5.6,3.2,1.4,1.83,Yes,Online,Average,Poor,Yes,3,Middle,3.0,A,0.45,0,Positive,3.6,2.7,3.9,3.2,2.6,5.0,3.2
20,Female,3.85,67.6,6.9,4.4,7.6,1.52,No,Hybrid,Poor,Good,Yes,0,Middle,4.0,B,0.22,2,Negative,4.9,3.1,3.7,3.1,3.1,4.2,4.4
22,Female,7.97,82.5,8.9,6.2,6.4,1.47,No,Online,Average,Average,No,4,Middle,3.5,A,0.99,0,Positive,5.0,4.0,5.0,3.0,1.6,3.5,3.4
21,Female,6.85,75.3,7.3,4.4,1.3,2.18,No,Offline,Average,Good,No,1,Low,5.1,A,0.52,0,Neutral,2.8,3.0,3.9,5.0,3.5,4.3,2.7
22,Male,6.2,58.0,8.1,5.1,8.0,1.1,Yes,Hybrid,Average,Excellent,Yes,1,Middle,7.8,C,0.64,1,Neutral,3.0,2.7,3.4,4.0,2.1,4.5,2.2
21,Female,8.34,81.0,5.2,8.7,3.9,1.9,No,Hybrid,Good,Good,No,3,Middle,3.6,A,0.51,0,Positive,3.2,2.0,3.9,3.2,4.1,5.0,2.6
23,Male,5.97,78.4,7.7,6.6,5.1,2.01,Yes,Hybrid,Average,Excellent,Yes,1,Middle,3.5,A,0.34,2,Positive,3.8,2.5,4.3,2.7,2.3,5.0,3.7
23,Male,4.01,63.8,7.0,7.8,3.7,2.39,No,Online,Average,Average,No,3,Middle,3.8,B,0.65,2,Neutral,2.9,3.2,4.2,1.5,1.3,5.0,2.2
21,Female,8.38,86.6,8.1,1.0,7.1,1.83,No,Online,Average,Poor,No,3,Low,3.8,A,0.21,1,Positive,3.7,1.0,2.9,5.0,3.3,5.0,3.3
22,Male,5.97,77.5,6.0,5.5,3.0,2.27,No,Offline,Good,Average,Yes,4,Middle,3.8,A,0.63,2,Positive,3.0,2.5,5.0,2.8,2.5,4.7,3.5
25,Male,7.72,84.1,7.2,6.7,2.5,1.68,Yes,Hybrid,Good,Average,Yes,2,Middle,4.4,A,0.92,0,Positive,2.3,1.0,3.2,2.6,1.6,4.0,2.4
20,Female,5.59,67.9,4.8,5.6,5.0,2.01,Yes,Hybrid,Average,Average,Yes,1,Middle,3.9,B,0.57,1,Neutral,3.5,2.3,2.4,3.4,3.8,4.1,2.4
20,Male,7.61,74.9,6.2,4.2,4.9,2.09,Yes,Online,Poor,Poor,Yes,2,Low,4.8,A,0.33,1,Positive,2.5,2.9,1.4,3.0,2.7,3.2,3.6
23,Non-Binary,3.56,83.9,8.6,7.2,3.5,1.77,Yes,Offline,Poor,Good,No,0,Middle,6.1,C,0.29,1,Neutral,2.1,3.2,4.7,3.1,4.1,2.6,3.5
22,Non-Binary,2.77,86.8,7.3,3.1,2.9,1.84,No,Offline,Average,Average,Yes,2,Middle,3.5,A,0.45,2,Negative,3.1,3.7,2.9,3.2,2.5,4.5,2.9
17,Female,2.49,73.3,5.8,4.4,4.7,1.77,No,Online,Good,Average,No,1,High,2.8,C,0.54,1,Positive,2.3,3.9,3.8,1.7,2.7,5.0,3.5
25,Male,6.81,53.9,8.5,6.0,2.1,1.98,No,Online,Good,Average,No,3,High,2.0,A,0.93,0,Positive,2.7,2.3,4.6,4.0,3.5,4.2,3.6
17,Male,1.37,82.3,7.7,4.3,4.0,2.15,No,Hybrid,Good,Excellent,No,0,Low,7.3,B,0.59,1,Positive,4.0,2.1,2.8,3.3,3.6,3.6,1.9
23,Male,1.74,77.9,6.9,3.9,5.4,1.3,No,Offline,Average,Average,Yes,1,Middle,3.1,C,0.69,2,Neutral,2.5,2.4,5.0,2.8,2.0,5.0,3.6
23,Male,2.47,94.0,7.5,3.1,5.6,1.25,Yes,Online,Poor,Good,No,1,Low,8.5,D,0.32,2,Positive,1.9,3.6,4.2,2.8,2.9,5.0,2.3
27,Male,5.76,70.0,6.7,7.8,6.0,1.36,No,Hybrid,Average,Good,No,2,Low,2.0,B,0.47,2,Positive,3.7,3.4,3.9,1.2,5.0,4.0,3.5
17,Non-Binary,6.18,84.8,7.9,2.9,3.7,2.02,Yes,Offline,Poor,Good,No,1,Middle,2.3,A,0.7,0,Positive,4.2,3.4,3.9,3.6,4.7,3.1,4.3
22,Male,3.68,65.4,9.3,4.5,5.8,1.68,Yes,Offline,Average,Average,No,2,Low,4.0,B,0.08,0,Positive,2.6,2.4,2.4,2.1,3.4,5.0,4.2
20,Female,6.88,83.0,4.8,3.8,2.4,1.75,No,Online,Average,Average,Yes,2,Low,6.5,A,0.11,2,Positive,4.4,1.8,1.9,4.2,5.0,3.4,1.0
20,Male,5.94,76.5,7.5,4.3,5.8,1.53,No,Online,Poor,Good,Yes,1,Low,5.2,B,0.1,2,Neutral,3.6,2.7,3.1,4.3,3.3,5.0,4.0
18,Female,7.73,82.3,4.0,5.7,4.9,1.32,No,Hybrid,Good,Average,No,0,Middle,4.2,B,0.44,0,Positive,4.5,3.2,3.1,4.7,2.2,3.7,2.3
21,Female,7.2,79.4,7.0,2.6,5.1,1.77,No,Online,Average,Average,No,4,Low,2.3,A,0.73,2,Positive,2.1,2.1,4.2,4.5,4.3,4.9,3.3
21,Male,3.93,78.3,6.0,7.3,2.9,1.25,No,Online,Poor,Average,No,0,Middle,7.7,D,0.32,2,Neutral,1.3,4.0,2.6,4.5,1.5,4.0,1.4
18,Male,5.71,95.7,7.8,3.0,4.7,1.63,Yes,Offline,Good,Excellent,Yes,0,Middle,3.3,A,0.29,2,Positive,3.6,2.9,2.2,2.8,2.1,4.8,3.0
22,Female,4.98,91.8,7.3,5.0,3.6,1.91,No,Offline,Good,Good,No,3,Low,3.0,A,0.38,0,Positive,3.1,3.6,4.1,2.6,3.1,4.9,3.7
23,Female,6.24,80.2,8.2,8.4,5.3,1.79,No,Offline,Average,Good,Yes,3,Low,3.0,A,0.42,0,Neutral,3.3,1.4,3.2,3.0,4.4,4.7,1.2
23,Female,5.72,70.9,7.3,5.7,4.7,1.41,Yes,Online,Average,Good,Yes,3,Low,5.8,B,0.38,1,Positive,3.5,2.3,3.8,3.0,4.3,4.7,2.1
25,Male,5.37,71.9,8.3,9.1,4.2,1.93,Yes,Online,Average,Excellent,No,1,Middle,6.0,B,0.29,2,Positive,4.6,3.2,4.3,2.1,1.7,4.2,1.8
20,Male,6.74,90.7,5.3,4.1,5.5,1.53,Yes,Offline,Poor,Good,Yes,1,High,4.1,C,0.31,1,Positive,2.4,1.9,3.4,4.5,2.0,5.0,2.6
27,Female,5.44,80.5,5.3,5.5,5.4,1.57,No,Offline,Good,Good,No,1,Low,3.6,B,0.93,1,Positive,4.7,3.1,2.3,2.2,1.8,2.7,1.0
25,Female,6.79,72.9,4.7,1.0,3.5,1.6,Yes,Hybrid,Good,Excellent,No,3,Middle,2.4,A,0.19,2,Positive,2.5,2.7,5.0,4.7,3.0,5.0,3.0
19,Male,5.39,73.4,6.4,3.8,3.5,1.73,Yes,Online,Good,Good,No,1,Middle,4.5,A,0.68,0,Positive,3.5,2.2,5.0,3.7,3.2,4.7,2.4
18,Female,5.01,93.7,6.1,7.8,3.5,2.04,Yes,Offline,Average,Average,No,1,Middle,5.4,A,0.91,0,Neutral,3.4,2.3,4.5,1.6,2.7,3.1,1.8
20,Male,7.17,81.3,8.7,6.0,5.5,1.8,No,Offline,Good,Average,No,2,High,4.2,A,0.84,1,Positive,2.3,2.1,4.2,3.5,2.4,5.0,2.7
20,Male,7.23,71.3,8.4,5.9,3.9,1.78,Yes,Hybrid,Average,Good,Yes,1,High,1.0,A,0.3,2,Positive,3.5,2.9,3.2,2.0,2.3,5.0,2.9
21,Male,7.8,95.2,7.6,5.4,2.5,1.76,Yes,Online,Average,Excellent,No,4,Low,5.2,A,0.82,1,Neutral,2.0,2.5,4.2,3.4,4.5,5.0,3.7
22,Male,6.58,83.9,7.1,4.8,4.8,1.64,Yes,Online,Good,Good,No,3,Middle,2.6,B,0.21,0,Positive,1.1,2.2,3.9,3.4,2.2,3.7,3.7
23,Female,4.9,66.2,8.1,3.2,5.4,2.39,No,Hybrid,Good,Good,No,2,Middle,2.4,A,0.39,2,Neutral,4.0,2.9,3.5,3.4,1.5,5.0,3.5
21,Male,5.71,67.6,5.8,6.0,3.3,1.78,No,Hybrid,Poor,Good,No,0,High,4.9,B,0.56,2,Positive,4.1,3.8,3.4,3.5,5.0,3.7,3.1
18,Male,5.64,83.2,7.9,2.1,4.9,1.9,Yes,Hybrid,Average,Good,Yes,2,High,4.0,A,0.32,1,Positive,1.6,2.4,4.7,2.9,3.0,4.2,4.7
25,Female,1.82,72.7,6.3,5.1,5.3,1.4,No,Offline,Good,Good,Yes,0,Low,8.7,Fail,0.51,1,Neutral,2.8,1.9,2.8,1.3,3.3,4.7,2.9
19,Female,3.09,75.7,9.0,6.8,4.2,1.98,Yes,Offline,Poor,Average,Yes,2,Middle,4.0,B,0.35,2,Neutral,1.9,1.7,4.4,2.3,2.2,5.0,2.3
28,Female,8.37,98.2,7.2,4.0,2.0,2.39,Yes,Hybrid,Average,Excellent,No,1,High,2.7,A,0.98,1,Positive,3.7,2.1,4.3,2.7,3.2,5.0,4.2
18,Female,5.21,99.7,7.1,4.1,6.0,1.57,Yes,Offline,Average,Good,No,2,Middle,3.7,A,0.53,2,Positive,4.1,2.2,5.0,2.7,2.1,4.4,3.0
27,Male,0.68,98.1,6.3,5.9,5.2,1.85,No,Hybrid,Poor,Good,No,0,Middle,8.3,D,0.79,2,Neutral,2.1,1.6,3.1,1.9,2.0,5.0,2.1
18,Female,5.09,84.9,7.9,3.1,1.3,1.69,No,Hybrid,Average,Average,No,1,Middle,5.0,A,0.95,0,Positive,1.0,3.7,5.0,3.2,2.3,5.0,3.6
19,Female,5.65,82.9,8.3,4.7,2.6,2.05,Yes,Online,Poor,Average,No,2,Low,4.3,A,0.58,0,Positive,3.5,2.9,3.4,3.0,2.0,4.8,2.7
17,Female,2.87,68.9,8.7,2.4,5.2,1.46,No,Offline,Average,Good,Yes,2,High,7.4,C,0.98,1,Neutral,3.6,3.1,4.6,3.0,4.2,4.7,4.5
23,Male,9.87,68.5,6.7,6.8,3.9,2.21,Yes,Online,Average,Good,Yes,3,High,5.2,A,0.78,2,Positive,2.1,4.4,3.7,4.5,2.9,3.4,2.9
25,Male,7.57,81.3,7.5,5.9,6.5,1.71,Yes,Offline,Good,Good,Yes,2,Middle,5.4,A,0.71,1,Neutral,2.5,3.1,3.3,4.0,4.2,5.0,4.2
20,Female,6.95,81.8,6.6,5.9,3.0,2.35,No,Offline,Good,Average,No,1,Middle,2.0,A,0.54,2,Positive,2.2,5.0,2.8,2.8,3.6,5.0,3.6
26,Male,4.95,89.9,7.5,3.6,4.2,1.96,No,Online,Good,Good,Yes,3,Middle,5.1,A,0.2,2,Positive,3.0,4.0,2.6,3.8,5.0,5.0,1.7
22,Female,6.29,88.5,7.3,6.8,3.8,2.07,No,Hybrid,Good,Excellent,No,3,Low,3.5,A,0.43,1,Positive,3.8,1.5,3.7,4.1,2.5,4.5,1.8
22,Female,7.01,85.1,6.4,6.4,2.2,1.98,No,Offline,Good,Poor,Yes,2,Low,2.8,A,0.25,1,Positive,3.4,1.5,4.6,4.0,2.4,4.4,2.2
24,Female,6.27,86.6,6.4,4.8,1.9,1.68,No,Offline,Poor,Good,No,2,Low,3.1,A,0.75,2,Positive,3.6,2.4,4.6,2.7,3.6,3.5,2.2
19,Female,3.99,82.9,8.7,2.0,2.8,1.96,No,Offline,Average,Good,Yes,3,High,4.0,A,0.38,0,Neutral,1.7,2.9,3.8,3.1,3.6,5.0,3.5
20,Female,5.7,93.5,8.1,5.2,2.0,1.64,Yes,Hybrid,Poor,Good,No,1,Middle,2.6,A,0.58,0,Neutral,2.4,3.7,3.6,3.6,2.6,4.4,3.0
25,Male,5.58,69.4,6.8,3.5,5.9,1.76,No,Online,Poor,Good,Yes,1,Low,5.8,C,0.67,0,Negative,4.2,2.6,5.0,3.1,3.6,3.3,2.1
25,Female,5.9,100.0,6.9,2.2,3.2,1.74,Yes,Offline,Good,Good,No,1,Middle,3.7,A,0.31,2,Neutral,1.8,3.1,3.7,5.0,1.8,4.9,3.3
28,Female,3.24,86.3,7.9,6.5,2.2,2.05,Yes,Offline,Good,Excellent,Yes,4,Low,4.4,A,0.49,1,Positive,2.2,1.6,3.0,4.0,3.4,3.9,3.1
25,Male,5.84,67.0,6.6,5.0,4.7,2.0,Yes,Hybrid,Average,Poor,No,3,Low,4.2,A,0.37,1,Neutral,3.6,3.3,3.9,2.7,2.3,5.0,3.0
18,Male,5.32,83.2,7.9,5.3,4.6,1.44,Yes,Offline,Poor,Good,No,2,Middle,4.9,C,0.59,1,Positive,1.2,3.6,4.1,3.1,2.7,5.0,2.5
24,Male,5.78,97.6,7.5,5.8,5.9,1.85,Yes,Offline,Average,Poor,Yes,2,Middle,2.5,A,0.27,0,Positive,2.0,3.2,4.0,2.6,2.0,5.0,3.2
20,Female,5.71,74.3,6.4,2.8,4.7,1.71,Yes,Offline,Good,Average,Yes,1,Middle,1.1,A,0.96,1,Positive,3.8,3.2,5.0,4.8,2.3,4.9,4.3
29,Male,2.43,85.7,4.2,1.8,2.5,1.24,No,Offline,Average,Average,No,1,Middle,6.0,B,0.66,1,Positive,1.5,4.1,3.0,2.8,2.1,3.6,3.0
21,Female,7.01,79.7,8.6,6.3,4.0,1.67,No,Offline,Poor,Average,No,3,Middle,3.6,A,0.97,0,Positive,2.2,3.0,3.2,3.9,3.5,2.5,1.6
21,Male,6.79,95.1,8.3,3.2,4.2,1.96,No,Hybrid,Average,Excellent,Yes,2,Middle,3.3,A,0.74,1,Neutral,3.6,3.7,4.6,3.5,4.7,5.0,2.8
21,Male,2.62,82.8,4.7,5.8,4.5,1.64,No,Offline,Average,Excellent,No,1,Middle,7.5,C,0.46,2,Neutral,1.9,2.0,4.1,3.1,1.5,4.2,1.4
19,Female,5.1,74.2,7.3,4.9,7.0,1.2,No,Online,Average,Average,Yes,2,Middle,2.4,A,0.77,0,Neutral,3.9,2.5,3.1,3.8,3.7,5.0,2.8
17,Male,3.59,85.0,6.0,5.3,4.0,1.58,No,Offline,Average,Good,Yes,0,Middle,4.6,B,0.82,1,Positive,3.3,3.2,5.0,3.9,3.9,5.0,3.0
25,Female,4.38,85.2,7.5,5.5,7.0,2.35,Yes,Online,Average,Good,Yes,2,Middle,2.7,A,0.75,1,Positive,2.7,2.3,4.4,3.1,2.8,4.4,3.4
24,Female,7.28,81.5,9.5,4.9,3.1,1.7,No,Hybrid,Good,Excellent,No,1,Middle,5.1,A,0.56,2,Neutral,1.1,4.4,3.2,3.8,1.8,5.0,1.9
18,Female,6.34,74.9,10.0,2.2,4.0,1.37,Yes,Hybrid,Good,Good,No,2,Low,1.0,A,0.29,2,Positive,3.0,3.5,3.0,3.8,2.1,5.0,3.0
24,Male,9.23,66.4,7.9,2.1,2.6,1.98,Yes,Online,Good,Poor,No,3,Low,5.4,A,0.78,1,Neutral,1.4,3.6,2.0,4.4,3.6,5.0,4.6
22,Female,5.46,80.0,8.1,5.9,3.6,1.81,No,Online,Poor,Good,No,3,Middle,6.7,B,0.77,0,Positive,1.3,3.5,4.3,3.8,2.4,4.5,2.7
20,Female,3.04,64.2,6.5,1.0,3.6,1.62,No,Offline,Average,Good,Yes,1,Middle,3.2,B,0.46,0,Positive,3.4,3.6,2.6,2.3,2.8,4.3,4.0
19,Female,5.49,71.8,8.0,5.2,6.3,1.84,Yes,Offline,Average,Good,No,1,Middle,5.6,C,0.28,0,Neutral,3.3,3.1,3.1,2.9,1.3,3.2,2.9
25,Female,0.39,81.2,7.9,6.3,3.3,1.88,No,Hybrid,Average,Excellent,No,1,High,3.7,B,0.78,2,Positive,1.0,2.1,4.3,1.5,3.5,4.7,3.7
23,Female,8.81,91.1,8.3,2.6,4.8,1.57,No,Online,Good,Excellent,Yes,2,Middle,4.3,A,0.34,2,Positive,2.7,2.8,5.0,3.5,4.0,4.9,2.9
21,Female,5.77,89.3,7.0,1.7,0.7,1.8,No,Offline,Good,Good,Yes,2,High,4.6,A,0.49,1,Neutral,3.5,3.2,5.0,4.6,2.1,4.1,2.2
22,Female,6.13,62.9,6.3,2.8,4.5,2.16,Yes,Offline,Average,Good,No,0,Middle,2.5,A,0.77,0,Neutral,3.3,2.2,2.1,2.8,2.4,3.6,2.0
18,Male,5.54,90.1,8.2,2.6,0.8,1.61,Yes,Offline,Poor,Excellent,No,2,Low,1.6,A,0.25,1,Neutral,3.2,4.4,2.3,3.7,1.5,2.7,3.7
21,Male,3.53,59.7,8.1,6.6,2.4,2.2,Yes,Online,Average,Average,Yes,2,High,6.0,A,0.24,1,Neutral,2.7,1.6,4.0,1.8,2.7,3.5,1.9
18,Male,4.99,82.5,6.9,5.8,6.2,1.29,No,Offline,Good,Average,Yes,1,High,7.8,B,0.21,0,Positive,4.1,1.8,3.7,3.1,3.1,3.8,1.2
19,Male,3.66,81.4,6.7,3.5,2.8,1.98,Yes,Offline,Poor,Average,Yes,3,Middle,4.8,A,0.73,2,Neutral,3.2,3.0,5.0,3.0,3.2,3.2,2.9
22,Male,4.2,89.2,4.4,4.3,5.9,1.77,Yes,Online,Average,Excellent,Yes,0,Low,6.4,C,0.68,1,Neutral,4.1,3.2,2.7,2.5,4.1,4.0,1.9
26,Male,5.87,82.1,5.2,5.0,3.4,1.69,No,Offline,Average,Good,Yes,1,Low,3.9,B,0.46,1,Neutral,3.0,2.2,3.2,4.1,4.2,4.9,2.6
20,Female,2.8,90.9,6.9,5.1,5.4,1.57,Yes,Hybrid,Good,Average,No,2,High,5.2,B,0.83,0,Neutral,1.9,2.3,3.7,2.1,3.5,4.6,2.2
19,Male,8.46,74.4,7.4,7.4,2.7,1.64,No,Offline,Average,Excellent,No,1,Low,4.3,A,0.41,2,Positive,3.2,2.2,3.4,2.8,1.4,3.2,3.8
22,Female,3.06,79.2,5.4,6.5,2.7,1.27,No,Online,Good,Good,Yes,1,Middle,5.7,C,0.48,1,Negative,1.7,2.6,3.3,1.2,3.5,4.1,2.0
25,Male,6.83,89.2,6.6,5.2,4.8,1.69,Yes,Hybrid,Poor,Excellent,No,1,Middle,7.1,A,0.44,1,Positive,3.4,3.2,4.3,3.1,1.6,3.6,2.8
23,Male,3.9,75.1,6.3,6.7,3.6,1.75,No,Online,Good,Poor,Yes,3,Low,4.5,A,0.11,0,Neutral,4.9,1.9,2.5,1.6,2.9,5.0,1.7
25,Male,2.68,75.0,6.4,4.4,0.8,1.47,Yes,Offline,Average,Good,Yes,2,Middle,5.7,B,0.42,0,Neutral,3.1,2.5,3.0,3.4,3.3,4.1,2.6
21,Male,5.92,81.1,8.4,6.7,4.4,1.78,No,Offline,Poor,Good,No,2,Middle,4.3,B,0.22,0,Neutral,2.9,2.8,5.0,4.5,2.6,4.7,1.3
23,Female,5.47,65.0,8.3,5.5,3.8,1.46,No,Online,Good,Good,Yes,1,Middle,4.8,B,0.35,2,Positive,3.9,3.6,4.7,4.7,4.5,5.0,4.2
18,Female,4.69,78.1,4.7,3.0,5.9,1.85,No,Offline,Average,Good,Yes,1,Middle,6.5,A,0.73,0,Neutral,3.3,3.8,5.0,4.4,2.7,4.2,1.3
20,Male,5.01,70.2,8.3,5.4,5.1,2.35,Yes,Online,Poor,Excellent,No,0,High,4.5,A,0.18,1,Neutral,5.0,3.0,3.0,2.3,3.1,4.8,2.7
20,Male,3.88,95.1,7.5,6.6,4.7,1.93,No,Offline,Average,Average,Yes,2,Middle,5.1,B,0.4,1,Positive,3.0,1.0,2.6,2.6,4.4,4.4,2.2
21,Male,5.96,93.0,6.6,4.3,2.7,1.07,No,Hybrid,Average,Excellent,No,2,Middle,3.7,A,0.39,2,Neutral,3.3,2.2,1.7,3.0,2.2,3.9,1.0
26,Female,4.15,87.5,7.9,3.0,2.9,1.66,No,Online,Poor,Average,Yes,2,Middle,2.9,A,0.62,1,Positive,4.0,2.4,4.1,2.4,2.7,4.2,3.3
25,Female,5.14,100.0,7.2,10.0,3.9,1.6,No,Hybrid,Average,Average,Yes,1,Low,3.3,C,0.25,2,Positive,1.5,2.8,3.7,2.2,4.1,4.6,2.6
18,Female,7.3,82.5,8.5,4.8,6.0,2.06,No,Online,Poor,Poor,No,3,High,2.4,A,0.71,0,Neutral,3.7,1.9,3.5,3.5,3.5,3.7,3.7
18,Female,2.45,76.8,7.3,3.0,3.1,1.46,Yes,Offline,Good,Average,No,2,Middle,7.2,C,0.33,2,Neutral,2.6,1.8,3.9,2.7,3.1,5.0,3.2
20,Female,3.94,83.9,6.2,2.0,3.9,1.8,No,Hybrid,Average,Average,Yes,3,Middle,5.4,A,0.75,1,Neutral,2.7,3.5,2.4,3.7,1.4,5.0,3.3
19,Male,3.73,83.6,5.9,7.4,3.7,1.6,Yes,Offline,Good,Excellent,No,2,Middle,3.0,B,0.64,1,Positive,3.8,2.8,5.0,2.4,2.7,4.2,2.0
22,Male,3.48,77.6,8.4,7.0,5.0,1.29,No,Offline,Poor,Good,No,1,Middle,7.6,C,0.59,1,Neutral,2.3,1.8,2.9,2.1,1.8,2.7,3.6
25,Female,2.38,84.1,4.5,4.6,7.4,1.64,Yes,Offline,Poor,Good,No,1,Low,8.8,C,0.34,1,Positive,2.8,2.5,2.4,2.9,3.8,4.7,1.6
27,Female,4.51,68.4,7.5,7.5,9.0,1.93,Yes,Offline,Poor,Good,Yes,1,High,7.7,C,0.28,2,Positive,2.8,3.7,3.0,3.3,3.0,4.1,3.3
22,Female,5.35,70.7,10.0,6.8,3.2,1.59,No,Hybrid,Good,Poor,No,2,Low,6.8,B,0.44,0,Positive,2.9,1.4,4.2,3.2,1.2,5.0,2.4
24,Female,4.82,83.2,7.9,1.7,3.3,2.23,No,Offline,Good,Average,No,3,Middle,5.3,A,0.77,1,Positive,2.3,2.4,4.7,3.5,1.2,5.0,3.3
21,Male,1.86,68.2,7.6,5.6,2.3,1.68,No,Offline,Good,Good,No,1,Middle,5.0,C,0.32,1,Neutral,3.6,3.1,3.6,2.6,2.3,4.5,3.5
19,Female,6.39,91.5,6.2,7.5,3.3,1.47,Yes,Offline,Good,Good,No,0,Middle,5.7,B,0.78,2,Positive,1.8,2.5,5.0,4.5,1.6,4.3,2.5
21,Female,6.44,84.7,4.8,5.3,6.1,1.61,Yes,Online,Poor,Good,Yes,2,High,3.5,B,0.83,1,Positive,1.1,2.7,4.7,2.6,2.4,3.4,2.4
21,Male,5.17,74.4,6.6,6.0,5.3,2.39,No,Online,Average,Good,No,2,Middle,3.2,A,0.33,0,Neutral,2.7,1.4,3.8,3.2,3.5,5.0,1.3
23,Female,3.04,91.5,8.6,7.0,2.4,1.43,Yes,Offline,Poor,Good,No,1,High,6.2,C,0.63,0,Neutral,3.5,1.7,4.7,3.0,2.1,3.9,3.1
19,Female,3.32,82.8,3.0,8.1,2.6,1.79,Yes,Hybrid,Poor,Good,No,1,Middle,7.1,C,0.9,2,Negative,3.6,2.0,3.7,1.7,3.7,2.2,1.0
20,Male,8.9,97.0,5.6,6.0,4.7,2.1,No,Online,Poor,Excellent,No,3,High,4.3,A,0.43,2,Positive,3.3,4.1,2.4,3.4,2.5,3.8,2.7
20,Male,8.45,78.4,6.4,6.6,3.0,1.68,No,Hybrid,Average,Average,No,2,Middle,1.5,A,0.69,2,Neutral,2.7,2.1,3.7,3.5,3.3,5.0,2.2
27,Male,5.96,75.1,6.7,6.1,2.7,1.66,Yes,Hybrid,Average,Good,No,3,Middle,3.8,A,0.27,2,Positive,3.4,1.4,1.8,2.2,1.4,3.6,1.5
20,Female,3.2,84.8,5.2,2.3,3.7,1.7,Yes,Offline,Good,Good,No,1,High,5.4,B,0.59,1,Neutral,2.9,2.8,4.9,2.9,4.0,4.2,2.8
23,Male,7.52,70.2,8.0,7.1,2.7,2.15,Yes,Online,Good,Excellent,No,2,Low,5.0,A,0.32,1,Positive,2.9,1.9,3.5,1.9,4.3,5.0,1.8
23,Female,5.37,90.7,5.5,6.2,3.4,1.9,No,Offline,Average,Average,No,3,Low,5.5,A,0.56,2,Positive,1.0,3.0,2.7,4.1,2.7,4.4,2.8
19,Female,8.34,84.2,7.1,1.8,3.4,1.67,Yes,Offline,Good,Good,No,2,High,4.2,A,0.86,0,Positive,2.6,1.1,4.1,2.6,2.4,3.6,2.9
21,Male,3.87,48.0,5.1,7.3,3.6,1.43,No,Offline,Good,Average,No,2,High,5.9,D,0.57,0,Negative,1.0,1.9,4.5,2.2,3.0,5.0,3.4
25,Female,5.94,80.1,7.3,4.3,3.9,1.25,Yes,Online,Average,Good,Yes,2,High,5.6,B,0.54,1,Positive,5.0,4.0,4.6,1.7,2.7,3.4,2.8
21,Non-Binary,4.59,82.3,6.4,5.1,3.8,1.54,No,Online,Good,Average,No,2,Middle,3.5,A,0.3,1,Positive,3.9,3.2,3.7,4.4,2.5,4.6,3.3
26,Male,6.5,68.1,4.8,6.3,3.1,1.26,No,Hybrid,Poor,Poor,No,2,Middle,6.5,B,0.88,0,Neutral,4.2,2.6,2.7,4.4,5.0,4.8,3.7
19,Male,3.75,77.2,6.6,5.5,2.5,1.76,Yes,Hybrid,Good,Good,No,1,Middle,5.0,B,0.97,0,Neutral,2.5,2.2,2.7,4.2,4.0,4.4,2.2
17,Female,6.83,76.9,8.0,8.1,4.4,1.85,Yes,Offline,Average,Average,No,3,Middle,3.3,A,0.61,0,Positive,2.9,2.8,3.5,2.7,3.4,5.0,1.3
25,Female,4.24,60.4,8.2,6.1,2.9,2.03,Yes,Hybrid,Average,Average,Yes,2,Middle,3.8,B,0.96,2,Neutral,1.7,3.1,4.9,3.8,3.3,5.0,2.8
24,Male,3.24,82.9,8.2,7.5,5.6,2.04,Yes,Hybrid,Good,Average,Yes,3,Low,6.9,B,0.69,0,Positive,1.8,1.5,3.3,2.0,1.3,4.2,1.9
29,Male,6.14,79.7,5.9,2.7,6.6,1.99,No,Offline,Poor,Poor,Yes,2,Middle,4.8,A,0.11,1,Neutral,2.7,4.0,4.1,4.0,2.6,4.1,3.7
22,Male,5.47,73.4,8.5,4.6,3.8,1.86,No,Hybrid,Poor,Excellent,Yes,0,Middle,7.8,B,0.25,2,Neutral,2.4,4.6,4.9,3.5,2.5,5.0,4.0
26,Non-Binary,0.8,76.1,7.1,3.0,4.3,1.71,No,Offline,Average,Good,Yes,1,Middle,5.8,B,0.41,1,Neutral,3.5,2.7,3.0,2.8,4.1,4.8,2.8
24,Male,4.92,80.6,7.5,5.5,4.5,1.93,No,Hybrid,Average,Excellent,No,2,Middle,5.9,A,0.66,1,Neutral,3.4,1.9,2.5,2.3,2.0,5.0,2.6
24,Female,5.21,91.0,8.1,4.4,4.8,1.21,No,Offline,Good,Good,Yes,4,High,1.7,A,0.21,1,Positive,2.6,3.5,4.5,3.7,3.4,5.0,2.1
21,Female,5.37,84.7,5.1,4.2,5.6,1.56,No,Online,Average,Excellent,No,4,Middle,4.3,A,0.63,1,Positive,3.8,3.6,5.0,3.5,2.2,3.0,3.4
20,Male,9.07,77.6,7.9,5.5,3.0,2.36,No,Online,Good,Good,Yes,2,Middle,3.6,A,0.83,2,Positive,1.8,2.5,4.1,3.4,3.3,5.0,3.1
26,Female,3.72,76.6,5.4,5.7,5.8,1.17,Yes,Online,Average,Good,Yes,0,Middle,7.8,D,0.47,0,Positive,1.7,1.7,3.1,3.7,2.4,3.3,1.0
20,Male,4.97,75.2,7.9,1.9,2.4,1.93,No,Hybrid,Average,Good,No,1,Low,4.7,A,0.54,1,Neutral,3.5,3.6,4.6,2.6,3.2,3.6,5.0
21,Female,1.62,89.7,6.7,3.2,2.3,1.44,Yes,Hybrid,Good,Good,Yes,2,Middle,7.0,C,0.64,0,Neutral,3.5,1.0,4.3,2.0,3.2,5.0,2.5
20,Male,2.1,83.8,7.8,2.9,1.1,1.47,Yes,Hybrid,Poor,Good,No,4,Middle,8.0,B,0.61,1,Negative,3.8,3.2,4.0,2.3,3.4,3.6,2.7
21,Female,3.86,75.0,6.4,4.1,4.7,2.02,No,Offline,Average,Average,Yes,3,Middle,3.8,B,0.41,2,Neutral,1.6,1.0,3.4,2.2,4.1,4.6,2.2
21,Female,4.74,93.7,6.2,7.6,4.9,1.8,No,Offline,Average,Average,Yes,3,High,5.8,B,0.77,1,Positive,2.2,2.0,4.3,2.2,3.7,4.4,2.9
17,Male,4.61,88.3,7.8,8.6,5.0,2.02,Yes,Offline,Average,Good,No,2,Middle,6.2,B,0.43,1,Positive,3.3,3.2,2.8,2.7,3.9,3.9,2.1
25,Male,6.27,71.9,6.6,3.7,7.0,1.81,Yes,Offline,Good,Good,Yes,3,Low,6.7,A,0.56,1,Positive,3.3,4.7,5.0,2.8,4.5,3.8,3.4
20,Male,6.46,85.5,8.9,3.0,6.9,1.8,No,Offline,Good,Poor,Yes,2,Middle,4.8,A,0.51,0,Neutral,4.9,3.9,3.1,4.1,2.9,4.6,3.3
22,Male,7.01,82.2,6.7,7.2,4.0,1.64,Yes,Offline,Average,Average,Yes,1,High,6.2,B,0.46,1,Positive,2.0,2.6,1.1,4.1,3.0,4.7,2.2
18,Female,4.67,84.1,8.9,5.7,3.2,2.04,Yes,Offline,Poor,Good,No,2,Middle,5.4,A,0.6,1,Positive,5.0,3.0,3.7,4.3,1.9,5.0,2.8
17,Female,5.98,87.4,5.4,6.6,5.1,1.99,No,Online,Average,Excellent,Yes,3,High,5.2,A,0.88,1,Positive,3.5,2.7,4.9,1.7,2.4,3.0,2.2
19,Male,3.57,77.0,8.1,6.3,5.7,2.06,No,Offline,Average,Poor,No,0,Middle,7.3,B,0.18,1,Neutral,4.2,1.7,4.8,3.3,1.0,3.6,2.3
23,Female,5.72,75.2,6.8,8.2,3.3,1.91,No,Online,Good,Average,No,2,Low,2.8,A,0.49,0,Neutral,3.6,2.6,3.0,3.0,4.0,5.0,2.0
18,Female,5.96,69.4,8.0,5.3,4.9,1.5,No,Offline,Average,Excellent,No,1,Low,4.1,B,0.18,2,Positive,2.3,2.4,1.8,2.8,2.6,3.8,3.9
25,Female,4.0,83.3,6.2,3.9,2.1,1.64,No,Online,Poor,Good,Yes,3,Middle,7.3,B,0.18,0,Positive,2.4,3.6,4.4,2.9,4.4,3.9,2.8
19,Male,0.68,79.5,7.4,4.2,5.1,1.7,No,Online,Average,Average,Yes,0,Low,4.1,D,0.27,2,Neutral,3.0,3.8,2.4,2.4,3.2,4.9,4.0
19,Male,3.7,63.0,7.6,4.0,0.8,1.39,Yes,Hybrid,Average,Excellent,Yes,1,Middle,5.0,B,0.88,2,Negative,1.5,2.5,4.7,3.8,2.2,5.0,3.3
18,Male,10.13,80.7,6.0,4.6,2.7,1.85,No,Online,Average,Good,No,1,High,4.3,A,0.63,0,Neutral,1.4,2.8,3.2,4.7,1.4,3.9,1.9
17,Female,4.8,84.2,7.3,7.0,3.7,1.72,No,Hybrid,Poor,Good,Yes,3,Middle,4.5,B,0.43,0,Positive,2.4,2.6,2.8,3.7,1.0,3.2,3.9
24,Male,3.73,82.0,6.6,4.5,4.8,2.14,No,Online,Average,Excellent,No,0,Middle,6.1,A,0.4,2,Positive,3.7,3.0,3.2,2.4,1.7,4.9,2.9
25,Male,5.21,77.5,5.6,7.7,1.2,0.97,No,Offline,Poor,Excellent,No,1,Middle,7.9,C,0.71,2,Positive,2.3,4.1,2.8,2.6,3.5,4.7,1.3
22,Male,7.22,87.6,8.0,5.9,4.5,1.7,No,Online,Poor,Average,Yes,1,Low,3.6,A,0.53,2,Neutral,2.9,2.4,2.0,4.3,3.6,4.3,4.0
18,Female,5.66,74.7,6.8,4.7,3.8,2.17,Yes,Offline,Average,Average,No,2,Middle,2.6,A,0.41,1,Positive,2.9,1.3,3.0,3.3,3.1,3.4,1.7
19,Male,4.59,65.5,5.0,4.2,6.1,1.73,No,Offline,Poor,Average,Yes,2,Middle,5.0,B,0.23,2,Positive,4.0,2.7,3.4,4.2,3.2,4.9,3.8
21,Male,2.44,95.3,7.6,3.2,7.4,2.07,Yes,Offline,Poor,Poor,Yes,2,Middle,6.2,B,0.3,0,Neutral,3.4,4.5,5.0,2.7,1.7,4.9,3.1
27,Male,4.4,66.0,6.6,6.0,4.3,2.14,No,Offline,Good,Poor,Yes,2,Middle,4.1,A,0.89,0,Negative,3.9,2.9,4.4,3.9,2.0,4.5,3.3
19,Male,2.61,83.2,7.1,10.0,3.9,1.75,No,Offline,Average,Average,Yes,0,High,6.1,C,0.65,0,Neutral,4.2,2.1,4.3,1.5,2.2,4.4,2.1
23,Female,5.7,98.0,7.1,6.1,2.6,1.39,No,Online,Average,Excellent,No,1,Middle,3.1,A,0.38,2,Positive,2.0,1.6,3.7,1.6,3.4,5.0,1.7
20,Male,8.0,75.6,7.5,5.4,1.9,2.19,No,Hybrid,Average,Excellent,No,2,Low,4.4,A,0.62,2,Positive,1.0,2.6,3.9,3.9,1.8,5.0,2.3
19,Male,7.1,92.5,6.0,6.1,3.6,1.36,No,Online,Poor,Good,Yes,1,High,5.8,B,0.78,1,Positive,2.6,3.8,4.3,3.2,3.6,4.8,2.6
20,Female,3.81,78.2,6.1,7.9,2.0,2.09,No,Offline,Good,Good,No,2,High,5.6,A,0.44,1,Neutral,4.1,3.2,4.9,1.0,1.8,5.0,2.3
17,Male,3.03,77.8,8.3,5.2,3.5,1.58,Yes,Offline,Good,Poor,Yes,1,Middle,7.3,C,0.44,0,Negative,3.7,3.9,3.9,2.4,4.1,5.0,3.0
24,Male,2.21,62.9,6.3,4.6,2.8,1.45,No,Offline,Good,Average,Yes,2,Middle,8.1,C,0.5,2,Neutral,2.6,1.8,3.6,3.3,2.0,3.5,2.8
19,Female,5.88,87.0,6.8,2.3,5.6,1.98,No,Hybrid,Average,Poor,Yes,2,High,3.7,A,0.84,0,Positive,4.9,3.7,3.6,3.4,2.1,3.3,2.4
23,Male,6.13,74.1,4.7,2.1,4.0,1.34,Yes,Hybrid,Poor,Good,No,1,High,5.6,B,0.93,2,Positive,3.8,1.5,4.9,4.7,3.7,3.5,3.5
17,Male,6.57,88.0,7.6,5.7,3.3,1.65,No,Hybrid,Average,Average,No,2,Middle,2.4,A,0.54,0,Neutral,2.4,2.6,4.8,2.8,3.0,4.4,2.7
27,Male,5.67,71.7,7.0,5.0,4.0,1.79,Yes,Offline,Poor,Excellent,No,1,Middle,5.6,B,0.82,2,Positive,4.2,3.0,4.8,2.8,3.1,3.8,2.7
18,Female,2.57,81.7,7.4,1.9,4.6,1.49,Yes,Hybrid,Good,Good,No,2,Middle,3.1,B,0.1,0,Neutral,1.4,4.2,2.8,1.9,3.6,5.0,4.8
25,Female,1.15,82.0,8.5,3.7,3.1,1.86,No,Offline,Average,Average,Yes,3,Low,4.2,B,0.34,0,Neutral,3.3,3.7,3.2,4.0,3.0,4.4,3.0
24,Female,7.21,93.7,7.7,6.1,3.6,1.88,No,Hybrid,Good,Average,Yes,3,Middle,2.7,A,0.84,1,Positive,2.5,3.6,5.0,4.8,4.1,4.1,4.1
27,Female,3.31,88.7,7.4,3.9,3.4,2.04,No,Hybrid,Good,Good,No,2,Middle,6.3,A,0.53,1,Negative,2.9,4.0,4.7,4.2,2.4,3.3,2.2
21,Male,8.77,68.9,8.9,2.8,5.5,1.75,Yes,Online,Poor,Excellent,No,3,Middle,4.9,A,0.68,1,Neutral,3.6,3.0,4.4,4.5,3.0,4.2,4.1
23,Male,0.77,89.8,8.2,7.2,3.8,1.77,No,Offline,Poor,Good,Yes,0,Low,4.4,C,0.39,0,Neutral,3.9,1.4,2.7,1.0,3.7,5.0,2.4
20,Female,2.77,79.3,7.9,5.4,6.8,1.83,Yes,Offline,Average,Average,No,2,High,6.9,C,0.68,2,Negative,3.1,3.1,4.6,2.7,4.3,5.0,2.5
18,Female,3.11,73.6,7.3,5.7,7.0,1.72,Yes,Online,Average,Good,Yes,1,Middle,5.6,B,0.59,2,Neutral,2.8,3.3,5.0,1.3,2.0,5.0,2.7
20,Male,5.5,75.9,7.4,4.5,3.6,1.77,Yes,Offline,Average,Average,Yes,2,Middle,4.2,A,0.74,0,Positive,1.3,2.4,4.1,3.8,2.6,4.9,2.6
18,Female,6.3,90.0,8.5,4.1,3.9,1.46,Yes,Offline,Average,Excellent,No,2,Middle,4.9,A,0.29,2,Positive,1.4,2.9,1.1,2.9,3.0,4.2,1.9
28,Male,3.87,64.5,6.0,2.8,3.4,1.74,No,Offline,Poor,Good,No,1,Middle,1.0,B,0.15,1,Neutral,1.0,3.6,5.0,2.9,3.0,4.5,5.0
18,Male,6.16,75.5,6.1,5.6,4.5,1.62,Yes,Offline,Poor,Good,Yes,1,Middle,1.0,A,0.26,0,Positive,3.2,3.9,4.3,2.4,3.3,3.9,3.8
22,Male,2.37,69.5,6.4,4.1,5.3,1.28,No,Hybrid,Good,Good,Yes,2,Middle,7.0,B,0.8,0,Positive,3.9,1.8,3.4,3.8,4.0,4.7,1.7
22,Male,3.97,80.5,5.9,7.1,4.9,2.01,Yes,Offline,Poor,Good,No,2,Middle,5.1,B,0.19,2,Positive,1.0,3.4,3.2,2.5,3.4,4.5,3.2
21,Female,2.54,77.6,6.3,6.6,4.0,1.07,No,Offline,Good,Average,No,0,Middle,6.0,D,0.41,0,Neutral,4.1,2.5,3.4,3.8,2.6,5.0,1.6
22,Female,3.85,68.7,7.5,5.3,5.8,1.92,No,Online,Average,Poor,No,1,Middle,3.6,C,0.38,0,Neutral,4.4,2.6,3.2,3.1,3.7,4.2,2.6
18,Male,3.68,77.8,8.4,6.3,2.7,1.64,No,Offline,Average,Average,No,2,Middle,3.7,A,0.74,1,Neutral,3.2,3.6,3.9,4.0,5.0,4.0,3.0
21,Male,5.57,78.3,7.2,6.3,5.2,1.95,No,Online,Average,Excellent,Yes,2,High,5.9,C,0.59,1,Positive,4.5,2.1,4.8,3.7,2.6,5.0,3.6
19,Female,11.83,76.7,7.7,3.3,6.3,1.41,No,Online,Average,Good,No,3,Low,6.2,A,0.7,2,Positive,3.0,3.4,5.0,5.0,2.4,4.2,2.4
26,Male,2.22,81.2,7.9,3.7,3.9,1.65,Yes,Hybrid,Good,Poor,No,1,High,4.9,A,0.2,0,Neutral,1.7,2.4,3.0,2.2,1.9,5.0,3.0
23,Female,4.56,91.7,9.5,6.1,2.6,1.11,Yes,Online,Average,Excellent,Yes,3,Middle,3.4,A,0.33,2,Neutral,2.7,2.4,4.3,1.7,4.3,5.0,2.9
28,Male,6.32,80.0,7.0,6.0,1.4,1.52,Yes,Online,Poor,Average,Yes,3,Middle,4.8,A,0.76,0,Positive,4.6,3.8,3.3,2.0,1.9,4.8,3.4
17,Female,5.1,80.6,7.1,5.9,3.4,1.22,No,Offline,Poor,Average,Yes,1,Middle,7.2,B,0.49,2,Positive,2.4,3.0,4.8,3.0,2.5,3.8,2.5
19,Male,7.79,86.3,7.1,5.6,3.0,1.46,No,Hybrid,Average,Average,No,2,Middle,5.5,A,0.45,2,Positive,3.4,3.7,4.0,2.9,3.6,4.0,1.5
18,Male,2.91,77.8,7.1,5.8,4.9,2.04,No,Online,Average,Good,No,2,High,5.7,B,0.55,1,Negative,3.5,1.0,4.0,3.1,1.9,2.6,1.6
17,Male,6.51,77.9,4.8,6.1,3.8,1.27,No,Online,Poor,Good,No,0,Low,5.4,B,0.5,0,Positive,4.2,3.6,3.2,3.8,3.6,4.9,2.8
19,Male,3.39,74.1,7.8,6.2,5.1,2.07,No,Offline,Average,Good,No,1,Middle,3.5,B,0.45,1,Negative,1.1,1.8,4.7,2.6,3.0,4.2,3.3
22,Male,6.59,73.5,9.0,2.6,4.1,2.36,No,Offline,Average,Good,Yes,1,Low,2.9,A,0.19,0,Positive,4.4,2.6,1.8,2.5,1.0,4.8,4.2
19,Female,5.29,72.8,5.5,5.7,5.2,1.45,No,Hybrid,Good,Average,No,0,Low,2.8,B,0.63,1,Positive,2.1,2.3,4.6,4.2,4.1,4.3,2.5
21,Male,5.45,81.6,7.4,6.3,3.7,1.74,No,Hybrid,Average,Good,Yes,3,Middle,5.0,B,0.76,0,Neutral,4.5,2.9,3.5,2.0,4.0,4.9,2.9
25,Male,3.78,56.5,9.5,5.9,2.5,1.93,Yes,Hybrid,Average,Average,Yes,0,Low,5.9,B,0.31,1,Neutral,2.6,2.9,3.9,3.6,2.2,4.4,2.6
23,Female,1.26,75.2,8.3,6.9,3.6,1.53,No,Offline,Average,Good,No,1,High,8.0,D,0.52,0,Neutral,2.6,3.0,4.2,3.5,2.3,4.4,1.9
20,Female,2.75,81.6,8.4,7.2,4.4,1.91,Yes,Online,Good,Good,Yes,3,Middle,4.7,A,0.64,1,Positive,3.8,2.7,2.9,2.4,2.6,5.0,3.5
20,Non-Binary,6.37,89.9,5.8,6.2,4.6,1.68,Yes,Online,Average,Good,No,2,Middle,5.9,A,0.88,2,Positive,4.3,2.9,3.8,2.3,3.8,4.7,2.9
20,Female,4.43,94.2,7.3,6.3,5.1,1.46,No,Hybrid,Average,Good,No,1,Middle,4.3,B,0.52,1,Neutral,2.5,2.3,2.9,2.5,3.5,5.0,2.4
18,Male,6.43,64.6,7.0,6.1,2.4,2.04,No,Hybrid,Poor,Good,No,2,Low,5.2,A,0.48,2,Neutral,2.7,2.8,2.1,5.0,3.3,3.5,3.7
22,Female,2.31,73.1,6.6,6.2,6.9,2.1,Yes,Online,Average,Poor,Yes,1,High,4.2,C,0.55,0,Negative,2.4,2.9,4.4,2.9,4.0,5.0,2.6
20,Female,6.24,78.5,5.8,1.0,4.1,1.62,No,Hybrid,Good,Excellent,No,3,Middle,3.3,A,0.53,2,Neutral,2.4,2.2,2.2,4.0,1.9,4.7,2.6
25,Female,6.97,62.4,5.9,3.9,4.1,2.01,No,Online,Good,Poor,No,0,Middle,1.0,A,0.51,0,Positive,3.5,3.3,3.0,3.4,1.9,3.2,3.9
23,Male,0.54,72.6,5.4,7.9,3.6,1.41,Yes,Hybrid,Good,Average,No,0,Low,6.7,D,0.55,2,Positive,2.9,2.5,3.8,1.9,4.5,5.0,2.0
22,Male,5.6,81.0,5.9,4.9,2.6,1.83,No,Offline,Good,Good,No,3,Middle,5.7,A,0.41,0,Positive,4.3,3.6,2.7,3.1,2.4,3.7,3.3
20,Male,8.83,77.1,6.7,5.8,7.1,2.39,Yes,Offline,Average,Good,No,2,Low,4.1,A,0.97,2,Neutral,2.3,3.8,5.0,3.3,2.7,4.6,2.2
19,Female,3.45,61.4,6.6,6.5,3.8,1.86,No,Offline,Good,Poor,Yes,2,High,6.3,B,0.4,0,Neutral,3.8,3.8,5.0,3.3,2.7,3.6,1.5
24,Female,6.96,86.8,6.4,6.3,1.7,2.29,No,Hybrid,Poor,Excellent,No,3,Middle,4.2,A,0.95,2,Positive,3.7,1.0,5.0,4.2,2.5,4.2,2.6
21,Female,5.04,70.6,7.1,5.3,3.4,1.93,No,Offline,Poor,Excellent,No,2,Middle,2.9,A,0.39,2,Positive,2.7,2.0,4.0,2.2,3.0,4.1,1.9
19,Male,6.67,79.8,8.1,4.4,4.9,2.33,Yes,Online,Good,Good,No,2,High,3.2,A,0.72,0,Positive,2.7,2.0,4.1,4.8,2.7,4.5,2.7
18,Female,4.19,62.9,5.2,5.0,2.1,1.73,No,Offline,Poor,Good,No,5,Low,5.4,A,0.59,0,Neutral,3.5,2.8,3.6,4.2,3.6,5.0,1.7
18,Female,3.42,78.8,7.4,5.8,3.8,1.61,No,Offline,Average,Good,Yes,3,Middle,5.8,B,0.63,2,Negative,2.3,2.1,5.0,2.8,4.8,3.7,1.9
24,Male,4.11,88.2,5.8,2.7,3.4,2.39,No,Hybrid,Average,Average,Yes,2,Middle,3.2,A,0.43,1,Positive,2.6,3.9,2.5,5.0,2.8,4.0,3.8
19,Female,4.24,88.8,8.8,4.3,1.8,2.05,No,Offline,Average,Good,No,2,Low,1.6,A,0.71,0,Positive,1.7,2.3,2.0,2.3,4.1,3.9,4.2
21,Male,3.79,88.3,6.9,6.1,4.2,1.81,No,Online,Good,Excellent,Yes,3,Middle,4.0,A,0.29,1,Neutral,2.1,2.7,3.2,2.8,3.0,5.0,1.4
20,Female,3.21,84.6,7.3,6.1,2.2,1.55,Yes,Hybrid,Good,Excellent,Yes,2,Middle,3.7,B,0.6,2,Neutral,2.0,2.0,4.0,3.8,2.5,5.0,3.0
21,Female,7.17,70.8,7.8,6.0,2.4,1.57,No,Offline,Poor,Excellent,Yes,3,Middle,3.3,A,0.35,2,Neutral,2.1,2.7,4.4,3.2,1.9,4.8,2.1
25,Female,3.81,65.7,8.7,4.5,6.3,2.13,No,Online,Poor,Average,Yes,1,Middle,2.4,B,0.38,1,Negative,1.2,1.0,4.4,2.3,2.5,4.8,1.8
25,Female,2.56,93.4,5.5,4.4,3.5,2.39,Yes,Offline,Poor,Average,No,3,Middle,6.7,B,0.22,0,Negative,1.3,2.3,4.7,2.9,1.0,4.4,2.2
20,Female,3.1,67.2,7.1,1.9,6.3,1.71,No,Hybrid,Average,Average,No,2,Middle,4.6,B,0.59,2,Neutral,3.9,1.8,3.8,3.9,3.5,4.2,3.7
17,Female,5.95,70.6,6.0,5.1,3.8,1.48,No,Online,Good,Good,Yes,3,Low,5.0,B,0.59,2,Positive,2.9,3.6,3.4,3.3,3.3,3.7,3.3
20,Male,0.52,86.8,9.2,8.0,4.1,1.35,No,Hybrid,Poor,Average,No,1,Low,4.6,C,0.74,0,Positive,4.2,2.4,3.8,2.9,2.9,3.7,3.0
22,Female,5.97,80.5,5.7,6.8,7.3,1.58,Yes,Offline,Poor,Average,Yes,1,Middle,4.8,B,0.75,0,Neutral,4.0,2.4,3.0,3.4,1.9,3.5,2.7
21,Male,6.4,92.5,7.9,1.9,7.7,1.33,No,Hybrid,Good,Good,No,4,Low,3.8,A,0.2,0,Neutral,2.5,2.9,4.3,2.2,3.0,5.0,4.3
22,Male,7.52,75.3,6.5,5.3,5.5,2.08,No,Hybrid,Good,Good,Yes,3,High,2.7,A,0.89,0,Positive,2.1,2.6,4.2,3.2,3.2,4.4,3.8
18,Female,4.09,90.2,8.8,4.2,3.0,1.86,No,Offline,Average,Good,No,2,High,3.9,A,0.91,1,Positive,3.2,3.7,4.2,3.4,3.0,4.9,4.9
22,Female,3.34,100.0,6.6,6.0,2.6,1.61,Yes,Offline,Poor,Excellent,Yes,0,Middle,6.9,B,0.82,1,Positive,2.6,2.6,4.3,2.4,2.2,5.0,1.2
18,Male,5.32,73.7,6.2,4.5,3.1,1.86,Yes,Offline,Poor,Poor,No,3,High,1.6,A,0.35,0,Neutral,3.6,2.5,3.1,2.5,3.0,5.0,3.4
23,Male,5.26,79.3,8.3,4.7,2.4,1.27,Yes,Hybrid,Poor,Poor,No,1,Middle,5.4,B,0.27,0,Positive,1.0,1.4,3.2,3.6,1.6,4.9,4.0
20,Male,7.6,74.3,6.2,6.0,2.1,1.82,No,Offline,Good,Good,No,2,Low,2.7,A,0.73,1,Positive,3.3,2.2,4.1,4.8,3.6,4.4,3.3
23,Male,5.09,78.1,6.2,7.5,4.5,1.62,No,Hybrid,Average,Good,Yes,2,Middle,5.6,A,0.33,1,Positive,4.6,2.3,4.8,3.1,3.4,3.1,2.4
17,Male,4.13,75.2,9.6,1.7,1.6,1.49,Yes,Hybrid,Average,Good,No,3,Middle,3.3,A,0.3,1,Negative,2.6,3.5,3.7,3.9,4.7,5.0,2.8
20,Female,2.32,87.0,9.6,5.0,3.7,2.02,Yes,Hybrid,Poor,Poor,Yes,0,Low,2.9,B,0.77,0,Positive,3.6,3.2,5.0,2.7,1.9,4.8,2.0
23,Male,4.56,88.9,6.4,6.8,4.3,2.09,No,Offline,Average,Average,No,1,Middle,3.9,A,0.52,1,Positive,1.8,3.0,3.5,3.2,2.5,4.5,2.1
19,Male,5.13,82.2,6.8,8.8,2.7,1.67,No,Offline,Average,Good,Yes,2,Low,5.3,B,0.45,0,Positive,2.4,2.1,1.8,1.8,2.8,3.9,2.7
24,Male,7.34,88.0,9.9,2.8,6.0,1.96,No,Online,Good,Excellent,No,1,Middle,8.1,A,0.39,1,Positive,2.1,2.4,2.2,4.4,2.0,5.0,2.7
22,Non-Binary,5.2,70.3,7.6,6.9,6.7,2.16,Yes,Online,Poor,Excellent,Yes,4,Middle,1.0,A,0.94,2,Neutral,4.5,2.3,4.7,3.0,2.0,4.5,2.5
22,Male,7.68,84.2,6.8,5.7,4.4,1.5,Yes,Online,Average,Good,No,1,Middle,2.2,A,0.24,1,Positive,5.0,1.9,3.1,3.7,2.7,4.0,1.6
20,Male,7.47,74.3,6.8,5.9,4.4,1.84,No,Offline,Poor,Good,No,1,Low,6.4,B,0.44,2,Positive,2.5,1.2,4.3,4.1,1.6,2.7,2.2
21,Male,3.46,90.6,7.1,4.8,6.2,1.83,Yes,Hybrid,Poor,Excellent,No,4,Low,1.4,A,0.47,2,Neutral,4.3,3.1,3.5,1.9,3.9,4.1,3.7
22,Female,2.71,83.6,6.9,4.4,3.3,1.79,Yes,Online,Poor,Good,Yes,0,Middle,5.0,B,0.5,1,Negative,3.6,1.3,3.8,2.6,2.7,4.9,3.9
21,Female,3.72,61.1,6.4,4.5,5.5,1.76,Yes,Hybrid,Poor,Good,Yes,1,High,5.7,D,0.71,1,Positive,2.6,1.9,3.3,3.3,3.3,3.8,1.9
23,Male,4.52,79.8,6.3,7.6,4.2,1.93,No,Hybrid,Average,Excellent,No,1,Middle,3.8,B,0.42,2,Positive,4.6,2.3,1.5,3.0,3.3,4.2,2.0
20,Male,3.37,67.1,7.4,4.2,3.9,2.12,No,Offline,Average,Good,Yes,1,Middle,4.1,B,0.13,0,Neutral,2.4,4.2,2.8,1.9,3.2,4.7,2.3
19,Male,6.39,77.0,7.0,1.0,4.4,1.57,Yes,Offline,Average,Excellent,No,1,Middle,3.4,A,0.46,2,Neutral,2.4,2.8,2.6,3.4,3.6,5.0,2.9
19,Female,6.34,90.0,6.8,6.1,2.1,2.39,No,Offline,Average,Average,No,3,High,5.0,A,0.52,1,Positive,2.0,1.0,2.6,3.1,2.5,3.5,2.8
17,Female,7.41,100.0,8.0,4.7,5.9,1.53,Yes,Online,Poor,Good,No,2,Middle,5.4,A,0.11,0,Positive,3.9,2.7,3.4,4.1,5.0,3.9,2.5
19,Male,5.55,84.5,8.5,2.7,4.7,1.76,Yes,Hybrid,Poor,Excellent,Yes,2,Low,4.2,A,0.46,2,Positive,2.0,3.0,4.1,4.1,2.9,3.1,5.0
23,Male,4.12,84.9,7.1,6.6,3.5,1.99,No,Online,Average,Average,No,2,Low,4.1,B,0.17,2,Negative,2.9,1.7,3.4,3.8,2.2,4.0,1.6
24,Male,5.81,85.3,5.0,3.4,3.0,1.64,Yes,Hybrid,Average,Good,No,1,Low,5.7,C,0.47,2,Neutral,2.7,2.8,3.7,4.1,1.7,2.6,3.6
19,Male,3.18,77.9,7.8,6.8,5.4,2.08,Yes,Offline,Average,Average,No,0,Middle,5.5,A,0.2,1,Neutral,2.5,1.9,2.6,4.2,1.5,4.1,3.8
27,Female,5.29,61.4,9.4,3.8,4.0,1.62,No,Offline,Average,Excellent,No,2,Low,5.6,A,0.43,2,Negative,2.8,3.2,2.2,3.1,5.0,5.0,3.3
21,Male,3.47,88.4,5.2,7.0,2.9,2.14,No,Online,Poor,Good,Yes,2,Middle,5.7,B,0.59,1,Positive,2.6,1.9,2.9,3.5,3.2,3.6,2.5
26,Male,7.31,82.4,7.8,3.1,5.7,1.83,No,Offline,Good,Average,Yes,1,Middle,5.8,A,0.93,0,Neutral,4.6,2.4,5.0,2.6,2.3,5.0,3.3
23,Male,0.8,80.2,6.3,5.1,7.3,2.08,Yes,Online,Poor,Good,Yes,0,Middle,6.5,Fail,0.65,0,Positive,3.4,3.4,3.7,2.8,2.1,3.2,2.7
23,Female,6.69,83.2,9.0,4.4,3.9,1.97,No,Offline,Poor,Good,No,1,Middle,5.1,A,0.77,2,Positive,3.1,2.7,5.0,3.5,3.7,4.8,2.2
18,Female,6.76,84.8,4.8,5.1,6.0,1.36,No,Offline,Average,Good,No,1,Middle,4.9,A,0.44,1,Neutral,2.6,2.3,4.6,3.2,2.2,4.0,3.0
19,Male,4.92,81.4,6.2,3.7,5.1,1.95,Yes,Offline,Average,Good,Yes,2,High,3.0,A,0.63,2,Neutral,1.7,4.2,5.0,3.2,3.4,3.9,3.5
17,Male,5.67,90.2,6.9,5.8,8.2,1.96,No,Offline,Average,Excellent,Yes,0,High,4.9,B,0.63,1,Positive,2.4,2.9,4.2,3.0,3.7,5.0,3.5
23,Male,5.41,79.8,6.7,3.3,3.7,1.93,No,Hybrid,Average,Good,Yes,1,High,4.7,A,0.28,1,Positive,3.0,1.6,3.9,3.7,3.2,4.0,4.0
20,Female,7.59,91.4,7.6,3.5,4.9,1.61,No,Offline,Average,Good,No,2,High,3.3,A,0.51,0,Neutral,2.9,2.0,2.8,3.6,1.1,5.0,2.3
24,Male,8.31,76.9,8.8,1.3,4.8,2.08,No,Hybrid,Average,Poor,Yes,3,Low,3.4,A,0.44,0,Positive,3.2,3.2,3.4,4.9,4.4,4.0,4.1
20,Female,5.02,76.5,6.1,4.9,2.0,1.67,No,Hybrid,Average,Excellent,No,3,High,1.6,A,0.7,2,Positive,4.5,3.5,5.0,2.1,3.5,5.0,4.7
24,Female,8.27,69.7,5.9,5.4,4.5,2.27,No,Offline,Average,Average,Yes,2,Middle,2.4,A,0.96,1,Neutral,2.6,1.0,5.0,3.9,5.0,5.0,2.1
18,Female,3.71,72.1,9.5,3.2,4.9,2.29,No,Offline,Average,Good,Yes,4,Middle,3.8,A,0.72,1,Neutral,4.4,2.0,3.4,3.4,3.6,3.4,3.5
18,Male,5.83,55.6,7.8,8.9,6.6,1.86,No,Offline,Good,Excellent,Yes,1,Middle,3.9,B,0.84,2,Neutral,2.8,3.3,3.1,2.5,2.2,2.9,2.7
20,Female,5.88,67.8,5.3,5.4,6.3,1.56,Yes,Hybrid,Poor,Average,No,2,Middle,3.8,B,0.77,2,Positive,3.2,2.0,5.0,3.6,2.6,4.5,3.2
20,Female,2.48,77.5,3.7,4.2,4.5,2.09,Yes,Offline,Average,Good,Yes,3,High,7.6,C,0.58,1,Negative,2.9,2.2,3.3,1.5,2.9,3.9,2.2
20,Male,5.66,89.1,7.5,3.4,3.2,1.32,No,Online,Good,Average,No,2,Low,4.1,A,0.36,1,Positive,4.3,1.8,2.8,3.4,2.7,5.0,3.2
23,Male,3.67,71.5,6.7,5.1,1.6,1.53,Yes,Offline,Good,Good,Yes,0,High,8.1,B,0.28,2,Negative,2.2,3.2,5.0,2.5,2.4,4.1,1.6
18,Male,6.59,76.7,8.6,8.4,3.3,1.74,Yes,Offline,Average,Good,No,2,Middle,4.8,B,0.61,1,Positive,3.8,1.0,3.5,3.5,3.3,5.0,2.8
20,Male,3.22,78.3,7.0,2.6,4.3,1.96,No,Hybrid,Average,Excellent,Yes,2,Middle,5.4,A,0.49,1,Neutral,4.7,3.0,4.5,3.6,2.4,5.0,2.6
24,Male,1.45,79.5,8.7,4.8,3.2,1.3,No,Hybrid,Poor,Excellent,Yes,0,Middle,6.0,C,0.8,2,Neutral,2.9,3.1,5.0,2.9,4.5,4.8,3.7
17,Female,2.4,60.9,9.1,6.1,2.0,1.37,Yes,Online,Poor,Good,No,3,Low,4.9,C,0.52,2,Positive,1.0,2.6,2.9,3.0,1.5,4.0,3.7
26,Male,5.04,74.8,5.7,5.1,5.2,0.9,No,Hybrid,Good,Good,Yes,0,High,5.5,B,0.23,1,Positive,1.9,2.9,3.5,1.6,2.8,4.5,1.7
28,Female,5.62,100.0,6.2,4.8,3.5,1.64,No,Online,Good,Good,Yes,3,High,5.5,A,0.84,1,Positive,2.6,2.3,4.3,3.5,2.1,5.0,2.5
18,Male,5.68,89.4,6.9,4.5,1.1,2.07,No,Online,Poor,Average,No,2,Middle,3.2,A,0.09,0,Neutral,3.4,3.7,3.4,4.3,2.8,4.0,3.9
19,Non-Binary,3.47,73.5,7.1,5.4,3.9,1.48,No,Online,Average,Good,No,1,High,5.2,B,0.76,1,Neutral,4.3,3.0,3.4,2.9,3.8,4.5,1.7
20,Male,6.58,82.0,6.8,1.4,4.6,1.37,Yes,Offline,Poor,Excellent,No,3,Low,4.4,A,0.36,2,Neutral,2.9,2.1,2.9,3.8,3.5,3.4,3.5
24,Female,3.9,89.7,8.6,7.3,5.1,1.94,No,Hybrid,Poor,Good,No,3,Middle,5.5,C,0.8,2,Positive,2.6,2.0,1.5,2.6,4.6,4.3,1.5
22,Male,4.56,78.0,7.7,7.2,1.9,1.41,Yes,Offline,Poor,Average,No,1,Middle,5.3,C,0.36,0,Neutral,3.7,3.9,2.6,2.6,1.7,3.7,3.4
22,Male,6.96,86.0,8.3,5.3,2.2,2.14,No,Offline,Average,Average,No,2,Middle,2.3,A,0.36,0,Positive,2.8,3.0,4.0,3.5,1.4,3.8,4.2
23,Female,4.68,81.6,5.8,5.9,3.0,2.14,Yes,Online,Good,Good,No,2,Low,4.0,A,0.5,2,Neutral,3.0,3.2,4.2,2.6,2.0,5.0,2.7
18,Male,1.24,72.1,4.2,4.1,3.9,2.39,No,Offline,Average,Poor,No,3,Middle,5.5,B,0.25,0,Negative,2.5,1.9,4.1,4.2,1.6,4.4,2.3
24,Female,6.43,80.8,6.4,6.3,3.9,1.58,No,Online,Good,Good,Yes,1,Middle,5.2,B,0.66,2,Positive,4.6,3.4,5.0,3.1,3.4,4.0,1.3
23,Female,5.0,68.6,6.2,3.5,4.5,1.65,Yes,Hybrid,Average,Good,Yes,4,Low,4.2,A,0.39,0,Negative,3.2,1.3,4.2,4.0,3.8,5.0,3.5
21,Male,4.23,79.4,7.0,8.5,5.0,1.2,Yes,Offline,Poor,Good,Yes,1,Low,7.5,D,0.31,2,Neutral,4.2,2.5,2.8,2.3,4.4,2.8,2.2
25,Female,7.57,83.3,6.6,3.3,3.8,1.81,No,Offline,Average,Average,Yes,4,Low,3.8,A,0.75,0,Positive,3.4,2.8,4.4,3.7,1.4,3.0,3.5
23,Female,3.74,74.7,6.2,2.6,4.2,1.96,Yes,Hybrid,Poor,Good,No,2,High,4.3,A,0.93,2,Negative,4.1,2.9,3.5,3.8,2.3,3.7,3.1
19,Male,6.3,84.7,7.7,3.3,4.0,1.77,Yes,Hybrid,Poor,Excellent,Yes,3,Middle,5.0,A,0.45,2,Positive,3.9,3.8,2.8,3.8,1.6,5.0,3.4
20,Female,5.27,82.4,6.9,3.8,2.2,1.6,Yes,Offline,Good,Excellent,Yes,1,Low,3.6,A,0.25,2,Positive,3.8,2.0,3.3,3.4,2.0,5.0,2.8
21,Female,10.19,80.5,6.5,5.1,3.8,1.25,Yes,Hybrid,Average,Good,Yes,3,High,3.8,A,0.44,0,Neutral,3.5,2.9,3.1,3.7,3.5,3.3,2.0
17,Male,1.4,75.5,7.4,4.6,2.0,1.93,No,Online,Average,Poor,Yes,2,Low,6.3,C,0.54,0,Neutral,1.5,3.0,1.9,2.7,1.0,4.5,4.0
27,Male,5.39,72.2,6.1,3.5,3.1,1.18,No,Hybrid,Average,Excellent,No,2,Middle,4.4,B,0.37,1,Positive,1.4,3.2,3.9,3.5,1.9,5.0,2.4
18,Female,5.69,81.6,9.8,5.4,5.7,1.71,No,Offline,Average,Good,No,2,Middle,3.7,A,0.51,1,Positive,2.0,3.8,4.6,2.5,2.9,4.7,2.4
23,Male,7.19,81.5,8.4,4.2,5.7,1.65,No,Online,Poor,Average,No,0,Middle,3.8,A,0.85,2,Positive,4.2,2.8,5.0,3.9,1.1,4.8,3.9
21,Male,4.16,89.7,5.5,2.5,4.7,1.74,Yes,Hybrid,Average,Average,Yes,1,Middle,4.5,A,0.64,1,Positive,3.7,3.5,5.0,3.8,4.1,4.9,3.1
17,Male,3.73,62.4,4.9,2.3,5.6,2.12,No,Offline,Average,Average,No,0,Low,3.2,B,0.45,2,Negative,2.7,4.0,4.2,4.1,2.3,4.9,3.0
26,Female,7.78,82.9,7.2,3.2,0.5,1.15,Yes,Hybrid,Average,Average,No,2,Low,4.6,A,0.3,0,Neutral,4.5,2.4,2.7,4.1,4.9,4.6,2.3
25,Male,4.14,77.1,6.6,5.0,3.7,1.75,Yes,Hybrid,Poor,Poor,No,2,Middle,6.9,A,0.54,0,Positive,4.0,2.6,3.7,2.9,3.1,4.5,3.0
21,Male,5.55,75.7,6.3,4.4,2.7,2.07,Yes,Offline,Poor,Excellent,No,2,Low,2.3,A,0.73,2,Positive,3.5,1.8,3.4,2.4,2.6,5.0,1.0
19,Female,4.89,67.9,5.7,3.6,4.3,2.04,No,Offline,Average,Good,No,4,High,3.8,B,0.37,2,Neutral,3.7,3.4,3.7,2.9,1.8,5.0,3.6
18,Male,5.76,100.0,5.7,3.9,3.2,1.57,No,Online,Average,Good,No,3,Middle,8.7,B,0.3,0,Positive,3.6,3.0,3.9,3.7,1.8,3.9,2.1
20,Female,2.3,86.9,9.5,6.7,3.6,1.73,No,Online,Good,Excellent,No,4,Middle,4.1,B,0.31,2,Positive,1.8,3.1,3.1,1.8,1.7,4.4,3.6
19,Non-Binary,3.91,80.6,7.8,8.2,3.5,2.01,Yes,Online,Poor,Good,No,3,Middle,7.7,C,0.6,0,Neutral,3.0,2.2,3.1,1.0,3.4,3.4,2.6
21,Female,4.88,84.9,7.1,3.4,5.5,2.19,No,Hybrid,Poor,Excellent,No,3,High,3.3,A,0.46,1,Positive,3.5,2.6,4.0,4.0,4.2,4.3,4.3
27,Female,5.21,64.5,6.0,2.4,5.4,2.05,No,Hybrid,Good,Excellent,No,1,Middle,4.3,A,0.81,2,Neutral,3.0,3.4,5.0,3.5,3.5,3.1,4.7
21,Male,7.19,78.9,5.8,1.0,8.1,1.59,No,Offline,Poor,Good,No,1,Middle,3.9,A,0.49,2,Positive,2.3,4.5,4.6,3.9,1.5,3.3,2.5
25,Female,6.01,82.2,5.9,9.3,3.3,1.61,No,Hybrid,Poor,Excellent,Yes,2,Middle,5.5,B,0.67,1,Positive,1.3,2.6,2.9,2.2,3.0,4.1,1.0
22,Male,6.15,79.8,6.7,3.7,5.2,1.98,Yes,Online,Average,Good,Yes,0,Middle,2.0,B,0.44,0,Positive,2.2,1.8,3.0,3.6,2.8,5.0,3.3
21,Male,4.88,66.7,5.5,4.9,4.0,2.01,No,Online,Good,Poor,No,2,Middle,4.1,A,0.65,0,Neutral,3.9,2.9,4.7,3.0,2.7,5.0,3.2
25,Male,7.51,76.7,6.7,4.4,5.9,1.64,No,Hybrid,Average,Good,Yes,0,Middle,3.6,A,0.52,0,Positive,3.6,4.5,3.9,3.2,1.0,3.9,3.1
21,Male,3.78,96.5,7.5,6.9,4.1,2.39,No,Offline,Average,Good,No,4,Middle,1.0,A,0.24,1,Positive,1.4,1.9,2.7,3.5,1.0,5.0,1.1
25,Female,4.8,89.7,5.9,1.5,5.9,1.8,No,Offline,Poor,Excellent,Yes,3,Middle,5.9,A,0.34,1,Positive,3.8,2.9,4.4,2.6,2.3,3.2,2.9
19,Male,2.02,84.1,4.9,5.9,6.1,1.86,No,Online,Good,Average,Yes,1,Low,1.9,B,0.55,2,Positive,1.7,1.0,3.2,1.0,2.2,5.0,2.9
18,Female,2.9,86.1,8.7,4.6,3.5,2.0,Yes,Online,Good,Good,No,3,Low,6.6,A,0.42,2,Positive,2.8,2.7,3.4,3.6,4.1,5.0,2.0
25,Female,6.69,100.0,6.1,6.3,2.4,2.07,No,Online,Good,Poor,No,4,Low,4.6,A,0.09,1,Neutral,3.8,2.2,2.5,3.4,3.7,5.0,2.2
22,Female,4.9,85.4,7.0,4.1,2.2,1.35,Yes,Offline,Poor,Average,No,1,Middle,3.2,B,0.57,2,Positive,2.7,3.3,2.6,2.6,3.3,5.0,2.8
25,Male,1.29,74.6,8.6,3.3,3.6,1.64,Yes,Hybrid,Average,Poor,Yes,4,High,6.7,B,1.0,0,Neutral,1.6,3.0,4.0,2.1,2.3,3.7,1.8
26,Female,4.9,63.8,7.6,4.2,0.5,1.3,No,Hybrid,Good,Good,No,2,Middle,3.1,A,0.64,1,Neutral,1.0,3.0,4.3,3.2,4.3,4.4,2.5
17,Male,4.52,81.3,6.9,1.9,4.5,2.32,No,Offline,Poor,Excellent,Yes,3,High,2.5,A,0.37,2,Positive,2.1,3.7,3.4,3.7,4.8,4.5,3.9
21,Male,2.72,80.0,6.7,3.3,3.3,1.55,No,Hybrid,Good,Average,Yes,1,Middle,1.9,B,0.72,1,Positive,2.6,1.6,3.4,3.7,3.7,4.1,3.7
20,Non-Binary,5.66,61.4,5.5,3.0,6.6,1.76,No,Offline,Good,Good,Yes,4,Middle,2.8,A,0.85,1,Neutral,3.4,4.0,3.0,4.0,2.5,5.0,3.4
22,Male,4.45,75.6,6.6,9.0,4.1,1.75,No,Hybrid,Average,Average,No,2,Middle,4.6,C,0.72,2,Positive,2.4,2.5,4.0,2.1,2.8,4.3,1.6
24,Male,5.01,79.2,7.4,2.9,5.0,1.82,Yes,Online,Average,Average,Yes,3,Middle,5.4,A,0.55,0,Positive,2.5,3.8,3.9,3.4,5.0,5.0,3.3
19,Female,6.87,76.4,8.2,8.4,5.1,1.69,No,Online,Poor,Good,No,2,Middle,5.8,A,0.26,0,Positive,2.5,2.6,2.6,3.3,3.3,4.0,2.6
21,Male,3.76,58.0,5.9,5.5,4.0,1.43,No,Hybrid,Average,Poor,Yes,0,Middle,3.5,C,0.41,1,Positive,2.3,3.0,3.6,4.0,4.3,4.3,2.4
23,Female,7.14,68.0,7.6,4.8,5.1,1.6,Yes,Offline,Good,Good,Yes,4,Middle,4.0,A,0.8,2,Positive,4.9,2.6,4.2,3.7,2.7,5.0,3.5
18,Male,4.45,67.6,8.7,7.3,4.1,2.08,No,Offline,Average,Poor,Yes,0,High,1.6,B,0.67,0,Neutral,3.3,2.0,4.4,2.9,2.1,2.3,2.6
24,Male,4.47,91.7,7.6,3.3,3.3,2.19,Yes,Online,Poor,Average,No,2,Middle,4.2,A,0.85,1,Positive,2.1,3.7,4.3,2.9,2.2,4.6,3.7
22,Male,7.56,77.7,8.2,5.2,4.7,1.23,Yes,Offline,Good,Good,No,2,High,7.2,A,0.34,0,Neutral,1.0,3.1,3.2,3.4,1.0,4.0,1.3
26,Male,5.74,68.9,5.9,4.0,1.6,1.72,No,Online,Average,Good,Yes,5,High,1.1,A,0.6,0,Positive,3.1,2.6,4.3,3.6,2.4,4.3,4.6
20,Male,4.17,85.9,6.1,6.7,2.3,1.25,Yes,Offline,Poor,Poor,No,0,Middle,5.5,D,0.37,0,Positive,4.5,3.6,3.5,2.7,4.8,3.3,3.2
18,Female,4.75,62.2,8.7,4.0,3.6,1.8,Yes,Hybrid,Average,Good,No,2,Low,5.7,B,0.79,1,Neutral,3.5,2.8,3.9,3.2,3.2,3.5,2.6
21,Female,5.41,75.0,8.6,5.4,4.2,1.88,No,Hybrid,Average,Excellent,No,2,Low,5.2,A,0.41,2,Positive,5.0,3.0,3.9,2.1,2.6,4.3,3.3
18,Female,2.08,84.6,7.2,5.8,6.6,2.07,Yes,Offline,Average,Good,No,0,Low,3.7,B,0.07,1,Negative,2.4,1.7,3.7,2.6,1.9,4.8,3.1
27,Male,6.32,70.0,6.0,4.4,4.9,1.89,No,Offline,Poor,Average,Yes,3,Low,5.6,A,0.55,2,Positive,3.5,2.5,4.0,4.4,3.6,4.5,1.5
17,Female,4.98,69.6,7.9,1.5,2.4,1.89,No,Online,Poor,Good,No,2,Middle,2.9,A,0.59,1,Neutral,1.5,2.4,4.1,4.7,3.5,3.5,3.9
23,Female,2.4,62.6,6.0,7.1,5.9,1.9,Yes,Offline,Good,Good,No,0,Low,9.1,D,0.94,0,Neutral,1.2,1.6,5.0,3.4,3.5,3.3,1.0
21,Female,3.1,71.1,7.0,7.0,6.2,1.75,No,Online,Average,Poor,No,1,Middle,6.7,C,0.69,1,Positive,2.8,2.3,3.2,1.5,2.4,3.7,2.3
20,Male,6.71,86.9,9.5,7.2,3.8,1.62,Yes,Hybrid,Poor,Excellent,No,1,Low,6.2,A,0.13,1,Positive,4.2,2.0,2.0,3.8,2.6,3.9,1.4
17,Female,2.46,82.8,8.1,2.2,3.3,1.68,Yes,Offline,Good,Excellent,Yes,2,Middle,4.7,A,0.8,2,Positive,4.7,3.9,5.0,3.7,3.0,4.4,2.1
22,Female,9.27,89.0,7.6,4.9,5.7,1.77,No,Online,Good,Excellent,Yes,2,Low,4.4,A,0.36,2,Positive,3.1,2.3,4.2,5.0,1.6,4.5,2.2
22,Male,2.85,73.4,6.6,4.7,4.3,1.52,No,Online,Poor,Excellent,No,0,High,6.8,C,0.37,1,Negative,2.1,3.2,4.6,3.1,4.2,5.0,2.1
19,Female,5.39,100.0,4.5,4.4,4.7,2.15,No,Offline,Average,Good,No,2,High,5.7,A,0.7,0,Positive,1.0,2.2,4.0,3.5,1.8,3.1,2.9
26,Male,1.02,62.5,7.9,7.2,6.5,1.94,No,Offline,Average,Good,Yes,1,Middle,6.1,C,0.77,1,Positive,2.4,2.4,5.0,2.3,5.0,5.0,1.3
19,Female,4.83,69.4,6.9,6.1,4.0,1.95,Yes,Offline,Good,Good,Yes,2,High,2.4,A,0.53,2,Positive,2.9,1.7,3.3,4.7,3.3,3.8,2.6
20,Female,3.93,57.1,7.9,5.9,3.8,1.93,No,Hybrid,Good,Excellent,No,1,Low,5.0,B,0.35,2,Neutral,2.4,3.1,2.7,2.6,3.5,4.2,2.5
21,Female,5.94,83.6,5.1,4.4,4.6,2.17,No,Online,Average,Good,Yes,3,High,2.5,A,0.34,2,Positive,1.2,4.0,2.8,4.2,1.6,5.0,4.3
18,Male,5.35,81.6,6.9,6.7,4.2,1.27,No,Online,Average,Average,Yes,1,Middle,3.7,B,0.81,1,Positive,3.0,1.6,3.6,2.6,3.2,4.4,1.7
26,Male,4.3,100.0,7.8,2.7,2.9,1.73,No,Offline,Good,Average,Yes,1,Middle,5.9,A,0.34,0,Neutral,2.6,3.6,3.6,3.3,4.0,4.6,3.5
20,Female,9.26,74.4,8.4,5.3,5.1,2.07,No,Online,Average,Excellent,No,1,Low,4.8,A,0.76,1,Neutral,3.4,4.0,3.3,3.7,3.3,4.2,3.9
18,Male,6.5,75.0,6.3,6.4,3.4,1.92,Yes,Hybrid,Average,Poor,No,2,Low,5.0,A,0.73,0,Positive,2.2,1.9,4.2,2.5,3.1,3.7,2.1
20,Male,3.49,45.8,5.0,4.1,3.8,1.76,Yes,Offline,Average,Good,No,1,High,7.0,C,0.84,0,Positive,2.6,4.1,4.7,3.8,2.7,4.7,3.0
22,Female,5.65,56.2,6.9,4.3,6.6,1.98,No,Offline,Poor,Excellent,No,0,Middle,5.2,A,0.37,2,Neutral,3.0,2.9,4.1,4.5,3.4,4.2,2.4
21,Female,0.93,79.3,7.1,8.9,3.5,1.87,No,Offline,Average,Good,Yes,0,Low,9.6,D,0.47,2,Positive,3.3,2.1,4.4,2.8,2.6,3.7,1.5
23,Male,3.78,71.7,7.9,1.6,4.4,1.88,No,Hybrid,Average,Excellent,Yes,4,Middle,1.0,A,0.72,2,Neutral,2.5,3.0,5.0,3.6,3.3,5.0,4.9
17,Male,7.43,84.3,7.2,5.9,3.8,1.45,No,Hybrid,Good,Good,No,1,Low,2.5,A,0.13,0,Neutral,2.2,2.4,3.0,4.5,4.5,4.4,3.9
19,Male,3.83,68.8,8.1,3.7,2.3,1.7,No,Hybrid,Average,Poor,Yes,1,Low,3.5,B,0.1,0,Positive,1.9,2.0,3.1,2.1,4.2,5.0,3.4
24,Female,5.22,82.0,6.9,3.3,4.1,1.73,No,Offline,Good,Excellent,No,2,High,1.3,A,0.29,1,Positive,3.0,2.5,3.2,4.5,3.2,4.3,3.0
17,Female,2.63,80.8,5.7,5.7,3.8,1.5,Yes,Offline,Average,Average,No,1,Middle,6.3,C,0.72,2,Neutral,2.6,4.4,5.0,3.6,1.9,3.5,2.3
25,Female,6.5,62.2,7.7,5.3,4.3,1.97,No,Offline,Poor,Good,Yes,0,Middle,4.3,A,0.97,1,Negative,4.7,1.6,3.1,4.1,2.8,3.8,2.6
18,Female,5.16,85.2,6.8,5.9,2.9,2.3,No,Online,Average,Average,No,2,High,6.7,A,0.72,0,Neutral,2.8,2.8,3.4,3.5,3.4,5.0,3.5
24,Female,4.92,90.3,7.1,4.8,3.5,1.6,No,Offline,Average,Average,No,1,Middle,5.8,B,0.95,1,Positive,3.1,2.7,3.8,3.9,3.5,4.6,2.4
20,Female,6.79,80.0,8.0,3.3,5.2,1.5,No,Offline,Good,Good,No,2,Middle,3.1,A,0.58,0,Positive,3.9,2.9,1.6,3.9,4.1,4.7,3.7
22,Male,8.19,86.8,7.7,6.6,1.5,1.6,No,Offline,Poor,Average,Yes,2,Middle,4.4,A,0.79,0,Neutral,4.0,1.9,3.8,3.7,1.8,3.6,3.9
18,Female,6.51,85.4,6.9,2.6,5.9,1.92,No,Offline,Good,Good,Yes,1,Middle,1.3,A,0.38,0,Positive,2.5,1.7,3.6,3.6,4.0,5.0,2.9
17,Male,1.45,76.6,7.8,1.2,6.3,1.51,Yes,Hybrid,Average,Excellent,No,2,Middle,4.9,B,0.78,2,Neutral,4.8,3.5,3.4,3.0,3.7,4.8,4.1
19,Female,5.71,85.9,8.6,5.8,6.8,1.98,No,Hybrid,Good,Average,No,2,Low,4.1,A,0.68,1,Positive,5.0,2.1,3.7,2.4,4.3,5.0,2.4
18,Female,5.44,97.3,7.2,4.2,1.7,2.1,Yes,Hybrid,Good,Average,Yes,3,Middle,2.2,A,0.5,1,Positive,2.6,2.9,2.4,2.2,1.7,5.0,2.7
19,Male,2.62,68.6,5.3,4.5,2.4,2.2,No,Offline,Poor,Good,No,1,High,5.1,C,0.47,2,Negative,3.0,2.2,3.1,4.4,5.0,3.1,2.4
21,Female,1.68,83.0,7.5,3.2,3.2,1.33,Yes,Offline,Average,Good,No,2,Middle,4.8,C,0.54,2,Positive,3.3,3.4,4.2,2.3,2.0,5.0,3.6
22,Male,4.09,75.2,7.1,1.3,3.2,2.07,No,Hybrid,Poor,Excellent,No,0,High,2.4,A,0.21,2,Positive,2.2,3.3,4.1,2.9,2.4,4.1,2.8
24,Female,4.3,79.0,7.4,1.6,4.9,1.59,Yes,Hybrid,Average,Poor,Yes,3,Middle,4.4,A,0.51,0,Neutral,2.9,3.4,3.9,4.5,2.3,4.6,4.3
22,Male,4.76,75.5,3.7,4.6,4.9,1.42,Yes,Offline,Average,Excellent,Yes,1,Low,7.0,C,0.73,2,Neutral,2.0,3.2,4.3,5.0,3.6,4.6,3.0
22,Female,3.43,75.5,4.7,3.1,7.1,1.98,Yes,Offline,Average,Good,Yes,0,Middle,7.1,D,0.94,0,Negative,2.9,3.0,4.2,4.1,3.3,4.8,2.9
20,Male,5.2,80.4,5.5,6.8,4.7,1.83,No,Offline,Poor,Good,Yes,1,Low,3.6,A,0.39,1,Positive,2.8,1.8,3.8,3.3,2.7,2.9,1.9
21,Male,5.48,73.8,6.4,6.3,5.2,2.39,No,Offline,Poor,Poor,No,2,Low,3.2,A,0.8,0,Neutral,3.3,3.2,3.3,2.4,4.5,3.7,3.4
20,Male,4.31,82.5,6.0,7.1,1.2,1.42,Yes,Hybrid,Poor,Good,Yes,0,Low,4.5,B,0.11,0,Positive,3.5,3.9,1.9,3.9,3.8,5.0,3.3
24,Male,5.65,58.7,6.0,2.9,3.6,2.12,Yes,Offline,Good,Average,No,2,High,3.8,A,0.98,1,Neutral,2.9,3.4,4.6,3.6,2.5,3.5,2.9
19,Male,3.71,87.7,6.0,4.8,3.7,1.95,Yes,Online,Average,Average,Yes,4,Low,2.9,A,0.35,0,Neutral,4.3,1.0,4.1,1.6,1.9,4.6,2.4
17,Female,1.74,73.3,6.3,8.9,2.8,1.86,Yes,Offline,Average,Good,No,0,Middle,7.7,C,0.73,1,Positive,2.0,1.5,3.8,1.7,4.1,4.3,1.1
22,Male,4.87,72.8,5.9,4.3,3.5,1.78,No,Hybrid,Average,Excellent,Yes,3,Low,4.2,B,0.22,2,Neutral,2.6,2.7,2.4,4.0,2.1,3.2,2.5
19,Male,6.64,90.1,5.7,1.3,1.6,1.55,Yes,Online,Good,Good,Yes,2,High,4.7,A,0.5,1,Neutral,2.3,3.0,4.4,3.3,3.6,3.9,3.6
25,Male,10.27,87.1,6.8,5.9,4.1,2.33,Yes,Offline,Average,Good,Yes,3,Middle,1.3,A,0.54,1,Neutral,4.5,1.4,2.4,4.5,1.0,4.8,3.6
25,Female,0.63,85.8,7.3,3.3,5.0,1.99,Yes,Offline,Good,Good,No,0,Low,4.7,C,0.51,0,Negative,2.8,2.4,3.9,1.9,3.0,4.3,3.6
17,Female,3.87,85.5,6.6,6.7,4.5,2.08,No,Offline,Poor,Good,Yes,1,High,6.0,B,0.68,0,Neutral,2.8,2.5,3.1,2.0,4.5,4.8,2.6
18,Female,3.13,81.8,5.8,5.2,4.3,1.58,No,Offline,Poor,Excellent,Yes,3,High,6.6,B,0.64,1,Neutral,4.3,2.9,4.5,3.4,3.5,3.5,1.9
21,Female,5.42,69.8,6.5,4.0,4.0,1.87,Yes,Hybrid,Good,Good,Yes,2,Middle,1.8,A,0.48,0,Positive,1.5,2.9,4.7,2.8,4.7,5.0,3.3
22,Male,3.12,85.4,9.0,4.2,3.5,2.21,No,Hybrid,Average,Average,No,3,Middle,4.0,A,0.37,0,Negative,2.0,2.2,2.6,3.6,2.5,3.3,4.0
19,Male,5.13,83.6,7.0,7.6,2.5,1.81,Yes,Hybrid,Good,Average,No,0,Middle,4.6,A,0.21,0,Positive,2.9,1.4,4.9,1.4,3.3,4.5,3.2
23,Male,6.86,85.6,6.1,7.3,7.1,1.98,No,Online,Average,Good,No,3,High,3.2,A,1.0,0,Neutral,2.4,2.0,5.0,2.7,2.8,3.9,1.7
22,Female,3.38,77.7,7.2,4.8,6.3,1.58,Yes,Online,Average,Good,No,0,Low,5.5,B,0.53,0,Neutral,3.9,2.4,4.0,3.5,3.0,4.5,2.7
19,Non-Binary,4.74,77.5,5.7,5.0,3.7,1.74,No,Offline,Average,Poor,Yes,3,Middle,1.3,A,0.2,0,Neutral,1.6,3.1,3.0,4.7,2.1,5.0,4.8
17,Female,8.12,72.3,6.1,6.3,6.8,1.56,No,Hybrid,Average,Excellent,No,2,Middle,2.8,A,0.78,2,Neutral,3.6,1.6,5.0,4.4,3.0,4.6,2.3
23,Male,6.65,93.2,8.3,5.8,3.7,1.61,No,Hybrid,Poor,Good,Yes,3,Middle,4.9,A,0.75,0,Neutral,2.0,2.8,4.1,3.2,2.7,3.8,3.1
19,Male,1.65,72.3,8.7,5.3,3.5,1.95,Yes,Hybrid,Good,Good,Yes,0,Middle,5.4,B,0.77,0,Neutral,3.3,2.6,4.3,3.3,2.5,4.3,4.0
24,Male,9.03,84.8,6.8,2.4,5.0,1.36,Yes,Online,Average,Poor,No,3,Low,3.9,A,0.25,0,Positive,3.9,2.8,4.6,4.2,2.4,3.8,3.8
20,Female,3.53,75.0,6.2,5.1,2.6,1.47,No,Hybrid,Good,Average,No,2,Low,4.2,B,0.67,2,Positive,4.9,3.0,3.9,3.7,2.6,5.0,3.4
21,Male,5.5,68.2,8.6,3.1,4.9,2.02,No,Offline,Poor,Excellent,Yes,2,High,4.4,A,0.7,2,Positive,1.5,2.7,4.4,4.2,4.0,3.4,3.0
25,Female,4.07,77.0,7.1,9.5,4.3,1.44,No,Offline,Average,Excellent,Yes,0,High,6.4,C,0.75,2,Negative,3.1,2.9,4.3,4.1,3.2,5.0,1.7
25,Male,3.98,65.4,8.2,5.1,0.5,1.15,No,Online,Average,Average,No,0,High,6.7,C,1.0,2,Positive,4.0,3.3,4.0,3.6,2.8,3.2,1.7
20,Female,3.51,76.3,5.3,6.3,0.7,1.71,Yes,Hybrid,Good,Average,No,1,High,5.1,B,0.97,0,Neutral,3.1,2.0,5.0,2.3,3.5,3.8,3.0
19,Female,6.14,79.0,6.1,5.0,6.4,1.66,No,Online,Average,Good,Yes,2,Middle,4.5,B,0.2,0,Positive,3.4,4.0,3.2,3.5,3.4,5.0,3.0
24,Female,3.35,70.9,5.9,3.0,3.2,1.84,Yes,Offline,Poor,Average,Yes,1,Low,4.4,B,0.62,0,Neutral,2.3,1.5,4.8,2.5,2.8,5.0,2.6
20,Female,2.38,75.9,4.6,6.8,2.3,1.87,Yes,Online,Average,Good,No,0,Middle,4.7,C,0.51,2,Neutral,2.7,3.7,4.8,1.7,1.8,4.0,2.9
18,Female,3.76,80.6,3.5,8.6,3.0,1.93,No,Online,Average,Excellent,No,0,Middle,5.4,C,0.34,2,Neutral,2.2,3.3,3.2,2.2,1.0,5.0,2.1
25,Female,4.9,79.3,7.8,6.2,5.8,1.71,Yes,Offline,Poor,Average,No,2,Middle,4.8,C,0.3,0,Positive,3.6,1.7,3.4,3.0,4.7,5.0,1.7
18,Female,0.89,67.9,6.7,6.4,1.3,2.24,Yes,Offline,Average,Poor,Yes,0,Middle,7.5,B,0.18,0,Negative,4.9,2.3,2.3,1.9,2.9,4.5,1.9
17,Female,6.49,80.7,6.6,3.1,3.9,1.55,No,Offline,Good,Excellent,No,3,High,1.8,A,0.46,2,Positive,3.2,2.1,1.9,2.3,2.1,4.6,4.4
17,Non-Binary,3.47,72.3,7.0,2.3,2.3,1.41,No,Offline,Good,Poor,Yes,3,Low,6.0,B,0.32,0,Neutral,3.1,2.8,3.6,2.1,2.2,4.2,2.7
22,Female,6.35,70.5,6.8,3.3,2.6,1.97,Yes,Hybrid,Good,Excellent,No,1,Low,3.3,A,0.78,2,Neutral,1.0,4.1,3.3,3.9,3.9,4.9,3.3
22,Female,7.67,76.9,7.3,2.6,4.6,1.97,Yes,Online,Poor,Good,Yes,3,Middle,3.1,A,0.62,1,Positive,2.9,3.0,4.4,2.8,5.0,3.5,2.3
19,Female,5.53,75.3,5.9,2.0,5.5,1.92,Yes,Hybrid,Poor,Excellent,Yes,3,High,4.4,A,1.0,1,Neutral,3.6,1.6,3.8,4.2,4.0,3.7,3.0
19,Male,5.97,87.2,9.0,8.2,0.5,2.07,No,Offline,Average,Average,Yes,2,High,1.6,A,0.69,1,Neutral,1.3,2.9,4.0,4.0,2.2,5.0,3.1
20,Male,4.01,81.0,7.1,2.8,3.9,1.69,No,Online,Poor,Poor,No,2,Middle,3.4,B,0.22,1,Positive,3.2,3.3,3.3,2.9,4.7,3.0,4.3
23,Female,3.57,74.6,6.2,4.6,4.3,1.96,Yes,Online,Good,Good,No,1,Low,3.6,C,0.68,0,Neutral,3.0,1.9,3.5,2.7,4.8,5.0,3.1
17,Female,1.12,100.0,5.4,4.4,3.3,2.16,No,Offline,Good,Good,No,0,Middle,4.0,B,0.6,0,Negative,1.0,4.1,2.1,3.2,1.0,4.8,3.0
26,Female,4.52,91.5,7.3,4.2,4.0,2.39,No,Offline,Average,Average,No,2,High,2.9,A,0.68,0,Positive,3.4,3.4,4.9,2.9,4.7,5.0,4.1
19,Male,3.82,58.6,8.2,4.2,4.3,2.01,No,Online,Average,Excellent,No,2,Middle,6.7,B,0.41,1,Neutral,2.6,2.6,3.5,2.3,2.1,3.6,2.9
29,Female,0.17,64.8,6.1,1.0,3.8,1.66,Yes,Online,Average,Excellent,No,1,Middle,5.7,D,0.74,1,Neutral,3.1,3.5,2.9,2.6,3.3,4.5,3.4
18,Female,5.45,69.1,6.7,6.0,2.9,1.83,No,Offline,Good,Good,No,2,Middle,1.0,A,0.3,0,Neutral,3.3,3.6,4.5,2.8,4.8,4.3,4.4
24,Male,7.94,90.8,5.5,5.5,5.3,2.13,No,Offline,Average,Average,No,4,Low,2.9,A,0.13,0,Positive,2.2,3.1,4.1,4.1,2.1,3.2,3.0
19,Female,5.71,68.1,5.2,6.2,1.9,1.76,Yes,Offline,Average,Good,Yes,3,Middle,5.5,B,0.14,2,Negative,3.3,1.4,3.4,2.4,3.8,3.3,2.0
18,Female,7.23,78.8,9.7,8.7,3.6,1.65,No,Offline,Average,Good,No,0,High,6.2,A,0.41,1,Positive,2.5,1.6,3.8,3.6,3.9,5.0,2.3
25,Male,4.37,76.5,6.6,7.0,4.8,1.69,No,Offline,Average,Good,Yes,0,High,6.5,D,0.44,2,Neutral,3.1,1.0,3.7,3.4,3.4,3.8,1.4
25,Female,2.88,91.0,7.1,7.4,3.0,2.39,Yes,Offline,Average,Excellent,No,3,High,3.5,A,0.51,2,Positive,2.4,2.2,3.1,1.6,1.8,5.0,3.9
20,Female,5.04,75.5,8.8,3.3,4.6,2.39,No,Offline,Poor,Average,Yes,2,Middle,3.7,A,0.55,0,Neutral,4.1,1.4,3.7,4.2,3.2,4.2,2.6
23,Male,4.22,83.9,7.3,5.6,5.1,1.89,Yes,Hybrid,Good,Average,No,2,Middle,5.1,B,0.94,2,Positive,3.7,2.7,2.4,1.1,2.2,5.0,3.7
21,Male,2.64,77.8,8.4,5.3,3.1,1.47,No,Offline,Good,Poor,No,3,High,4.2,C,0.93,0,Positive,2.7,3.4,5.0,2.0,3.7,3.0,3.6
25,Non-Binary,6.98,92.6,4.9,3.4,4.6,2.17,No,Online,Average,Good,Yes,2,Low,3.6,A,0.61,1,Positive,3.7,2.9,2.9,2.6,4.3,3.7,3.4
19,Male,5.25,84.7,9.0,1.5,7.5,1.86,Yes,Online,Poor,Good,No,2,High,4.4,B,0.25,2,Positive,2.6,2.3,2.3,4.7,4.5,5.0,3.7
21,Male,3.6,87.1,7.1,3.3,3.8,1.65,No,Online,Poor,Average,No,1,Middle,4.5,B,0.94,2,Positive,3.2,3.0,3.1,3.5,4.2,3.2,3.4
21,Male,5.31,76.8,8.7,4.3,2.4,1.65,Yes,Offline,Average,Average,Yes,2,High,3.7,A,0.4,1,Positive,2.2,3.0,3.8,3.0,1.2,4.4,4.2
20,Female,4.62,78.4,6.6,1.0,4.3,1.49,Yes,Offline,Average,Poor,Yes,2,High,2.8,A,0.31,0,Neutral,4.0,4.1,4.1,4.3,1.7,4.3,3.8
25,Female,6.15,89.9,6.9,4.6,1.5,2.23,No,Online,Average,Average,Yes,1,Low,4.7,A,0.7,2,Positive,2.9,2.3,3.3,3.3,1.6,5.0,3.8
18,Female,8.11,98.6,7.8,5.8,3.4,1.88,Yes,Hybrid,Average,Good,No,1,Low,3.5,A,0.37,2,Positive,2.3,3.0,2.7,5.0,2.7,3.9,2.5
18,Male,3.68,78.8,7.3,3.9,5.4,1.98,No,Online,Average,Average,No,5,Middle,4.0,A,0.65,2,Negative,3.2,2.0,3.0,4.0,3.9,5.0,2.3
21,Female,2.53,84.7,7.2,8.2,5.4,1.34,No,Offline,Poor,Average,No,0,Middle,5.2,D,0.76,1,Negative,1.3,1.5,4.8,3.4,2.9,3.2,3.2
22,Male,7.68,70.0,8.3,5.3,1.2,1.84,Yes,Offline,Average,Excellent,Yes,2,Middle,4.5,A,0.32,1,Positive,2.0,3.7,4.0,2.6,2.4,5.0,2.7
18,Male,9.71,95.0,7.3,4.6,7.5,1.71,No,Offline,Average,Good,Yes,3,Middle,2.3,A,0.83,2,Positive,2.7,4.4,4.3,5.0,1.3,3.8,3.3
20,Male,3.7,69.0,7.2,6.4,1.3,2.19,No,Offline,Good,Good,Yes,3,Middle,6.2,A,0.49,1,Positive,3.1,1.9,2.6,2.1,4.2,4.6,2.0
26,Male,3.1,84.4,7.6,4.9,4.1,1.32,No,Hybrid,Poor,Poor,Yes,1,Low,2.4,A,0.52,1,Neutral,3.1,3.7,3.0,1.4,3.7,4.1,4.0
19,Female,2.53,84.4,6.5,7.3,4.4,2.1,No,Offline,Good,Average,No,1,High,7.1,C,0.81,1,Neutral,2.5,2.9,3.9,2.0,3.4,5.0,1.8
22,Female,4.91,72.4,6.8,2.1,3.7,2.26,Yes,Offline,Average,Good,No,1,Middle,1.0,A,0.28,2,Neutral,3.6,2.8,5.0,4.3,2.4,5.0,4.1
23,Male,5.14,68.5,8.7,6.2,4.7,1.87,Yes,Offline,Poor,Average,Yes,3,High,1.2,B,0.6,1,Neutral,1.8,2.5,4.2,2.8,3.4,4.8,1.6
20,Female,4.4,78.7,6.5,1.3,4.7,2.2,Yes,Online,Average,Average,No,3,Low,2.6,A,0.22,1,Positive,2.7,3.7,2.6,3.7,2.4,4.3,2.8
26,Female,6.6,89.7,6.8,4.4,6.8,1.35,Yes,Offline,Average,Excellent,Yes,1,High,1.7,B,0.32,2,Positive,4.1,3.3,5.0,2.7,2.9,5.0,2.9
23,Female,3.29,66.2,6.3,2.6,5.7,1.59,No,Online,Average,Excellent,No,1,Low,6.5,C,0.31,2,Positive,3.6,4.2,3.9,3.3,3.8,4.0,2.7
20,Male,3.74,75.8,5.9,8.0,6.0,1.98,Yes,Hybrid,Average,Poor,Yes,2,Middle,4.8,B,0.61,0,Neutral,4.3,1.6,4.6,2.8,1.8,4.6,1.0
21,Female,2.42,53.3,5.9,6.1,4.6,1.75,No,Offline,Average,Average,No,3,Middle,9.6,Fail,0.41,1,Neutral,5.0,3.3,4.8,2.4,3.1,5.0,1.7
23,Male,7.7,78.0,8.4,4.1,2.4,1.49,No,Hybrid,Average,Excellent,Yes,4,High,3.3,A,0.76,2,Positive,2.4,3.5,5.0,3.6,4.3,4.8,3.3
22,Female,7.08,68.1,8.6,7.5,6.5,1.75,No,Online,Poor,Poor,No,3,Middle,4.1,A,0.58,0,Positive,3.3,3.6,3.4,3.1,5.0,4.9,3.9
25,Male,7.54,74.4,5.6,3.7,3.5,1.75,No,Offline,Average,Good,Yes,2,Low,3.8,A,0.47,1,Positive,2.2,2.7,3.2,3.7,1.8,2.2,2.8
20,Female,3.25,79.5,7.8,7.3,2.3,1.68,No,Offline,Good,Excellent,Yes,0,High,3.6,B,0.17,2,Neutral,1.9,3.3,4.0,3.5,3.2,5.0,1.4
19,Male,7.61,72.6,7.9,7.6,5.7,1.84,No,Online,Average,Excellent,No,2,Middle,2.7,A,0.49,2,Positive,3.4,3.5,3.8,4.0,2.4,4.1,3.1
19,Male,5.52,87.2,8.3,4.0,5.0,1.86,Yes,Hybrid,Poor,Good,Yes,2,Low,2.2,A,0.32,2,Positive,3.0,3.1,1.5,4.4,4.4,4.4,3.9
17,Female,6.37,91.0,7.2,5.7,5.9,1.74,No,Online,Average,Average,No,2,Middle,4.1,A,0.86,1,Neutral,2.6,2.8,2.9,2.9,1.9,4.1,2.3
17,Female,6.1,91.7,8.4,7.3,3.8,1.28,No,Online,Poor,Average,No,3,Low,3.8,A,0.51,0,Neutral,3.6,2.4,3.4,1.9,3.7,4.1,4.0
25,Female,4.3,78.7,8.6,5.5,5.3,1.91,Yes,Offline,Good,Excellent,No,3,Middle,3.5,A,0.71,2,Positive,2.6,3.4,2.4,2.4,1.0,4.1,4.1
22,Female,4.61,75.0,4.6,5.4,4.8,2.04,No,Online,Good,Excellent,No,1,Middle,8.4,A,0.53,2,Positive,1.5,3.6,2.6,2.5,3.6,4.3,1.6
22,Male,1.87,87.1,9.8,3.7,4.0,1.74,Yes,Offline,Average,Good,Yes,1,Middle,3.6,A,0.65,0,Positive,3.7,3.4,3.4,1.6,3.9,4.3,4.7
22,Female,3.85,89.9,7.8,4.4,5.3,2.21,No,Hybrid,Poor,Good,No,3,Middle,4.2,A,0.9,1,Positive,2.3,3.4,4.2,3.2,2.4,4.9,4.0
24,Male,4.5,74.6,8.2,4.6,4.2,1.54,No,Hybrid,Good,Good,No,1,Middle,3.6,A,0.66,0,Neutral,3.8,2.3,4.4,3.5,1.0,3.6,2.6
21,Male,2.64,79.3,9.1,5.8,4.8,1.96,Yes,Hybrid,Average,Good,No,0,High,6.5,B,0.83,0,Negative,3.4,2.1,5.0,1.6,4.0,5.0,2.6
25,Female,5.15,77.4,8.0,6.2,3.0,2.02,No,Offline,Average,Excellent,Yes,3,High,4.4,A,0.61,1,Positive,1.0,1.6,4.4,1.9,1.1,3.7,1.0
20,Female,7.5,87.3,6.0,2.1,6.0,1.55,No,Online,Poor,Good,No,1,Low,3.7,A,0.8,2,Positive,2.7,4.8,4.6,3.6,1.1,5.0,3.9
26,Female,3.97,74.6,8.3,6.9,5.4,2.39,No,Hybrid,Good,Good,Yes,1,High,7.6,A,0.9,1,Neutral,2.1,2.2,3.8,3.6,3.4,4.5,2.4
23,Female,3.03,56.8,8.5,7.7,0.5,1.72,No,Hybrid,Good,Average,Yes,3,High,3.4,B,1.0,2,Neutral,3.9,2.9,3.7,1.0,3.8,3.0,3.7
19,Female,3.25,85.6,6.9,4.5,5.2,2.19,Yes,Hybrid,Average,Good,Yes,4,Middle,3.9,A,0.14,1,Neutral,2.4,2.1,3.1,3.6,3.1,3.6,3.0
21,Male,5.33,89.0,7.0,1.9,4.1,1.79,No,Online,Average,Good,Yes,2,High,5.0,A,0.64,0,Positive,3.8,2.8,4.8,3.8,1.1,3.9,3.2
21,Male,8.44,81.9,3.4,3.8,4.7,1.51,No,Offline,Good,Average,Yes,2,Middle,3.1,A,0.36,2,Positive,3.1,2.0,4.3,1.5,1.2,5.0,3.2
18,Female,5.28,88.2,7.4,4.8,3.7,1.39,Yes,Offline,Average,Excellent,Yes,1,High,5.9,B,0.8,2,Positive,2.4,2.1,5.0,2.7,2.9,3.8,2.8
22,Male,5.07,79.3,7.5,4.9,3.6,1.62,Yes,Online,Good,Good,No,1,Middle,3.4,A,1.0,1,Positive,3.5,2.8,4.8,2.6,4.5,5.0,3.2
19,Male,2.48,67.3,5.7,7.7,5.6,1.43,No,Online,Poor,Excellent,Yes,0,Middle,8.4,D,0.58,1,Neutral,3.9,2.6,5.0,2.7,4.4,3.4,1.9
17,Male,5.62,83.4,6.1,8.7,4.0,1.18,No,Online,Average,Average,No,0,Middle,6.2,B,0.38,2,Neutral,1.8,2.2,4.3,2.2,3.1,3.8,1.6
26,Female,6.21,75.1,6.9,7.3,5.8,1.67,No,Online,Good,Good,Yes,2,Middle,4.8,B,0.56,2,Positive,1.5,1.8,3.7,2.6,2.6,5.0,1.0
22,Male,4.15,67.4,5.7,7.0,2.8,2.05,No,Hybrid,Good,Average,Yes,4,Low,2.3,A,0.57,2,Positive,2.9,2.3,4.4,1.9,1.1,5.0,2.9
25,Female,4.91,90.6,7.9,3.1,4.1,1.59,No,Offline,Poor,Excellent,No,4,Low,3.7,A,0.76,2,Positive,2.6,3.7,5.0,4.0,2.6,4.0,2.8
22,Female,3.64,79.2,5.5,4.4,4.0,2.29,No,Offline,Poor,Poor,No,1,Middle,4.2,A,0.35,1,Positive,3.5,3.8,2.2,1.7,2.1,4.1,2.0
20,Male,6.43,51.5,7.5,3.1,0.9,1.9,No,Online,Poor,Good,No,1,Middle,5.1,A,0.92,2,Positive,3.8,3.6,3.8,3.2,4.2,3.0,3.3
21,Female,7.62,85.4,5.8,2.3,4.4,1.85,Yes,Hybrid,Good,Good,No,4,Middle,4.1,A,0.89,2,Neutral,1.3,3.4,3.3,3.4,3.0,5.0,3.2
22,Female,5.71,80.3,7.6,3.2,3.8,2.2,Yes,Hybrid,Poor,Average,Yes,3,Middle,4.3,A,0.48,0,Positive,2.6,2.8,3.5,3.2,2.5,2.9,3.0
27,Female,5.97,74.8,5.9,3.2,3.2,2.25,Yes,Hybrid,Average,Excellent,No,4,Low,4.1,A,0.55,2,Positive,1.4,2.5,3.0,2.5,2.7,3.9,3.9
19,Female,5.06,75.4,7.3,3.3,5.1,2.26,No,Offline,Poor,Excellent,No,1,Middle,4.6,A,0.43,1,Neutral,1.6,2.9,4.1,3.1,2.9,4.3,4.9
25,Male,3.68,84.7,7.2,5.9,3.6,1.42,No,Offline,Poor,Average,Yes,3,High,5.1,C,0.63,1,Negative,1.3,2.8,5.0,2.3,3.4,4.9,1.6
26,Female,3.42,86.2,5.2,6.0,4.1,2.02,No,Offline,Average,Poor,No,1,High,6.0,C,0.4,0,Neutral,2.6,3.4,5.0,2.0,4.5,3.4,2.5
22,Male,4.15,86.6,7.4,1.0,3.2,2.06,Yes,Online,Average,Average,No,2,Middle,4.0,A,0.73,1,Positive,1.4,2.9,4.8,3.5,2.0,3.3,3.7
26,Female,5.19,91.2,7.2,5.9,6.8,1.84,No,Online,Average,Average,Yes,3,High,3.8,B,0.41,2,Positive,2.3,1.8,4.2,3.3,1.2,5.0,3.1
20,Female,4.95,73.5,6.9,2.9,3.3,1.75,No,Online,Poor,Excellent,No,1,High,6.3,B,0.61,2,Positive,2.1,1.5,3.3,2.9,1.9,4.4,3.0
27,Female,6.98,95.9,6.4,6.7,0.5,1.62,No,Online,Average,Excellent,No,1,Low,4.9,A,0.76,2,Neutral,2.7,3.4,4.8,2.3,2.7,4.8,3.2
23,Male,6.44,100.0,8.1,1.0,2.0,1.47,Yes,Offline,Average,Poor,No,2,Middle,5.3,A,0.12,0,Neutral,3.0,3.3,4.4,3.3,2.5,5.0,3.9
17,Male,7.93,81.3,6.7,4.5,4.4,2.3,No,Online,Good,Good,Yes,4,Low,3.1,A,0.47,2,Neutral,2.9,1.6,1.0,3.6,1.8,5.0,4.8
25,Male,6.51,84.7,7.4,6.4,4.3,2.16,No,Online,Average,Good,No,0,Middle,4.0,A,0.26,2,Positive,1.8,2.1,5.0,2.5,5.0,4.3,4.0
21,Male,4.48,85.2,6.7,1.2,2.9,1.33,Yes,Offline,Poor,Poor,Yes,1,High,6.3,B,0.54,0,Positive,3.0,2.7,2.7,3.2,4.1,4.3,1.7
21,Male,5.16,92.7,6.4,3.9,5.5,2.01,No,Offline,Average,Average,Yes,1,Low,6.5,A,0.76,1,Positive,2.6,2.5,3.0,2.5,2.2,3.4,2.3
21,Female,1.73,67.3,6.1,3.5,0.8,1.44,No,Online,Poor,Average,Yes,0,High,3.0,B,0.89,0,Neutral,3.5,3.5,5.0,2.2,3.0,5.0,2.4
18,Male,8.29,91.0,7.3,8.3,3.4,2.02,Yes,Online,Poor,Good,No,3,Middle,3.7,A,0.7,2,Neutral,2.3,1.4,3.0,2.9,3.8,3.6,3.4
21,Non-Binary,3.81,74.8,6.5,6.3,6.9,1.51,No,Hybrid,Good,Good,No,0,Middle,5.6,C,0.53,2,Neutral,3.6,3.2,3.7,2.8,3.6,4.1,2.8
24,Male,4.15,80.6,6.8,4.6,3.6,1.83,Yes,Offline,Poor,Good,No,1,Low,7.7,B,0.59,1,Neutral,2.0,2.3,2.5,2.3,3.2,4.0,2.6
17,Female,8.6,84.4,7.0,4.0,4.6,2.3,No,Offline,Average,Average,No,1,Low,1.0,A,0.6,0,Positive,2.1,2.3,4.1,3.1,2.1,4.8,3.7
19,Female,2.83,86.5,7.7,5.4,3.5,1.68,No,Hybrid,Average,Excellent,Yes,3,Middle,2.7,A,0.75,2,Positive,2.9,1.8,3.8,2.9,3.7,4.2,3.7
17,Female,3.74,78.4,4.7,3.6,5.5,1.63,No,Hybrid,Average,Good,Yes,0,High,7.3,B,0.52,0,Positive,1.3,2.9,3.6,3.9,3.6,5.0,1.2
20,Female,4.84,84.8,6.0,5.2,2.0,2.23,No,Online,Poor,Excellent,No,0,High,3.1,A,0.6,1,Positive,2.1,2.9,4.8,1.6,3.0,4.5,1.3
23,Male,3.81,91.7,6.6,6.0,4.4,1.63,No,Offline,Average,Good,No,4,Middle,3.2,B,0.34,2,Positive,4.1,2.3,3.1,2.5,2.5,3.6,3.4
24,Female,5.15,82.8,7.6,3.8,3.3,1.83,Yes,Online,Average,Excellent,No,1,Low,5.9,A,0.48,2,Neutral,3.7,2.9,4.3,3.3,3.0,5.0,2.7
26,Male,5.46,93.0,6.3,6.3,5.1,1.59,No,Hybrid,Average,Excellent,Yes,4,Low,1.7,A,0.84,1,Neutral,2.6,2.3,3.2,2.0,3.0,4.1,2.7
22,Male,6.24,77.8,5.8,3.9,4.4,2.28,Yes,Offline,Good,Good,Yes,3,High,5.5,A,0.6,1,Positive,5.0,3.6,3.3,3.7,1.0,4.4,2.2
19,Female,4.76,60.6,6.9,6.4,3.8,2.25,No,Online,Average,Average,Yes,2,Low,2.2,B,0.36,2,Neutral,2.8,2.4,3.4,1.4,2.0,5.0,1.9
26,Female,6.36,78.8,6.6,1.7,1.4,1.37,No,Hybrid,Good,Excellent,Yes,3,Middle,1.4,A,0.28,1,Neutral,3.2,3.3,3.8,3.9,2.4,3.0,4.5
24,Female,4.31,79.5,8.9,3.1,5.4,2.08,Yes,Hybrid,Average,Good,Yes,2,Middle,4.5,A,0.29,1,Negative,4.4,4.3,3.4,3.6,2.4,5.0,3.1
21,Male,6.19,79.5,7.0,4.7,5.5,1.59,Yes,Offline,Average,Excellent,No,2,Middle,2.5,A,0.17,1,Neutral,3.3,4.9,2.8,3.7,1.7,3.8,3.2
23,Male,7.32,64.2,8.9,2.2,6.2,1.64,No,Hybrid,Average,Good,No,3,Middle,4.6,A,0.08,0,Neutral,2.7,2.5,2.3,3.4,1.4,4.8,2.8
26,Male,1.53,66.4,7.6,5.9,5.1,1.71,Yes,Offline,Good,Good,No,0,High,8.9,C,0.48,0,Positive,3.7,3.7,4.1,2.1,3.0,3.5,1.0
23,Male,4.53,75.3,4.2,6.9,1.7,1.71,Yes,Offline,Average,Average,Yes,0,High,5.2,C,0.32,2,Positive,3.6,1.7,3.9,3.4,3.9,4.5,2.0
20,Male,5.34,79.8,7.0,5.6,3.5,2.07,No,Hybrid,Poor,Average,Yes,3,High,6.5,A,0.38,1,Positive,2.3,3.2,3.6,2.5,2.2,4.4,2.7
23,Male,1.22,77.4,7.5,6.2,3.1,1.79,No,Online,Good,Excellent,No,4,Middle,5.7,B,0.74,1,Negative,2.8,4.0,5.0,2.3,3.7,5.0,3.4
17,Male,0.79,91.7,7.7,4.1,5.5,1.39,No,Offline,Average,Average,No,1,Low,8.5,D,0.42,1,Positive,3.1,3.4,2.7,2.0,2.7,5.0,2.2
20,Female,5.6,84.9,8.9,3.9,2.6,1.7,Yes,Online,Good,Poor,No,3,High,1.0,A,0.57,1,Positive,3.1,2.9,5.0,3.4,4.1,5.0,2.3
20,Male,3.69,82.4,6.4,8.3,2.8,2.36,No,Hybrid,Average,Good,No,3,Low,5.2,A,0.14,0,Neutral,2.1,1.0,2.7,1.3,3.3,4.0,2.5
18,Female,6.54,77.3,6.8,6.4,6.1,2.08,No,Offline,Poor,Good,No,3,Middle,4.5,A,0.96,0,Neutral,3.3,2.1,5.0,2.4,2.6,3.4,2.3
17,Male,4.96,64.5,6.2,7.0,3.9,1.76,No,Hybrid,Average,Average,Yes,0,Middle,5.8,D,0.71,0,Positive,2.6,1.9,4.3,3.0,5.0,2.6,1.0
18,Female,4.95,83.3,7.6,4.6,5.4,2.11,No,Online,Average,Average,Yes,2,Middle,6.5,A,0.34,1,Positive,3.5,2.3,4.6,2.9,2.6,4.5,3.4
22,Female,4.28,76.8,5.9,5.4,3.2,1.72,No,Offline,Average,Good,No,0,Middle,4.4,B,0.47,1,Positive,3.9,2.7,5.0,4.2,3.1,3.9,1.1
24,Male,5.18,83.3,6.0,3.1,3.1,2.14,Yes,Offline,Good,Poor,Yes,4,High,1.2,A,0.79,0,Positive,2.2,3.2,4.6,4.2,3.8,4.0,3.5
28,Female,3.18,98.3,5.9,4.6,3.8,1.96,Yes,Offline,Average,Good,Yes,1,High,6.0,B,0.53,1,Positive,2.6,1.0,3.3,4.2,2.2,3.3,1.0
20,Male,3.96,79.8,6.7,4.0,2.9,1.73,No,Offline,Average,Average,Yes,2,Middle,2.1,A,0.29,1,Negative,3.2,1.6,2.1,3.0,1.7,4.2,3.1
22,Female,6.54,100.0,5.6,3.6,4.0,1.28,No,Online,Average,Excellent,Yes,2,Low,4.4,A,0.66,1,Neutral,3.7,3.9,3.2,2.8,3.3,3.7,2.7
26,Male,4.48,74.1,8.9,2.4,3.0,1.46,No,Offline,Average,Excellent,No,1,Middle,5.5,A,0.84,1,Neutral,2.4,2.9,5.0,1.8,3.3,4.8,2.9
18,Non-Binary,5.99,74.0,6.2,3.7,4.6,2.39,No,Online,Poor,Good,Yes,0,Middle,4.4,A,0.59,0,Neutral,3.0,2.4,5.0,3.2,2.4,3.7,2.2
23,Male,4.96,69.8,5.6,1.2,3.2,1.9,No,Hybrid,Poor,Average,Yes,2,High,3.1,A,0.97,2,Negative,4.6,3.6,5.0,3.2,3.4,4.5,3.6
23,Male,4.31,81.2,7.5,1.0,4.6,1.73,Yes,Hybrid,Average,Good,No,4,Low,3.3,A,0.72,0,Positive,3.8,4.3,3.5,3.5,3.6,3.5,5.0
18,Female,3.06,59.1,8.4,4.4,3.4,1.96,No,Online,Good,Good,No,2,Low,6.4,B,0.65,0,Neutral,2.8,1.5,4.5,2.1,2.1,4.4,2.8
25,Male,6.66,82.2,5.1,5.0,4.3,1.59,Yes,Offline,Good,Average,No,3,Middle,1.6,A,0.56,0,Positive,4.9,1.7,4.2,1.9,4.0,5.0,3.0
24,Female,3.33,84.1,7.0,6.5,4.5,2.11,No,Offline,Poor,Excellent,No,2,High,5.0,A,0.16,1,Neutral,3.5,2.1,2.9,2.1,2.0,4.0,2.6
17,Male,5.72,87.3,6.6,1.0,3.1,1.85,No,Offline,Poor,Good,No,3,Middle,6.9,A,0.85,0,Neutral,4.7,4.4,3.8,3.5,3.8,5.0,4.1
18,Female,1.88,83.2,5.0,4.9,6.2,1.71,Yes,Hybrid,Average,Excellent,No,1,Middle,6.5,C,0.5,1,Neutral,4.1,4.1,5.0,1.0,4.7,4.3,3.0
17,Male,5.52,87.4,5.3,6.5,5.8,1.73,No,Hybrid,Good,Average,Yes,1,Middle,4.2,B,0.54,0,Positive,5.0,2.6,2.5,2.3,3.4,4.5,2.8
20,Female,5.74,86.7,8.0,9.5,4.8,1.96,No,Offline,Good,Average,No,1,Middle,3.6,A,0.55,0,Neutral,4.5,2.4,4.7,1.6,2.4,5.0,1.0
21,Female,3.71,80.4,6.4,5.8,3.3,1.26,No,Offline,Average,Excellent,No,1,Low,5.5,C,0.84,2,Neutral,2.5,2.1,2.9,3.7,4.2,3.8,2.4
21,Male,1.76,82.7,6.8,4.7,0.9,2.09,Yes,Offline,Good,Good,No,4,High,3.1,A,0.35,1,Negative,3.8,2.7,3.9,2.6,3.0,3.9,2.4
19,Male,4.67,74.9,6.0,5.2,0.5,1.36,No,Online,Good,Good,No,3,Low,4.4,A,0.44,2,Neutral,2.1,2.7,4.8,2.8,3.2,5.0,3.2
26,Male,5.18,77.9,6.9,4.5,3.7,2.08,Yes,Hybrid,Average,Good,No,2,Middle,5.0,A,0.75,2,Positive,3.9,1.9,4.4,2.5,4.1,4.9,2.5
20,Non-Binary,3.94,94.5,5.9,5.7,6.5,1.58,No,Hybrid,Average,Average,No,1,Middle,7.0,B,0.37,0,Neutral,4.7,2.9,3.5,3.2,5.0,4.9,3.0
17,Male,3.63,68.3,8.3,8.2,5.5,1.79,No,Online,Average,Good,Yes,0,Low,3.3,C,0.26,0,Neutral,2.2,2.9,2.9,1.5,3.8,5.0,1.9
19,Male,6.79,91.0,7.4,5.8,3.7,2.08,Yes,Hybrid,Good,Poor,Yes,1,High,1.0,A,0.74,0,Positive,3.7,3.1,5.0,4.7,3.5,4.7,4.1
21,Male,4.76,87.8,7.8,3.9,5.3,2.01,Yes,Hybrid,Good,Good,Yes,4,Middle,6.3,A,0.65,0,Neutral,3.6,2.2,4.6,4.6,2.3,5.0,3.4
20,Male,4.15,64.5,7.1,7.3,4.3,1.44,No,Offline,Poor,Good,Yes,1,Low,6.8,D,0.69,1,Neutral,3.7,1.9,4.7,4.0,3.1,3.1,2.5
19,Female,6.66,63.7,5.1,4.3,2.5,1.56,No,Hybrid,Average,Excellent,Yes,1,High,4.0,A,0.38,2,Neutral,1.8,2.5,4.8,3.7,4.0,4.9,3.0
18,Female,4.94,74.2,9.9,3.5,7.0,2.02,No,Offline,Good,Good,Yes,3,Middle,4.7,A,0.59,2,Positive,2.5,3.2,4.6,3.0,3.2,4.0,4.1
24,Female,3.59,83.5,5.9,7.3,2.1,2.33,Yes,Hybrid,Average,Average,No,0,Middle,5.2,C,0.49,1,Positive,3.3,2.6,4.0,2.2,4.7,3.7,2.4
29,Female,6.71,75.9,6.9,6.0,6.8,1.36,No,Hybrid,Average,Good,No,2,High,7.9,B,0.4,2,Positive,2.6,3.5,3.3,2.7,5.0,3.9,2.8
19,Female,4.26,86.9,5.7,5.8,3.1,1.79,Yes,Offline,Average,Poor,No,1,High,5.3,B,0.3,0,Neutral,2.0,2.8,4.2,3.2,4.6,4.6,2.7
20,Male,6.81,77.9,6.8,4.3,2.2,1.96,No,Offline,Average,Average,No,2,Middle,3.3,A,0.91,2,Positive,4.0,3.9,4.0,2.9,3.8,4.0,3.1
22,Male,3.64,66.4,5.8,5.1,4.1,2.3,No,Hybrid,Good,Poor,Yes,0,Low,3.3,A,0.79,1,Positive,2.4,3.8,2.3,3.3,2.2,4.3,4.3
23,Female,5.62,84.7,7.4,6.2,2.6,2.23,Yes,Offline,Poor,Good,No,1,Middle,3.4,A,0.25,1,Positive,3.0,2.1,4.9,2.4,2.3,3.9,3.0
20,Female,7.43,87.5,8.7,4.2,3.6,1.82,No,Online,Poor,Poor,Yes,2,High,3.0,A,0.39,1,Positive,5.0,3.0,2.9,4.2,2.9,4.4,3.2
25,Female,5.88,77.2,6.2,3.7,2.4,2.08,Yes,Offline,Average,Good,No,2,High,6.2,A,0.45,0,Positive,4.0,2.8,3.6,3.9,1.9,4.4,3.5
21,Male,5.97,77.3,6.7,4.5,4.6,1.87,No,Offline,Average,Excellent,Yes,2,Low,3.7,A,0.64,1,Positive,3.0,3.3,2.7,3.1,3.0,3.8,4.2
20,Male,5.87,66.0,7.2,4.6,5.0,2.14,No,Offline,Good,Good,No,4,Low,2.1,A,0.46,0,Neutral,3.4,3.2,2.6,2.5,2.5,5.0,2.1
22,Male,6.68,87.8,6.6,1.8,3.6,1.81,No,Offline,Average,Poor,Yes,5,High,4.0,A,0.98,0,Neutral,3.3,3.7,3.7,2.7,3.5,4.1,3.8
27,Female,5.14,96.4,7.7,4.8,5.2,1.37,No,Hybrid,Good,Average,Yes,3,Middle,5.8,A,0.4,1,Neutral,1.5,2.7,3.2,3.3,2.7,4.7,2.4
24,Female,5.87,80.7,8.7,5.1,2.6,2.08,No,Online,Average,Good,Yes,1,Middle,5.3,A,0.77,2,Positive,3.3,2.9,4.2,2.5,3.7,5.0,4.6
17,Female,4.53,65.9,4.8,3.9,4.6,1.95,Yes,Hybrid,Average,Excellent,No,3,Low,4.3,C,0.56,2,Negative,4.1,4.4,3.7,2.5,1.9,4.1,4.3
20,Male,8.81,66.3,8.4,2.7,5.4,1.93,No,Online,Average,Poor,Yes,0,Middle,2.3,A,0.42,1,Positive,2.9,2.8,4.3,3.9,1.6,3.9,2.8
21,Female,3.25,79.1,6.2,3.8,5.0,1.55,Yes,Online,Good,Excellent,No,1,High,7.7,C,0.86,2,Positive,3.7,2.5,4.1,2.0,2.7,4.2,2.5
19,Male,6.62,66.8,6.6,4.7,3.1,1.82,Yes,Online,Good,Good,Yes,2,High,1.0,A,0.61,0,Positive,3.5,2.2,1.8,3.5,3.9,5.0,2.7
23,Male,3.04,74.1,5.6,4.0,5.7,1.93,Yes,Online,Poor,Good,Yes,3,Middle,6.3,C,0.3,1,Positive,3.7,3.4,4.4,2.5,3.4,3.1,1.0
24,Female,6.05,67.9,8.8,3.3,3.4,2.07,No,Offline,Poor,Excellent,No,3,High,2.8,A,0.86,2,Neutral,1.9,3.3,5.0,3.7,3.1,4.0,2.6
23,Male,7.59,81.0,6.8,4.1,4.4,1.76,Yes,Offline,Poor,Good,No,2,Middle,5.6,A,0.55,2,Positive,3.4,3.0,3.2,4.8,4.0,4.9,2.8
28,Male,2.82,67.9,7.6,5.5,3.9,1.99,No,Hybrid,Poor,Excellent,No,0,High,3.9,C,0.98,2,Negative,4.7,2.3,5.0,2.5,3.6,4.0,2.3
19,Female,8.46,89.1,7.0,10.0,5.5,1.78,No,Offline,Average,Average,Yes,3,Low,2.8,A,0.3,2,Positive,3.0,2.2,3.4,2.6,4.6,4.7,2.4
25,Female,3.08,94.9,7.3,7.0,6.0,1.24,Yes,Hybrid,Average,Good,Yes,0,High,6.8,C,0.64,1,Positive,2.7,2.9,4.4,3.1,2.7,3.9,2.0
23,Male,3.36,94.6,7.7,4.8,3.7,1.66,No,Online,Poor,Good,No,2,Middle,5.4,A,0.35,2,Positive,3.8,1.9,3.8,3.4,3.6,4.2,2.8
20,Female,5.62,64.4,8.6,7.6,3.3,1.55,No,Offline,Poor,Average,Yes,0,Low,7.4,C,0.57,1,Neutral,3.9,2.9,2.6,2.0,4.0,3.5,2.6
23,Male,2.81,92.2,9.2,6.1,2.0,1.61,No,Offline,Good,Good,No,2,High,5.8,B,0.24,2,Negative,4.2,1.6,3.1,3.5,2.5,5.0,2.5
18,Female,6.92,83.9,6.6,5.0,4.3,1.27,Yes,Online,Poor,Average,Yes,3,Low,4.1,A,0.28,0,Positive,2.9,4.3,3.5,2.8,3.6,4.4,4.0
24,Female,5.95,86.0,5.7,6.6,2.9,1.7,No,Online,Poor,Average,No,1,High,5.1,A,0.27,2,Positive,3.5,2.4,3.7,2.3,4.1,4.0,3.1
21,Female,1.11,85.0,8.3,7.2,3.7,1.89,Yes,Offline,Average,Average,Yes,3,Low,2.6,B,0.56,0,Positive,4.9,3.5,3.4,3.0,3.5,3.8,2.8
19,Female,2.16,87.1,7.8,2.3,6.0,1.96,Yes,Offline,Good,Good,Yes,2,Low,2.9,A,0.42,1,Positive,2.2,3.1,4.2,3.9,1.7,5.0,5.0
22,Male,3.55,84.5,7.1,1.0,4.6,1.94,No,Online,Poor,Excellent,No,2,High,2.7,B,0.65,1,Negative,1.6,4.4,1.8,3.2,3.9,4.4,3.7
22,Male,5.8,82.1,9.1,5.4,3.0,1.97,Yes,Hybrid,Poor,Good,No,2,Middle,1.0,A,0.56,2,Neutral,3.8,3.9,4.8,3.5,3.8,5.0,3.1
19,Male,2.86,79.4,5.5,4.1,3.1,1.34,No,Offline,Average,Good,No,1,Middle,7.1,C,0.68,0,Positive,3.4,3.3,4.0,2.2,1.4,3.4,3.3
17,Male,3.55,73.8,4.6,6.2,4.5,1.93,Yes,Offline,Poor,Average,No,0,Low,9.1,D,0.14,0,Negative,2.6,1.9,2.9,3.0,3.3,2.7,1.0
20,Female,6.2,90.8,7.3,7.7,4.6,1.59,No,Offline,Poor,Excellent,No,2,Middle,4.4,A,0.14,2,Neutral,2.4,1.7,3.6,1.7,3.7,3.7,2.4
21,Male,3.01,79.0,7.2,6.0,1.3,1.9,Yes,Online,Poor,Good,No,1,Middle,6.1,C,0.54,1,Positive,2.9,2.9,3.4,3.4,4.1,5.0,2.4
25,Male,5.56,76.4,5.9,6.2,2.8,2.11,No,Hybrid,Average,Good,No,3,Middle,5.1,B,0.7,0,Positive,4.0,2.7,3.0,2.8,2.8,5.0,2.8
26,Male,2.27,88.7,5.4,3.6,3.7,1.82,No,Online,Average,Good,No,3,Middle,4.0,A,0.33,2,Neutral,3.9,3.7,4.1,1.9,3.2,3.7,3.1
21,Non-Binary,6.95,84.8,6.1,5.2,2.7,1.82,No,Offline,Good,Average,No,1,Middle,5.9,A,0.54,0,Positive,3.2,2.6,5.0,3.3,1.1,5.0,2.7
23,Male,7.78,78.8,7.2,1.0,2.2,2.01,Yes,Hybrid,Average,Good,No,3,High,6.5,A,0.57,1,Positive,2.5,3.7,5.0,3.0,4.0,4.0,2.0
20,Female,2.7,79.8,6.7,2.7,0.7,1.76,Yes,Hybrid,Good,Excellent,No,3,Middle,3.1,A,0.38,2,Positive,1.0,3.1,4.5,3.3,2.3,4.2,3.2
23,Male,0.3,61.1,7.1,4.8,1.9,2.13,No,Offline,Poor,Poor,No,0,Middle,7.7,C,0.49,0,Neutral,3.5,3.1,2.3,2.4,3.6,4.6,2.9
19,Male,1.64,68.6,6.6,3.0,5.3,1.45,No,Hybrid,Average,Good,No,1,Middle,8.3,D,0.49,0,Positive,3.7,3.3,4.4,3.1,1.9,3.8,2.9
20,Female,6.86,76.1,8.1,5.2,6.0,1.87,Yes,Hybrid,Good,Excellent,Yes,3,Middle,4.7,A,0.65,2,Positive,2.9,3.4,3.4,3.0,3.5,4.3,2.0
22,Female,3.83,82.6,6.7,5.2,2.4,1.84,No,Hybrid,Average,Average,Yes,1,Middle,4.6,A,0.38,1,Negative,5.0,3.0,3.0,1.7,3.2,4.4,2.6
17,Female,7.03,83.6,6.5,6.3,5.5,1.76,No,Online,Average,Excellent,No,2,Middle,4.4,A,0.75,2,Positive,2.3,3.7,4.0,2.8,2.8,4.4,2.9
23,Female,2.31,67.6,5.4,3.8,2.2,1.58,Yes,Offline,Good,Excellent,Yes,2,High,3.4,C,0.84,2,Negative,4.5,4.5,5.0,1.5,1.0,5.0,2.1
24,Male,3.1,74.9,8.1,5.5,5.0,1.48,No,Online,Average,Good,No,1,High,2.9,B,0.43,0,Negative,3.8,3.5,3.1,3.5,2.0,3.1,3.7
20,Male,4.71,81.8,5.7,3.1,3.4,4.0,Yes,Hybrid,Average,Average,No,3,Middle,4.9,A,0.28,0,Neutral,2.8,3.0,3.1,2.5,3.3,4.7,2.9
20,Female,7.06,88.3,5.0,7.7,4.3,1.72,No,Offline,Average,Average,No,4,Middle,2.1,A,0.49,1,Positive,1.4,3.0,2.4,1.6,1.8,4.1,2.3
25,Male,4.52,72.3,8.1,7.3,5.5,1.55,Yes,Offline,Average,Poor,No,2,Middle,3.7,C,0.65,1,Neutral,4.4,3.0,2.2,2.7,2.8,4.2,3.1
24,Female,2.92,71.1,6.0,8.2,4.5,1.67,No,Online,Good,Excellent,Yes,2,Middle,3.3,D,0.33,2,Negative,3.1,1.8,3.2,3.7,2.3,5.0,1.1
19,Female,5.54,66.9,7.7,6.8,5.7,1.58,No,Online,Good,Excellent,No,1,High,4.2,B,0.53,2,Neutral,4.8,4.0,5.0,2.6,4.1,5.0,3.5
19,Male,5.11,79.0,7.2,5.2,3.0,1.37,No,Hybrid,Poor,Good,No,2,Middle,5.2,B,0.46,0,Neutral,3.1,3.7,4.7,3.3,1.3,5.0,3.1
22,Female,5.94,82.6,6.1,4.3,5.9,1.93,No,Offline,Poor,Average,Yes,3,Low,4.1,A,0.71,2,Positive,4.5,2.7,3.8,2.4,2.5,2.4,1.6
21,Male,4.59,89.5,7.9,3.5,5.5,1.65,No,Offline,Average,Poor,No,2,Middle,5.4,A,0.65,1,Neutral,1.6,3.0,3.9,3.2,2.8,2.8,3.0
18,Male,3.71,77.2,6.4,4.4,1.0,1.64,Yes,Offline,Average,Good,No,2,Middle,4.0,B,0.22,0,Neutral,1.7,1.9,2.8,1.5,4.2,4.8,3.2
19,Male,4.99,88.9,9.5,7.1,3.7,1.04,No,Offline,Average,Good,Yes,0,Low,4.8,B,0.39,2,Positive,2.6,2.5,1.8,1.4,3.5,4.5,2.0
25,Female,0.05,80.4,5.4,2.7,3.6,1.47,Yes,Hybrid,Good,Excellent,No,1,Low,6.9,C,0.64,2,Negative,1.0,3.5,2.3,3.5,4.0,5.0,2.2
23,Male,5.47,82.0,6.3,7.7,4.1,2.01,No,Offline,Average,Good,No,0,High,5.0,A,0.46,0,Positive,3.3,2.2,5.0,2.5,2.6,3.8,1.8
28,Female,7.37,67.4,5.1,2.7,4.1,1.46,Yes,Offline,Average,Excellent,Yes,2,Middle,2.5,A,0.81,2,Positive,2.2,2.2,2.8,4.2,2.9,3.8,1.9
23,Female,6.03,96.8,8.8,1.3,4.3,1.55,No,Hybrid,Poor,Good,No,3,High,3.9,A,0.86,0,Neutral,3.8,3.8,2.9,5.0,2.9,2.4,3.6
26,Female,3.07,77.8,6.2,5.6,2.8,2.13,Yes,Online,Poor,Good,No,1,Low,2.0,B,0.8,1,Negative,1.1,2.4,3.0,1.9,3.2,3.9,3.5
19,Female,1.92,91.7,7.1,6.0,2.7,2.06,Yes,Offline,Average,Good,Yes,1,Low,6.1,C,0.75,1,Neutral,4.2,2.0,1.9,2.8,3.8,3.9,2.7
24,Male,7.54,86.4,7.8,3.6,4.9,1.83,Yes,Online,Poor,Excellent,No,2,Low,2.9,A,0.74,2,Positive,3.1,3.3,4.6,2.8,3.6,3.9,2.3
17,Male,3.94,76.7,4.4,5.4,1.3,1.46,No,Online,Average,Good,Yes,2,Middle,7.9,C,0.71,2,Positive,3.9,1.8,3.9,2.2,4.8,4.2,1.0
22,Male,4.53,73.8,6.8,8.4,1.6,2.14,No,Offline,Average,Average,No,2,Middle,2.4,A,0.24,2,Negative,2.8,2.3,3.0,3.0,4.0,4.7,4.0
21,Female,5.38,87.2,7.4,3.4,3.1,1.96,No,Hybrid,Average,Poor,Yes,0,High,3.6,A,1.0,0,Neutral,1.3,4.0,4.9,3.0,3.1,5.0,3.1
20,Non-Binary,3.77,74.0,7.4,5.9,5.3,1.74,Yes,Hybrid,Average,Average,Yes,2,Middle,3.6,A,0.17,1,Neutral,4.3,3.3,4.0,2.5,2.3,4.5,2.6
25,Female,5.02,71.8,6.4,3.3,3.1,1.64,No,Online,Poor,Good,No,0,High,3.3,A,0.39,0,Neutral,3.7,3.4,3.9,2.5,3.6,2.4,2.1
25,Female,7.9,71.8,6.7,4.8,1.2,1.62,Yes,Hybrid,Average,Average,Yes,1,Low,4.3,A,0.72,2,Positive,4.0,2.8,3.7,3.1,1.3,4.6,3.0
17,Female,3.96,71.6,4.5,1.6,2.1,2.08,Yes,Hybrid,Poor,Average,Yes,1,Low,3.1,A,0.64,1,Positive,3.1,1.6,2.4,3.0,2.3,3.1,3.2
22,Male,8.73,72.9,5.8,7.8,5.0,1.87,No,Hybrid,Good,Good,No,1,Low,6.4,A,0.48,2,Positive,4.8,2.1,2.8,3.6,3.2,3.9,1.8
20,Female,5.7,94.0,6.0,7.1,1.0,1.62,No,Offline,Good,Average,No,2,Middle,1.0,A,0.43,0,Positive,5.0,2.4,4.2,2.9,4.2,5.0,3.3
20,Female,5.58,80.5,7.3,3.8,1.9,1.73,No,Online,Poor,Excellent,No,1,Middle,4.6,A,0.29,2,Positive,4.4,3.5,3.4,3.3,2.8,3.6,3.0
24,Male,6.81,90.8,5.3,6.6,3.3,2.38,No,Online,Average,Good,No,1,Middle,3.4,A,0.66,2,Positive,1.6,1.8,5.0,3.6,3.3,2.6,2.2
19,Non-Binary,6.76,84.0,6.3,7.1,0.5,1.89,Yes,Hybrid,Average,Good,No,4,Low,3.4,A,0.8,0,Positive,3.3,2.9,4.5,4.0,2.5,4.0,2.6
26,Male,7.03,78.4,4.8,2.7,4.6,2.21,Yes,Hybrid,Good,Average,No,1,Low,4.6,A,0.41,1,Positive,2.3,3.6,1.5,1.8,5.0,4.6,2.6
18,Female,6.05,76.1,6.6,4.3,2.7,1.44,No,Offline,Poor,Average,Yes,0,Middle,5.7,A,0.43,2,Positive,1.7,2.9,4.0,4.8,4.0,3.9,3.8
22,Female,3.8,69.3,8.3,6.2,6.5,1.89,No,Offline,Good,Good,Yes,1,Middle,5.3,B,0.79,0,Neutral,2.9,3.3,4.0,2.6,3.2,4.9,3.1
22,Female,8.17,82.6,7.2,2.3,4.5,1.67,No,Hybrid,Good,Excellent,Yes,1,High,5.3,A,0.77,1,Positive,4.2,2.2,2.6,5.0,3.8,5.0,4.0
19,Male,4.65,80.0,7.2,8.6,4.0,1.54,Yes,Hybrid,Average,Good,No,1,High,4.5,B,0.67,2,Neutral,2.6,1.5,2.3,2.9,2.5,3.7,2.0
19,Female,3.3,79.9,5.1,4.0,2.6,1.88,No,Offline,Average,Average,No,2,Low,3.0,B,0.66,1,Neutral,2.4,3.0,2.9,3.2,2.6,3.9,2.3
24,Female,6.72,78.5,5.5,6.2,3.5,1.79,No,Offline,Good,Good,No,2,High,3.5,A,0.8,2,Positive,2.7,2.0,4.0,2.8,4.0,5.0,2.5
23,Male,6.23,84.9,7.6,1.0,2.4,1.72,No,Offline,Poor,Average,No,1,Middle,5.5,A,0.71,0,Neutral,5.0,3.3,4.6,3.4,3.7,4.3,5.0
19,Female,4.89,74.3,7.1,3.3,4.9,1.65,No,Offline,Poor,Excellent,Yes,2,Middle,4.4,B,0.76,1,Neutral,3.5,3.9,3.0,4.2,3.6,4.2,3.7
21,Female,5.1,67.1,10.0,5.2,2.1,1.68,No,Hybrid,Average,Excellent,Yes,4,Low,1.8,A,0.25,2,Positive,2.3,1.0,4.6,3.1,1.8,2.8,3.4
17,Female,6.1,73.5,8.1,7.1,4.1,1.39,Yes,Online,Good,Good,No,2,Middle,5.0,A,0.66,2,Positive,4.7,4.3,4.5,3.8,3.7,5.0,2.7
19,Male,8.76,62.1,7.7,8.1,1.9,2.26,Yes,Offline,Poor,Good,No,0,Low,4.2,A,0.4,1,Positive,3.1,2.8,3.1,2.6,3.9,3.5,2.5
21,Female,4.81,81.8,7.5,4.5,5.7,1.47,No,Hybrid,Poor,Excellent,Yes,0,Middle,3.6,B,0.99,2,Positive,2.2,2.9,4.6,2.8,3.8,4.8,2.2
18,Female,2.47,95.2,7.7,6.6,2.3,1.63,Yes,Offline,Average,Good,No,1,Low,5.2,C,0.54,0,Neutral,2.5,2.2,5.0,1.0,4.0,5.0,1.4
24,Male,3.83,75.0,7.3,5.8,5.4,1.55,Yes,Hybrid,Average,Good,Yes,0,Middle,5.6,C,0.81,2,Negative,2.2,3.0,3.9,1.3,3.4,4.8,2.4
23,Male,5.96,89.2,5.5,3.0,2.7,2.1,No,Offline,Good,Excellent,No,2,Middle,3.9,A,0.9,2,Positive,2.9,2.7,4.0,3.7,4.5,3.3,2.0
26,Non-Binary,4.56,99.3,7.7,3.9,1.2,2.07,No,Offline,Average,Good,No,1,High,4.6,A,0.62,0,Positive,2.9,3.0,4.6,1.9,4.3,5.0,3.5
23,Female,3.64,77.3,7.8,8.7,4.7,2.06,Yes,Offline,Poor,Good,No,0,Middle,5.2,C,0.12,0,Neutral,3.2,2.2,2.2,2.9,3.2,4.1,1.6
26,Female,6.39,84.8,6.0,4.1,2.5,2.12,Yes,Hybrid,Poor,Excellent,Yes,4,High,5.3,A,0.77,2,Positive,2.5,2.5,4.3,3.2,2.0,2.8,2.7
21,Male,6.41,86.8,6.7,2.1,6.1,1.52,Yes,Offline,Good,Good,Yes,2,High,2.6,A,0.78,1,Neutral,3.6,3.4,3.7,3.4,3.3,5.0,3.4
22,Male,4.55,95.6,6.4,5.9,4.1,2.3,No,Offline,Average,Good,Yes,3,Middle,6.4,A,0.32,1,Positive,4.6,2.2,4.2,2.5,2.9,5.0,2.3
28,Male,5.51,83.6,6.7,6.1,6.1,2.39,Yes,Online,Poor,Average,No,2,Middle,6.2,A,0.7,2,Positive,2.4,2.9,3.9,3.5,4.1,4.5,1.4
22,Male,3.69,72.9,7.3,6.2,5.7,1.4,Yes,Online,Average,Average,Yes,0,Middle,5.1,D,0.87,1,Neutral,4.3,3.1,4.9,3.7,2.3,4.4,3.1
17,Female,3.75,74.2,5.5,5.0,2.7,1.2,Yes,Offline,Average,Average,Yes,0,Middle,4.3,C,0.44,1,Neutral,3.2,4.3,3.4,1.1,1.6,5.0,1.8
23,Female,4.28,70.3,6.8,8.2,1.9,1.58,No,Offline,Average,Good,No,0,Middle,7.8,D,0.17,0,Negative,2.8,2.4,2.0,2.8,1.0,4.0,1.5
25,Female,2.26,77.9,5.1,5.5,5.0,2.11,No,Offline,Good,Good,No,0,Middle,5.0,B,0.65,1,Negative,3.7,4.5,5.0,3.0,4.3,5.0,3.8
24,Male,5.61,86.2,8.2,5.3,2.0,1.24,Yes,Hybrid,Average,Excellent,No,2,Low,5.0,A,0.32,1,Positive,3.5,3.2,2.4,3.2,4.4,5.0,4.1
22,Female,4.79,85.7,7.2,9.5,4.0,1.6,Yes,Hybrid,Average,Good,No,1,Middle,4.5,C,0.96,1,Positive,3.6,2.3,4.3,2.4,5.0,3.2,1.6
22,Male,3.94,74.7,7.4,7.7,1.1,1.41,No,Hybrid,Good,Good,No,2,Low,4.6,B,0.59,2,Neutral,2.3,1.7,3.8,2.7,5.0,4.7,2.0
29,Male,5.14,85.3,6.3,2.1,3.8,2.36,No,Online,Good,Average,No,3,Low,2.9,A,0.63,0,Positive,2.0,3.0,4.3,4.5,4.7,3.1,3.6
18,Female,5.2,62.9,7.3,4.7,4.6,2.18,No,Hybrid,Average,Excellent,No,1,Middle,4.6,A,0.34,2,Neutral,1.0,3.7,4.8,3.2,3.8,4.2,3.4
22,Female,3.46,79.1,4.5,4.4,2.1,1.57,No,Offline,Good,Good,Yes,2,Middle,4.0,C,0.74,0,Negative,3.4,1.9,3.7,1.7,2.6,4.3,1.0
19,Female,3.76,92.7,6.7,4.4,3.6,2.02,Yes,Online,Average,Good,No,3,Low,4.1,A,0.33,1,Positive,2.1,2.2,2.3,2.9,2.4,3.6,2.0
22,Male,3.35,78.7,6.8,6.7,3.1,1.71,Yes,Hybrid,Average,Average,No,2,Middle,3.6,C,0.33,2,Neutral,2.4,2.5,1.4,1.8,3.0,4.6,2.4
22,Female,7.58,75.7,6.4,3.5,4.9,2.03,No,Online,Average,Good,Yes,4,Middle,2.9,A,0.86,0,Neutral,2.9,2.9,4.0,2.9,4.0,4.3,3.5
18,Female,1.6,92.1,5.6,5.7,2.9,1.62,Yes,Online,Average,Good,No,2,Low,5.9,C,0.28,2,Negative,1.8,3.5,1.0,2.2,2.0,4.9,2.4
19,Female,4.74,93.2,8.8,7.6,3.9,1.49,No,Online,Average,Good,Yes,2,Middle,5.1,B,0.64,2,Positive,4.4,3.3,2.9,2.6,1.9,4.2,2.1
22,Male,6.55,80.5,7.5,6.3,1.9,1.84,Yes,Offline,Average,Excellent,Yes,3,Low,4.8,A,0.65,2,Neutral,2.7,1.6,3.5,2.6,3.6,3.9,3.2
18,Non-Binary,2.76,59.5,7.2,5.7,3.7,1.84,Yes,Offline,Average,Excellent,No,2,High,6.2,B,0.4,1,Positive,3.5,3.3,5.0,3.8,2.0,3.7,3.9
19,Female,2.99,87.0,6.4,5.6,6.9,2.02,No,Online,Average,Excellent,No,0,Middle,3.5,C,0.24,2,Neutral,3.9,2.3,3.2,2.5,1.4,4.5,1.9
24,Female,2.95,98.3,9.6,6.4,3.3,1.68,Yes,Offline,Average,Good,No,1,Middle,6.6,B,0.11,2,Positive,1.2,2.8,3.9,3.6,2.9,5.0,3.2
19,Male,1.31,71.4,7.2,4.9,4.9,2.37,No,Offline,Average,Excellent,Yes,2,High,4.4,C,0.4,1,Positive,2.6,2.7,3.9,2.0,3.8,4.4,3.5
21,Male,7.18,100.0,5.6,3.2,5.2,1.99,No,Offline,Poor,Excellent,No,1,High,3.4,A,1.0,2,Positive,3.8,3.7,4.5,5.0,2.3,3.8,2.7
26,Male,4.35,71.4,8.3,6.2,5.6,1.95,No,Hybrid,Average,Average,Yes,2,High,5.2,B,0.36,2,Neutral,2.0,1.0,4.7,2.0,1.8,5.0,2.5
19,Male,2.62,90.9,8.5,5.3,4.1,2.04,Yes,Offline,Poor,Good,Yes,1,Low,4.4,B,0.1,0,Negative,3.3,2.4,3.1,3.2,1.8,3.5,2.6
20,Female,3.53,89.8,5.2,2.3,5.9,1.85,No,Offline,Average,Average,Yes,1,Low,4.9,B,0.9,2,Neutral,2.1,4.4,3.4,4.5,3.1,2.9,3.8
22,Male,5.11,88.2,8.8,3.3,2.9,1.68,No,Online,Average,Poor,Yes,3,Middle,4.2,A,0.58,0,Positive,3.4,2.9,4.9,3.2,2.9,4.9,3.0
23,Male,4.1,72.6,7.1,4.8,4.6,4.0,No,Online,Poor,Average,Yes,2,Middle,4.4,C,0.74,0,Positive,2.5,1.0,3.4,2.5,2.4,4.0,2.1
25,Male,2.97,88.2,8.7,2.2,1.6,1.68,Yes,Online,Poor,Poor,No,2,High,4.2,B,0.19,0,Negative,3.1,2.6,2.6,3.3,2.6,3.9,3.4
26,Male,5.73,66.2,6.2,4.3,3.9,1.23,No,Offline,Average,Good,No,1,Middle,4.7,B,0.56,2,Neutral,4.3,3.7,2.7,3.4,3.4,4.2,4.4
24,Male,2.97,80.2,8.5,5.3,4.7,1.9,No,Online,Good,Good,No,2,Middle,6.4,B,0.94,1,Positive,3.7,1.8,3.8,2.2,3.0,4.5,1.7
19,Female,3.94,79.9,5.5,6.2,3.5,1.83,Yes,Offline,Poor,Average,No,2,Middle,4.2,B,0.43,2,Neutral,2.3,2.1,3.7,2.4,2.4,2.8,2.9
17,Female,5.05,80.8,5.6,6.7,3.7,1.92,No,Hybrid,Average,Good,No,2,High,3.0,A,0.28,2,Positive,3.5,3.0,4.0,3.8,4.1,5.0,2.0
20,Male,3.27,68.9,6.5,5.8,5.2,1.59,Yes,Online,Average,Excellent,No,1,Middle,4.0,C,0.61,1,Negative,3.4,2.9,3.6,1.7,4.3,3.9,3.5
18,Male,4.86,72.8,6.2,2.4,2.8,2.02,No,Online,Average,Excellent,No,1,High,2.2,A,0.46,2,Neutral,4.2,2.1,3.6,4.7,2.1,3.9,4.1
23,Male,3.43,62.5,5.4,4.7,4.5,1.84,No,Hybrid,Average,Good,No,1,Middle,1.9,A,0.69,0,Positive,3.1,1.4,4.2,2.0,1.8,4.3,2.8
22,Male,9.96,97.9,6.1,5.1,4.1,1.34,No,Hybrid,Poor,Good,No,2,High,2.4,A,0.85,2,Neutral,3.1,2.2,5.0,4.6,2.9,4.0,2.1
17,Female,3.88,82.6,5.8,2.8,4.3,1.4,No,Offline,Average,Average,No,2,Middle,6.5,A,0.49,1,Negative,3.8,3.3,1.0,4.4,3.5,4.0,2.3
24,Female,6.05,73.5,6.0,5.5,3.1,1.63,No,Offline,Average,Average,Yes,2,High,5.7,B,0.91,0,Neutral,3.8,2.9,2.7,2.6,3.0,3.2,2.8
19,Female,2.99,82.9,6.4,6.7,7.9,1.57,No,Online,Good,Average,No,1,Low,7.1,B,0.85,2,Neutral,5.0,3.5,4.6,3.1,5.0,4.3,2.8
20,Female,2.47,80.0,6.3,2.4,4.0,1.86,No,Hybrid,Average,Good,No,3,High,2.5,A,0.36,2,Neutral,4.5,1.6,3.4,2.9,3.2,3.9,3.9
22,Male,4.43,96.0,8.3,7.6,3.7,2.01,Yes,Online,Average,Excellent,No,3,Middle,1.0,A,0.49,2,Neutral,3.0,2.7,4.4,1.3,3.2,4.6,2.3
20,Female,3.99,74.5,5.9,7.4,5.0,1.73,No,Offline,Poor,Poor,Yes,0,Middle,6.6,C,0.29,1,Neutral,2.9,2.0,2.2,2.7,3.6,3.9,2.3
20,Female,4.0,91.7,7.9,7.3,1.6,1.96,No,Hybrid,Average,Average,No,1,Low,6.2,A,0.62,2,Neutral,2.3,2.3,3.5,2.2,3.2,5.0,1.7
17,Female,4.6,65.9,7.8,6.2,5.7,2.35,Yes,Hybrid,Good,Average,No,2,Middle,2.8,A,0.63,2,Positive,1.5,3.0,2.7,3.4,3.2,4.6,3.3
20,Male,6.41,79.0,8.0,6.6,5.3,1.65,No,Hybrid,Average,Good,No,1,Low,3.9,A,0.58,2,Positive,3.1,3.7,3.8,3.2,1.6,4.9,2.8
23,Female,8.44,85.0,7.0,5.2,3.8,1.49,No,Hybrid,Average,Average,Yes,2,Low,1.2,A,0.34,1,Neutral,1.0,2.7,2.9,5.0,2.6,5.0,3.4
26,Female,8.64,77.9,6.2,6.3,6.9,1.51,No,Hybrid,Average,Good,Yes,1,Low,4.4,A,0.41,2,Positive,5.0,2.6,1.9,3.6,2.8,3.8,2.1
20,Female,4.77,90.0,5.5,6.2,3.2,1.91,No,Hybrid,Average,Average,No,2,Low,3.8,A,0.26,2,Positive,2.2,3.0,3.6,3.0,3.6,4.4,4.6
20,Male,8.27,81.9,8.2,4.1,0.5,1.32,No,Online,Poor,Good,Yes,2,Middle,1.1,A,0.55,2,Neutral,4.3,3.1,4.2,4.2,4.3,4.2,4.8
23,Female,8.01,74.4,7.1,3.4,3.3,1.69,Yes,Hybrid,Poor,Average,Yes,3,Middle,1.9,A,0.24,1,Positive,2.9,3.6,3.1,5.0,3.2,4.4,4.8
26,Female,3.4,75.4,6.4,7.5,3.5,1.78,No,Online,Poor,Good,Yes,1,Low,4.5,C,0.35,1,Neutral,3.6,4.1,2.7,3.1,2.4,3.8,2.8
19,Female,3.67,93.4,5.2,3.4,3.4,1.25,Yes,Online,Average,Poor,No,1,Middle,2.3,B,0.34,0,Positive,1.7,5.0,4.3,2.8,1.5,3.8,3.9
20,Female,4.42,80.2,7.7,6.2,3.7,2.03,Yes,Online,Good,Good,No,3,Middle,2.7,A,0.87,1,Positive,3.6,2.5,4.4,2.7,4.8,5.0,1.9
24,Female,8.49,76.9,7.8,5.4,2.8,1.94,No,Offline,Good,Good,No,0,Middle,4.2,A,0.3,2,Positive,3.1,4.2,3.4,2.4,2.6,4.9,2.4
22,Male,4.32,64.4,7.2,3.5,3.2,1.62,No,Online,Poor,Good,No,4,Middle,3.5,B,0.53,1,Negative,5.0,2.7,2.6,2.7,3.9,2.4,3.3
18,Female,4.12,66.0,5.4,4.7,3.2,2.39,No,Offline,Average,Good,No,3,Middle,5.1,A,0.69,1,Neutral,1.7,2.2,5.0,1.4,3.3,5.0,3.2
22,Male,7.34,70.8,7.8,5.3,5.1,1.37,Yes,Online,Good,Average,Yes,2,Middle,3.4,A,0.72,1,Positive,1.7,1.0,3.9,3.9,4.2,5.0,3.2
18,Female,4.23,86.3,7.8,1.7,5.9,2.03,Yes,Offline,Poor,Poor,No,1,High,4.5,A,0.64,1,Neutral,2.0,3.4,5.0,2.3,1.4,4.3,3.8
21,Male,4.28,91.6,5.2,8.2,5.3,1.76,No,Online,Poor,Good,Yes,0,Low,6.6,C,0.56,0,Positive,1.0,2.1,2.9,2.3,1.9,3.3,2.1
21,Female,5.76,73.5,7.8,3.9,5.4,1.65,No,Hybrid,Average,Good,No,2,High,6.8,B,0.61,0,Positive,2.2,3.0,3.8,2.8,2.2,4.3,3.1
25,Female,4.92,100.0,8.1,5.5,1.8,2.16,No,Offline,Poor,Good,Yes,3,Low,2.7,A,0.2,0,Neutral,2.1,2.8,2.5,2.8,5.0,5.0,2.2
21,Female,0.64,82.2,7.0,4.0,2.1,2.01,Yes,Offline,Good,Good,No,2,Middle,5.5,B,0.48,0,Negative,3.0,3.0,3.8,3.3,2.0,5.0,2.2
19,Female,2.1,81.6,5.8,5.9,3.5,1.4,No,Online,Poor,Excellent,No,0,Middle,4.4,C,0.25,2,Neutral,3.1,2.8,3.4,2.7,2.5,3.0,2.9
19,Female,5.96,82.6,8.9,6.2,4.4,1.78,No,Hybrid,Average,Good,Yes,1,Middle,6.3,A,0.85,0,Positive,1.5,1.0,4.7,2.4,2.6,5.0,1.3
25,Female,1.72,72.1,5.6,3.1,3.6,1.77,Yes,Offline,Good,Average,Yes,1,Middle,3.8,C,0.48,1,Neutral,4.2,2.1,3.5,1.0,3.9,4.6,2.2
18,Male,6.98,90.1,7.6,5.5,4.7,2.27,No,Hybrid,Good,Good,Yes,3,High,4.3,A,0.23,1,Positive,3.6,2.8,4.0,3.2,5.0,4.0,3.5
20,Male,4.41,81.9,8.1,4.6,6.4,1.68,Yes,Hybrid,Good,Poor,No,1,Middle,7.0,B,0.26,0,Negative,3.9,1.6,3.9,3.4,4.0,3.3,3.4
18,Male,5.05,86.9,7.5,2.5,4.5,1.87,No,Online,Poor,Good,Yes,3,Middle,2.2,A,0.89,2,Positive,4.2,3.6,2.8,2.9,2.9,4.3,2.9
24,Male,5.1,64.2,3.9,6.5,6.0,2.01,Yes,Offline,Average,Average,Yes,1,Low,6.3,C,0.53,0,Positive,2.0,2.1,2.4,3.4,1.4,3.9,1.7
21,Female,1.0,66.8,6.3,6.0,4.7,1.86,Yes,Online,Average,Average,No,0,High,5.7,D,0.79,0,Neutral,2.4,2.4,3.2,2.3,3.8,4.5,2.4
20,Female,3.14,88.2,6.6,2.3,5.8,1.59,No,Offline,Good,Excellent,No,2,High,8.1,B,0.31,2,Negative,3.4,3.4,4.4,4.1,3.4,4.7,2.8
20,Female,2.47,94.6,6.1,6.9,2.9,1.77,Yes,Online,Good,Good,Yes,2,Middle,2.3,B,0.45,1,Positive,4.3,3.1,4.6,3.0,3.3,5.0,3.4
25,Male,5.02,78.1,8.4,2.5,2.2,1.44,No,Hybrid,Average,Average,No,1,High,1.7,A,0.28,0,Positive,3.3,3.6,3.3,3.5,3.3,4.5,4.0
21,Male,7.57,77.7,6.7,5.8,4.9,1.97,No,Hybrid,Poor,Poor,No,1,Middle,2.2,A,0.45,0,Neutral,3.0,2.5,4.1,3.3,3.5,3.9,3.8
23,Female,4.1,79.7,8.8,8.5,5.1,1.9,No,Online,Good,Good,No,2,Middle,2.4,A,0.74,2,Neutral,2.3,2.6,3.6,1.0,4.7,5.0,1.8
25,Female,4.69,75.4,7.3,3.6,6.4,1.99,Yes,Hybrid,Average,Excellent,Yes,5,Middle,4.7,A,0.62,2,Neutral,1.7,2.4,4.4,1.9,1.4,4.3,3.5
25,Male,0.68,69.1,3.7,4.4,2.4,2.18,Yes,Offline,Good,Good,No,1,Middle,8.2,C,0.22,2,Negative,4.2,1.6,5.0,1.5,3.7,5.0,1.2
19,Female,3.81,69.4,5.3,7.0,4.4,1.87,No,Online,Good,Excellent,No,1,Low,6.6,B,0.48,2,Positive,2.6,1.2,4.8,2.8,3.4,4.3,1.7
27,Female,4.07,93.4,8.8,7.8,2.0,1.73,Yes,Online,Average,Average,No,2,High,4.6,A,0.39,2,Neutral,3.1,2.2,5.0,3.0,3.5,3.7,2.3
17,Male,4.18,74.7,4.7,3.0,6.1,2.39,No,Hybrid,Good,Good,No,3,High,4.3,A,0.53,1,Positive,4.7,3.2,5.0,2.8,1.9,5.0,4.0
20,Female,5.74,87.9,8.2,2.7,3.6,1.64,Yes,Online,Average,Good,No,2,High,3.1,A,0.56,1,Neutral,2.7,2.6,4.5,4.3,1.9,2.4,3.7
25,Male,7.33,65.1,7.7,2.7,5.5,1.67,Yes,Offline,Average,Good,No,4,Middle,4.1,A,0.29,0,Positive,3.1,2.4,4.5,5.0,2.8,4.6,2.8
19,Female,4.52,86.0,8.8,6.0,3.5,1.9,Yes,Offline,Average,Poor,No,1,Middle,3.6,A,0.89,1,Neutral,2.6,2.1,3.7,3.4,3.5,5.0,3.1
19,Male,5.33,92.8,8.1,4.5,1.9,1.58,No,Hybrid,Average,Good,No,1,Middle,4.6,A,0.42,0,Positive,1.7,2.3,4.3,3.6,3.7,4.4,2.3
19,Male,1.47,77.3,6.7,4.6,2.8,1.23,No,Offline,Average,Good,Yes,2,High,4.8,C,0.97,0,Negative,3.4,2.1,3.7,2.1,3.6,3.6,2.1
22,Female,5.76,90.7,7.6,5.5,3.0,1.62,No,Hybrid,Average,Good,Yes,2,High,2.2,A,0.62,1,Positive,1.1,2.9,5.0,2.1,4.5,5.0,3.4
20,Male,4.63,83.5,7.2,6.7,3.7,2.02,No,Online,Good,Good,Yes,1,Middle,4.0,A,0.8,2,Neutral,4.5,2.5,3.2,2.0,3.4,4.5,3.4
23,Female,1.1,100.0,7.7,1.0,6.0,1.78,Yes,Hybrid,Poor,Good,No,0,Middle,4.5,B,0.18,0,Negative,1.0,5.0,3.2,4.2,2.7,2.0,3.6
25,Male,5.23,78.3,5.5,7.6,5.5,1.5,No,Offline,Poor,Good,No,0,Middle,4.7,C,0.16,1,Neutral,2.8,2.1,2.9,2.6,5.0,4.4,2.1
22,Male,3.26,78.3,7.4,4.2,5.4,2.17,No,Offline,Average,Average,No,2,Low,2.7,A,0.59,0,Positive,2.5,2.5,3.6,3.8,3.3,4.7,4.5
19,Male,6.56,70.1,9.6,4.9,5.2,1.81,Yes,Online,Average,Good,No,2,Middle,4.9,A,0.69,2,Positive,4.1,3.5,4.4,1.5,3.3,4.4,3.2
26,Female,5.47,79.4,7.1,5.8,4.5,1.66,Yes,Offline,Good,Good,Yes,2,Low,4.5,A,0.94,1,Neutral,2.3,2.4,2.4,2.4,2.5,4.1,2.6
19,Female,4.73,87.8,6.9,6.6,5.6,1.69,No,Offline,Good,Excellent,Yes,2,Middle,7.3,B,0.57,2,Positive,1.4,1.5,3.8,1.9,2.9,5.0,2.2
18,Male,7.96,73.0,7.6,4.8,7.0,1.85,Yes,Online,Poor,Poor,No,2,High,5.5,A,0.51,0,Positive,1.7,3.4,5.0,3.4,2.9,3.6,1.6
18,Female,4.25,93.8,8.5,8.8,4.6,2.05,Yes,Offline,Average,Good,No,3,High,2.3,A,0.51,1,Positive,1.0,1.9,4.0,3.1,4.1,4.8,3.0
21,Female,3.96,75.1,5.8,4.0,5.8,1.86,Yes,Offline,Good,Average,Yes,4,Middle,5.0,B,0.23,0,Negative,3.9,3.9,4.1,4.1,3.3,5.0,3.1
18,Female,4.64,82.8,5.7,3.8,3.5,1.96,Yes,Offline,Average,Average,Yes,1,Middle,2.3,A,0.75,0,Positive,4.9,3.7,2.3,2.9,3.6,5.0,4.3
18,Female,4.81,94.0,7.8,6.8,5.1,2.24,Yes,Offline,Good,Good,Yes,2,Middle,1.7,B,0.54,2,Positive,4.2,4.3,2.9,3.6,2.0,5.0,2.7
19,Female,2.89,74.9,7.2,7.9,2.3,1.92,Yes,Online,Poor,Good,Yes,1,High,9.1,C,0.39,1,Negative,3.1,1.9,5.0,2.3,2.8,3.4,1.4
19,Female,5.71,82.2,7.0,1.6,3.9,1.92,Yes,Online,Good,Poor,Yes,2,Middle,6.2,A,0.41,0,Neutral,3.4,3.3,2.9,3.4,4.8,4.5,3.3
22,Male,5.42,78.1,7.0,7.6,2.4,1.59,Yes,Offline,Average,Good,No,3,Middle,3.2,A,0.55,2,Positive,2.7,1.7,3.3,3.3,3.5,3.4,2.5
24,Male,3.55,73.0,5.0,3.2,3.6,1.62,No,Offline,Average,Excellent,Yes,1,High,7.2,C,1.0,2,Neutral,2.5,2.7,4.4,2.7,2.7,4.6,2.7
23,Male,1.51,86.1,6.1,6.3,5.0,1.77,No,Online,Average,Excellent,Yes,0,High,7.5,C,0.76,2,Negative,3.5,2.4,4.0,2.4,2.9,4.8,1.8
19,Male,7.0,59.2,7.4,4.8,5.0,1.44,Yes,Offline,Poor,Average,No,3,High,1.5,B,0.28,0,Neutral,1.7,1.1,1.0,2.6,1.2,4.6,4.1
19,Female,7.23,70.2,8.3,3.3,6.2,2.39,No,Hybrid,Poor,Good,No,2,High,5.3,A,0.71,1,Neutral,3.6,3.5,4.9,2.5,2.8,4.0,3.5
27,Male,6.42,79.3,7.1,5.3,3.3,2.12,Yes,Online,Poor,Good,Yes,2,Middle,2.6,A,0.65,1,Positive,3.0,3.0,4.3,3.2,4.1,4.2,2.7
17,Male,6.61,83.3,7.8,3.7,1.5,2.26,Yes,Offline,Poor,Average,No,5,High,4.2,A,0.63,0,Positive,3.7,5.0,4.9,2.8,1.8,4.5,3.7
25,Female,8.23,72.0,7.6,7.1,4.0,1.63,No,Offline,Good,Good,Yes,2,Middle,8.4,A,0.75,1,Positive,3.5,2.7,4.3,4.4,3.9,4.5,1.6
18,Male,5.35,67.4,6.2,1.6,5.7,1.29,No,Offline,Average,Good,No,1,Low,7.7,C,0.67,1,Neutral,1.8,1.9,3.0,4.7,3.9,4.4,1.5
26,Male,7.95,96.4,5.5,4.6,5.4,1.77,Yes,Online,Poor,Poor,No,3,Middle,3.3,A,0.16,0,Positive,3.8,3.4,3.6,2.8,2.9,4.2,2.8
20,Male,4.44,86.3,8.1,4.7,1.9,1.2,Yes,Offline,Average,Excellent,No,2,Middle,6.3,A,0.67,2,Positive,4.6,2.6,3.3,3.0,3.2,4.5,2.1
20,Female,3.03,86.3,6.0,4.9,2.1,1.67,Yes,Online,Average,Excellent,Yes,1,Middle,2.9,C,0.33,1,Neutral,3.8,2.4,3.9,4.0,4.4,4.1,3.0
23,Male,4.8,81.8,5.6,3.5,5.6,1.68,No,Offline,Good,Good,No,1,High,5.1,A,0.47,1,Positive,2.1,2.9,5.0,3.6,1.6,3.8,2.4
22,Male,4.16,91.8,6.5,4.5,5.6,1.98,No,Online,Good,Good,No,3,Low,4.9,A,0.34,2,Positive,3.9,3.7,4.1,3.0,3.7,4.6,2.2
19,Female,5.76,83.7,4.5,6.4,1.8,1.64,No,Hybrid,Good,Average,Yes,0,High,5.4,B,0.44,2,Positive,3.5,2.8,3.7,2.6,1.9,4.7,3.0
21,Female,8.39,67.5,5.7,4.4,3.4,1.62,No,Online,Poor,Good,Yes,1,Low,3.1,A,0.29,1,Positive,1.1,4.7,2.0,4.0,3.9,3.7,2.4
23,Female,5.64,80.5,5.6,2.9,5.5,1.73,Yes,Offline,Average,Average,No,3,Middle,5.6,B,0.33,0,Positive,2.8,2.7,3.8,3.9,2.0,4.1,2.7
17,Female,6.89,90.4,8.4,7.7,5.4,1.54,No,Offline,Average,Excellent,No,1,Middle,5.2,A,0.98,2,Neutral,3.8,2.7,4.3,2.9,4.3,5.0,2.2
17,Male,9.05,64.2,6.6,2.1,3.4,1.69,No,Online,Good,Average,Yes,0,Middle,1.0,A,0.15,1,Positive,2.9,3.3,2.7,5.0,2.6,5.0,2.9
20,Male,8.4,74.5,7.2,3.3,1.5,1.61,No,Offline,Average,Average,No,1,Low,3.7,A,0.69,0,Positive,3.6,2.1,4.6,4.6,1.4,2.6,2.5
18,Male,5.02,81.1,7.6,5.2,4.9,2.27,No,Offline,Good,Good,Yes,4,High,2.5,A,0.28,0,Positive,2.4,2.1,3.9,4.0,2.8,5.0,1.4
22,Male,3.51,80.5,7.6,3.4,2.9,2.04,No,Offline,Average,Average,Yes,0,Middle,5.5,B,0.74,1,Positive,3.3,3.7,4.6,3.5,2.1,4.9,2.6
19,Male,9.07,74.3,8.8,2.9,5.3,1.76,No,Online,Good,Good,No,1,High,6.0,A,0.44,2,Positive,4.3,2.8,1.7,4.1,4.0,5.0,3.4
20,Male,2.71,82.4,7.1,3.3,5.5,1.65,Yes,Hybrid,Good,Good,Yes,0,Low,4.2,B,0.42,0,Positive,3.5,3.5,1.2,3.5,4.5,5.0,2.9
18,Female,1.23,84.0,7.9,7.4,4.2,1.79,Yes,Offline,Average,Excellent,Yes,0,Middle,4.4,C,0.12,1,Positive,3.3,2.3,3.8,2.8,2.4,4.2,3.0
21,Female,0.89,98.8,6.0,8.1,3.3,2.0,Yes,Online,Average,Good,Yes,0,High,7.1,D,0.29,0,Negative,3.1,1.7,4.3,1.5,3.4,5.0,2.1
18,Male,7.18,72.4,6.2,4.4,4.0,2.35,No,Hybrid,Average,Average,No,2,Middle,1.8,A,0.09,0,Neutral,2.9,2.3,2.4,3.3,3.4,4.3,3.1
17,Female,1.93,80.0,7.2,5.0,5.5,1.9,No,Online,Average,Average,No,3,Low,4.2,B,0.51,2,Neutral,2.3,1.8,4.4,2.2,2.5,4.3,2.7
17,Male,4.35,69.7,6.3,7.6,4.2,1.18,Yes,Hybrid,Average,Good,No,0,Middle,5.2,C,0.66,2,Positive,2.7,3.2,5.0,3.8,2.9,4.1,2.7
27,Male,4.6,91.4,7.1,3.6,4.3,1.33,Yes,Hybrid,Good,Good,Yes,2,High,5.1,A,0.93,1,Positive,3.2,2.7,4.4,4.3,2.5,5.0,2.5
18,Female,7.46,84.2,6.4,3.2,2.4,1.76,No,Offline,Average,Good,No,3,Middle,3.9,A,0.49,1,Positive,1.0,2.3,4.5,4.2,2.5,3.9,2.7
23,Male,2.13,86.2,7.6,1.9,3.3,1.89,No,Offline,Poor,Average,Yes,1,Middle,4.2,A,0.58,2,Positive,4.3,2.7,4.5,4.8,3.9,4.4,3.4
17,Male,4.97,85.0,6.9,6.3,5.6,1.43,No,Offline,Average,Average,No,2,Middle,6.9,B,0.5,1,Positive,2.5,1.3,4.7,2.4,3.0,4.7,1.1
18,Male,5.46,98.2,6.3,3.0,2.2,2.01,No,Offline,Poor,Average,No,2,High,4.2,A,0.47,0,Positive,1.8,3.4,4.1,4.0,3.9,3.0,2.5
21,Female,7.67,77.0,6.9,2.4,5.9,1.78,No,Hybrid,Average,Average,Yes,3,Low,3.1,A,0.7,2,Positive,5.0,3.5,4.1,3.1,4.5,5.0,4.6
21,Female,4.39,83.0,6.8,5.9,5.0,2.26,Yes,Offline,Poor,Average,No,2,Low,3.3,A,0.45,0,Neutral,3.2,3.2,3.8,2.0,3.2,4.2,3.6
27,Male,5.41,85.7,7.7,7.1,3.3,1.83,No,Online,Average,Good,Yes,0,Low,2.7,A,0.8,2,Positive,4.1,2.1,3.1,1.9,2.0,3.9,1.7
26,Female,4.32,69.6,7.9,5.7,1.9,1.9,No,Offline,Average,Average,Yes,3,Low,2.9,B,0.43,2,Neutral,2.3,2.1,2.1,1.4,3.4,4.6,3.5
24,Female,7.05,64.7,5.6,1.5,2.6,1.88,Yes,Hybrid,Poor,Good,Yes,4,Middle,2.2,A,0.47,1,Positive,4.1,3.4,3.0,3.8,3.3,4.0,4.1
22,Female,6.75,88.5,8.4,1.9,4.6,1.16,Yes,Offline,Average,Good,No,2,Low,5.4,A,0.71,2,Positive,3.7,3.1,4.4,3.7,2.6,5.0,3.9
20,Female,4.11,81.5,6.8,2.7,3.9,1.52,No,Online,Poor,Average,No,1,Middle,3.7,B,0.41,1,Negative,2.7,2.2,3.1,4.3,3.7,2.8,3.2
20,Male,5.97,88.2,6.5,4.6,6.3,1.31,No,Offline,Poor,Good,Yes,3,Middle,4.8,A,0.73,2,Neutral,1.3,3.8,2.5,3.3,2.6,3.7,3.4
26,Male,1.93,80.0,7.4,5.5,4.9,1.84,No,Offline,Average,Good,Yes,3,Middle,5.3,C,0.52,0,Positive,4.1,2.3,1.5,2.5,2.7,3.5,3.0
22,Female,5.02,78.2,8.0,2.3,5.0,1.64,Yes,Online,Poor,Good,Yes,2,High,4.4,B,0.66,0,Neutral,2.8,4.3,4.2,4.9,2.4,5.0,3.1
21,Female,3.12,78.1,6.4,8.7,4.3,1.7,No,Offline,Good,Excellent,Yes,1,Low,7.1,C,0.59,1,Positive,4.2,1.1,4.4,3.0,3.2,5.0,2.2
19,Female,4.06,82.5,6.8,5.5,4.9,2.01,No,Hybrid,Good,Average,No,2,Middle,4.3,A,0.62,0,Negative,2.7,3.5,3.2,2.8,3.2,5.0,2.2
17,Female,6.9,76.9,5.5,8.6,2.6,1.34,No,Hybrid,Poor,Excellent,No,0,Middle,3.7,B,0.21,1,Positive,2.9,2.2,3.2,2.1,3.3,3.2,1.4
26,Female,9.18,76.4,7.8,7.1,5.2,2.1,No,Offline,Good,Good,Yes,2,Middle,3.3,A,0.3,0,Neutral,3.4,2.5,2.8,2.5,3.8,3.8,3.3
19,Female,5.31,92.9,7.3,5.4,0.5,1.31,Yes,Hybrid,Average,Good,Yes,4,Middle,4.7,A,0.29,2,Positive,5.0,4.9,3.1,2.9,3.2,5.0,4.0
20,Female,4.62,90.8,7.3,6.5,5.2,2.19,Yes,Hybrid,Average,Excellent,No,2,High,4.6,A,0.52,2,Neutral,2.2,2.0,3.6,4.2,2.4,3.6,3.6
18,Female,4.24,80.2,6.7,6.8,5.4,2.02,No,Online,Good,Excellent,Yes,1,Middle,5.7,A,0.84,2,Neutral,2.6,3.0,3.2,1.8,3.1,5.0,2.1
24,Female,6.4,96.5,7.2,4.6,6.6,1.92,Yes,Hybrid,Average,Good,Yes,3,High,3.6,A,0.9,0,Positive,2.5,3.7,5.0,1.8,1.9,5.0,3.3
17,Male,4.55,75.5,4.9,2.6,2.8,1.56,No,Online,Poor,Good,No,1,High,2.1,A,0.94,0,Neutral,2.4,3.8,5.0,2.2,4.3,2.4,3.9
24,Male,6.87,89.6,7.0,4.4,5.2,2.07,No,Hybrid,Poor,Good,No,2,Low,4.9,A,0.94,2,Neutral,2.9,2.8,2.9,3.3,1.4,3.8,2.1
18,Female,7.98,91.2,9.3,6.2,1.1,2.2,Yes,Offline,Poor,Good,No,1,Low,4.3,A,0.19,1,Neutral,4.1,2.2,2.4,3.7,3.1,4.7,3.7
25,Female,6.16,78.0,5.9,6.9,4.2,1.91,Yes,Online,Good,Poor,No,0,Middle,5.1,B,0.66,0,Positive,2.6,2.6,3.6,4.0,3.3,4.7,3.3
23,Female,4.15,97.0,7.6,2.9,5.3,2.07,No,Online,Poor,Poor,Yes,3,High,2.1,A,0.97,0,Neutral,4.9,3.8,4.6,4.2,4.1,4.4,4.3
18,Female,6.44,69.4,3.5,4.2,1.5,1.98,No,Offline,Average,Excellent,No,2,Middle,3.3,A,0.24,2,Positive,4.3,3.5,3.6,2.9,2.3,4.6,2.3
21,Male,3.54,80.1,7.1,4.0,4.2,1.89,No,Hybrid,Poor,Poor,Yes,0,Low,4.3,C,0.77,0,Positive,2.9,2.5,3.4,2.8,3.5,4.4,2.1
19,Male,1.41,75.1,6.0,4.2,5.8,1.78,No,Online,Average,Average,No,0,High,7.3,D,0.97,0,Neutral,2.3,2.7,4.4,3.2,1.2,4.5,2.5
18,Female,7.2,94.8,7.5,3.9,5.3,2.05,Yes,Hybrid,Average,Good,No,2,Low,4.0,A,0.88,1,Neutral,3.7,2.9,4.1,3.4,3.6,4.3,3.0
25,Male,8.75,84.0,5.0,7.4,3.8,1.92,No,Offline,Average,Poor,No,1,Middle,3.7,A,0.81,1,Positive,4.5,2.8,3.6,2.6,3.2,4.3,1.4
20,Male,7.56,73.2,5.9,5.1,1.4,1.9,Yes,Offline,Poor,Average,No,3,Low,5.1,A,0.39,2,Positive,4.0,3.1,4.4,3.0,2.3,2.9,3.7
20,Male,4.2,79.1,6.0,7.4,4.4,1.77,Yes,Online,Average,Good,No,2,Low,7.5,B,0.21,0,Neutral,2.3,2.2,3.9,3.8,2.7,5.0,3.2
18,Male,0.79,73.4,7.0,4.9,5.8,1.92,No,Hybrid,Poor,Good,Yes,0,Middle,6.8,C,0.58,2,Neutral,2.8,3.7,3.6,1.8,3.3,3.9,2.9
20,Female,3.46,91.2,7.6,4.5,3.7,1.71,Yes,Online,Average,Good,No,2,Middle,5.4,B,0.72,0,Neutral,1.5,2.4,5.0,2.1,3.0,5.0,3.1
25,Male,6.16,72.8,6.4,4.2,3.5,1.49,No,Offline,Good,Good,No,2,Low,2.7,A,0.36,0,Neutral,1.7,3.8,3.6,3.7,3.2,4.4,2.7
20,Female,4.12,72.8,6.6,7.7,6.7,1.91,Yes,Hybrid,Poor,Good,No,1,High,4.8,C,0.23,1,Positive,4.0,2.6,4.0,2.7,3.0,4.2,3.3
27,Male,7.69,84.3,6.7,4.0,2.6,1.98,Yes,Offline,Good,Good,Yes,1,Low,5.3,A,0.7,1,Positive,3.6,3.7,4.9,2.3,3.1,4.0,3.9
26,Female,3.28,75.7,8.4,3.6,3.1,1.47,Yes,Hybrid,Good,Good,Yes,3,Middle,3.1,B,0.38,1,Negative,4.6,4.0,4.3,3.6,4.2,5.0,3.0
18,Male,5.89,82.8,6.6,5.9,4.5,1.72,No,Online,Average,Good,Yes,3,Middle,4.8,A,0.32,1,Neutral,1.8,2.0,4.4,2.9,3.8,3.7,2.1
18,Female,5.35,81.7,8.0,2.0,0.9,1.5,Yes,Offline,Average,Excellent,Yes,2,High,6.3,A,0.94,2,Neutral,4.4,2.4,3.4,4.9,3.3,4.8,2.5
25,Female,5.42,75.4,6.7,4.4,4.3,1.83,No,Hybrid,Average,Good,No,1,High,5.2,A,0.74,1,Positive,4.3,4.2,4.2,2.8,3.2,5.0,2.9
20,Male,2.09,65.7,6.8,7.7,4.0,1.31,No,Online,Good,Average,Yes,1,Low,6.8,D,0.72,2,Neutral,5.0,3.7,3.0,2.4,2.7,5.0,2.4
17,Female,4.69,59.5,6.4,5.5,3.9,1.92,Yes,Hybrid,Average,Poor,Yes,1,Low,3.1,B,0.36,0,Positive,3.9,3.0,2.0,3.6,4.6,3.3,2.1
19,Female,5.42,81.5,7.1,4.6,5.1,1.22,No,Offline,Good,Good,Yes,1,High,4.7,B,0.93,1,Positive,1.0,2.8,3.0,3.8,2.4,4.8,2.0
22,Male,4.09,77.1,5.7,7.5,3.4,1.95,No,Online,Average,Poor,No,1,Middle,5.9,B,0.11,0,Positive,3.6,1.2,3.9,2.1,1.5,4.2,1.9
24,Male,2.27,85.5,6.3,1.7,2.6,2.16,No,Hybrid,Good,Good,No,3,Middle,3.2,A,0.7,0,Negative,1.1,3.0,4.1,2.3,2.0,3.8,4.6
18,Female,3.91,82.0,6.7,7.5,2.1,2.17,No,Hybrid,Good,Excellent,No,0,Low,6.0,B,0.67,2,Neutral,1.0,2.0,2.3,2.9,1.1,3.5,2.2
18,Female,2.97,79.5,6.9,2.6,1.0,1.81,No,Hybrid,Average,Good,Yes,2,High,4.1,A,0.69,0,Neutral,3.3,3.7,4.2,3.0,3.9,5.0,3.8
26,Male,5.57,76.8,8.1,3.4,3.7,1.64,Yes,Offline,Average,Average,Yes,3,High,4.2,A,0.96,2,Positive,3.8,3.3,4.1,4.4,1.5,4.1,4.0
23,Male,6.82,88.6,6.8,7.7,4.0,1.87,Yes,Offline,Average,Good,Yes,2,Low,3.6,A,0.63,2,Positive,1.3,3.7,2.6,3.3,4.2,3.9,2.6
22,Female,5.53,49.3,7.7,3.4,5.4,1.8,Yes,Online,Poor,Average,Yes,1,Middle,2.9,B,0.7,2,Neutral,1.0,1.4,4.6,3.8,2.5,4.7,2.1
23,Female,5.62,63.4,9.0,4.7,6.4,1.56,Yes,Online,Poor,Good,Yes,3,High,3.6,A,0.83,2,Positive,2.6,3.3,4.2,2.5,1.5,3.0,3.7
20,Female,4.52,84.5,7.2,2.2,3.4,1.71,No,Hybrid,Good,Good,No,3,Middle,2.9,A,0.43,1,Positive,3.5,2.7,4.5,4.2,2.9,4.9,4.0
23,Male,5.26,78.7,6.4,5.3,4.5,1.71,No,Hybrid,Average,Average,Yes,2,Middle,4.5,A,0.82,2,Positive,3.0,2.7,3.6,4.0,4.7,4.9,2.4
20,Female,0.97,72.1,6.2,5.3,4.5,2.18,No,Offline,Average,Excellent,No,1,Middle,4.8,B,0.55,2,Neutral,2.7,3.5,1.7,2.5,2.6,4.2,4.0
19,Male,5.02,75.0,9.7,4.6,6.2,1.99,Yes,Hybrid,Poor,Average,No,3,Low,6.1,B,0.26,2,Positive,1.8,2.6,3.2,2.9,5.0,4.4,2.2
23,Male,6.65,87.8,5.1,6.6,4.4,2.07,No,Offline,Poor,Excellent,Yes,3,High,3.9,A,0.86,2,Positive,2.7,5.0,4.7,3.3,1.6,4.6,2.6
20,Female,3.81,84.1,7.4,4.4,5.0,1.84,Yes,Online,Average,Poor,No,2,Middle,3.3,A,0.98,0,Positive,4.0,2.6,4.1,2.2,3.2,5.0,3.5
28,Non-Binary,6.25,81.4,6.7,5.8,6.8,1.96,No,Online,Good,Average,No,2,Middle,2.8,A,0.66,2,Positive,3.2,2.3,4.1,1.3,3.5,2.9,1.8
20,Male,1.85,63.0,8.7,4.2,2.9,1.95,No,Hybrid,Average,Average,No,1,Middle,4.5,C,0.39,2,Neutral,3.3,1.5,3.1,1.0,3.8,4.2,3.1
26,Male,4.96,89.6,7.4,7.0,4.5,1.52,Yes,Offline,Poor,Poor,No,3,High,4.7,B,0.71,0,Positive,4.8,2.8,4.1,1.8,3.9,4.4,3.8
26,Female,4.48,73.1,6.9,1.0,5.3,1.98,Yes,Offline,Average,Good,Yes,3,High,3.8,B,0.56,0,Neutral,5.0,3.4,4.1,3.3,3.0,4.0,4.8
19,Female,5.79,85.7,5.9,4.2,4.3,2.08,Yes,Hybrid,Good,Good,No,3,Middle,2.4,A,0.65,1,Positive,4.9,1.7,4.7,4.5,4.2,4.2,3.3
24,Female,5.15,84.9,5.8,5.0,3.6,1.15,Yes,Offline,Average,Good,Yes,1,High,5.7,A,0.56,0,Positive,5.0,2.4,3.9,3.2,2.4,5.0,2.0
20,Female,9.31,63.5,6.6,4.4,3.3,1.36,No,Hybrid,Average,Average,No,2,Low,4.4,A,0.14,0,Neutral,2.1,3.4,2.3,4.4,2.4,3.8,3.0
26,Male,0.87,66.5,5.8,4.7,5.2,1.55,Yes,Offline,Good,Good,Yes,0,High,7.5,D,0.71,0,Positive,1.8,1.8,3.8,2.4,2.8,5.0,2.4
20,Non-Binary,1.95,64.9,8.6,6.1,2.8,1.75,No,Offline,Poor,Good,Yes,2,Middle,4.2,C,0.9,2,Neutral,3.5,2.0,4.1,1.9,2.7,4.3,2.9
23,Female,3.5,70.0,5.7,9.6,2.8,1.92,Yes,Offline,Good,Good,No,1,Low,4.0,C,0.18,1,Positive,2.7,2.2,1.8,1.8,3.2,1.4,2.6
21,Female,5.04,86.2,8.8,6.4,5.4,1.73,No,Online,Average,Good,Yes,3,Low,3.9,A,0.78,1,Positive,3.0,3.0,2.9,2.3,3.6,4.1,1.7
19,Female,3.56,91.3,6.6,2.6,6.6,1.5,Yes,Hybrid,Poor,Good,Yes,1,Middle,2.1,B,0.53,2,Neutral,1.0,4.2,3.7,2.3,2.9,4.2,3.4
18,Female,3.5,82.4,8.6,3.2,2.8,1.87,Yes,Offline,Poor,Average,Yes,2,High,5.1,A,0.87,1,Positive,3.3,5.0,5.0,3.7,2.4,5.0,4.1
20,Male,1.69,78.0,7.3,4.7,5.2,1.86,Yes,Hybrid,Average,Good,No,1,High,4.9,C,0.96,2,Neutral,2.6,2.6,5.0,2.4,3.7,4.5,3.2
23,Male,2.12,72.7,6.3,5.9,1.1,2.06,No,Online,Average,Good,No,2,Middle,5.3,C,0.46,0,Neutral,2.6,1.1,3.5,1.8,3.6,3.5,2.4
22,Female,3.1,94.7,7.4,4.0,4.2,1.61,No,Online,Average,Good,No,1,Low,6.0,C,0.46,2,Positive,2.9,1.5,2.5,3.1,2.3,4.6,3.3
23,Male,7.89,79.8,7.4,5.3,5.3,1.24,Yes,Hybrid,Poor,Average,No,0,High,3.8,A,0.56,2,Positive,1.4,5.0,2.8,4.2,1.6,3.2,4.2
19,Male,3.22,71.6,8.5,3.2,1.5,1.44,No,Offline,Good,Average,No,0,Middle,3.4,B,0.55,0,Neutral,2.4,2.9,4.7,2.4,3.9,4.0,2.5
21,Female,10.38,80.1,5.1,2.7,4.2,1.73,Yes,Hybrid,Average,Average,Yes,2,Middle,6.6,A,0.19,0,Neutral,4.5,4.4,4.0,5.0,3.3,4.5,3.2
17,Female,6.99,85.4,7.2,4.5,5.8,1.77,No,Online,Good,Average,Yes,1,High,1.6,A,0.38,1,Positive,3.3,3.5,4.4,3.6,1.5,4.4,4.3
24,Male,4.27,75.7,8.7,7.4,5.3,1.66,Yes,Offline,Good,Average,No,0,Low,1.8,B,0.65,2,Negative,4.4,1.3,3.4,3.4,3.7,4.6,2.7
28,Female,6.49,75.4,8.8,2.9,3.8,1.39,No,Online,Poor,Excellent,Yes,2,Middle,5.1,A,0.76,1,Neutral,1.8,2.5,3.3,4.7,3.1,4.0,3.1
20,Female,6.9,64.9,5.6,3.3,1.4,2.09,No,Hybrid,Average,Good,Yes,0,Low,1.7,A,0.49,1,Positive,3.3,4.8,2.3,2.6,3.6,4.4,4.2
17,Female,2.44,85.0,8.1,6.6,4.4,1.9,No,Offline,Good,Good,No,1,Low,6.6,B,0.27,2,Neutral,1.9,2.0,3.3,1.2,2.8,4.4,1.0
18,Female,1.59,72.6,8.4,5.8,3.4,2.35,Yes,Online,Good,Average,No,0,Middle,5.9,C,0.73,0,Negative,5.0,2.9,2.7,1.9,2.3,5.0,2.5
22,Male,7.8,86.0,8.7,5.0,3.8,2.33,Yes,Hybrid,Average,Excellent,Yes,0,Low,4.7,A,0.35,1,Neutral,1.9,2.8,3.5,3.2,5.0,5.0,2.5
22,Male,2.93,81.1,8.2,8.5,2.6,2.02,No,Online,Good,Average,No,1,Middle,3.8,B,0.65,2,Positive,4.0,1.0,3.9,2.4,4.1,3.9,2.1
24,Male,6.59,81.8,7.0,4.7,0.5,2.02,Yes,Offline,Average,Good,No,1,Low,2.3,A,0.89,0,Positive,2.6,4.5,3.8,3.7,3.3,4.7,4.7
19,Female,6.22,73.4,6.0,5.6,4.3,1.49,Yes,Hybrid,Average,Excellent,No,2,Middle,4.6,B,0.93,2,Positive,4.2,1.6,4.1,4.9,2.7,4.7,2.8
23,Female,1.5,84.2,6.6,5.7,3.5,1.78,Yes,Offline,Average,Good,No,2,Low,4.5,C,0.29,2,Positive,1.7,2.7,3.2,1.0,4.5,3.1,1.3
23,Female,6.15,68.5,5.0,7.0,3.4,1.94,Yes,Online,Average,Excellent,Yes,1,High,6.5,B,0.75,2,Neutral,2.5,1.7,5.0,3.1,5.0,4.3,1.2
19,Female,5.99,81.4,8.4,10.0,5.1,1.84,Yes,Offline,Average,Good,No,1,Low,2.8,A,0.71,0,Positive,3.6,2.8,3.6,3.2,2.3,5.0,1.0
21,Female,7.43,94.9,7.2,3.6,5.0,2.05,No,Hybrid,Poor,Average,No,2,High,4.6,A,0.35,0,Neutral,2.9,3.1,3.7,2.8,3.1,3.9,3.0
18,Female,4.79,100.0,7.7,7.9,6.0,1.7,Yes,Offline,Good,Average,No,0,Middle,6.1,B,0.37,2,Positive,3.2,3.5,3.6,2.3,2.7,4.3,2.4
20,Male,5.77,69.4,9.2,6.0,4.3,1.52,No,Online,Good,Average,No,1,Middle,2.6,A,0.15,1,Neutral,2.6,4.4,3.0,4.0,3.2,5.0,3.7
25,Male,5.62,84.8,7.7,2.0,1.8,2.0,Yes,Offline,Average,Poor,Yes,0,High,4.4,A,0.71,1,Neutral,2.8,4.1,3.2,2.4,5.0,4.2,3.2
20,Female,4.38,80.4,6.1,4.8,4.9,1.83,No,Online,Poor,Good,No,0,Low,3.1,B,0.43,2,Neutral,2.8,3.2,3.8,3.4,2.0,4.3,2.3
24,Male,8.15,76.5,5.6,4.8,3.7,1.87,No,Online,Poor,Average,Yes,4,Middle,3.6,A,0.75,2,Neutral,2.2,2.3,2.3,4.7,2.9,4.4,2.3
22,Male,6.8,87.7,5.9,4.8,3.9,1.59,Yes,Offline,Poor,Excellent,No,1,Low,3.9,B,0.27,2,Positive,5.0,2.4,2.8,1.7,1.5,5.0,2.9
18,Female,7.95,67.1,7.3,3.0,3.9,1.74,Yes,Hybrid,Average,Average,No,0,Middle,2.8,A,0.62,0,Neutral,4.6,3.7,3.3,3.4,4.0,5.0,3.4
22,Male,5.57,85.7,6.7,6.2,3.3,1.88,No,Offline,Average,Good,No,1,High,4.2,A,0.44,0,Positive,4.4,2.6,2.6,4.3,2.0,3.8,2.6
21,Female,7.2,71.2,7.4,4.6,2.2,1.52,No,Offline,Good,Excellent,No,1,Low,1.9,A,0.1,2,Positive,3.7,4.1,3.9,3.9,2.1,4.4,4.3
20,Male,2.94,93.3,6.1,3.9,4.4,1.09,Yes,Online,Average,Average,Yes,1,High,7.2,C,0.48,2,Neutral,4.0,4.2,3.8,3.1,3.1,3.3,3.0
18,Male,3.61,82.9,8.2,4.7,6.7,1.8,No,Online,Average,Good,Yes,1,Middle,3.5,B,0.19,0,Neutral,2.3,3.1,3.7,3.7,2.0,4.3,3.4
20,Male,6.87,100.0,4.5,6.5,4.3,1.98,No,Offline,Average,Good,No,2,Low,2.0,A,0.77,2,Neutral,1.9,1.9,4.2,2.3,3.3,4.4,3.1
17,Female,4.4,92.2,5.9,4.8,5.4,1.5,No,Offline,Poor,Average,Yes,1,High,5.1,C,0.99,0,Positive,4.3,2.6,4.6,2.7,4.4,2.4,3.0
18,Male,4.06,82.0,9.7,6.9,6.8,2.06,Yes,Hybrid,Good,Good,Yes,1,High,4.5,B,0.82,1,Negative,3.5,3.2,5.0,2.5,4.5,3.7,3.4
20,Female,5.17,67.1,8.0,7.0,2.4,1.52,No,Hybrid,Poor,Average,No,0,High,6.1,C,0.67,2,Positive,4.3,1.5,4.6,3.0,3.8,5.0,2.0
19,Female,1.68,56.1,8.2,6.0,3.9,1.42,Yes,Offline,Average,Good,Yes,0,Middle,7.4,D,0.29,0,Negative,3.5,3.4,3.8,2.0,3.2,4.7,2.3
26,Female,5.19,82.1,7.5,7.1,4.7,1.61,Yes,Hybrid,Good,Good,No,3,Low,1.6,A,0.82,0,Neutral,2.3,1.8,4.6,1.3,3.6,5.0,2.8
20,Male,5.84,76.9,7.8,9.5,5.8,1.71,No,Online,Average,Good,No,3,Middle,6.0,B,0.26,1,Positive,1.9,1.6,3.4,2.9,1.1,4.5,1.2
23,Male,4.21,89.6,6.5,2.1,2.2,1.95,No,Offline,Average,Good,No,2,Middle,3.4,A,0.67,2,Positive,3.6,2.6,3.8,2.8,1.4,4.5,3.0
21,Female,2.6,71.5,6.1,7.2,3.1,1.32,No,Online,Good,Average,No,0,Middle,6.6,C,0.72,1,Positive,3.9,1.5,4.7,2.5,3.4,5.0,1.5
23,Female,8.38,80.9,8.9,4.1,5.9,2.39,No,Hybrid,Average,Good,Yes,2,Middle,7.5,A,0.8,0,Positive,3.6,4.0,3.7,3.8,1.6,3.2,2.5
19,Non-Binary,5.71,73.3,5.7,5.3,3.0,1.94,No,Online,Good,Excellent,Yes,3,High,6.2,A,0.34,1,Positive,2.1,3.0,3.3,2.6,1.7,3.9,2.0
26,Male,2.79,83.9,8.5,5.3,4.5,1.61,Yes,Offline,Average,Excellent,Yes,0,Low,6.2,C,0.39,2,Neutral,3.3,2.0,2.3,2.0,2.6,5.0,3.1
21,Female,3.67,83.6,4.4,2.2,3.2,1.91,Yes,Offline,Average,Good,No,2,Middle,2.4,B,0.36,1,Neutral,3.3,2.7,2.8,5.0,4.0,4.3,4.2
24,Male,1.6,65.7,6.7,6.4,7.4,1.36,Yes,Hybrid,Good,Good,Yes,0,High,4.3,C,0.63,1,Neutral,2.4,3.7,4.3,3.6,1.5,5.0,3.3
20,Male,1.35,80.1,6.7,2.8,4.2,1.59,Yes,Hybrid,Average,Excellent,Yes,1,Low,7.3,C,0.33,2,Positive,4.4,2.9,5.0,2.8,4.4,4.3,2.4
18,Male,1.01,90.7,6.0,3.7,3.6,1.52,No,Hybrid,Average,Average,No,2,Middle,4.8,C,0.89,0,Negative,2.9,3.6,3.5,3.4,2.1,4.8,3.3
22,Male,3.18,83.8,5.6,6.7,5.0,1.52,No,Online,Poor,Good,Yes,0,Low,5.8,C,0.49,2,Positive,4.6,2.3,3.5,3.0,2.0,3.5,1.9
17,Female,5.7,92.4,7.2,6.3,1.2,1.88,No,Offline,Good,Average,No,1,Middle,2.4,A,0.68,2,Positive,3.4,3.2,4.3,3.6,3.9,3.7,2.6
21,Male,6.34,72.0,8.0,7.1,3.4,1.73,Yes,Offline,Average,Excellent,No,3,Middle,4.8,A,0.53,2,Positive,2.9,1.8,3.1,3.1,2.4,5.0,2.4
18,Female,4.62,63.0,6.0,5.6,4.0,2.35,No,Offline,Good,Good,No,2,Low,6.0,A,0.8,2,Neutral,3.2,1.9,4.3,3.6,3.9,4.1,2.7
22,Male,6.91,72.3,7.6,4.8,5.0,1.61,Yes,Online,Good,Good,No,2,Low,7.3,B,0.09,2,Positive,1.0,2.7,1.9,4.3,1.6,4.7,3.1
28,Female,5.99,68.3,5.8,6.0,2.9,1.35,No,Online,Average,Poor,Yes,2,Middle,4.6,B,0.15,0,Negative,3.1,3.2,2.4,3.8,3.3,4.3,1.3
21,Male,2.54,96.3,6.6,5.3,2.0,1.74,No,Online,Average,Good,No,1,Middle,6.2,B,0.84,1,Neutral,1.0,2.4,4.0,1.1,1.3,4.4,2.2
24,Male,3.16,81.3,7.0,6.2,5.7,1.65,No,Offline,Good,Good,No,4,Low,4.7,B,0.69,1,Neutral,2.5,2.4,2.6,2.6,1.5,4.9,2.9
21,Male,5.43,88.8,9.3,6.8,5.8,1.13,Yes,Online,Average,Good,Yes,2,High,6.0,B,0.96,0,Positive,3.5,2.6,3.3,4.4,3.4,4.8,2.0
21,Male,6.22,95.3,7.9,5.7,2.4,2.23,No,Online,Poor,Average,Yes,0,Middle,3.5,A,0.61,0,Positive,2.7,2.2,2.2,3.8,4.0,3.4,3.0
26,Female,7.03,82.4,6.0,4.3,3.5,2.04,No,Offline,Average,Good,No,2,Low,2.2,A,0.49,2,Neutral,4.6,2.3,3.0,2.6,3.3,3.6,4.4
25,Male,2.09,59.4,7.6,2.4,5.7,2.32,No,Hybrid,Average,Average,Yes,1,High,6.3,A,0.61,2,Positive,3.1,3.3,5.0,1.7,3.5,3.8,3.1
24,Female,0.95,57.5,5.3,5.6,3.6,2.14,No,Hybrid,Good,Good,No,2,Middle,5.8,C,0.56,0,Negative,3.7,3.7,4.7,2.4,2.8,5.0,1.8
19,Male,8.91,87.0,6.3,3.2,3.2,1.65,Yes,Hybrid,Average,Average,Yes,2,Low,3.4,A,0.27,2,Positive,2.9,2.5,1.5,2.3,2.6,3.5,3.0
21,Female,4.3,88.2,8.7,3.5,4.2,1.98,No,Hybrid,Poor,Average,Yes,3,High,3.9,A,0.61,1,Positive,3.4,2.8,3.0,3.5,2.7,3.6,4.2
19,Female,6.87,69.1,7.4,5.9,5.0,1.74,No,Online,Average,Average,No,2,Low,3.7,B,0.46,0,Positive,2.8,3.0,2.9,3.2,3.8,4.5,2.9
20,Male,4.94,84.6,8.0,5.6,4.2,2.23,No,Offline,Average,Average,Yes,1,High,4.7,A,0.37,2,Positive,3.7,2.8,4.0,2.4,2.7,4.3,2.2
21,Male,2.09,85.6,7.2,4.2,2.2,1.84,No,Offline,Poor,Poor,No,2,High,3.7,A,0.78,1,Negative,4.2,4.0,4.4,3.7,2.7,4.1,3.5
24,Male,7.69,81.2,4.7,7.9,2.3,1.95,No,Online,Average,Excellent,Yes,2,Middle,2.2,A,0.59,2,Positive,3.2,2.3,3.6,2.9,1.8,3.9,3.3
25,Female,5.82,67.1,6.9,1.7,5.0,1.64,Yes,Online,Good,Good,Yes,2,Low,7.4,A,0.3,0,Neutral,4.5,2.2,2.8,3.1,4.2,5.0,2.5
20,Male,7.85,91.5,8.5,2.5,4.1,2.03,No,Hybrid,Poor,Average,No,1,Low,2.2,A,0.55,0,Positive,2.8,2.2,2.0,4.8,3.5,3.3,3.4
17,Female,6.1,70.0,6.7,5.6,3.6,1.89,No,Hybrid,Poor,Good,No,2,Low,4.5,A,0.55,0,Positive,4.4,3.7,2.7,3.4,4.1,4.1,2.5
25,Female,2.9,84.8,7.9,6.6,3.4,1.36,No,Offline,Good,Good,No,0,High,5.8,C,0.34,1,Positive,3.9,1.5,3.2,2.2,2.7,5.0,3.3
18,Female,4.81,65.7,7.5,7.1,4.2,1.91,No,Online,Average,Excellent,No,1,Middle,4.1,C,0.65,2,Negative,2.8,2.3,2.0,1.6,4.2,3.5,2.3
22,Female,6.9,71.1,6.6,7.5,1.7,2.08,No,Online,Average,Average,No,4,Low,3.6,A,0.23,2,Neutral,3.8,1.5,2.2,2.9,1.7,3.9,2.0
17,Female,3.51,88.1,5.4,4.6,8.5,2.05,No,Offline,Poor,Average,No,1,Middle,3.3,B,0.33,1,Positive,3.8,2.8,4.7,2.2,1.9,3.4,3.1
20,Male,5.28,69.8,9.2,8.8,3.2,2.02,Yes,Offline,Poor,Excellent,Yes,0,Low,7.6,B,0.75,1,Neutral,4.0,2.4,3.4,3.1,2.7,2.8,2.0
28,Female,7.24,64.4,6.4,3.6,6.2,1.3,Yes,Offline,Average,Average,No,3,Low,4.2,B,0.36,0,Positive,1.0,3.2,3.5,2.5,2.7,4.3,3.3
18,Female,2.42,78.7,8.2,6.6,2.4,1.31,No,Hybrid,Good,Poor,Yes,2,Low,5.3,C,0.38,0,Negative,2.0,2.4,4.7,3.3,3.6,5.0,2.4
20,Male,4.16,78.0,5.7,3.7,3.9,1.84,Yes,Offline,Average,Average,Yes,0,High,7.1,A,0.35,1,Positive,2.8,1.9,5.0,4.1,3.5,2.8,2.1
19,Female,5.26,68.5,7.8,6.2,5.4,1.57,No,Offline,Average,Poor,Yes,1,Low,3.7,B,0.48,1,Negative,3.3,2.1,2.3,2.8,1.4,4.3,1.9
25,Male,6.84,83.3,5.1,4.8,3.3,1.53,No,Hybrid,Average,Excellent,Yes,2,Middle,6.2,A,0.55,2,Positive,3.6,2.3,4.0,4.0,2.9,4.6,1.2
25,Female,4.72,85.5,7.6,3.9,4.4,1.97,No,Offline,Good,Average,No,3,Low,4.8,A,0.25,2,Positive,2.6,3.7,3.9,4.1,4.2,4.6,3.3
19,Female,3.48,82.0,6.2,8.7,4.2,1.67,No,Offline,Average,Excellent,Yes,1,Middle,1.8,B,0.47,2,Negative,3.8,1.7,3.0,1.7,2.9,5.0,2.5
18,Male,6.04,96.4,5.8,1.1,3.9,1.31,Yes,Offline,Poor,Excellent,Yes,2,Middle,3.7,A,0.55,2,Positive,1.0,1.8,4.2,4.3,2.0,2.4,3.0
22,Female,3.69,74.1,7.0,7.0,4.6,1.62,Yes,Online,Good,Good,No,0,Low,6.0,C,0.37,1,Neutral,1.6,3.1,3.2,3.2,2.0,4.4,2.7
20,Male,5.76,92.7,7.5,3.7,4.2,1.96,No,Online,Poor,Poor,Yes,0,Middle,4.4,A,0.68,0,Positive,2.5,3.3,4.4,2.8,2.8,3.5,1.9
22,Male,5.64,78.6,9.1,4.5,3.9,1.97,No,Offline,Average,Poor,No,4,Middle,4.2,A,0.62,0,Positive,5.0,2.3,4.0,4.1,3.5,3.7,2.8
17,Male,4.53,66.1,7.2,6.3,4.6,1.82,Yes,Offline,Poor,Good,Yes,0,Low,4.4,B,0.29,1,Positive,3.9,1.6,4.0,3.3,5.0,5.0,2.6
18,Female,6.65,66.7,8.0,7.0,4.3,1.71,No,Hybrid,Average,Good,Yes,2,High,3.6,B,0.45,2,Positive,2.6,2.1,3.2,3.9,2.0,4.7,3.5
23,Male,7.3,64.0,5.7,9.4,5.6,1.73,No,Online,Average,Good,Yes,2,Middle,3.9,A,0.33,1,Positive,4.7,2.1,3.7,3.3,2.6,5.0,2.0
19,Male,2.31,60.1,6.8,5.1,4.4,1.68,No,Hybrid,Average,Good,Yes,1,Middle,9.5,D,0.82,0,Neutral,2.0,3.2,5.0,3.6,4.4,4.6,2.5
25,Female,5.97,82.8,7.9,4.0,3.1,2.26,No,Online,Good,Excellent,No,2,Middle,2.3,A,0.79,2,Neutral,2.3,4.3,4.5,3.7,3.1,5.0,2.2
17,Male,4.6,62.7,8.4,2.9,3.3,1.99,Yes,Offline,Good,Good,No,2,High,3.1,A,0.28,2,Neutral,3.3,3.3,4.4,2.9,5.0,5.0,2.9
19,Male,4.33,76.0,8.3,4.3,7.6,2.12,No,Offline,Average,Good,Yes,0,Middle,4.4,B,0.57,0,Neutral,3.1,3.4,2.8,2.9,3.0,3.2,3.0
29,Male,5.11,80.3,8.0,2.9,5.7,1.95,No,Offline,Poor,Excellent,Yes,1,Low,2.3,B,0.49,2,Neutral,3.4,1.8,1.6,3.1,3.8,5.0,3.7
20,Male,7.3,77.0,6.0,4.9,3.3,1.72,No,Online,Average,Average,Yes,3,High,4.3,A,0.61,1,Positive,2.7,1.9,4.0,3.2,2.3,5.0,1.4
23,Male,4.65,88.0,8.2,7.3,2.6,1.86,Yes,Offline,Average,Average,No,3,High,2.0,A,0.64,2,Positive,3.7,3.3,5.0,3.4,1.0,4.3,2.8
18,Male,4.3,67.6,7.8,3.9,3.2,1.61,No,Offline,Average,Average,Yes,1,High,2.9,B,0.76,1,Negative,3.1,1.9,4.0,3.1,3.0,5.0,2.4
22,Non-Binary,2.43,70.2,5.7,5.5,4.8,1.57,No,Offline,Average,Average,No,0,Low,4.2,C,0.35,0,Positive,4.2,2.1,2.9,2.7,2.0,3.7,2.9
23,Female,4.61,89.8,5.4,6.9,3.2,2.13,No,Offline,Average,Good,No,2,Middle,2.0,B,0.5,0,Positive,3.8,2.8,2.9,1.2,1.8,2.9,2.9
19,Male,4.95,89.4,6.3,5.6,5.0,1.8,Yes,Offline,Good,Average,Yes,0,Middle,5.6,A,0.75,0,Neutral,2.3,3.0,3.5,3.2,3.4,4.6,2.0
24,Male,3.04,78.5,7.0,3.1,4.2,2.02,Yes,Online,Good,Good,No,1,Middle,4.3,A,0.96,2,Positive,1.8,2.3,4.0,3.2,2.9,4.7,2.5
22,Male,4.34,69.2,6.9,5.6,5.2,1.83,No,Offline,Average,Excellent,No,3,High,6.4,B,0.72,2,Positive,4.1,3.9,5.0,3.0,3.2,3.9,2.2
20,Female,5.92,71.7,5.6,7.4,3.2,1.53,No,Hybrid,Poor,Average,No,3,Middle,6.1,B,0.92,1,Neutral,1.9,1.5,5.0,1.4,1.4,5.0,2.1
21,Male,7.75,86.5,5.7,6.0,5.5,2.21,No,Offline,Good,Good,Yes,2,Middle,4.1,A,0.72,1,Neutral,4.1,2.8,3.3,3.0,2.5,3.7,2.4
21,Male,4.4,96.7,5.4,5.8,4.4,1.63,No,Offline,Good,Poor,No,2,Middle,4.6,B,0.47,1,Positive,2.7,4.0,2.5,1.6,4.5,5.0,2.5
18,Female,8.97,72.7,7.5,5.0,1.3,1.39,Yes,Offline,Average,Average,Yes,0,Middle,5.3,A,0.22,1,Positive,3.6,3.0,2.8,3.2,1.8,3.9,2.5
20,Male,6.98,77.4,8.7,6.0,3.8,2.05,No,Online,Poor,Good,Yes,1,Middle,6.6,A,0.7,0,Positive,2.4,1.3,3.9,3.1,2.0,3.4,3.7
20,Male,6.72,69.6,10.0,4.5,4.6,2.06,Yes,Hybrid,Average,Excellent,No,2,Low,2.2,A,0.79,2,Neutral,3.5,3.6,4.1,3.5,4.0,4.2,3.5
20,Female,6.18,89.7,7.8,3.9,2.8,0.9,No,Offline,Poor,Average,No,1,Middle,7.9,A,0.38,2,Neutral,4.2,2.8,2.7,3.2,3.2,4.3,2.1
23,Female,5.2,79.9,6.6,8.3,5.0,1.68,No,Online,Good,Poor,Yes,1,Low,3.0,B,0.3,0,Positive,2.6,2.8,5.0,2.4,3.0,3.9,1.2
21,Male,3.75,83.5,7.4,3.0,6.0,1.68,No,Offline,Poor,Average,No,3,Middle,3.2,A,0.83,0,Negative,2.1,4.2,3.8,3.0,3.2,5.0,3.4
26,Female,4.88,72.6,7.5,5.2,5.3,1.99,No,Hybrid,Average,Average,No,1,Middle,4.5,B,0.46,2,Neutral,2.2,1.4,3.7,2.0,2.0,5.0,3.1
19,Male,5.14,91.2,6.3,3.7,6.0,1.81,No,Offline,Good,Average,Yes,2,High,3.9,A,1.0,0,Positive,1.0,3.3,5.0,2.8,1.7,4.7,3.0
20,Female,5.34,84.4,6.9,2.9,5.3,1.92,No,Online,Good,Good,Yes,3,Middle,7.3,A,0.4,1,Positive,2.2,4.1,2.6,4.1,1.5,4.6,3.8
24,Female,8.11,88.9,5.8,7.6,4.9,1.71,No,Offline,Average,Poor,Yes,0,Middle,6.2,B,0.52,1,Positive,4.2,2.6,4.7,4.2,4.5,4.4,1.9
21,Female,9.04,76.4,8.2,3.8,4.7,1.65,No,Hybrid,Average,Good,No,1,Low,4.8,A,0.13,1,Positive,1.3,4.1,4.5,3.9,1.4,4.8,3.0
21,Female,6.12,73.0,6.2,9.0,3.6,2.13,Yes,Offline,Poor,Good,No,0,High,6.7,B,0.48,2,Neutral,2.5,2.3,3.2,3.0,3.1,3.3,2.9
17,Female,7.05,82.8,7.6,5.7,4.9,1.36,Yes,Online,Average,Good,Yes,2,Low,4.3,A,0.47,2,Positive,3.1,4.0,4.1,3.0,2.5,3.1,1.5
20,Female,3.68,82.0,8.0,3.4,4.2,1.71,Yes,Offline,Average,Poor,No,1,High,3.5,B,0.23,1,Neutral,3.1,1.7,3.3,2.6,4.1,5.0,3.7
19,Female,1.08,91.3,5.4,4.3,1.6,1.85,Yes,Offline,Average,Excellent,No,1,Middle,6.1,C,0.66,2,Neutral,2.2,3.6,3.5,2.0,3.0,4.6,2.4
29,Male,4.86,91.0,6.0,4.8,4.1,1.68,No,Hybrid,Poor,Average,No,1,Low,5.1,B,0.36,2,Positive,4.3,1.0,3.1,4.8,1.7,4.1,1.0
19,Male,5.56,66.8,7.4,4.5,3.3,1.75,No,Offline,Poor,Good,Yes,1,Middle,2.3,A,0.38,0,Positive,3.8,3.1,3.5,2.5,3.3,4.4,5.0
25,Female,7.88,60.9,7.3,6.1,5.9,1.89,No,Hybrid,Average,Average,No,2,Low,6.1,A,0.43,1,Positive,2.0,1.7,3.6,3.9,3.3,3.9,1.7
22,Female,9.91,91.3,6.2,4.6,3.6,1.11,No,Offline,Poor,Good,No,2,Low,3.6,A,0.45,2,Positive,2.9,3.5,4.0,3.0,2.2,3.4,2.4
20,Male,5.61,75.3,7.8,7.0,4.3,2.09,No,Offline,Poor,Average,Yes,2,Middle,3.0,B,0.31,2,Neutral,2.4,2.1,3.2,4.7,2.7,4.4,3.0
21,Female,7.69,74.9,8.4,4.3,2.0,2.16,No,Offline,Average,Average,Yes,1,Middle,2.7,A,0.53,1,Neutral,3.5,2.9,3.7,4.4,3.9,4.8,3.2
24,Female,7.31,86.2,7.3,4.7,5.6,1.93,No,Online,Poor,Poor,No,2,Low,4.3,A,0.5,0,Positive,4.5,2.3,4.6,3.7,4.3,5.0,1.8
25,Non-Binary,5.52,80.7,6.4,5.5,7.7,2.05,No,Offline,Average,Average,Yes,2,Middle,5.8,A,0.72,0,Positive,3.5,4.1,3.2,4.4,3.0,3.3,3.3
18,Female,6.75,79.8,8.7,3.4,3.6,1.97,No,Online,Poor,Excellent,No,2,High,4.1,A,0.66,2,Positive,4.6,2.8,4.6,3.8,4.3,4.4,2.8
20,Male,5.86,83.9,6.4,2.8,5.1,1.68,No,Offline,Poor,Good,Yes,3,Middle,5.0,A,0.44,2,Positive,2.9,2.4,2.6,4.2,3.3,5.0,4.9
20,Male,8.2,76.2,6.5,5.7,4.8,1.7,No,Hybrid,Good,Average,Yes,2,Middle,2.3,A,0.35,0,Positive,1.4,1.5,4.2,4.5,2.6,3.1,1.7
17,Male,2.99,78.2,8.3,7.3,2.1,1.61,No,Offline,Poor,Good,Yes,1,Low,6.4,C,0.89,2,Negative,2.3,1.7,3.7,2.3,3.2,2.0,3.3
22,Male,0.47,75.0,7.5,3.8,5.8,1.68,Yes,Online,Average,Excellent,Yes,1,Low,5.4,C,0.95,1,Neutral,3.7,2.1,3.6,2.5,2.2,4.1,3.1
25,Female,5.37,82.4,5.2,5.1,5.8,1.67,Yes,Online,Average,Good,Yes,0,Middle,5.7,C,0.33,0,Neutral,2.9,2.7,2.2,3.2,2.5,3.4,3.2
20,Female,6.96,74.0,7.2,8.3,4.0,1.56,Yes,Online,Average,Average,No,0,Middle,5.5,C,0.57,0,Positive,3.1,2.0,3.9,2.1,3.9,3.2,2.8
23,Female,7.21,94.0,9.7,5.1,1.5,1.23,No,Online,Poor,Excellent,Yes,3,Middle,3.1,A,0.95,1,Positive,2.6,1.0,4.2,3.2,1.0,4.5,3.1
22,Female,3.98,83.8,5.8,5.0,7.6,1.32,No,Offline,Good,Average,No,0,Low,6.8,C,0.3,2,Neutral,2.5,2.4,3.7,2.5,2.6,4.6,2.1
20,Male,6.21,78.7,7.4,3.8,5.9,1.36,No,Online,Good,Good,No,2,Low,2.1,A,0.58,1,Positive,4.2,1.1,2.6,4.2,3.0,4.3,3.5
18,Male,3.81,89.3,3.8,6.6,3.6,1.39,No,Online,Poor,Good,No,0,High,4.1,C,0.72,1,Neutral,4.9,3.2,5.0,1.7,3.8,5.0,3.2
23,Male,6.48,82.9,6.0,5.7,5.9,2.06,No,Offline,Average,Excellent,Yes,2,Middle,2.5,A,0.75,1,Neutral,2.5,2.5,3.5,3.9,2.7,5.0,2.6
25,Male,3.63,87.9,7.2,3.1,0.5,1.92,Yes,Offline,Good,Excellent,No,2,High,5.0,A,0.96,2,Neutral,2.4,2.0,3.7,3.4,3.8,3.8,3.5
23,Female,2.97,85.4,7.7,6.6,1.2,1.39,No,Hybrid,Average,Excellent,No,0,High,5.7,B,0.64,2,Positive,3.9,2.3,4.8,1.3,3.2,5.0,2.2
17,Male,7.01,66.9,10.0,5.8,3.3,1.77,Yes,Offline,Average,Poor,Yes,1,High,1.0,A,0.51,0,Positive,4.6,3.4,3.6,3.9,1.7,3.3,3.3
19,Male,2.62,91.3,7.9,6.4,5.8,2.16,Yes,Offline,Poor,Excellent,No,3,Middle,5.3,B,0.69,1,Positive,4.1,2.3,5.0,3.0,2.5,3.6,3.1
17,Male,2.18,89.5,6.9,5.1,3.0,2.01,No,Online,Average,Poor,Yes,1,Low,4.6,B,0.56,0,Neutral,4.9,2.8,2.2,2.2,2.9,4.4,3.3
21,Female,6.71,76.2,9.3,6.4,5.6,1.39,No,Offline,Average,Average,Yes,1,Middle,4.0,B,0.63,2,Positive,4.2,3.2,3.7,3.1,3.3,3.8,2.2
23,Male,5.33,100.0,6.9,6.9,4.3,1.91,No,Online,Good,Good,No,2,High,3.3,A,0.34,1,Positive,3.8,2.0,5.0,2.1,2.6,5.0,2.8
18,Female,0.5,67.2,7.4,4.7,3.7,1.31,No,Offline,Average,Good,No,1,Middle,5.0,D,0.48,0,Neutral,4.3,2.1,3.8,3.7,2.3,3.0,2.5
24,Male,7.49,90.2,8.3,5.1,4.5,1.78,Yes,Online,Average,Good,Yes,4,Middle,3.7,A,0.62,0,Positive,3.5,2.0,3.0,3.4,3.6,3.6,1.8
21,Female,2.67,77.1,7.5,5.8,3.7,1.67,Yes,Online,Poor,Good,No,1,High,3.5,C,0.69,2,Neutral,3.1,3.3,4.3,2.6,2.7,3.7,3.8
23,Male,4.22,79.3,6.1,3.8,3.8,1.61,No,Online,Average,Excellent,No,1,High,4.4,B,0.41,1,Positive,3.6,3.1,3.8,3.3,3.3,4.2,5.0
28,Female,4.9,88.7,8.3,3.4,6.1,1.73,No,Offline,Average,Average,No,1,Middle,3.4,A,0.68,0,Neutral,3.5,3.4,4.9,3.7,3.5,4.2,3.0
18,Female,9.15,90.2,6.8,1.5,6.0,1.62,No,Hybrid,Poor,Average,Yes,1,Low,4.7,A,0.38,0,Positive,2.4,2.3,4.8,4.6,4.4,3.7,3.5
25,Female,5.08,88.1,7.0,5.5,4.6,2.16,No,Online,Average,Excellent,No,0,Low,4.0,A,0.96,1,Positive,3.6,4.0,3.8,3.1,3.4,4.6,2.6
18,Female,6.94,66.5,7.5,3.2,5.5,1.86,No,Online,Good,Poor,Yes,1,Middle,5.0,A,0.61,0,Positive,3.2,3.9,3.6,3.4,3.6,5.0,5.0
20,Male,4.85,90.7,6.1,4.8,5.6,1.71,No,Online,Good,Good,No,0,High,1.8,A,1.0,2,Neutral,3.5,1.9,4.2,3.4,3.4,5.0,2.1
25,Male,6.15,73.5,7.1,2.9,2.7,2.01,No,Online,Good,Good,Yes,3,High,3.5,A,0.65,0,Positive,3.1,3.5,4.4,4.1,3.1,5.0,3.0
25,Male,2.31,78.4,7.6,7.4,3.9,2.2,No,Online,Average,Good,No,3,Low,4.7,A,0.2,1,Negative,3.4,1.6,3.5,2.8,1.8,4.5,2.0
21,Female,5.13,81.8,9.3,9.9,0.5,1.93,Yes,Hybrid,Poor,Good,Yes,2,Middle,6.1,A,0.29,0,Positive,3.3,1.0,3.7,2.8,2.6,3.0,2.3
22,Male,3.91,66.4,6.6,8.8,5.4,1.95,Yes,Hybrid,Average,Average,Yes,2,Middle,3.1,B,0.59,0,Negative,1.9,2.5,2.6,2.5,1.7,4.6,2.5
23,Male,3.1,91.2,6.8,5.6,5.7,2.31,No,Online,Average,Excellent,No,1,Middle,2.8,A,0.88,2,Positive,2.3,2.8,3.2,3.3,2.1,3.9,2.6
24,Female,5.72,78.1,8.3,6.9,3.3,1.62,No,Hybrid,Average,Average,Yes,1,Low,4.9,A,0.27,1,Positive,1.5,2.9,4.3,1.9,2.5,5.0,2.1
18,Female,7.21,69.1,7.0,6.7,5.2,1.25,Yes,Offline,Good,Good,Yes,0,Middle,7.4,B,0.17,0,Positive,4.4,3.2,2.1,2.0,3.7,4.3,1.2
24,Male,6.08,73.7,6.5,7.4,2.4,1.55,Yes,Online,Average,Poor,No,2,High,5.4,B,0.99,1,Positive,3.0,3.0,4.2,1.4,2.6,4.2,2.3
21,Female,4.5,67.5,7.4,1.9,1.6,1.98,No,Hybrid,Average,Good,No,1,High,2.4,A,0.32,1,Neutral,3.3,3.3,5.0,3.7,2.2,5.0,3.5
20,Female,6.6,68.5,6.0,9.2,4.6,2.23,No,Online,Average,Good,Yes,2,Middle,2.8,B,0.47,2,Neutral,3.0,2.1,3.8,4.3,2.6,2.9,1.8
20,Male,2.91,83.6,6.5,3.5,6.9,1.39,Yes,Online,Average,Excellent,Yes,1,Middle,6.2,C,0.52,1,Positive,2.0,4.0,3.8,3.9,4.3,5.0,4.3
21,Male,5.77,85.0,6.9,1.9,6.7,1.86,No,Online,Poor,Good,No,4,Low,4.2,A,0.1,0,Neutral,2.8,2.9,2.5,3.5,1.7,4.7,3.0
26,Female,6.17,92.8,6.3,1.9,4.4,2.04,Yes,Online,Average,Good,No,2,Middle,3.1,A,0.63,1,Positive,3.0,4.1,4.2,3.8,3.5,5.0,5.0
21,Female,4.95,100.0,6.4,6.7,4.9,2.07,No,Offline,Good,Excellent,Yes,2,Low,2.7,A,0.28,2,Positive,1.2,1.0,4.0,2.2,3.6,5.0,2.5
27,Male,4.62,88.5,8.6,4.7,6.0,1.65,Yes,Online,Poor,Good,No,1,Low,6.4,B,0.23,2,Neutral,3.5,2.3,3.4,4.1,3.9,4.1,1.8
18,Male,5.37,56.2,4.7,4.3,0.8,1.33,No,Online,Poor,Good,No,3,Low,4.4,B,0.91,0,Neutral,3.4,2.8,3.7,3.3,2.2,4.1,2.9
23,Female,4.0,87.1,6.9,5.0,3.8,1.8,No,Hybrid,Poor,Good,Yes,1,Middle,5.3,B,0.71,1,Positive,2.7,3.3,3.6,2.7,2.1,4.9,3.3
24,Female,4.69,82.9,6.7,7.9,3.4,1.54,Yes,Online,Average,Good,Yes,1,High,2.1,B,0.49,1,Positive,4.5,3.0,4.0,2.2,2.0,4.3,2.4
22,Female,6.6,86.8,8.4,6.5,2.6,2.32,No,Online,Average,Excellent,Yes,1,High,6.1,A,0.99,2,Neutral,3.4,3.4,5.0,3.4,3.5,4.3,3.1
22,Male,1.29,89.0,7.4,8.7,4.9,1.64,No,Hybrid,Average,Average,No,1,Middle,5.3,C,0.3,2,Positive,3.9,2.4,1.5,1.0,3.0,5.0,1.0
21,Male,7.62,82.1,7.7,5.1,4.8,1.55,Yes,Online,Poor,Good,Yes,3,Middle,5.5,A,0.41,0,Positive,3.4,2.6,4.0,2.9,2.0,4.0,2.3
25,Female,6.04,89.6,8.3,7.2,2.7,1.79,No,Offline,Average,Good,Yes,2,Middle,5.7,B,0.66,1,Positive,3.4,3.3,4.7,3.7,1.9,2.7,3.1
24,Male,5.56,87.4,7.9,5.7,7.1,1.34,Yes,Online,Poor,Excellent,No,2,Middle,2.8,B,0.74,2,Positive,1.0,2.8,3.8,1.4,2.3,4.3,4.0
18,Non-Binary,3.12,100.0,5.7,8.0,3.7,1.91,Yes,Offline,Average,Excellent,Yes,1,Middle,5.3,B,0.61,2,Neutral,2.5,3.3,3.2,1.2,2.5,4.8,2.1
24,Female,4.3,73.9,6.1,3.5,0.5,1.5,No,Offline,Average,Good,No,2,Middle,7.5,B,0.53,0,Neutral,2.9,3.4,2.9,4.0,2.3,2.9,2.7
20,Male,3.93,70.5,7.3,7.6,3.9,1.52,Yes,Online,Average,Good,Yes,1,Low,4.7,C,0.13,2,Negative,1.9,2.4,1.2,3.5,3.0,3.3,2.8
19,Female,6.48,78.3,8.1,10.0,3.5,1.58,No,Offline,Good,Average,No,1,Middle,6.0,A,0.62,2,Positive,2.8,2.7,3.9,3.5,2.9,5.0,2.2
25,Male,6.38,100.0,6.8,4.9,7.9,1.83,Yes,Online,Poor,Good,Yes,0,Low,5.3,B,0.56,0,Neutral,3.9,3.0,3.7,3.3,1.7,4.4,3.0
20,Female,7.42,60.2,6.6,5.4,4.4,1.83,Yes,Hybrid,Average,Excellent,Yes,1,Low,7.2,B,0.22,2,Positive,3.0,2.9,3.8,3.6,2.4,4.1,2.6
24,Male,5.23,78.1,7.6,3.0,5.0,1.8,Yes,Online,Average,Excellent,No,3,Middle,3.7,A,0.62,2,Neutral,1.7,2.4,5.0,4.1,3.9,5.0,3.1
19,Male,1.07,68.9,8.7,5.0,5.0,1.21,No,Online,Good,Excellent,No,2,Low,5.8,C,0.72,2,Negative,3.5,2.6,3.7,2.1,3.4,4.2,2.8
17,Female,3.18,79.2,7.2,4.6,2.9,1.19,Yes,Online,Poor,Average,No,0,Middle,7.5,B,0.45,2,Negative,1.1,2.4,4.6,2.7,2.2,5.0,3.4
21,Female,4.37,84.2,8.2,4.5,3.4,1.7,No,Offline,Average,Excellent,No,2,Middle,5.2,A,0.92,2,Positive,3.6,3.0,2.8,2.1,3.6,3.9,2.6
18,Male,5.76,70.8,8.7,6.6,4.7,1.95,No,Offline,Good,Excellent,No,3,Middle,3.5,A,0.72,2,Negative,2.5,2.7,3.5,2.2,4.1,5.0,3.3
23,Female,2.1,92.5,8.0,5.0,3.3,1.8,Yes,Offline,Good,Average,No,2,High,4.6,A,0.23,1,Negative,4.9,2.6,4.6,2.9,2.9,5.0,2.1
19,Male,4.69,100.0,7.5,5.7,5.4,1.22,No,Hybrid,Average,Good,No,2,High,4.1,B,0.64,0,Neutral,1.5,2.5,4.3,2.8,4.3,3.2,2.5
20,Male,5.21,75.6,7.8,7.7,5.1,2.07,No,Hybrid,Average,Good,No,3,Low,3.6,A,0.78,0,Neutral,3.0,2.7,4.7,2.2,3.8,3.4,1.5
18,Male,3.89,88.9,7.1,4.0,3.8,1.21,No,Offline,Poor,Good,No,0,Middle,7.7,C,0.81,2,Positive,1.9,1.5,5.0,4.1,3.6,4.5,2.0
19,Male,4.7,71.2,10.0,7.9,5.1,1.56,No,Hybrid,Poor,Excellent,No,0,Middle,4.8,B,0.98,2,Positive,2.6,1.1,5.0,2.0,2.4,4.2,1.1
24,Male,9.61,69.6,6.7,3.1,2.5,1.62,No,Online,Poor,Good,Yes,2,High,3.0,A,0.57,0,Neutral,5.0,2.9,4.8,3.8,1.3,5.0,3.3
18,Male,5.03,87.8,6.4,1.8,4.4,1.83,Yes,Hybrid,Poor,Good,Yes,3,High,2.5,A,0.57,0,Neutral,2.6,4.2,4.0,3.6,1.7,4.9,4.6
22,Male,9.01,87.8,6.9,4.2,3.3,1.3,Yes,Hybrid,Good,Good,Yes,2,Low,4.3,A,0.39,2,Positive,1.8,4.0,4.1,3.8,1.5,4.9,2.7
26,Male,5.54,69.2,6.8,3.6,4.8,1.94,Yes,Offline,Average,Good,No,1,Middle,2.5,A,0.77,1,Neutral,3.6,1.8,3.1,3.2,3.8,2.8,4.5
22,Male,3.65,86.4,6.6,4.8,5.7,1.6,No,Online,Good,Excellent,No,0,High,2.6,B,0.34,2,Positive,2.6,5.0,5.0,2.0,2.6,3.7,3.0
24,Female,6.16,94.4,9.2,8.3,3.3,1.41,No,Offline,Poor,Good,No,3,Middle,1.9,A,0.18,0,Neutral,2.6,1.5,2.9,3.1,2.8,4.1,2.7
18,Male,4.24,74.6,8.7,2.8,1.9,1.6,No,Offline,Average,Good,Yes,2,Low,5.3,A,0.63,2,Neutral,2.7,2.3,3.5,3.2,4.6,3.5,3.5
19,Female,4.93,64.6,5.9,1.7,7.3,2.28,No,Online,Poor,Average,Yes,2,Low,3.6,A,0.83,0,Negative,2.7,1.4,4.1,3.9,1.5,2.9,3.4
25,Female,0.59,83.2,7.0,6.3,3.2,1.86,No,Hybrid,Poor,Average,No,2,Low,5.5,C,0.33,0,Positive,4.2,2.0,3.8,2.2,3.5,3.0,2.4
23,Female,5.74,90.6,7.0,8.9,4.1,1.7,No,Online,Average,Good,No,1,Low,2.2,A,0.27,2,Neutral,1.4,1.9,4.2,4.1,2.7,3.7,1.9
22,Female,3.88,80.1,4.2,2.2,4.1,1.92,No,Offline,Average,Excellent,Yes,1,Middle,3.4,A,0.65,2,Neutral,3.1,4.4,3.2,4.2,1.1,4.3,2.6
22,Female,7.29,86.1,6.6,4.8,1.6,1.83,No,Offline,Average,Average,No,2,Middle,3.0,A,0.93,2,Positive,3.3,3.4,3.2,2.6,3.2,4.3,2.3
20,Male,5.26,74.9,7.2,5.4,7.9,1.72,No,Offline,Poor,Average,Yes,2,Low,3.4,A,0.06,1,Neutral,3.2,3.6,2.1,4.9,1.9,4.2,3.4
17,Female,4.28,82.8,7.2,1.0,4.0,2.21,No,Hybrid,Average,Average,Yes,3,Middle,1.0,A,0.2,2,Negative,1.9,4.9,3.5,3.2,1.0,3.9,4.9
24,Female,2.95,77.5,6.4,6.3,5.0,2.02,Yes,Online,Poor,Good,No,0,High,7.6,C,0.65,2,Negative,2.0,4.3,4.8,2.1,1.0,3.9,2.4
22,Female,5.07,82.1,7.7,5.9,4.9,1.86,No,Offline,Average,Excellent,No,2,High,3.5,A,0.6,1,Positive,2.7,4.2,4.7,2.5,2.1,4.9,3.6
21,Female,4.28,87.3,4.2,4.5,3.1,1.76,No,Offline,Average,Good,No,3,Middle,4.5,A,0.11,2,Positive,2.0,3.1,3.5,2.7,2.4,3.2,2.2
25,Male,3.48,79.6,6.2,5.4,3.9,1.7,No,Offline,Poor,Good,Yes,0,High,7.3,C,0.73,2,Neutral,3.3,2.4,4.6,2.3,2.8,4.0,2.3
20,Female,8.74,78.9,9.0,1.0,3.3,1.95,Yes,Offline,Average,Good,Yes,2,High,4.7,A,0.55,0,Positive,4.2,4.2,5.0,4.7,1.0,3.3,3.8
19,Female,4.73,64.8,5.8,4.4,3.7,2.01,No,Offline,Average,Poor,Yes,0,High,3.9,B,0.34,0,Positive,3.1,2.2,4.6,3.6,2.3,5.0,3.0
25,Male,6.8,61.3,6.6,5.6,5.0,1.9,No,Online,Average,Good,Yes,2,High,4.4,A,0.23,2,Neutral,2.7,3.1,2.4,3.2,3.4,4.3,4.2
24,Male,7.94,74.4,9.5,3.1,4.5,1.98,Yes,Offline,Poor,Good,No,0,High,4.9,A,0.53,0,Positive,1.0,2.9,4.4,3.4,3.3,5.0,4.4
21,Female,5.82,79.7,6.5,3.6,2.8,1.5,No,Hybrid,Average,Good,Yes,3,Middle,4.5,A,0.68,1,Positive,3.3,2.5,4.5,3.6,1.8,4.5,3.9
18,Female,6.26,76.1,5.9,6.1,4.5,2.35,Yes,Offline,Good,Excellent,Yes,2,Low,5.5,A,0.58,2,Neutral,2.2,1.2,2.8,3.1,4.4,5.0,1.9
19,Female,6.02,80.2,8.7,8.8,4.5,1.64,No,Hybrid,Average,Good,Yes,1,Middle,4.9,A,0.77,2,Positive,2.7,2.5,4.7,1.3,1.5,4.4,1.3
22,Female,6.92,76.8,8.2,8.0,4.2,1.93,No,Offline,Poor,Good,No,3,Low,4.7,A,0.37,1,Neutral,2.3,1.5,3.2,3.5,1.2,3.9,2.5
20,Male,6.15,75.5,8.8,7.4,1.4,1.32,No,Offline,Average,Excellent,No,1,High,6.1,A,0.63,2,Neutral,2.8,2.9,4.8,2.7,3.1,5.0,2.7
24,Male,6.01,73.7,7.2,5.8,2.5,1.98,No,Offline,Average,Excellent,No,1,Middle,3.6,A,0.83,2,Neutral,3.2,2.5,2.9,4.0,2.1,5.0,2.7
26,Male,5.29,78.8,7.1,4.4,4.7,1.63,No,Hybrid,Good,Good,Yes,4,High,3.9,A,0.25,1,Positive,3.4,2.8,2.7,2.3,3.5,4.4,2.8
24,Male,4.05,87.0,4.7,2.7,3.9,2.21,No,Offline,Average,Average,Yes,4,High,5.1,A,0.55,1,Positive,4.1,3.0,5.0,3.4,2.0,4.5,1.8
20,Male,4.15,77.0,6.6,4.7,8.0,1.76,No,Offline,Poor,Good,Yes,0,Middle,5.0,B,0.43,2,Neutral,2.8,1.7,4.3,3.7,3.5,3.8,2.5
24,Male,3.74,63.6,8.8,2.4,3.0,2.11,Yes,Hybrid,Average,Good,Yes,3,Low,4.5,A,0.48,1,Neutral,2.8,2.6,1.5,4.0,4.5,5.0,2.8
20,Female,5.39,71.3,8.0,3.8,5.0,1.6,No,Offline,Average,Poor,Yes,3,Low,2.7,A,0.32,0,Neutral,4.2,2.2,3.0,3.1,3.8,5.0,2.9
18,Female,7.61,71.0,6.6,4.5,6.6,1.88,No,Hybrid,Average,Poor,Yes,1,Middle,1.0,A,0.6,0,Positive,3.9,2.1,1.7,2.5,2.4,4.8,2.2
17,Male,3.13,80.9,6.6,5.1,1.1,2.22,Yes,Offline,Good,Poor,No,1,High,4.7,A,0.86,0,Neutral,4.3,2.0,5.0,2.9,2.4,2.9,2.4
20,Male,3.8,89.7,9.4,4.9,4.0,2.03,Yes,Online,Average,Good,No,4,High,1.5,A,0.79,2,Positive,3.9,2.0,3.9,2.2,2.4,5.0,3.3
25,Male,3.06,52.5,7.4,5.9,4.6,1.92,No,Offline,Average,Good,Yes,0,Low,3.9,B,0.81,0,Neutral,5.0,2.0,3.5,2.1,3.4,3.2,2.8
19,Female,4.89,72.3,7.0,6.0,3.5,1.66,Yes,Offline,Poor,Average,No,3,Low,7.1,C,0.66,1,Neutral,3.7,2.0,2.9,2.1,2.5,2.5,1.0
19,Male,7.03,72.9,8.0,3.0,4.9,2.01,No,Hybrid,Average,Average,Yes,2,Low,5.0,A,0.45,0,Neutral,1.9,3.5,3.0,4.7,2.0,5.0,3.5
27,Male,4.34,100.0,7.7,1.9,1.4,2.13,Yes,Hybrid,Average,Good,No,4,Middle,5.7,A,0.56,0,Positive,3.7,3.4,3.2,3.0,3.1,4.5,2.8
17,Female,5.61,72.7,6.7,5.3,0.5,1.85,No,Offline,Poor,Average,No,2,High,1.0,A,0.99,0,Positive,3.4,1.9,5.0,3.2,4.1,5.0,2.5
24,Female,0.4,85.1,5.1,1.4,4.1,1.57,Yes,Offline,Good,Average,No,2,Low,5.6,B,0.26,0,Negative,2.6,3.0,3.0,2.0,3.3,3.5,4.1
19,Male,4.71,95.0,8.3,3.2,2.3,2.07,No,Offline,Average,Good,Yes,4,Middle,3.4,A,0.34,0,Neutral,2.5,1.5,3.0,4.1,4.3,5.0,4.1
17,Male,5.96,75.0,7.1,2.4,5.4,1.79,No,Hybrid,Poor,Good,Yes,4,Middle,5.3,A,0.56,1,Positive,2.8,3.3,4.2,3.7,2.8,2.6,3.7
26,Male,3.78,78.2,5.2,5.1,2.5,1.55,No,Offline,Good,Average,Yes,1,Middle,6.5,A,0.41,0,Positive,1.0,2.5,1.8,3.9,2.9,3.5,2.1
18,Female,1.77,79.3,9.7,4.6,5.5,1.47,No,Online,Average,Good,Yes,0,Middle,4.0,C,0.56,1,Neutral,1.0,2.1,3.2,2.0,3.2,5.0,4.1
21,Female,5.91,81.9,8.2,5.4,3.4,1.8,No,Offline,Average,Average,No,2,Middle,3.9,A,0.37,0,Neutral,3.1,4.4,3.3,3.2,4.0,4.3,3.9
19,Male,4.78,71.7,5.6,6.6,3.0,1.97,Yes,Online,Poor,Good,No,0,Middle,5.7,B,0.47,2,Neutral,2.5,2.3,2.6,2.3,3.2,3.9,2.7
17,Female,8.58,81.1,7.8,4.3,2.2,2.15,Yes,Online,Average,Average,No,2,Middle,3.5,A,0.21,1,Positive,2.4,3.2,3.8,3.3,1.8,5.0,3.2
17,Male,3.85,74.4,6.3,6.0,4.3,2.04,No,Hybrid,Average,Average,No,1,Middle,7.2,B,0.48,2,Positive,2.7,2.3,3.6,3.4,5.0,4.2,2.6
18,Male,4.69,72.6,6.7,6.5,3.2,2.0,No,Hybrid,Good,Good,No,3,Middle,3.3,A,0.48,2,Neutral,1.5,1.6,4.2,2.9,4.5,3.8,2.7
17,Male,4.24,94.5,6.5,7.0,4.4,2.13,Yes,Hybrid,Poor,Good,Yes,0,High,4.9,B,0.48,0,Positive,3.7,2.6,4.5,2.0,3.6,3.3,1.5
23,Female,5.2,64.9,6.8,1.0,6.1,1.33,No,Online,Good,Average,Yes,0,Middle,2.3,A,0.33,0,Positive,2.7,2.9,4.8,2.4,2.3,4.0,4.8
21,Male,1.39,89.4,6.6,3.0,4.8,1.86,No,Hybrid,Average,Average,No,3,Middle,5.3,B,0.43,0,Neutral,3.0,3.6,2.7,2.8,2.6,5.0,3.0
20,Male,7.68,77.8,10.0,7.0,4.8,1.8,Yes,Hybrid,Average,Excellent,Yes,3,Middle,1.0,A,0.47,1,Neutral,3.9,2.2,4.5,3.0,3.6,5.0,2.6
20,Male,6.26,79.1,8.9,7.4,5.9,1.83,Yes,Hybrid,Average,Good,Yes,2,High,3.5,A,0.46,0,Positive,2.7,2.2,3.5,3.8,2.2,4.3,3.4
26,Male,4.54,73.3,5.0,1.7,2.2,1.98,No,Hybrid,Poor,Average,Yes,3,Middle,6.0,A,0.83,2,Positive,3.9,4.1,4.2,4.5,2.7,3.3,3.3
26,Female,4.28,81.2,8.3,4.3,1.4,2.39,No,Online,Good,Good,No,3,Middle,1.5,A,0.75,2,Negative,3.4,3.0,4.4,3.5,2.3,4.3,2.9
23,Male,6.02,85.7,6.7,4.5,6.9,1.7,Yes,Offline,Average,Average,No,1,Middle,1.9,B,0.22,0,Positive,3.9,3.0,4.3,3.8,3.1,4.0,3.4
25,Male,5.71,69.2,6.4,4.1,4.1,1.52,No,Online,Average,Good,Yes,1,High,6.7,B,0.55,0,Positive,4.0,3.1,4.1,2.9,3.4,4.5,4.1
19,Female,4.17,85.4,6.5,6.2,6.0,1.49,Yes,Online,Poor,Poor,No,0,Middle,6.6,B,0.34,0,Neutral,3.5,3.3,4.4,3.0,3.7,4.9,3.2
20,Female,4.67,58.8,8.0,6.4,3.9,1.81,Yes,Offline,Poor,Average,No,0,High,3.7,C,0.81,1,Neutral,2.9,4.5,5.0,3.4,1.8,4.5,3.7
22,Female,5.68,71.2,5.7,6.8,3.3,1.67,No,Hybrid,Average,Poor,No,2,Middle,7.5,B,0.34,1,Neutral,3.5,2.1,3.2,2.7,2.4,3.8,1.9
22,Female,4.16,66.5,8.3,8.4,1.4,2.1,Yes,Online,Average,Good,No,2,Middle,5.4,B,0.62,2,Positive,2.0,2.1,3.6,3.1,2.3,3.6,1.0
21,Male,4.35,76.8,7.1,7.7,7.0,1.37,No,Offline,Poor,Good,No,1,Middle,7.7,C,0.58,2,Neutral,3.4,1.8,3.1,2.4,2.3,3.1,2.7
20,Female,4.16,85.8,8.9,6.6,2.9,1.98,No,Offline,Average,Good,No,4,Middle,2.2,A,0.64,0,Neutral,3.8,2.3,3.4,2.7,3.1,5.0,4.1
28,Female,4.29,72.2,7.2,6.6,4.4,1.8,No,Offline,Good,Poor,Yes,2,Low,7.3,B,0.65,1,Negative,2.0,2.8,3.8,3.3,2.4,5.0,1.0
24,Male,2.43,82.3,8.3,7.0,5.1,1.99,Yes,Offline,Average,Average,Yes,2,Low,4.9,B,0.47,2,Positive,4.3,2.8,3.2,1.2,1.8,4.7,2.5
20,Female,3.14,77.9,3.4,4.7,3.1,1.63,No,Offline,Average,Good,No,0,Middle,5.0,C,0.57,2,Neutral,2.9,3.7,3.6,2.5,3.2,3.3,1.9
23,Male,5.73,92.2,7.1,3.3,4.3,1.83,Yes,Hybrid,Average,Average,Yes,2,Middle,4.1,A,0.69,1,Positive,3.4,2.7,4.2,5.0,1.0,5.0,4.2
19,Non-Binary,6.56,61.3,7.2,4.3,5.2,2.18,No,Offline,Good,Good,Yes,3,Middle,3.0,A,0.67,2,Negative,1.8,3.2,3.7,2.2,2.4,4.7,4.4
18,Female,4.9,62.1,6.0,6.1,3.3,1.53,Yes,Offline,Average,Average,No,0,Low,2.7,B,0.73,2,Positive,1.0,1.9,2.4,3.7,4.1,3.8,1.0
20,Female,0.96,76.6,7.9,4.7,4.2,1.77,Yes,Hybrid,Average,Good,Yes,0,Middle,7.2,D,0.28,1,Positive,4.2,2.2,2.7,1.9,4.3,4.6,3.9
20,Female,2.07,59.8,9.3,4.4,2.7,2.11,Yes,Online,Average,Good,Yes,2,Low,4.0,B,0.54,2,Negative,2.9,3.6,3.8,1.9,3.6,2.9,3.1
17,Female,5.81,80.6,5.6,4.1,3.3,1.41,No,Online,Average,Excellent,No,2,Low,3.1,A,0.23,1,Neutral,4.0,2.6,3.3,3.0,2.6,4.2,1.7
24,Male,8.33,81.1,5.6,3.8,2.6,1.87,No,Online,Good,Average,No,2,Low,6.1,A,0.72,1,Neutral,2.8,2.4,2.9,2.6,3.7,4.2,2.6
20,Male,7.39,70.1,7.8,3.4,5.0,2.08,Yes,Hybrid,Average,Poor,No,3,Middle,7.1,A,0.29,1,Positive,2.1,1.8,2.9,3.1,5.0,5.0,2.7
22,Male,4.6,71.2,6.6,3.6,6.8,1.59,No,Online,Average,Good,No,1,Low,3.9,B,0.72,1,Positive,4.7,3.7,3.0,4.1,3.3,3.6,2.9
17,Male,4.31,81.8,9.3,2.6,4.8,1.37,No,Offline,Average,Excellent,No,1,Middle,3.9,A,0.54,2,Negative,2.9,1.7,3.5,4.4,3.8,5.0,4.0
18,Female,4.15,83.3,7.3,4.6,3.6,1.79,No,Offline,Good,Excellent,Yes,2,Middle,3.5,A,0.72,2,Neutral,3.1,1.6,4.8,2.2,5.0,4.2,2.5
25,Male,8.43,76.8,8.3,8.2,4.8,1.92,Yes,Offline,Average,Good,Yes,2,Low,7.6,A,0.82,1,Neutral,2.8,2.7,5.0,3.0,3.6,5.0,1.1
22,Male,5.47,85.1,5.3,4.8,3.6,2.12,No,Online,Average,Good,Yes,1,Middle,4.7,A,0.56,0,Positive,1.6,2.6,4.0,3.5,2.3,5.0,4.0
27,Female,3.19,72.6,7.3,8.2,1.5,2.13,Yes,Online,Average,Good,No,3,Middle,6.1,B,0.49,1,Negative,3.5,2.6,5.0,2.9,1.2,3.8,1.7
29,Female,6.88,81.7,6.8,5.4,7.3,1.76,No,Offline,Poor,Good,No,3,High,5.8,A,0.66,0,Neutral,3.4,2.5,3.9,4.5,3.7,3.8,2.9
20,Male,6.65,90.3,7.8,4.1,5.0,2.08,No,Offline,Average,Good,No,1,High,4.0,A,0.68,0,Neutral,3.9,3.6,4.5,3.2,2.2,4.1,3.2
19,Male,1.03,89.3,8.3,5.2,3.5,1.53,No,Offline,Average,Excellent,No,0,High,5.2,C,0.54,2,Neutral,2.2,3.7,3.8,2.4,3.5,5.0,3.5
25,Male,3.77,69.6,6.5,8.3,3.1,1.61,No,Offline,Good,Good,Yes,0,Middle,8.3,C,0.84,2,Negative,1.4,3.3,4.7,1.4,1.8,4.5,1.5
29,Female,7.0,71.2,5.8,7.8,4.4,1.52,Yes,Hybrid,Good,Good,No,0,Middle,6.9,C,0.74,0,Positive,3.6,2.1,4.8,2.6,2.5,4.9,2.2
22,Male,6.81,71.2,5.4,4.0,4.2,1.12,Yes,Offline,Good,Good,Yes,2,High,2.6,A,0.32,1,Positive,4.3,2.0,3.3,3.2,3.8,3.9,3.0
24,Female,2.56,81.3,8.5,5.9,4.4,2.05,Yes,Hybrid,Good,Good,Yes,1,Middle,2.6,A,0.78,2,Positive,1.4,2.6,5.0,2.0,1.0,5.0,3.8
24,Male,5.01,83.7,6.0,7.7,4.2,1.59,Yes,Offline,Poor,Good,No,3,Middle,4.1,B,0.13,2,Positive,1.6,1.7,2.8,3.1,5.0,3.7,2.6
20,Male,6.75,67.2,8.2,6.0,4.3,2.11,Yes,Hybrid,Average,Good,No,3,Middle,5.6,A,0.38,2,Positive,2.4,2.1,2.6,4.9,1.6,4.6,1.4
21,Female,5.7,67.3,6.6,4.1,3.1,2.2,Yes,Offline,Average,Poor,No,3,Middle,5.7,A,0.64,0,Neutral,1.5,4.4,4.8,2.4,2.4,3.1,2.9
24,Male,2.95,81.1,7.4,2.6,3.9,2.1,Yes,Hybrid,Good,Average,No,2,Low,7.2,A,0.21,1,Neutral,2.6,3.8,3.4,2.9,2.7,4.3,2.6
23,Male,4.66,55.8,6.6,3.4,5.2,1.85,No,Online,Average,Good,Yes,2,High,3.8,B,0.6,2,Neutral,3.4,2.8,4.3,3.2,2.7,5.0,4.6
17,Male,6.33,88.5,7.2,1.7,4.0,1.88,No,Hybrid,Average,Excellent,Yes,2,High,3.7,A,0.78,2,Positive,3.7,3.2,4.6,5.0,2.2,3.2,5.0
20,Female,5.99,78.8,5.9,1.9,2.1,1.65,No,Hybrid,Average,Average,Yes,2,Low,2.8,A,0.69,2,Positive,3.5,2.8,3.3,3.5,4.6,3.2,3.1
18,Female,3.13,70.9,5.7,4.7,4.0,2.2,No,Online,Good,Good,Yes,2,High,5.7,C,0.56,2,Neutral,2.9,2.9,4.6,2.9,2.4,3.9,2.7
19,Male,9.65,89.0,8.6,4.1,5.2,1.21,No,Online,Good,Average,Yes,2,Low,5.3,A,0.58,1,Positive,4.3,2.5,2.4,4.0,4.0,5.0,2.8
25,Male,5.47,78.9,7.6,7.9,6.0,1.78,No,Hybrid,Average,Average,No,1,Low,4.9,B,0.85,2,Positive,1.1,3.2,5.0,3.5,2.0,5.0,2.6
17,Male,2.07,72.6,5.3,5.4,4.4,1.58,No,Offline,Average,Excellent,No,0,Middle,8.8,D,0.35,1,Positive,1.9,2.7,2.7,3.4,1.5,3.0,2.0
19,Female,4.38,100.0,6.3,8.0,6.0,1.86,No,Online,Good,Excellent,No,1,Low,3.3,A,0.69,1,Positive,3.0,1.6,2.6,2.1,3.8,5.0,2.7
19,Female,1.29,79.1,6.9,6.1,2.3,1.51,No,Online,Good,Poor,No,2,Middle,8.2,D,0.48,0,Neutral,2.2,3.7,4.3,1.9,4.2,4.0,2.6
22,Female,3.68,80.2,6.4,6.9,3.1,1.45,No,Hybrid,Good,Good,Yes,2,Low,3.9,B,0.6,0,Negative,2.9,2.8,2.7,3.1,3.1,3.9,3.6
21,Female,4.96,82.7,7.6,8.0,3.9,2.39,No,Offline,Average,Average,No,2,Middle,1.0,A,0.88,0,Positive,3.5,2.6,5.0,3.7,5.0,4.7,3.9
19,Male,9.79,78.3,8.2,5.2,2.3,1.62,Yes,Hybrid,Poor,Excellent,No,2,Middle,2.8,A,0.31,1,Positive,2.4,1.2,4.1,2.6,2.8,3.6,2.0
18,Male,5.43,84.9,7.8,3.6,1.9,1.61,No,Offline,Average,Average,No,1,High,3.8,A,0.51,1,Positive,2.5,2.9,3.0,3.1,3.2,4.2,3.6
19,Male,5.77,74.6,5.3,4.0,2.7,1.84,No,Offline,Average,Average,No,4,Middle,6.3,A,0.56,0,Positive,2.7,2.3,3.7,3.4,2.4,3.6,2.3
21,Male,6.55,88.1,4.4,5.4,5.5,1.4,Yes,Online,Average,Good,Yes,1,Low,3.7,B,0.22,2,Positive,3.9,1.0,4.5,1.7,2.5,4.1,1.9
19,Male,5.46,81.3,7.0,10.0,3.1,1.62,No,Online,Average,Excellent,No,3,Middle,5.0,B,0.17,1,Positive,3.6,1.9,2.9,2.0,4.2,5.0,2.7
26,Female,3.87,80.8,7.3,5.2,3.1,1.62,Yes,Offline,Poor,Average,No,1,High,5.6,B,0.82,0,Positive,3.8,2.6,3.7,2.9,4.6,2.8,2.9
21,Female,7.73,89.5,7.4,3.1,3.0,2.39,Yes,Online,Average,Good,No,3,Middle,3.2,A,0.49,0,Neutral,3.2,4.0,3.6,3.1,4.1,4.2,3.0
17,Female,6.08,68.0,6.7,6.0,4.2,1.68,No,Offline,Poor,Poor,No,0,Middle,3.5,A,0.83,1,Neutral,3.2,2.1,4.6,2.0,2.2,4.4,2.0
23,Male,8.1,79.5,5.9,6.8,4.4,1.86,Yes,Offline,Average,Excellent,No,1,Middle,3.6,A,0.66,2,Positive,4.2,1.8,3.5,3.6,2.6,5.0,3.1
19,Female,7.09,86.1,6.4,4.3,3.8,2.25,Yes,Online,Poor,Poor,Yes,2,Middle,2.8,A,0.34,0,Positive,2.1,2.3,2.8,3.8,1.4,2.6,2.8
22,Female,3.22,89.2,6.3,6.3,3.5,1.94,No,Offline,Average,Excellent,Yes,0,Middle,2.4,B,0.36,1,Neutral,4.2,2.8,4.2,2.0,4.6,4.4,3.5
19,Female,4.16,77.3,8.1,2.4,1.6,2.39,Yes,Hybrid,Poor,Good,Yes,3,High,2.8,A,0.47,2,Neutral,3.2,4.1,5.0,3.7,4.3,3.4,3.5
21,Male,4.27,73.5,7.0,4.8,4.5,1.4,Yes,Offline,Good,Good,Yes,2,Low,5.4,B,0.34,0,Neutral,3.0,2.8,3.2,1.1,3.4,4.0,3.6
24,Male,4.31,88.3,7.3,8.0,3.9,1.69,Yes,Online,Average,Excellent,No,0,High,6.2,B,0.62,2,Neutral,2.5,1.8,3.6,2.9,3.6,5.0,2.4
26,Male,5.95,61.8,6.6,4.4,5.5,1.59,No,Online,Poor,Excellent,Yes,1,Low,7.2,B,0.1,2,Positive,4.2,2.7,2.7,4.4,3.6,5.0,2.8
19,Male,4.72,90.3,8.0,2.8,3.3,1.74,No,Online,Poor,Good,No,3,Middle,5.7,A,0.69,2,Positive,3.8,3.6,2.6,4.4,2.1,3.8,3.4
20,Female,3.51,62.0,8.4,1.7,3.1,1.51,Yes,Online,Average,Average,No,0,Low,2.4,A,0.86,2,Negative,1.6,4.2,3.8,3.4,1.9,3.8,3.2
21,Male,7.96,69.4,6.3,2.1,5.7,1.65,No,Online,Average,Good,Yes,1,Middle,2.6,A,0.71,1,Neutral,3.3,4.1,4.4,4.9,3.2,2.4,3.1
26,Male,7.75,88.9,6.2,7.4,2.2,2.39,No,Offline,Average,Good,No,2,Middle,2.6,A,0.64,1,Positive,2.3,2.3,3.3,3.0,3.7,4.7,2.9
25,Female,5.15,79.0,6.8,4.5,3.5,1.57,No,Online,Average,Good,No,1,Low,4.6,B,0.22,1,Positive,2.7,3.2,1.6,3.9,2.9,3.0,3.2
18,Female,3.0,70.6,7.1,9.8,1.3,1.49,No,Offline,Poor,Good,No,0,High,5.5,D,0.59,0,Neutral,1.5,2.7,4.9,1.2,3.4,5.0,1.3
18,Male,3.86,91.8,7.9,7.3,2.0,1.11,No,Offline,Good,Poor,No,2,Middle,4.7,B,0.61,0,Positive,3.2,2.3,2.5,2.5,3.8,5.0,2.4
21,Female,3.6,82.8,6.8,8.7,3.6,2.16,No,Offline,Average,Good,Yes,2,Middle,3.7,B,0.58,1,Neutral,3.2,2.7,3.6,3.5,3.9,3.8,2.7
18,Male,3.33,73.9,6.9,1.0,4.8,1.35,No,Online,Average,Good,No,2,Middle,5.6,B,0.72,2,Neutral,3.3,4.0,5.0,3.7,1.9,4.3,3.4
20,Male,3.17,85.5,9.5,6.4,3.5,2.17,Yes,Offline,Poor,Average,No,0,Low,2.9,B,0.55,1,Positive,2.6,3.0,3.8,3.2,1.0,4.5,3.3
18,Male,5.55,83.3,8.7,7.4,6.9,1.68,No,Offline,Poor,Good,No,2,Middle,3.1,B,0.88,1,Positive,2.7,3.0,2.4,3.2,1.9,4.7,2.2
22,Female,5.67,77.5,10.0,5.4,3.5,1.39,Yes,Offline,Good,Good,No,1,Middle,5.3,B,0.93,2,Positive,1.1,4.3,3.1,3.0,3.4,4.7,3.0
26,Female,5.93,87.1,6.2,5.1,5.4,1.46,No,Online,Average,Good,Yes,4,Middle,4.9,A,0.81,1,Positive,4.0,2.1,3.3,4.2,1.0,3.6,2.7
29,Male,3.26,84.5,7.3,3.1,2.9,2.05,No,Online,Good,Poor,Yes,2,High,3.7,A,0.42,1,Positive,1.2,4.1,2.9,2.4,3.1,3.6,3.6
20,Female,5.67,65.9,6.6,2.4,3.7,1.45,No,Online,Poor,Good,No,1,Low,5.9,B,0.33,2,Positive,3.4,3.3,1.9,3.0,3.9,4.5,2.2
22,Male,8.99,81.9,6.9,5.7,0.5,1.76,No,Hybrid,Average,Average,No,3,Middle,5.4,A,0.88,2,Positive,2.8,2.6,3.2,4.0,3.0,3.3,1.8
25,Female,5.55,82.7,5.4,5.2,5.1,2.03,Yes,Online,Good,Good,Yes,3,Low,6.6,A,0.56,2,Neutral,3.6,2.3,4.0,4.6,3.7,2.7,1.6
18,Male,4.32,84.5,5.3,4.9,4.5,1.96,Yes,Offline,Good,Good,Yes,1,Middle,6.0,B,0.26,2,Neutral,3.2,3.0,4.2,1.6,2.5,3.7,2.4
23,Male,10.44,70.9,6.9,5.4,5.0,2.27,No,Online,Average,Good,Yes,2,Middle,6.1,A,0.2,2,Neutral,2.0,2.3,1.8,3.0,3.3,4.2,2.6
20,Female,5.71,89.4,6.7,4.7,3.3,2.21,Yes,Offline,Average,Average,Yes,2,Low,3.4,A,0.61,2,Positive,3.6,2.7,5.0,3.4,2.9,4.0,3.1
19,Female,3.87,64.8,6.4,4.4,5.6,2.13,Yes,Online,Good,Good,Yes,3,Middle,6.9,B,0.32,1,Positive,3.0,1.7,4.3,3.4,2.2,5.0,2.1
20,Male,6.82,74.9,7.0,1.4,2.7,1.53,Yes,Hybrid,Average,Excellent,Yes,3,Middle,5.5,A,0.27,1,Positive,2.8,3.4,5.0,4.2,1.8,3.9,2.8
17,Male,3.7,76.6,5.5,7.9,2.4,1.62,Yes,Online,Average,Average,No,2,High,5.1,B,0.57,1,Positive,3.2,1.6,3.1,2.7,1.4,3.6,1.2
23,Male,4.39,80.3,6.0,8.1,3.3,1.89,Yes,Offline,Average,Excellent,Yes,1,Middle,3.5,B,0.54,2,Positive,4.2,2.2,2.6,2.1,3.9,5.0,2.7
19,Male,7.07,77.8,7.4,5.5,2.5,1.73,Yes,Online,Average,Good,Yes,2,Low,3.0,A,0.77,2,Positive,2.6,2.7,4.5,3.2,3.4,4.4,3.6
19,Female,3.9,81.6,7.2,8.6,3.0,1.93,No,Hybrid,Poor,Good,Yes,2,Low,6.2,C,0.68,1,Negative,3.4,1.5,4.0,2.5,2.1,5.0,2.7
18,Non-Binary,2.19,84.9,6.3,5.3,4.1,1.7,Yes,Online,Average,Average,No,0,Low,4.4,C,0.55,0,Neutral,3.2,2.0,3.8,3.9,1.9,3.9,2.6
25,Male,6.48,99.2,10.0,4.6,2.1,2.07,No,Hybrid,Average,Average,No,2,Low,3.5,A,0.32,1,Positive,2.6,2.5,2.9,4.5,3.0,4.8,3.7
21,Male,6.74,76.0,9.2,4.4,2.4,1.41,No,Offline,Average,Excellent,No,1,Middle,5.9,A,0.85,2,Positive,2.4,2.3,3.9,5.0,3.3,3.3,3.6
21,Female,2.4,86.4,7.4,4.6,4.0,1.67,Yes,Hybrid,Good,Average,No,1,High,5.5,B,0.85,1,Neutral,2.0,2.9,5.0,2.8,2.4,4.6,1.0
21,Male,4.42,77.5,5.9,5.9,4.3,1.55,No,Offline,Average,Poor,Yes,1,Low,1.8,B,0.93,0,Neutral,3.5,2.5,3.3,2.2,2.4,3.9,3.2
20,Female,7.23,79.4,4.8,6.8,4.0,1.64,No,Hybrid,Poor,Good,Yes,1,Middle,1.5,A,0.71,2,Neutral,2.4,3.2,2.6,2.5,2.9,2.1,2.9
18,Male,5.59,72.1,6.1,5.6,3.4,2.32,Yes,Online,Average,Average,No,3,Middle,7.6,A,0.45,0,Positive,1.7,2.7,3.9,3.3,2.9,3.8,2.3
23,Female,6.74,75.2,7.7,4.6,4.1,1.06,Yes,Hybrid,Average,Good,No,1,Middle,6.5,B,0.33,1,Positive,2.9,3.1,4.7,3.9,2.4,4.6,2.3
18,Female,4.88,92.8,5.9,5.5,3.7,1.6,No,Offline,Good,Good,No,3,Low,2.9,A,0.6,1,Positive,4.0,2.6,2.2,4.3,3.1,3.2,3.2
18,Female,3.87,79.2,8.2,4.4,4.1,1.74,No,Hybrid,Poor,Excellent,No,2,High,2.4,B,0.77,1,Positive,4.2,1.6,4.3,2.2,1.0,4.9,3.1
23,Female,4.02,82.8,7.2,2.0,6.0,1.89,No,Offline,Average,Good,No,3,Middle,1.5,A,0.14,0,Negative,1.0,3.1,1.3,2.7,3.4,3.4,4.1
19,Male,4.51,67.8,6.8,4.1,1.9,1.74,Yes,Hybrid,Good,Average,Yes,3,High,4.8,A,0.55,2,Neutral,3.1,1.3,5.0,4.0,3.8,4.7,2.8
19,Female,5.47,85.1,6.6,5.8,6.2,1.43,Yes,Offline,Poor,Average,No,0,Middle,8.6,C,0.16,2,Positive,3.5,2.3,2.5,2.2,2.6,5.0,2.0
21,Female,0.7,84.9,7.0,5.2,4.1,2.06,No,Offline,Average,Good,No,1,Middle,7.9,B,0.5,0,Positive,3.5,3.2,3.7,2.4,4.4,4.6,3.5
20,Male,1.38,83.6,4.9,7.4,4.1,1.67,No,Online,Poor,Good,Yes,0,Middle,4.2,D,0.79,2,Negative,2.9,1.5,4.1,3.4,2.3,3.4,1.3
23,Male,5.14,90.7,5.9,4.2,2.3,1.76,No,Online,Average,Excellent,No,0,Middle,4.5,B,0.69,2,Positive,4.6,1.2,4.0,3.9,3.1,4.2,1.6
22,Male,6.44,80.2,7.7,7.1,6.1,1.5,Yes,Offline,Good,Good,No,1,Low,3.1,B,0.07,0,Neutral,4.3,1.8,3.4,3.1,2.0,5.0,2.1
22,Male,3.84,74.2,6.3,5.2,1.7,1.73,Yes,Hybrid,Average,Poor,Yes,1,High,5.4,B,0.7,1,Positive,2.9,2.8,5.0,3.3,3.0,4.1,2.8
23,Male,5.15,84.7,6.1,5.5,5.1,2.17,Yes,Offline,Good,Excellent,Yes,1,High,2.2,A,0.32,2,Positive,2.6,2.3,3.5,1.5,2.7,3.4,3.4
19,Female,3.03,84.3,5.9,7.7,1.5,1.82,No,Hybrid,Average,Average,Yes,1,Low,5.5,C,0.23,0,Positive,3.3,1.3,2.9,3.6,1.8,3.6,1.0
19,Male,2.44,97.3,8.1,3.1,3.5,1.67,Yes,Online,Average,Average,Yes,1,Middle,3.4,B,0.75,2,Neutral,3.5,2.6,3.0,1.5,3.4,4.0,4.0
20,Female,5.45,76.1,7.7,3.4,4.8,1.58,No,Offline,Average,Good,Yes,1,Middle,5.3,B,0.43,1,Positive,3.1,3.4,2.0,3.0,3.3,4.2,2.7
19,Male,5.0,81.4,6.2,7.5,5.4,1.58,No,Offline,Good,Excellent,Yes,1,High,4.0,B,0.28,1,Neutral,3.1,2.1,3.2,2.2,2.8,5.0,2.3
28,Male,4.14,93.5,9.0,7.1,4.2,1.88,Yes,Online,Average,Good,Yes,1,Middle,4.3,B,0.5,2,Positive,4.5,3.1,4.1,2.7,1.9,4.2,4.0
24,Female,2.59,79.1,7.1,6.5,5.2,2.2,No,Hybrid,Average,Average,Yes,1,Low,5.4,B,0.52,1,Positive,4.6,2.1,3.2,2.0,3.7,5.0,2.0
18,Female,5.28,100.0,8.0,3.8,3.4,2.17,No,Online,Good,Average,No,2,Low,5.9,A,0.18,1,Neutral,3.8,1.7,4.2,2.7,3.3,4.3,3.0
17,Male,5.02,100.0,7.1,1.0,3.3,1.29,No,Offline,Average,Average,Yes,3,Middle,6.6,A,0.51,1,Positive,3.9,4.7,3.7,3.0,4.9,3.2,3.1
17,Male,4.64,81.2,7.2,3.1,1.6,1.9,No,Online,Average,Average,Yes,1,Low,4.9,A,0.56,1,Positive,3.9,3.3,4.8,5.0,1.9,3.8,3.6
19,Male,4.9,87.3,6.6,1.9,4.7,2.36,Yes,Online,Poor,Average,Yes,2,Low,3.3,A,0.71,0,Positive,2.8,4.3,3.8,3.4,3.0,3.9,4.5
18,Female,4.41,89.7,6.2,6.3,3.8,2.19,No,Online,Good,Good,No,3,Middle,5.7,A,0.9,1,Positive,3.4,2.5,3.7,2.9,5.0,3.8,3.1
21,Female,6.15,74.3,6.3,3.5,4.5,1.52,No,Online,Average,Excellent,Yes,3,Middle,5.5,A,0.49,1,Positive,3.3,2.8,2.5,4.1,3.9,5.0,3.5
25,Male,5.9,72.1,6.5,1.2,6.4,2.33,No,Hybrid,Good,Average,Yes,1,Middle,5.4,A,0.63,0,Positive,4.2,4.5,1.8,3.9,3.2,3.1,5.0
23,Female,8.6,92.4,6.2,6.5,4.8,2.16,No,Hybrid,Average,Average,Yes,3,Middle,1.4,A,0.43,2,Positive,3.3,3.8,3.0,2.5,1.9,3.3,3.4
19,Female,7.86,89.8,7.5,3.5,3.3,1.8,No,Hybrid,Poor,Excellent,No,3,Low,5.5,A,0.54,1,Neutral,3.9,1.9,4.1,4.5,3.8,2.4,3.3
20,Male,5.03,76.5,5.5,5.6,4.2,1.95,No,Hybrid,Average,Good,No,2,Middle,4.4,A,0.79,1,Neutral,2.9,2.2,3.7,2.9,2.5,3.8,3.3
21,Non-Binary,2.72,74.1,7.0,5.9,4.4,1.68,No,Online,Good,Excellent,Yes,1,Middle,3.9,B,0.8,1,Neutral,3.7,1.9,3.2,2.0,2.6,4.9,2.2
24,Female,6.34,68.5,5.4,6.6,3.3,1.61,No,Online,Good,Average,Yes,1,Middle,3.4,B,0.73,0,Positive,3.3,3.0,3.9,2.2,4.7,3.6,2.2
24,Male,3.93,65.9,9.9,8.2,4.6,1.49,No,Offline,Good,Average,Yes,1,Middle,6.1,B,0.84,2,Neutral,2.2,1.7,4.0,2.3,4.2,4.9,1.4
25,Male,8.06,89.0,6.7,3.8,4.6,1.65,No,Online,Good,Good,Yes,1,Low,1.0,A,0.47,0,Positive,3.7,3.3,2.9,5.0,3.2,3.9,3.4
21,Male,2.2,83.9,6.9,2.2,3.1,1.86,No,Online,Good,Good,No,2,Middle,4.0,A,0.29,2,Negative,4.0,3.8,3.9,2.9,2.7,4.6,3.9
23,Male,4.26,78.8,8.4,5.4,0.9,2.18,Yes,Hybrid,Average,Good,No,3,High,3.1,A,0.53,0,Negative,1.4,4.2,3.8,1.7,1.2,5.0,3.5
18,Female,8.09,66.2,6.7,3.1,5.0,1.76,No,Online,Average,Good,No,3,Middle,2.3,A,0.55,2,Neutral,1.3,2.2,5.0,3.8,3.5,4.2,4.1
21,Male,5.1,71.8,6.2,3.3,4.7,1.6,Yes,Offline,Good,Average,Yes,2,Low,3.4,A,0.58,0,Positive,3.2,3.9,3.0,4.5,3.0,5.0,3.8
19,Female,6.5,81.7,7.3,3.6,3.6,1.49,No,Hybrid,Poor,Good,No,3,High,2.1,A,0.42,1,Positive,3.4,2.8,3.3,4.1,3.6,3.1,1.4
20,Female,6.37,67.7,8.1,7.7,5.1,1.82,Yes,Online,Average,Good,Yes,3,Low,6.3,B,0.53,0,Positive,2.1,3.9,3.2,2.3,1.0,5.0,2.3
22,Female,4.13,80.7,7.9,6.7,4.1,1.52,No,Hybrid,Average,Good,Yes,1,Middle,2.1,B,0.48,2,Negative,3.3,3.3,4.4,1.5,2.0,3.1,4.4
19,Female,6.72,74.3,8.2,3.6,0.7,1.26,Yes,Online,Average,Good,No,3,Middle,4.1,A,0.74,2,Neutral,2.9,3.7,4.5,5.0,2.4,5.0,1.5
17,Male,3.39,55.0,6.9,7.5,3.7,1.86,No,Offline,Good,Good,Yes,0,High,4.7,C,0.62,1,Negative,1.0,1.8,3.7,1.8,3.1,3.6,1.5
17,Male,4.45,85.0,8.1,8.2,1.4,2.05,No,Offline,Average,Average,No,1,Middle,6.4,A,0.08,1,Positive,3.2,2.1,2.3,1.4,2.9,2.7,1.6
17,Female,9.2,72.5,6.2,6.5,5.2,2.01,Yes,Offline,Average,Average,No,2,Middle,4.2,A,0.52,2,Neutral,2.0,2.9,2.5,3.6,2.4,4.3,3.1
17,Male,4.72,58.9,7.9,5.4,1.6,1.77,No,Hybrid,Poor,Good,Yes,1,Middle,1.0,A,0.44,1,Positive,3.6,2.2,2.6,2.8,3.1,4.2,4.5
18,Male,5.79,77.0,7.9,6.3,3.6,1.66,No,Hybrid,Average,Poor,No,4,Middle,5.3,B,0.97,0,Neutral,2.5,3.1,5.0,3.7,4.6,2.2,3.5
19,Female,2.99,65.0,9.5,4.6,2.9,1.82,No,Online,Average,Good,Yes,2,Low,3.4,B,0.72,0,Positive,3.4,4.3,3.0,3.8,3.2,4.2,3.3
19,Female,7.68,88.1,6.1,3.7,3.1,2.14,Yes,Offline,Average,Excellent,Yes,3,Middle,4.9,A,0.52,2,Positive,4.2,2.4,3.0,3.3,3.7,4.1,2.5
28,Male,3.28,75.5,9.1,4.8,5.6,1.77,No,Offline,Good,Average,No,1,Middle,5.9,B,0.81,0,Positive,2.6,2.2,4.7,1.6,3.0,5.0,2.1
19,Female,3.63,78.2,7.9,4.3,2.8,1.69,Yes,Offline,Average,Poor,No,0,Middle,7.3,B,0.34,0,Positive,2.9,2.4,3.5,3.1,2.8,5.0,3.1
18,Female,3.9,89.9,6.9,4.8,3.7,1.67,Yes,Offline,Average,Excellent,Yes,1,Low,4.6,A,0.37,2,Positive,4.2,4.0,4.2,3.2,2.7,4.1,2.5
21,Male,3.23,62.3,7.1,6.4,4.7,1.74,No,Offline,Average,Average,No,1,Low,7.0,C,0.53,2,Positive,3.6,2.4,4.6,4.6,3.0,4.5,1.6
25,Male,2.3,80.9,8.8,6.7,2.8,2.05,No,Online,Average,Average,No,1,Middle,4.7,B,0.93,0,Negative,2.9,3.8,5.0,1.5,4.2,5.0,3.7
22,Female,4.49,89.1,6.1,3.7,2.0,2.09,No,Online,Good,Average,Yes,3,Middle,2.6,A,0.25,1,Neutral,4.5,3.6,3.0,4.3,4.2,5.0,4.3
19,Male,4.11,84.9,7.5,7.7,3.7,2.13,No,Online,Average,Good,No,3,Low,5.7,A,0.69,2,Positive,2.8,2.7,1.3,3.8,3.9,4.8,2.3
21,Male,4.86,69.7,9.5,2.9,4.4,2.2,No,Offline,Poor,Average,No,2,Low,1.9,A,0.62,0,Positive,2.8,4.6,2.1,2.2,3.2,5.0,4.6
23,Female,3.14,83.5,5.5,4.3,2.3,1.74,No,Hybrid,Average,Good,No,0,Middle,3.9,A,0.34,0,Negative,2.1,2.3,3.6,2.4,3.8,5.0,2.5
23,Female,3.29,96.7,6.0,5.4,1.5,1.95,No,Online,Poor,Good,Yes,4,Low,2.8,A,0.87,1,Positive,3.6,1.3,4.8,2.9,2.5,3.9,1.6
22,Male,4.42,70.6,5.7,4.1,3.5,1.71,No,Hybrid,Average,Average,No,2,Middle,5.3,A,0.68,0,Neutral,2.0,2.3,3.1,2.8,4.1,3.5,1.6
25,Male,5.04,74.2,7.5,7.2,2.0,1.6,No,Hybrid,Poor,Average,Yes,3,Middle,4.2,C,0.64,2,Negative,4.3,2.3,4.2,2.9,4.1,4.3,2.6
25,Male,3.24,86.1,4.8,1.2,5.5,1.37,No,Offline,Good,Good,No,2,Middle,4.1,B,0.65,1,Negative,2.4,3.5,3.5,3.7,2.9,5.0,3.2
21,Non-Binary,4.97,79.7,9.4,9.5,4.4,1.7,No,Hybrid,Poor,Good,No,1,High,5.2,B,0.77,1,Neutral,3.5,2.7,5.0,2.6,2.2,3.7,2.4
20,Male,4.58,77.7,7.6,3.0,6.4,1.43,No,Online,Poor,Average,Yes,2,Low,7.0,B,0.3,1,Negative,3.0,3.4,2.7,3.4,2.5,5.0,3.1
22,Female,7.08,96.9,8.7,6.4,3.7,1.39,No,Offline,Average,Average,Yes,0,High,2.9,A,0.69,1,Positive,3.5,2.9,5.0,3.5,1.6,4.3,2.7
24,Female,6.26,73.0,6.9,7.5,4.1,1.53,No,Offline,Poor,Good,No,3,Middle,3.7,A,0.85,2,Neutral,3.4,2.3,4.0,2.1,2.5,2.2,1.8
17,Male,6.01,88.6,6.9,2.3,4.5,1.52,No,Online,Average,Excellent,No,5,Middle,1.6,A,0.38,2,Positive,3.1,3.7,3.8,4.3,1.5,3.8,4.7
29,Non-Binary,6.99,67.3,5.6,5.2,5.4,1.7,Yes,Online,Poor,Average,Yes,0,High,2.9,B,0.75,2,Positive,2.6,3.0,3.8,3.9,2.0,2.8,3.4
18,Female,3.8,51.2,7.4,6.6,2.4,2.14,No,Online,Average,Good,Yes,1,Middle,5.1,B,0.43,2,Positive,3.3,3.5,3.9,3.4,3.4,3.5,2.2
21,Female,7.66,79.2,7.0,2.4,3.0,2.01,No,Hybrid,Good,Average,No,2,High,3.7,A,0.61,2,Positive,4.2,3.6,2.3,3.9,2.4,5.0,3.3
25,Male,5.39,87.2,7.4,3.2,3.5,2.39,Yes,Hybrid,Average,Average,Yes,3,Middle,4.2,A,0.32,2,Positive,2.7,3.6,2.3,2.1,1.8,4.0,2.6
19,Female,4.07,75.3,4.9,5.6,2.4,1.71,No,Offline,Good,Poor,Yes,4,Middle,6.3,A,0.39,0,Positive,1.9,4.8,2.7,3.6,3.0,4.5,3.8
21,Female,5.81,96.4,6.1,2.7,8.8,1.91,No,Offline,Average,Good,No,3,Middle,1.0,A,0.47,1,Neutral,3.7,2.9,4.2,4.5,3.1,4.5,5.0
18,Non-Binary,2.95,80.2,7.2,5.0,4.2,1.34,No,Offline,Good,Good,Yes,3,Low,9.1,C,0.51,1,Neutral,3.3,3.6,3.1,1.9,1.3,4.5,3.4
20,Male,8.48,85.9,6.9,4.0,5.0,1.83,Yes,Hybrid,Poor,Excellent,Yes,2,High,5.7,A,0.39,2,Positive,4.4,3.0,1.8,2.6,3.4,2.9,1.4
18,Female,5.52,82.8,6.7,5.2,6.5,2.36,No,Hybrid,Good,Good,Yes,2,Middle,3.5,A,0.62,1,Neutral,3.5,2.5,3.9,2.7,3.5,3.8,2.0
20,Male,2.13,69.5,7.1,3.1,3.8,1.9,No,Online,Average,Excellent,No,2,Middle,5.4,B,0.32,2,Negative,4.2,2.9,2.1,1.0,1.4,3.7,3.6
20,Male,2.84,92.2,5.3,1.0,3.1,1.98,Yes,Online,Poor,Average,Yes,2,High,4.0,B,0.66,1,Neutral,4.7,4.0,5.0,3.3,4.9,3.2,4.7
29,Male,4.04,94.0,7.5,3.3,4.2,1.86,No,Offline,Average,Average,No,2,High,3.8,A,0.75,2,Positive,2.7,2.9,4.8,3.7,4.9,4.7,2.6
29,Female,3.94,93.6,6.2,5.2,2.6,1.15,No,Offline,Average,Excellent,No,2,Low,8.8,C,0.33,2,Positive,2.9,1.4,1.9,2.5,4.4,4.2,1.6
18,Male,5.9,92.2,8.7,5.0,4.1,1.65,Yes,Offline,Average,Good,Yes,1,Middle,2.8,A,0.81,2,Neutral,4.1,2.4,4.4,2.9,2.1,4.3,2.6
23,Female,6.74,93.0,7.1,5.4,2.5,1.95,No,Hybrid,Average,Excellent,No,2,Middle,3.9,A,0.5,1,Positive,3.1,3.8,5.0,3.8,1.3,4.4,2.0
17,Non-Binary,7.0,89.0,8.3,2.9,3.2,1.52,No,Online,Good,Poor,Yes,1,Middle,3.0,A,0.53,0,Positive,2.6,3.6,2.5,3.5,1.9,3.9,3.2
17,Male,6.08,92.7,6.8,1.0,3.7,1.68,Yes,Offline,Poor,Average,No,2,High,3.1,A,0.82,2,Positive,2.7,1.6,4.5,3.8,4.0,3.0,3.1
18,Female,3.21,83.2,7.4,5.2,4.5,1.39,Yes,Offline,Average,Good,Yes,1,High,3.8,B,0.75,1,Neutral,2.4,2.2,4.5,3.9,3.0,4.6,3.8
27,Male,7.2,72.9,6.5,4.7,3.1,1.87,No,Offline,Poor,Poor,No,3,Middle,2.0,A,0.61,1,Neutral,1.0,1.9,3.3,3.5,3.9,3.4,3.3
26,Male,7.41,85.0,6.4,5.3,3.6,2.23,Yes,Hybrid,Average,Good,Yes,1,Middle,3.2,A,0.2,2,Positive,3.6,1.2,3.6,3.9,3.6,4.5,2.5
18,Female,1.26,89.6,5.7,2.3,4.6,1.98,No,Offline,Good,Good,Yes,0,Middle,4.3,A,0.64,0,Negative,2.3,3.1,3.4,2.9,5.0,5.0,4.2
18,Female,3.92,72.7,6.9,5.0,4.6,2.01,No,Hybrid,Average,Poor,No,0,Middle,4.1,B,0.16,1,Neutral,1.5,3.7,2.1,3.1,4.8,5.0,3.7
19,Female,4.33,79.7,8.2,3.1,3.5,2.05,No,Online,Average,Average,Yes,3,Low,1.0,A,0.25,0,Neutral,3.9,2.3,3.6,2.0,3.0,4.7,3.4
21,Female,3.51,91.4,7.4,9.1,4.3,1.41,No,Online,Average,Average,No,0,Middle,5.3,C,0.25,1,Positive,1.6,1.7,2.9,1.0,3.6,4.5,2.5
21,Male,7.04,76.5,6.2,1.8,4.0,1.79,Yes,Hybrid,Poor,Average,Yes,3,Low,3.3,A,0.65,1,Positive,4.1,3.0,2.5,3.6,1.8,4.8,1.9
19,Male,5.91,100.0,6.7,7.0,3.9,1.95,No,Online,Average,Good,Yes,2,Middle,7.1,A,0.45,1,Neutral,3.7,1.0,4.0,3.8,1.9,5.0,2.7
23,Female,5.13,86.4,6.8,2.7,4.4,1.96,No,Hybrid,Poor,Average,No,3,Middle,4.2,A,0.69,2,Positive,3.4,4.8,4.1,3.8,4.7,4.3,3.8
19,Male,2.65,93.2,5.4,4.8,4.3,1.92,Yes,Offline,Average,Average,Yes,0,Low,7.4,C,0.25,0,Neutral,1.8,3.5,4.5,2.6,2.4,5.0,2.2
26,Male,1.03,89.3,6.6,5.0,5.2,1.87,No,Hybrid,Poor,Excellent,No,4,High,4.5,B,0.5,2,Neutral,1.2,2.9,4.4,2.8,3.9,4.6,2.6
22,Female,3.2,91.6,6.2,6.4,4.6,2.39,No,Hybrid,Poor,Good,No,3,Low,6.5,B,0.27,1,Negative,2.3,2.0,2.7,2.2,1.7,4.1,1.0
20,Male,3.4,82.4,10.0,6.7,3.2,1.83,Yes,Online,Average,Average,Yes,1,Middle,3.7,B,0.81,2,Negative,1.0,1.5,4.7,3.0,1.9,3.9,2.5
24,Male,3.26,73.3,6.4,5.4,4.7,1.3,No,Online,Poor,Good,No,0,Middle,6.5,C,0.36,0,Positive,1.0,2.1,2.6,2.1,5.0,4.8,2.9
24,Female,0.89,67.2,7.9,3.0,3.0,2.04,No,Online,Poor,Excellent,Yes,4,High,6.6,C,0.43,1,Neutral,3.9,3.9,5.0,2.3,3.0,3.8,3.0
19,Female,2.03,65.2,6.3,5.2,3.7,1.49,No,Hybrid,Average,Poor,Yes,0,High,7.4,D,0.82,0,Neutral,5.0,2.2,3.9,1.7,2.9,4.5,2.6
20,Female,4.16,72.0,6.4,4.8,3.4,2.3,No,Offline,Average,Good,No,2,Middle,7.1,A,0.61,1,Positive,3.1,2.7,2.3,2.1,4.6,2.5,2.3
26,Female,5.64,61.4,6.9,3.7,4.1,1.49,No,Online,Good,Good,Yes,2,Low,3.1,A,0.54,1,Negative,3.0,3.0,2.9,3.0,2.9,3.9,3.9
18,Male,3.96,77.1,6.8,4.8,5.7,1.31,Yes,Offline,Average,Average,Yes,1,Middle,6.9,B,0.37,2,Positive,2.4,5.0,3.1,4.1,2.9,5.0,1.6
17,Female,4.53,70.2,5.2,7.7,6.2,1.8,Yes,Hybrid,Average,Good,No,0,Middle,7.8,C,0.66,0,Negative,3.9,1.9,4.7,2.6,3.2,2.9,1.0
20,Female,4.84,73.5,5.4,5.2,5.8,2.12,No,Online,Good,Excellent,No,2,Middle,4.9,B,0.44,2,Neutral,1.5,1.8,2.7,2.9,3.1,5.0,2.4
24,Male,4.85,71.8,7.9,3.4,2.3,1.68,Yes,Offline,Average,Excellent,No,1,Low,6.3,A,0.59,2,Neutral,3.2,1.5,3.1,4.4,3.0,3.6,3.0
24,Male,7.31,87.6,5.8,7.6,4.3,1.49,No,Offline,Poor,Average,No,3,Low,4.9,B,0.7,0,Positive,4.8,1.8,3.7,2.2,4.7,2.8,2.0
26,Female,3.43,73.5,8.2,8.8,4.2,1.92,Yes,Online,Poor,Average,No,0,Middle,5.2,B,0.65,1,Negative,3.2,4.1,3.9,1.6,4.6,4.0,2.9
21,Female,5.38,72.1,6.1,8.2,1.6,1.86,No,Offline,Average,Excellent,No,2,Middle,4.6,B,0.9,1,Neutral,2.7,2.7,5.0,2.3,2.5,2.7,2.4
18,Female,2.41,96.1,6.9,5.1,6.2,1.59,No,Hybrid,Poor,Good,Yes,0,Middle,3.6,C,0.7,0,Negative,4.5,3.9,4.5,2.8,2.1,3.2,1.4
22,Female,7.27,76.8,5.4,4.9,4.1,2.03,Yes,Offline,Average,Average,No,0,Middle,4.7,A,0.54,1,Neutral,4.9,3.1,3.0,5.0,1.0,4.6,3.0
24,Female,6.4,94.3,6.6,5.9,6.4,1.86,No,Online,Good,Good,Yes,1,Middle,4.6,A,0.91,0,Neutral,4.5,2.3,4.8,4.9,2.5,5.0,1.0
18,Non-Binary,6.91,75.8,4.5,4.6,4.3,1.79,Yes,Offline,Average,Average,No,2,High,3.6,A,0.22,0,Positive,2.9,3.4,3.3,3.4,2.2,3.7,2.4
18,Female,5.2,78.2,8.4,1.2,4.5,1.55,No,Offline,Poor,Average,No,3,Middle,6.7,A,0.49,1,Positive,3.8,2.6,5.0,2.9,4.3,5.0,3.4
17,Male,4.74,82.4,9.1,7.3,3.5,1.97,No,Offline,Average,Excellent,No,2,Middle,2.8,A,0.62,1,Neutral,4.5,2.9,3.6,2.1,3.4,4.0,3.0
22,Female,2.5,66.1,7.5,2.7,5.0,1.04,Yes,Offline,Poor,Average,No,2,Low,3.6,C,0.63,1,Neutral,2.5,3.9,4.2,2.6,3.8,3.6,2.8
25,Male,5.59,95.2,5.7,2.7,5.3,1.77,Yes,Online,Good,Poor,Yes,2,Middle,6.6,A,0.09,1,Neutral,2.1,3.9,4.2,4.6,3.1,3.4,2.9
22,Female,7.63,97.2,7.5,4.3,4.0,1.56,No,Online,Good,Average,Yes,3,Middle,5.6,A,0.43,2,Positive,3.4,2.7,3.3,4.3,2.4,3.7,1.7
28,Female,1.01,75.7,6.0,7.4,3.5,1.71,No,Offline,Average,Good,No,0,Middle,7.3,D,0.64,1,Neutral,2.0,3.4,3.7,2.4,1.9,4.4,1.7
17,Female,8.39,91.1,5.5,4.6,1.4,1.44,No,Online,Average,Average,Yes,2,High,2.9,A,0.68,0,Positive,1.8,1.9,3.8,2.5,2.0,3.3,3.7
25,Female,3.39,82.6,7.5,7.2,2.8,1.89,No,Offline,Average,Good,No,0,High,5.3,B,0.85,2,Positive,2.4,3.0,5.0,3.0,2.7,4.4,3.1
24,Male,5.92,75.4,7.4,6.2,8.1,1.57,Yes,Hybrid,Average,Good,Yes,2,High,2.5,B,0.52,1,Positive,2.2,2.8,5.0,1.3,3.0,3.7,3.5
19,Male,3.4,96.3,5.3,6.9,3.2,2.05,No,Hybrid,Average,Excellent,No,2,Low,4.5,B,0.82,2,Positive,2.0,1.9,4.3,1.8,4.0,5.0,1.0
28,Male,4.69,69.8,8.0,3.3,2.3,1.98,Yes,Offline,Poor,Average,No,3,Middle,2.6,A,0.49,0,Neutral,3.2,2.1,4.0,2.9,2.2,3.9,3.5
19,Female,6.58,79.6,7.6,2.0,5.8,1.86,Yes,Offline,Poor,Excellent,Yes,2,Middle,4.4,A,0.77,1,Positive,3.3,3.1,3.3,4.5,2.7,4.4,3.1
25,Female,4.63,89.8,5.9,2.9,8.1,2.16,No,Online,Poor,Average,No,4,Middle,5.1,A,0.37,0,Positive,1.6,3.1,4.5,4.1,4.0,2.7,3.9
25,Female,8.51,77.8,7.0,8.9,3.2,1.94,Yes,Online,Average,Good,No,2,Middle,2.9,B,0.95,1,Neutral,3.4,1.7,4.4,2.9,2.8,4.6,2.1
23,Male,5.07,84.6,5.8,2.6,4.5,1.87,Yes,Offline,Average,Good,Yes,3,High,4.8,A,0.56,2,Positive,3.2,2.1,5.0,2.9,3.4,3.7,4.7
21,Female,6.26,67.1,7.4,8.2,4.9,1.74,No,Hybrid,Average,Average,No,1,Middle,5.8,C,0.83,1,Positive,2.0,2.9,5.0,3.0,4.5,4.6,2.9
18,Female,3.79,78.0,8.2,4.9,5.0,1.56,Yes,Offline,Average,Good,No,1,Low,5.7,B,0.52,0,Neutral,3.0,3.5,3.5,2.5,3.7,4.5,3.2
21,Male,4.02,81.1,8.6,2.7,5.6,2.0,Yes,Hybrid,Good,Average,Yes,3,Middle,3.1,A,0.9,0,Neutral,3.3,4.8,4.5,3.2,2.6,4.9,4.4
20,Female,4.22,67.4,7.3,3.6,3.5,1.68,No,Online,Average,Average,No,1,Low,6.1,B,0.28,1,Neutral,3.4,2.4,3.1,2.9,3.4,5.0,2.6
24,Female,5.97,71.7,6.0,7.2,1.8,1.17,Yes,Offline,Poor,Average,Yes,1,Low,5.0,C,0.69,0,Positive,3.9,2.5,2.7,3.3,3.7,3.7,2.1
23,Female,8.24,73.6,6.6,4.4,4.4,2.03,Yes,Online,Poor,Good,Yes,2,Low,1.5,A,0.89,0,Positive,3.8,3.6,4.6,3.0,3.1,5.0,3.1
26,Male,5.06,77.3,8.8,3.7,2.5,1.35,Yes,Offline,Poor,Average,No,1,Low,1.8,A,0.55,1,Negative,3.0,3.8,3.3,2.9,4.0,4.1,2.6
17,Female,2.49,82.0,6.5,7.1,4.9,1.77,Yes,Offline,Good,Average,No,2,Middle,4.4,B,0.66,2,Neutral,2.1,2.7,5.0,1.3,4.2,4.2,2.3
24,Male,3.8,76.7,7.5,4.0,3.3,2.11,No,Hybrid,Good,Poor,No,2,Middle,1.0,A,0.49,0,Neutral,2.5,3.5,3.7,2.5,3.1,5.0,4.3
26,Non-Binary,2.33,63.6,7.4,4.0,1.7,1.97,Yes,Offline,Poor,Good,Yes,1,Low,7.9,C,0.11,2,Neutral,3.2,2.4,1.8,3.2,4.5,3.3,2.1
24,Male,5.94,80.5,7.5,7.2,5.0,2.2,Yes,Online,Average,Good,Yes,3,Middle,3.7,A,0.19,2,Positive,4.3,2.5,3.7,2.8,1.9,4.6,2.4
18,Male,5.05,93.0,6.2,6.7,4.8,1.58,No,Hybrid,Average,Average,Yes,1,High,6.3,B,0.83,2,Positive,1.0,1.8,5.0,1.0,3.0,5.0,2.3
18,Female,2.91,80.1,6.2,5.4,5.6,1.69,Yes,Offline,Poor,Poor,No,2,Middle,7.2,C,0.5,1,Positive,3.1,3.2,4.2,2.6,1.9,3.2,3.8
17,Male,4.3,76.1,6.1,3.9,2.0,1.47,No,Hybrid,Poor,Good,Yes,2,High,4.4,B,0.4,0,Neutral,2.9,3.8,4.2,3.1,2.7,2.5,3.3
22,Female,6.83,79.8,6.9,4.0,2.6,1.88,No,Offline,Average,Good,No,3,Middle,9.0,A,1.0,0,Neutral,3.3,5.0,4.2,4.5,4.5,5.0,3.1
22,Female,5.89,86.0,6.5,10.0,4.1,1.6,Yes,Offline,Average,Good,Yes,0,High,9.3,B,0.26,1,Positive,1.6,3.2,4.0,2.7,1.9,5.0,1.3
28,Female,3.89,66.3,7.6,2.6,4.3,1.45,Yes,Hybrid,Average,Excellent,No,1,Low,7.6,C,0.4,1,Neutral,3.9,1.7,3.4,4.8,2.2,4.4,1.0
20,Non-Binary,6.47,95.8,6.7,1.0,5.4,1.73,No,Offline,Average,Poor,No,1,Middle,2.3,A,0.09,0,Neutral,3.0,2.5,2.2,4.8,4.7,3.2,4.8
20,Male,5.76,77.0,5.0,5.1,1.5,1.83,No,Hybrid,Average,Excellent,No,4,Middle,6.2,A,0.27,2,Neutral,2.7,3.9,5.0,2.3,2.5,5.0,3.4
22,Female,3.93,99.0,6.2,4.0,2.5,2.02,Yes,Offline,Average,Average,Yes,0,High,1.0,A,0.98,1,Positive,3.4,3.3,4.9,4.9,4.6,4.6,3.8
24,Male,5.36,73.2,6.9,7.0,6.0,1.81,Yes,Hybrid,Average,Excellent,No,1,High,7.0,B,0.52,2,Neutral,3.3,2.5,4.0,2.6,2.7,4.9,2.3
26,Male,8.65,70.1,7.5,4.0,4.8,1.55,Yes,Online,Good,Average,No,1,Middle,1.0,A,0.78,0,Positive,3.0,2.9,5.0,3.5,3.6,4.7,3.5
24,Female,2.85,82.0,6.1,6.2,1.7,1.99,Yes,Offline,Good,Good,No,2,Low,4.6,B,0.72,1,Positive,2.5,1.8,2.4,1.6,2.1,5.0,3.1
20,Male,6.99,89.9,5.8,4.8,4.8,1.53,Yes,Online,Good,Average,Yes,4,Middle,6.2,B,0.39,2,Positive,2.8,1.2,5.0,2.6,3.2,5.0,1.2
22,Female,4.73,84.9,7.3,4.0,6.9,1.68,Yes,Offline,Average,Average,No,2,Low,5.2,B,0.16,0,Positive,3.0,2.2,2.3,1.1,1.0,5.0,3.2
25,Female,6.23,82.1,6.8,5.6,3.6,1.59,No,Online,Average,Excellent,Yes,5,Middle,2.2,B,0.5,1,Positive,4.8,2.5,5.0,3.8,3.0,4.5,3.2
21,Female,5.78,83.2,8.9,3.6,3.6,1.74,No,Offline,Good,Good,Yes,1,Middle,4.1,A,0.71,0,Neutral,3.1,3.1,3.1,4.2,2.2,4.7,3.8
19,Non-Binary,5.55,82.2,6.6,9.2,3.0,2.39,No,Offline,Average,Excellent,No,1,Middle,4.3,A,0.67,2,Positive,3.7,1.9,3.1,2.9,1.9,4.2,2.1
18,Male,4.7,91.1,7.7,7.1,4.8,2.14,Yes,Offline,Good,Good,No,1,High,4.0,A,1.0,1,Positive,3.9,1.4,5.0,2.7,2.8,4.6,3.0
17,Female,5.01,79.6,6.4,5.7,4.4,1.93,Yes,Offline,Average,Good,No,2,Low,3.7,A,0.93,0,Positive,3.0,2.2,4.1,2.5,1.0,3.5,3.1
23,Female,6.32,87.0,5.6,6.6,3.1,1.66,Yes,Offline,Average,Poor,Yes,1,Middle,5.9,B,0.74,0,Positive,4.4,2.6,3.2,3.1,3.0,3.3,2.6
18,Female,5.89,74.6,7.3,4.1,3.8,2.08,Yes,Online,Poor,Excellent,Yes,2,Middle,5.4,A,0.48,2,Positive,1.3,3.1,2.9,3.3,4.2,2.4,3.9
19,Male,2.15,78.6,6.8,5.4,4.3,1.71,Yes,Online,Good,Good,No,2,Middle,4.6,B,0.35,2,Neutral,3.3,2.4,3.2,3.4,2.0,2.8,2.4
19,Female,5.89,72.7,7.9,6.0,6.6,1.84,No,Hybrid,Good,Good,Yes,1,Middle,5.7,A,0.92,2,Positive,4.1,2.3,5.0,3.2,2.6,5.0,3.0
21,Male,7.56,77.4,7.6,7.4,5.0,1.79,No,Online,Poor,Good,No,1,Low,3.8,A,0.37,0,Positive,3.5,3.0,3.5,2.5,2.7,4.2,2.3
20,Male,6.75,75.1,4.6,6.1,4.8,1.07,No,Offline,Average,Good,No,1,High,4.2,B,0.75,0,Positive,1.2,2.8,4.8,3.5,4.1,4.5,2.1
22,Female,5.41,65.2,7.1,6.2,5.4,1.46,No,Hybrid,Average,Excellent,No,1,Middle,7.5,C,0.77,2,Negative,3.3,2.3,3.5,2.6,3.2,3.6,2.7
17,Female,1.44,90.0,6.4,8.7,5.4,1.71,No,Hybrid,Average,Average,Yes,2,Low,7.0,B,0.32,1,Positive,3.0,2.5,3.6,2.6,2.5,4.2,1.8
18,Female,6.16,84.0,6.7,5.9,4.1,1.85,Yes,Offline,Average,Average,No,2,Middle,2.5,A,0.67,0,Positive,3.1,1.0,2.7,3.2,2.5,4.1,3.3
21,Female,6.29,85.8,6.6,3.0,4.9,2.11,Yes,Online,Poor,Average,Yes,2,Low,2.4,A,0.41,2,Positive,2.7,2.8,2.5,5.0,3.2,4.5,3.6
20,Female,7.86,100.0,5.5,5.7,5.0,1.9,Yes,Online,Average,Good,Yes,3,Low,6.3,A,0.35,2,Neutral,3.8,2.5,4.1,3.6,3.6,3.6,2.6
19,Male,3.14,59.9,8.3,5.3,2.4,1.99,Yes,Offline,Good,Poor,Yes,2,Middle,4.8,B,0.34,0,Positive,2.9,2.7,3.8,4.1,3.5,5.0,2.4
17,Male,4.54,84.3,3.8,7.0,2.8,1.74,No,Hybrid,Average,Poor,Yes,2,Low,5.4,C,0.58,0,Positive,4.3,1.8,5.0,2.7,4.0,4.1,1.9
25,Male,3.97,81.6,6.8,1.3,4.7,1.56,No,Offline,Average,Average,No,2,Middle,4.5,B,0.37,2,Neutral,3.2,3.8,4.1,4.1,3.9,4.7,3.8
23,Female,4.47,91.3,5.8,7.9,5.0,1.7,Yes,Online,Average,Good,No,1,High,7.3,C,0.45,0,Neutral,2.4,1.3,2.8,2.5,2.4,5.0,1.6
18,Male,1.63,74.4,5.2,2.6,6.9,2.23,Yes,Online,Average,Good,No,2,Middle,8.0,B,0.41,1,Neutral,4.9,1.8,4.3,2.3,4.8,3.5,3.3
17,Male,4.08,75.4,5.1,7.8,3.9,1.88,Yes,Online,Average,Poor,Yes,1,Middle,5.2,B,0.5,0,Positive,2.2,2.2,2.5,1.7,4.5,3.3,2.2
28,Female,4.15,69.4,6.1,6.4,7.8,1.67,No,Hybrid,Average,Excellent,No,0,Middle,9.5,C,0.91,2,Negative,2.7,2.1,4.8,3.0,4.5,3.7,2.4
23,Male,4.26,87.2,5.3,3.3,3.8,1.84,No,Hybrid,Poor,Excellent,No,0,Low,3.7,B,0.35,2,Positive,3.3,2.0,3.0,3.7,5.0,3.3,2.5
20,Male,8.1,99.0,6.5,3.9,2.1,1.41,No,Offline,Good,Average,No,3,Middle,3.7,A,0.52,2,Positive,1.5,3.3,3.1,3.1,3.8,5.0,2.7
23,Female,3.76,72.7,6.6,4.2,6.3,1.67,Yes,Online,Average,Good,No,2,Middle,5.7,B,0.86,2,Positive,3.2,2.8,4.2,2.4,4.6,2.5,2.9
23,Male,4.12,81.7,6.4,5.4,5.2,1.73,No,Online,Good,Good,Yes,2,Low,4.2,C,0.36,1,Neutral,2.4,3.4,2.2,4.0,2.1,4.8,2.8
24,Male,7.17,82.8,4.2,2.8,5.3,1.67,No,Online,Average,Average,No,0,Middle,4.5,A,0.32,0,Positive,5.0,3.3,3.2,4.9,3.5,4.1,2.8
21,Male,3.88,73.7,7.0,4.2,3.3,1.79,No,Offline,Good,Average,Yes,2,Middle,3.2,A,0.49,1,Neutral,2.8,2.8,1.8,3.6,2.6,5.0,4.8
20,Female,7.33,60.7,7.1,6.7,5.7,1.62,Yes,Online,Good,Good,No,1,High,1.9,A,0.68,2,Neutral,2.0,1.6,5.0,3.7,3.0,3.8,3.4
17,Female,5.86,89.1,6.3,5.2,4.6,1.79,No,Offline,Good,Good,No,4,Low,1.4,A,0.36,0,Positive,3.3,1.8,3.5,4.0,4.2,5.0,2.8
26,Male,3.75,63.4,7.3,4.8,4.1,1.79,No,Online,Average,Average,No,2,Low,4.6,B,0.64,1,Neutral,3.1,2.5,3.4,4.1,1.0,5.0,2.6
22,Female,3.6,91.0,7.1,6.6,3.1,2.01,Yes,Online,Average,Excellent,No,2,Low,5.5,B,0.65,1,Neutral,3.8,2.1,4.0,3.1,2.9,3.9,1.0
19,Male,5.25,67.1,5.7,3.0,5.6,2.32,No,Online,Average,Good,No,1,High,2.3,A,0.67,1,Positive,2.1,3.7,3.2,4.3,2.3,2.1,3.3
26,Female,4.59,89.7,8.2,2.8,6.3,1.44,No,Offline,Good,Good,Yes,2,High,5.0,B,0.16,0,Positive,4.5,3.7,3.4,2.7,3.4,3.7,2.7
26,Male,5.16,93.1,7.1,4.4,2.1,2.02,Yes,Hybrid,Average,Average,No,1,High,4.1,A,0.55,1,Positive,3.4,1.6,4.6,2.6,1.2,3.4,2.7
28,Female,3.85,75.1,7.7,5.6,3.2,1.66,No,Offline,Good,Good,No,2,Middle,3.8,A,0.88,1,Positive,2.3,1.7,3.4,3.5,1.9,4.5,2.3
25,Female,6.13,68.6,6.7,3.6,3.6,1.62,No,Hybrid,Average,Average,Yes,2,Middle,1.9,A,0.56,2,Neutral,3.1,1.6,4.8,2.7,3.2,3.6,3.0
29,Female,3.66,78.5,8.1,5.1,4.1,1.38,Yes,Online,Good,Good,Yes,4,Middle,4.3,A,0.34,1,Negative,3.6,2.2,3.3,3.8,1.5,3.9,2.9
19,Male,4.05,79.8,7.2,5.6,0.8,1.85,Yes,Online,Poor,Good,Yes,3,High,4.8,B,0.26,2,Neutral,3.5,3.6,2.1,2.2,4.3,4.1,2.5
24,Male,4.62,68.3,6.5,6.1,4.1,1.53,Yes,Hybrid,Average,Good,Yes,1,High,7.6,C,0.51,1,Positive,1.8,2.9,4.2,3.3,2.3,4.7,2.2
24,Female,2.51,77.0,5.0,6.6,6.6,2.39,No,Offline,Poor,Average,No,0,Middle,3.4,C,0.48,0,Positive,1.1,2.6,3.4,2.6,2.7,3.2,3.4
19,Male,4.35,88.9,6.3,4.2,1.1,1.41,No,Offline,Average,Good,Yes,2,Middle,4.7,B,0.3,0,Positive,1.6,2.8,5.0,2.5,5.0,4.9,3.6
18,Female,4.56,86.0,5.7,7.8,3.3,1.96,Yes,Offline,Average,Excellent,No,1,Middle,3.4,B,0.42,2,Positive,3.2,1.8,3.4,2.6,1.3,5.0,2.3
28,Female,2.14,91.7,5.6,5.6,2.2,1.43,Yes,Offline,Good,Good,No,3,Low,4.3,B,0.45,1,Neutral,3.4,3.3,4.1,2.5,4.9,3.4,3.8
19,Female,1.47,65.2,7.6,4.4,2.7,2.3,No,Offline,Average,Average,Yes,2,High,2.7,B,0.51,2,Neutral,1.0,3.3,3.7,2.9,3.5,3.9,3.8
25,Male,7.39,71.3,8.4,7.5,2.7,2.29,Yes,Offline,Average,Good,No,2,Middle,2.4,A,0.65,0,Neutral,3.3,3.1,2.4,2.2,3.4,3.4,2.3
17,Female,4.44,78.8,7.7,4.2,3.9,1.67,No,Hybrid,Poor,Average,Yes,2,Middle,4.3,A,0.22,1,Neutral,2.3,2.1,3.6,3.4,2.6,5.0,3.5
17,Female,4.69,78.4,8.1,2.7,4.4,1.34,No,Hybrid,Good,Excellent,No,0,Middle,3.9,B,0.21,2,Positive,1.8,2.9,3.6,3.9,4.4,4.7,3.5
21,Female,3.72,88.4,5.9,5.8,3.5,1.34,No,Offline,Poor,Good,Yes,1,Middle,6.9,B,0.58,0,Positive,2.4,1.6,4.6,3.8,2.9,4.3,2.8
19,Male,8.05,67.3,8.0,1.7,3.3,1.77,No,Offline,Average,Average,Yes,2,Middle,6.1,A,0.84,0,Positive,3.1,2.6,2.6,3.0,4.0,4.7,1.8
23,Male,4.56,95.4,5.7,3.8,1.1,1.81,Yes,Offline,Average,Poor,Yes,3,High,4.8,A,0.88,0,Positive,2.9,2.3,4.9,3.7,3.3,4.1,5.0
21,Male,1.47,90.8,5.5,5.2,3.9,1.92,Yes,Offline,Average,Average,Yes,0,High,6.6,C,0.58,1,Positive,1.0,3.1,4.5,2.1,1.0,4.5,1.7
17,Male,5.92,87.2,6.3,6.0,4.4,1.56,Yes,Offline,Average,Excellent,No,1,Middle,5.0,B,0.5,2,Positive,4.5,2.9,4.0,4.1,3.9,5.0,2.8
18,Female,3.05,76.7,6.2,6.7,2.8,1.97,No,Offline,Average,Poor,Yes,0,Middle,7.3,C,0.59,1,Neutral,3.6,3.4,1.5,2.2,4.5,2.6,1.2
20,Female,5.81,64.3,7.2,5.8,5.5,1.77,No,Offline,Poor,Good,No,3,Middle,4.3,B,0.72,2,Neutral,3.2,1.0,4.9,3.0,2.2,4.6,1.9
18,Male,4.7,65.9,7.4,5.7,4.1,1.51,No,Hybrid,Poor,Excellent,Yes,2,Middle,8.2,B,0.48,2,Neutral,1.3,2.4,2.7,3.8,3.2,3.7,2.7
24,Female,7.45,89.0,6.9,3.6,4.8,1.7,No,Hybrid,Average,Average,No,3,High,2.4,A,0.97,1,Positive,2.2,5.0,5.0,3.2,3.9,5.0,3.5
20,Male,5.9,78.2,7.7,5.9,4.8,1.72,No,Online,Good,Good,No,2,Low,2.4,A,0.45,1,Positive,2.9,3.1,4.9,2.0,4.0,4.8,2.3
18,Male,4.23,97.8,6.1,4.2,4.7,1.98,No,Online,Good,Good,No,4,Low,1.4,A,0.15,0,Neutral,3.8,2.7,3.7,1.0,1.4,5.0,2.6
21,Male,7.76,82.8,5.7,4.4,1.3,1.92,Yes,Hybrid,Average,Good,Yes,1,High,1.9,A,0.62,1,Positive,4.1,3.5,4.4,3.6,3.9,4.6,3.8
18,Male,10.31,66.3,7.3,3.9,2.3,2.08,Yes,Hybrid,Average,Average,No,1,Low,1.6,A,0.68,2,Neutral,5.0,2.2,3.5,2.3,2.3,4.3,3.1
18,Female,3.93,91.5,8.5,7.9,5.1,2.15,No,Hybrid,Poor,Poor,Yes,2,Middle,5.5,B,0.69,0,Neutral,3.2,1.5,4.1,1.2,2.6,4.3,3.7
19,Male,7.11,77.5,7.6,7.7,3.3,2.19,No,Hybrid,Average,Good,Yes,3,Low,4.8,A,0.36,1,Positive,2.3,2.3,2.3,2.8,4.3,4.4,2.2
25,Female,5.72,80.8,6.3,1.0,1.9,1.52,No,Offline,Average,Excellent,No,1,High,4.3,A,0.97,2,Positive,3.8,3.6,5.0,4.3,4.9,5.0,2.9
26,Male,5.87,86.6,7.8,4.2,1.3,1.61,No,Hybrid,Good,Average,No,1,High,2.2,A,0.86,0,Neutral,2.0,3.4,4.3,3.1,3.2,3.6,3.8
24,Female,2.56,65.6,6.8,2.8,3.3,1.34,No,Hybrid,Poor,Average,No,2,High,5.6,C,0.34,0,Negative,3.4,3.7,2.8,1.9,3.6,4.7,1.9
20,Male,3.07,68.1,6.8,4.8,2.7,1.95,No,Hybrid,Average,Average,No,1,High,6.5,B,0.27,2,Neutral,5.0,2.1,2.9,2.4,3.9,3.7,2.6
19,Male,7.77,94.0,6.8,7.6,2.3,2.02,Yes,Hybrid,Poor,Excellent,No,3,Low,3.1,A,0.42,2,Positive,2.7,2.6,3.3,1.4,2.9,4.0,2.7
21,Male,5.29,65.6,6.6,5.1,1.2,1.43,No,Offline,Good,Average,No,0,Middle,3.6,B,0.12,0,Neutral,2.4,3.5,2.1,3.3,4.5,3.9,2.6
23,Male,3.95,68.0,8.5,7.1,3.5,1.72,No,Offline,Average,Excellent,No,2,Middle,2.8,B,0.91,2,Neutral,1.6,3.1,4.2,4.1,3.8,4.6,3.2
29,Male,8.53,66.7,8.0,3.3,5.7,2.35,Yes,Offline,Good,Poor,Yes,1,High,3.2,A,0.61,0,Neutral,3.1,3.5,5.0,5.0,1.9,3.5,4.5
18,Female,7.4,67.1,7.9,8.3,1.4,1.59,No,Online,Average,Excellent,No,0,Low,3.5,B,0.17,1,Neutral,1.5,2.7,3.2,2.1,3.4,5.0,2.9
17,Female,6.44,75.2,5.6,9.2,1.5,1.36,Yes,Hybrid,Poor,Good,Yes,2,High,4.9,B,0.67,0,Positive,1.9,2.5,4.0,1.7,3.3,3.1,3.5
23,Female,3.08,74.4,9.0,5.2,4.1,1.85,No,Hybrid,Average,Good,Yes,3,Low,5.2,B,0.27,0,Neutral,1.7,2.7,2.4,1.7,2.1,5.0,2.2
24,Female,4.98,68.7,5.8,1.0,6.3,1.97,Yes,Offline,Poor,Average,No,2,High,3.7,A,0.77,1,Neutral,4.1,4.8,4.7,2.6,4.3,3.7,3.1
24,Male,7.9,73.7,7.9,2.0,2.1,1.49,No,Hybrid,Average,Good,Yes,2,Middle,3.9,A,0.73,2,Neutral,2.8,3.9,2.6,3.2,1.4,5.0,3.5
22,Male,1.01,82.7,3.0,2.6,3.3,1.71,Yes,Online,Good,Average,Yes,3,Middle,6.1,C,0.65,1,Neutral,4.4,2.9,3.8,2.1,3.8,5.0,2.6
27,Non-Binary,1.88,58.1,7.1,6.8,2.4,1.71,No,Hybrid,Poor,Poor,Yes,0,Middle,6.2,Fail,0.67,0,Positive,3.2,1.1,4.0,2.7,5.0,3.7,1.0
21,Female,3.43,75.2,7.9,4.7,5.0,1.62,Yes,Online,Poor,Average,No,1,Low,8.5,C,0.67,1,Neutral,2.5,4.5,3.0,3.6,2.3,3.5,2.9
26,Female,6.92,77.4,6.9,2.8,1.9,1.46,No,Offline,Average,Excellent,No,4,Middle,2.8,A,0.48,2,Positive,3.6,2.4,3.9,2.9,3.5,4.6,4.6
27,Female,5.46,61.8,6.0,6.3,3.5,1.86,Yes,Hybrid,Average,Good,Yes,1,Middle,5.7,B,0.92,0,Neutral,3.6,1.4,5.0,1.7,3.4,5.0,1.0
24,Male,5.93,91.1,5.3,4.0,3.6,1.74,Yes,Offline,Average,Good,Yes,2,Middle,1.7,A,0.75,0,Positive,4.2,3.7,4.5,4.0,3.4,5.0,4.4
19,Male,5.39,81.0,7.3,1.7,3.8,1.65,No,Offline,Poor,Good,Yes,3,Middle,4.3,A,0.6,0,Positive,2.1,3.2,4.9,4.4,5.0,4.5,3.0
18,Male,5.21,77.7,8.0,1.0,7.0,1.53,No,Hybrid,Good,Average,No,1,Middle,4.4,A,0.8,0,Positive,3.0,3.8,4.8,4.8,2.3,5.0,2.9
21,Male,7.38,84.7,8.0,6.6,2.5,1.49,Yes,Online,Average,Excellent,No,2,Middle,6.7,A,0.77,2,Positive,1.8,1.5,5.0,2.7,1.5,4.7,2.5
20,Male,12.0,82.6,6.6,6.5,4.0,1.77,No,Online,Average,Good,No,1,High,3.2,A,0.34,0,Neutral,3.2,3.2,3.4,3.1,3.9,5.0,2.2
25,Male,5.94,76.6,8.6,3.0,2.4,1.84,No,Hybrid,Average,Good,Yes,3,High,5.5,A,0.33,1,Positive,1.0,4.2,2.0,4.2,2.1,4.9,4.3
18,Female,7.6,76.6,8.0,2.7,4.6,1.39,No,Offline,Average,Good,No,2,Low,4.1,A,0.21,0,Positive,2.0,3.1,2.8,5.0,2.4,4.0,4.1
19,Female,4.15,67.4,8.4,4.1,1.2,1.57,No,Hybrid,Average,Excellent,No,3,High,6.4,A,0.36,2,Positive,2.2,2.4,3.0,3.1,1.8,3.4,2.5
23,Female,8.17,83.3,7.5,9.4,6.2,1.62,No,Online,Average,Excellent,Yes,3,High,1.5,A,0.69,2,Positive,3.0,1.4,3.8,4.1,3.2,5.0,1.8
18,Female,5.21,81.1,8.3,5.7,2.3,1.73,Yes,Hybrid,Average,Good,Yes,3,High,4.8,A,1.0,2,Neutral,4.0,3.3,3.9,2.7,5.0,4.6,3.5
19,Male,5.38,68.9,7.1,3.9,2.5,1.2,No,Offline,Average,Average,Yes,2,High,1.0,B,0.57,2,Neutral,1.3,3.8,4.5,3.0,3.5,4.4,4.1
20,Male,4.11,85.5,7.3,3.7,4.3,1.46,No,Offline,Average,Good,No,1,Middle,4.5,B,0.56,0,Negative,3.9,2.7,5.0,4.2,2.7,4.3,3.2
22,Female,3.52,94.3,6.0,6.2,6.1,2.16,No,Hybrid,Average,Good,No,2,Middle,6.4,B,0.7,2,Positive,3.3,2.1,5.0,2.7,2.6,5.0,1.9
18,Male,3.95,66.7,4.6,7.0,4.2,1.46,Yes,Online,Average,Average,No,0,Middle,7.8,C,0.7,2,Neutral,3.4,2.5,3.9,3.2,2.7,3.2,1.7
25,Male,3.1,97.4,6.9,2.6,4.0,1.37,Yes,Offline,Poor,Average,No,0,Middle,5.9,B,0.43,1,Neutral,2.7,2.9,2.0,2.3,2.5,3.4,3.6
20,Male,2.47,91.6,6.7,4.0,4.3,2.1,No,Offline,Average,Good,No,3,Middle,3.6,A,0.44,2,Positive,3.7,1.8,2.9,2.5,3.8,4.7,3.1
26,Male,8.67,89.8,5.8,5.1,0.6,1.94,No,Offline,Good,Good,No,3,Middle,4.6,A,0.6,0,Positive,2.8,1.2,2.5,2.4,3.4,5.0,3.4
21,Female,5.91,78.1,6.4,4.9,2.2,1.18,Yes,Online,Poor,Good,Yes,1,Middle,8.3,B,0.41,1,Positive,2.1,2.5,3.5,3.3,2.6,3.0,2.1
19,Male,6.98,96.8,6.4,5.2,2.6,2.16,No,Online,Average,Average,No,3,Middle,4.1,A,0.45,0,Positive,2.8,2.1,4.3,2.8,2.7,4.7,1.2
18,Female,6.03,77.0,7.5,4.6,3.4,2.01,No,Hybrid,Poor,Good,No,1,Middle,5.7,A,0.48,1,Positive,3.1,3.3,5.0,3.6,2.4,4.3,2.5
17,Female,2.21,85.8,6.4,8.6,6.7,1.29,No,Hybrid,Good,Good,No,0,Middle,6.1,D,0.83,0,Neutral,2.0,1.5,4.2,1.8,2.3,4.6,2.1
21,Male,5.09,74.3,6.9,3.9,5.2,2.11,No,Online,Good,Poor,Yes,1,High,5.9,A,0.52,1,Positive,1.0,1.0,2.1,4.7,1.6,5.0,3.9
18,Male,3.26,66.9,9.9,7.0,4.3,2.01,Yes,Hybrid,Good,Average,Yes,2,Middle,6.0,B,0.39,1,Neutral,3.7,2.2,2.2,2.7,2.6,3.5,3.1
20,Male,3.44,86.0,5.3,4.1,4.6,1.71,No,Hybrid,Average,Excellent,Yes,0,High,4.1,B,0.69,2,Negative,2.2,3.4,4.1,3.0,1.7,3.1,1.7
22,Male,4.8,93.4,6.6,9.1,5.4,1.76,No,Online,Poor,Good,Yes,0,Middle,7.0,C,0.62,0,Neutral,1.0,3.6,5.0,1.9,2.1,5.0,3.0
19,Female,5.36,66.7,9.2,4.3,3.2,1.9,No,Hybrid,Average,Average,Yes,3,Low,4.7,A,0.63,0,Positive,3.1,4.5,4.5,3.3,4.2,4.6,3.1
18,Female,5.21,79.3,5.9,4.8,5.2,1.62,No,Hybrid,Average,Excellent,No,1,Low,5.1,A,0.4,2,Positive,2.8,2.4,1.7,3.7,3.1,5.0,2.1
24,Female,5.28,73.0,7.6,7.3,4.8,1.38,No,Offline,Average,Poor,No,1,Middle,4.9,B,0.29,0,Negative,1.6,1.6,2.1,1.6,3.3,5.0,1.2
26,Male,4.45,70.1,6.0,3.4,5.5,1.73,Yes,Hybrid,Poor,Excellent,No,0,Middle,7.1,B,0.41,1,Positive,2.3,3.0,1.4,4.1,2.2,4.5,2.5
18,Female,5.09,75.8,6.5,6.9,7.2,1.56,No,Offline,Average,Average,No,1,High,4.6,C,0.69,1,Neutral,4.0,2.8,4.8,3.5,3.0,4.2,1.8
18,Female,7.51,89.7,7.1,4.7,5.2,1.24,Yes,Offline,Average,Poor,No,2,Middle,3.7,A,0.67,1,Positive,1.4,2.3,3.3,3.8,3.0,5.0,3.6
27,Female,9.37,94.2,7.5,4.8,2.7,1.78,Yes,Online,Poor,Good,Yes,1,High,4.4,A,0.38,1,Positive,2.5,2.4,3.3,4.7,3.6,4.7,2.5
17,Female,7.25,84.5,7.7,3.1,3.5,2.21,No,Hybrid,Average,Average,Yes,1,Middle,5.1,A,0.46,0,Neutral,3.4,4.0,4.5,3.2,3.2,3.3,2.5
28,Female,4.59,80.9,6.1,6.0,3.3,1.97,No,Hybrid,Average,Good,Yes,2,Middle,2.4,A,0.27,0,Negative,1.5,1.7,2.5,1.6,3.0,4.8,3.2
17,Female,5.81,86.9,6.5,3.8,2.2,1.6,No,Hybrid,Average,Good,No,0,Middle,4.5,A,0.31,1,Positive,4.8,2.9,2.6,3.8,2.1,5.0,2.3
25,Female,6.93,70.8,6.9,5.3,4.1,2.38,No,Offline,Poor,Excellent,Yes,4,Middle,3.1,A,0.75,2,Positive,3.9,3.5,4.2,2.1,2.3,4.4,2.9
19,Male,7.03,81.8,7.5,4.6,4.1,1.4,No,Offline,Poor,Good,No,0,Middle,3.6,A,0.83,2,Positive,4.7,3.6,3.9,2.5,2.3,4.0,4.2
26,Female,7.46,74.7,5.8,5.5,3.7,2.08,No,Hybrid,Average,Good,Yes,2,Middle,4.2,A,0.17,0,Positive,3.0,3.5,4.1,2.6,1.9,3.8,2.1
19,Male,7.49,82.3,6.6,4.6,4.6,1.99,No,Hybrid,Average,Average,No,3,High,1.4,A,0.56,0,Positive,4.5,4.6,3.1,3.5,3.4,4.0,4.1
22,Male,5.83,62.8,6.0,7.3,3.6,1.8,No,Offline,Good,Poor,Yes,0,Middle,6.9,B,0.63,1,Neutral,3.1,2.8,4.1,2.6,3.0,4.3,1.4
18,Non-Binary,4.47,84.7,7.7,2.6,5.7,2.01,No,Hybrid,Poor,Good,No,3,High,4.2,A,0.87,1,Positive,2.7,3.0,4.0,2.5,2.7,4.0,3.0
19,Female,1.96,77.2,8.4,5.0,3.4,1.74,Yes,Offline,Poor,Poor,Yes,1,Middle,3.6,B,0.17,0,Neutral,1.9,1.9,3.1,4.2,3.2,4.0,2.8
24,Male,7.15,81.9,3.8,7.3,3.9,1.46,Yes,Hybrid,Poor,Good,Yes,3,Middle,3.7,A,0.65,2,Neutral,3.3,1.9,3.7,4.0,2.0,4.5,1.1
21,Male,6.25,82.2,6.2,6.5,1.6,1.94,No,Offline,Average,Good,No,1,Middle,5.9,A,0.68,1,Neutral,2.3,1.0,3.4,3.2,2.0,4.6,1.3
26,Male,3.32,93.8,7.3,7.1,3.9,1.46,Yes,Offline,Average,Average,No,0,Low,6.2,C,0.24,2,Positive,2.3,2.6,3.8,3.2,2.0,5.0,2.5
20,Female,5.05,76.8,6.4,3.0,6.3,1.66,No,Offline,Average,Good,No,1,Middle,2.6,A,0.67,1,Neutral,3.1,3.3,4.0,3.3,3.6,3.5,1.7
25,Female,4.23,64.3,4.5,7.9,5.9,1.8,Yes,Hybrid,Poor,Average,No,0,Middle,5.7,D,0.66,1,Neutral,4.7,2.1,2.7,3.9,3.9,3.6,3.1
20,Female,4.14,90.4,8.0,4.0,2.3,2.14,No,Offline,Good,Good,No,2,Low,4.7,A,0.48,1,Positive,4.3,2.1,3.6,5.0,2.7,4.9,1.8
28,Female,8.49,88.5,8.1,5.1,5.8,1.65,No,Offline,Average,Good,No,3,Middle,4.8,A,0.2,2,Positive,3.8,2.8,3.0,4.2,4.2,4.1,3.2
27,Male,4.3,74.5,7.1,3.6,4.9,1.57,No,Hybrid,Average,Good,Yes,2,Middle,5.5,B,0.87,2,Neutral,3.0,2.8,3.7,1.6,3.3,4.2,3.4
19,Female,9.85,90.5,5.9,6.6,6.9,2.17,Yes,Offline,Poor,Average,Yes,2,Low,3.1,A,0.81,2,Positive,3.1,2.0,4.4,3.8,2.6,2.8,2.6
25,Male,4.75,90.5,6.7,6.7,4.6,1.47,No,Online,Average,Good,Yes,0,High,7.0,C,0.27,0,Positive,4.5,2.5,3.5,2.8,3.2,3.5,2.5
24,Female,3.58,68.1,6.3,1.7,4.7,2.39,Yes,Hybrid,Good,Average,No,2,Middle,3.2,A,0.27,0,Positive,3.5,4.0,3.5,3.5,4.0,5.0,5.0
19,Female,5.27,70.8,6.5,1.0,3.1,1.55,Yes,Hybrid,Poor,Good,No,4,Middle,2.9,A,0.6,2,Neutral,1.0,3.0,4.4,4.6,3.7,4.5,3.0
22,Female,9.81,67.6,7.5,6.5,4.4,1.9,No,Online,Good,Good,No,3,Middle,6.5,A,0.76,0,Neutral,5.0,2.1,4.0,3.2,2.3,3.7,2.0
17,Male,4.7,95.8,8.1,4.0,4.2,1.23,No,Online,Good,Good,Yes,3,High,6.5,C,0.33,0,Neutral,3.0,2.6,1.7,3.1,2.9,4.6,2.7
24,Male,6.03,61.8,7.6,6.6,6.6,1.32,No,Offline,Average,Excellent,Yes,2,Low,3.5,B,0.4,2,Negative,3.1,2.2,4.2,3.1,2.6,3.7,2.5
18,Male,0.5,70.0,6.5,5.5,3.2,1.67,No,Hybrid,Good,Good,No,0,Middle,6.9,D,0.52,1,Neutral,3.2,3.0,2.0,1.9,1.4,3.9,2.6
17,Female,6.18,83.5,6.2,5.1,5.5,1.92,No,Offline,Average,Poor,Yes,1,Middle,3.9,A,0.79,0,Positive,3.1,3.1,3.0,3.8,2.0,2.5,2.9
20,Male,2.27,91.3,7.7,4.6,3.1,1.54,Yes,Online,Good,Average,No,2,High,3.6,A,0.5,0,Neutral,2.8,3.2,3.6,1.8,3.7,3.8,4.5
21,Male,4.77,91.1,5.3,2.4,4.9,1.7,Yes,Online,Average,Excellent,Yes,2,Middle,4.2,A,0.67,1,Positive,1.5,3.1,3.9,3.8,3.1,3.4,3.3
25,Male,7.72,83.7,5.8,3.7,2.5,1.62,No,Online,Average,Poor,Yes,2,Low,2.7,A,0.61,1,Neutral,1.7,3.1,2.0,4.5,2.8,4.4,3.9
28,Female,4.5,86.4,7.3,6.1,2.3,2.17,No,Offline,Poor,Good,No,2,Middle,5.2,A,0.45,0,Positive,4.7,1.2,3.8,3.5,3.2,4.3,2.5
20,Male,6.43,90.9,6.0,6.2,2.7,1.81,No,Hybrid,Average,Good,Yes,0,Middle,3.3,A,0.9,0,Neutral,2.3,1.8,5.0,3.1,3.2,4.1,1.6
17,Female,4.55,84.5,7.0,7.6,2.3,2.16,Yes,Offline,Poor,Good,Yes,3,Low,2.2,B,0.61,2,Neutral,4.1,2.3,3.3,3.6,3.6,4.7,2.7
23,Female,4.33,77.8,6.5,4.5,6.9,1.53,No,Online,Poor,Good,No,1,High,5.1,C,0.35,2,Positive,3.3,2.9,3.5,1.9,3.9,4.7,2.3
21,Female,5.55,82.4,7.3,4.5,5.2,1.97,No,Online,Average,Good,No,0,Low,3.6,B,0.75,2,Neutral,1.0,3.5,4.8,3.5,2.4,4.8,2.3
20,Male,7.17,85.8,7.9,5.6,4.0,1.63,No,Offline,Average,Good,No,3,Low,1.0,A,0.49,1,Positive,1.7,2.3,2.9,5.0,3.4,4.7,3.6
19,Male,5.19,86.3,6.8,1.0,5.6,2.17,No,Online,Poor,Excellent,No,1,Low,4.1,A,0.51,2,Positive,2.2,1.9,1.2,4.9,2.4,2.9,2.9
21,Male,4.96,82.1,6.7,7.4,1.4,1.59,No,Offline,Average,Good,Yes,2,Middle,6.2,B,0.15,1,Positive,3.7,2.8,3.5,3.2,1.6,4.9,1.2
20,Male,3.09,71.6,7.8,4.4,5.9,1.56,No,Offline,Average,Good,Yes,2,Middle,5.0,B,0.66,0,Negative,2.7,1.3,3.4,3.6,3.7,5.0,1.6
23,Male,1.63,80.8,8.2,4.8,0.5,1.64,No,Hybrid,Average,Good,No,3,Low,5.7,B,0.85,0,Negative,3.7,2.5,3.2,2.7,2.4,4.6,1.5
21,Female,5.25,86.4,7.5,5.3,2.7,2.08,Yes,Offline,Good,Good,Yes,2,High,3.6,A,0.49,1,Positive,2.7,1.3,5.0,3.1,2.7,5.0,2.7
25,Male,4.63,69.1,6.4,2.8,3.5,0.9,No,Online,Good,Excellent,Yes,1,Low,4.5,B,0.39,2,Positive,3.6,4.6,2.4,3.9,2.3,3.9,3.7
21,Female,5.53,72.7,8.4,6.0,2.5,2.1,No,Online,Average,Average,No,1,Middle,3.0,A,0.61,1,Positive,1.9,1.6,3.2,3.4,2.9,4.7,2.4
19,Male,7.07,84.3,6.0,3.1,2.5,2.11,Yes,Online,Good,Average,Yes,2,Low,1.5,A,0.97,0,Positive,2.5,3.1,3.1,4.7,1.9,4.4,2.6
25,Female,6.63,86.6,6.4,1.0,3.4,1.66,No,Online,Poor,Excellent,No,2,High,5.5,A,0.8,1,Positive,3.3,3.2,4.9,3.9,3.8,5.0,3.6
21,Female,3.24,77.8,6.7,6.4,3.8,1.21,No,Online,Good,Good,Yes,0,High,6.9,C,0.65,2,Neutral,2.7,1.2,5.0,2.7,3.8,4.3,2.0
19,Female,5.5,77.7,8.0,9.8,4.5,2.08,No,Online,Average,Average,Yes,1,Middle,4.2,B,0.35,2,Neutral,3.0,3.2,4.1,3.5,3.4,4.3,1.8
22,Female,5.55,80.8,5.8,6.3,3.3,1.83,Yes,Offline,Average,Good,Yes,1,Low,1.1,A,0.29,0,Positive,3.0,3.1,3.3,2.5,3.4,4.3,2.3
20,Female,4.5,75.6,6.1,6.3,5.3,1.39,Yes,Hybrid,Average,Excellent,No,1,Middle,6.4,C,0.74,2,Neutral,3.8,2.2,4.3,2.9,3.2,5.0,2.7
24,Female,0.5,75.2,7.9,4.9,3.8,1.72,Yes,Online,Good,Excellent,Yes,0,Middle,4.3,C,0.26,2,Neutral,3.0,1.7,3.9,3.2,2.2,3.7,3.4
20,Male,3.39,62.1,9.6,9.4,3.4,2.04,No,Offline,Good,Good,No,0,Middle,5.4,B,0.22,1,Neutral,2.9,1.2,4.4,1.5,2.6,5.0,1.8
23,Female,4.8,77.7,6.6,8.2,5.1,2.07,Yes,Online,Good,Average,No,3,Middle,2.1,B,0.21,0,Neutral,3.3,1.0,5.0,2.6,4.1,3.6,3.1
18,Male,6.49,96.3,6.0,4.0,5.2,2.34,No,Hybrid,Average,Excellent,Yes,4,High,3.9,A,0.39,2,Positive,3.5,2.7,4.3,1.9,1.3,4.3,3.0
20,Male,4.36,73.1,5.6,4.8,5.2,1.8,Yes,Offline,Average,Good,No,3,Low,4.4,B,0.61,0,Neutral,3.1,3.0,3.0,2.6,2.9,2.9,4.3
28,Male,2.2,74.2,8.2,2.8,1.5,1.92,Yes,Online,Average,Excellent,No,1,Middle,1.0,A,0.42,1,Neutral,1.9,4.1,1.7,2.3,3.3,4.1,4.7
24,Male,7.7,84.7,6.6,5.1,3.0,1.64,Yes,Online,Average,Average,No,2,Middle,5.9,A,0.51,1,Positive,3.8,3.4,4.6,3.1,2.4,4.6,2.0
18,Male,4.9,87.5,8.7,1.6,1.6,1.71,No,Offline,Poor,Poor,Yes,3,Middle,3.8,A,0.17,0,Neutral,3.6,3.9,4.4,4.8,3.3,3.9,4.0
19,Male,4.06,100.0,6.0,3.6,4.1,2.34,Yes,Hybrid,Average,Good,No,1,Low,3.2,A,0.87,1,Positive,2.7,3.3,3.3,1.6,2.3,5.0,2.1
19,Male,6.03,75.4,6.4,5.0,7.0,2.25,Yes,Online,Average,Average,No,2,Low,5.4,B,0.88,1,Positive,3.5,3.0,4.0,4.0,2.5,4.7,3.5
22,Female,6.35,85.0,7.0,1.3,2.3,1.53,Yes,Hybrid,Poor,Good,Yes,1,Middle,3.6,A,0.46,0,Positive,4.9,3.1,4.3,3.5,3.7,3.8,4.4
23,Male,4.81,69.6,6.3,3.5,2.2,1.77,No,Offline,Average,Excellent,Yes,3,High,4.8,A,0.61,1,Neutral,2.7,3.5,2.7,3.6,3.0,5.0,4.7
23,Female,3.8,71.6,6.6,6.6,5.0,1.71,Yes,Offline,Good,Good,Yes,0,High,4.2,C,0.66,1,Neutral,3.0,2.0,2.3,2.0,2.9,5.0,2.8
21,Male,3.83,73.1,7.8,6.9,4.1,1.8,Yes,Online,Good,Excellent,Yes,3,Low,4.9,B,0.76,2,Positive,3.3,2.4,3.3,3.3,3.8,5.0,3.6
24,Female,6.55,79.2,6.3,3.0,2.1,1.73,No,Offline,Good,Good,Yes,4,Low,1.2,A,0.69,2,Neutral,5.0,3.2,2.9,3.3,2.8,5.0,4.1
20,Female,4.68,84.8,5.5,4.5,5.2,1.92,Yes,Offline,Poor,Good,No,1,Middle,4.8,B,0.52,0,Positive,3.2,3.4,5.0,2.0,4.1,3.0,4.2
18,Female,5.95,82.6,6.2,4.5,4.1,1.86,Yes,Online,Good,Excellent,Yes,1,Middle,6.1,A,0.44,1,Positive,2.4,2.4,3.7,3.2,3.9,4.7,2.6
21,Female,1.14,71.6,7.8,4.7,5.3,2.05,No,Offline,Poor,Good,No,0,High,4.1,C,0.34,2,Positive,1.7,4.2,4.6,2.3,2.8,4.6,3.2
27,Male,3.97,80.1,7.1,4.6,7.4,1.8,No,Online,Poor,Good,No,1,Middle,4.8,B,0.58,0,Positive,2.7,4.9,1.9,2.4,2.6,5.0,2.4
24,Non-Binary,4.19,68.6,7.9,2.9,5.9,1.95,No,Online,Average,Good,No,1,Middle,1.2,B,0.46,0,Neutral,3.0,1.8,3.5,3.3,3.5,3.7,3.2
21,Female,4.01,74.1,6.9,7.3,4.2,1.66,Yes,Offline,Poor,Good,No,0,Middle,5.7,C,0.55,2,Neutral,3.6,2.8,3.3,1.8,4.1,5.0,2.4
22,Female,1.06,68.3,7.1,5.0,3.5,2.28,Yes,Offline,Average,Average,Yes,0,Low,6.3,C,0.15,0,Positive,3.0,3.8,3.2,2.1,2.7,4.6,3.0
26,Female,4.06,77.4,7.0,3.2,3.3,1.28,No,Hybrid,Good,Excellent,No,0,Middle,5.4,B,0.43,2,Positive,3.1,2.6,4.3,3.8,4.7,4.1,2.8
20,Male,8.09,83.4,7.0,5.4,2.8,1.88,No,Offline,Average,Excellent,No,3,Middle,2.5,A,0.36,2,Positive,3.2,3.2,3.2,4.1,3.4,3.9,3.3
20,Female,5.55,100.0,6.7,6.5,3.1,1.92,Yes,Offline,Average,Good,Yes,3,High,1.0,A,0.79,2,Positive,3.2,2.0,5.0,3.0,2.9,5.0,2.3
28,Male,3.89,72.9,4.5,6.1,6.5,1.87,No,Hybrid,Average,Good,Yes,1,Low,3.9,C,0.56,0,Positive,4.2,2.1,3.4,2.6,1.8,3.1,3.7
25,Female,3.51,85.5,8.3,9.3,4.4,1.65,Yes,Hybrid,Poor,Good,Yes,1,Middle,8.2,D,0.35,1,Positive,2.1,2.0,2.9,3.3,2.1,4.0,1.6
19,Male,2.24,82.5,8.9,3.0,4.3,1.86,Yes,Online,Average,Good,Yes,0,High,7.0,C,0.42,1,Neutral,4.9,2.2,3.7,3.9,3.0,4.3,2.4
21,Female,5.4,76.9,7.2,3.8,2.0,1.87,Yes,Online,Average,Good,Yes,3,Middle,3.3,A,0.62,1,Positive,4.4,2.7,1.8,3.3,4.2,4.8,2.7
20,Male,3.38,73.5,7.8,2.8,3.3,1.64,Yes,Offline,Poor,Excellent,Yes,2,High,4.9,B,0.6,1,Neutral,4.0,2.3,5.0,1.2,2.1,3.7,2.9
18,Male,4.15,68.8,6.4,2.3,4.1,1.78,Yes,Offline,Average,Good,Yes,1,Middle,3.2,B,0.53,0,Negative,2.2,3.2,3.6,4.0,3.4,5.0,3.7
27,Female,6.72,81.4,7.0,7.4,2.1,1.56,Yes,Offline,Good,Poor,No,2,High,5.8,A,0.65,0,Positive,2.9,2.4,4.7,2.9,1.9,5.0,3.3
20,Female,6.82,73.3,8.6,5.2,4.4,1.88,No,Offline,Average,Excellent,Yes,2,Middle,3.0,A,0.77,1,Positive,2.3,2.9,5.0,3.0,4.3,2.7,3.3
25,Female,6.17,79.4,5.8,4.8,8.0,2.07,No,Offline,Poor,Good,No,3,Low,5.0,B,0.39,1,Neutral,2.1,3.1,1.7,3.0,1.5,2.6,3.3
18,Male,1.62,88.9,8.6,7.1,3.4,1.89,Yes,Online,Poor,Excellent,No,2,High,3.4,C,0.32,2,Neutral,2.7,2.6,1.5,3.3,1.9,5.0,2.8
21,Male,3.8,64.4,8.2,4.1,4.4,1.95,No,Offline,Average,Average,No,2,High,4.9,B,0.72,0,Neutral,2.9,3.5,5.0,3.4,3.4,4.6,4.1
17,Female,7.29,94.3,4.9,2.1,4.6,1.44,No,Offline,Good,Poor,Yes,1,Middle,5.4,A,0.47,0,Positive,2.6,2.7,2.8,4.1,3.0,5.0,1.9
23,Non-Binary,2.56,72.9,7.2,4.7,1.9,1.62,Yes,Offline,Average,Excellent,No,1,Middle,3.9,B,0.69,1,Neutral,3.0,3.5,3.9,2.4,3.7,4.8,3.1
22,Female,7.44,85.9,8.3,3.3,6.0,1.8,No,Online,Average,Average,Yes,2,High,4.5,A,0.86,2,Positive,3.8,3.3,4.0,4.8,2.0,4.4,3.4
22,Male,4.87,83.8,6.8,2.1,2.6,1.46,Yes,Hybrid,Good,Excellent,Yes,2,Low,2.6,A,0.48,2,Positive,3.8,3.1,3.4,3.4,2.7,3.3,4.6
17,Female,6.82,78.3,7.6,8.6,0.9,2.11,Yes,Offline,Average,Excellent,No,1,Middle,2.0,A,0.44,1,Neutral,3.4,1.8,4.6,4.3,3.9,3.3,2.4
19,Male,4.09,84.5,5.3,5.6,2.1,1.71,No,Online,Good,Good,Yes,1,Low,3.6,A,0.06,1,Neutral,2.9,1.4,1.9,2.9,3.1,5.0,1.5
17,Female,2.59,93.1,7.9,6.3,5.1,1.97,Yes,Offline,Good,Average,Yes,1,Low,6.7,B,0.25,0,Negative,2.6,1.6,4.6,3.5,1.9,5.0,1.8
19,Male,2.9,80.5,7.5,8.5,3.6,1.34,No,Offline,Average,Good,Yes,2,Middle,5.3,C,0.34,1,Neutral,3.3,3.5,3.2,1.5,3.0,4.5,2.4
22,Male,7.83,90.6,8.4,5.2,3.9,1.17,Yes,Online,Average,Excellent,Yes,1,High,4.8,A,0.64,1,Positive,4.0,1.8,5.0,3.3,3.2,3.4,4.1
21,Female,4.28,99.2,5.8,6.4,3.6,1.6,Yes,Offline,Poor,Good,Yes,1,Middle,6.4,B,0.89,1,Neutral,4.3,2.0,2.1,4.4,3.0,5.0,2.6
22,Female,2.47,81.1,7.1,4.2,2.7,1.58,No,Offline,Average,Good,No,4,High,2.9,A,0.31,0,Negative,1.7,2.7,3.0,4.1,4.8,5.0,3.1
21,Male,6.55,71.8,7.6,1.1,5.9,2.2,No,Online,Poor,Good,Yes,2,Low,1.6,A,0.54,0,Positive,2.9,3.3,2.3,5.0,3.4,5.0,3.8
19,Male,1.83,76.1,6.6,6.5,2.8,1.98,Yes,Offline,Average,Poor,No,0,Middle,5.3,C,0.47,0,Positive,2.1,2.2,2.5,2.5,4.1,4.8,2.0
19,Male,4.59,83.7,7.1,7.7,4.0,2.39,Yes,Hybrid,Average,Excellent,No,2,Low,5.8,A,0.24,2,Positive,1.5,2.8,4.2,3.5,4.3,4.8,2.5
18,Female,5.6,89.6,8.6,4.1,3.3,1.9,Yes,Offline,Average,Excellent,No,1,Low,2.3,A,0.66,2,Positive,4.1,3.1,2.7,4.9,2.0,3.0,2.8
24,Male,5.5,61.3,7.0,4.6,3.8,2.39,Yes,Offline,Good,Excellent,No,3,Middle,5.5,A,0.8,2,Negative,4.3,3.2,5.0,4.4,2.4,5.0,2.8
22,Male,5.76,78.2,5.7,1.6,4.3,2.02,Yes,Online,Poor,Good,No,1,Low,3.8,A,0.59,2,Positive,2.8,4.4,4.2,3.7,3.7,5.0,2.2
18,Female,4.74,74.0,7.1,2.6,4.4,2.26,No,Offline,Poor,Good,No,2,Middle,6.4,A,0.68,2,Neutral,2.5,3.3,4.9,4.6,3.2,5.0,1.9
18,Female,1.09,96.9,6.5,8.1,3.0,1.71,Yes,Online,Good,Average,No,1,Low,9.9,D,0.56,1,Positive,2.6,2.1,1.9,1.7,3.8,3.3,1.0
25,Female,5.41,70.6,6.3,3.9,2.6,1.62,Yes,Hybrid,Good,Good,Yes,4,Middle,5.7,A,0.49,2,Positive,1.2,1.1,4.3,2.2,2.4,5.0,3.1
23,Female,4.83,85.8,8.1,3.4,4.6,2.14,Yes,Offline,Average,Good,No,1,High,1.0,A,0.84,0,Positive,4.1,4.8,5.0,2.8,2.8,4.3,4.7
22,Female,4.52,80.8,6.9,4.5,1.7,1.7,Yes,Hybrid,Average,Excellent,No,3,Middle,1.0,A,0.29,2,Neutral,2.5,4.2,4.4,3.0,2.7,4.3,3.7
20,Female,5.89,88.8,5.9,2.9,4.6,1.46,No,Offline,Good,Excellent,No,3,High,4.1,A,0.39,1,Positive,2.8,4.1,3.8,3.9,2.9,3.3,3.4
19,Female,6.45,97.2,5.5,2.5,4.9,1.54,Yes,Offline,Poor,Excellent,No,2,High,5.0,A,0.14,2,Positive,3.3,3.3,2.0,4.0,2.4,2.4,3.2
28,Female,5.34,77.3,6.9,1.8,3.2,1.72,No,Online,Good,Excellent,Yes,3,Middle,4.3,A,0.56,2,Positive,1.0,3.1,3.8,2.9,3.0,3.2,2.6
24,Male,7.91,67.1,8.2,5.3,3.3,1.15,No,Online,Good,Excellent,Yes,4,Middle,2.7,A,0.61,2,Neutral,3.0,2.7,4.3,2.6,4.9,4.5,2.7
19,Non-Binary,9.3,93.5,7.4,3.8,4.9,1.79,No,Hybrid,Average,Poor,No,1,High,2.1,A,0.58,0,Positive,3.1,3.2,3.7,4.1,5.0,2.8,4.2
24,Male,5.49,73.1,7.6,4.0,4.4,1.59,Yes,Offline,Poor,Excellent,Yes,2,Low,6.4,B,0.49,1,Neutral,2.4,3.6,3.3,1.7,4.2,3.4,4.0
23,Male,4.22,81.5,5.5,6.4,6.8,1.61,No,Offline,Good,Good,No,1,High,8.0,B,0.43,0,Positive,5.0,1.9,4.8,3.5,2.3,4.3,1.2
19,Male,2.32,86.8,7.8,9.0,4.5,1.79,No,Online,Good,Average,Yes,2,Middle,4.3,B,0.4,1,Positive,1.8,1.9,3.8,2.0,1.9,4.6,1.6
20,Male,6.07,65.0,6.3,3.8,3.1,1.52,No,Online,Good,Poor,No,3,Low,5.4,A,0.52,1,Neutral,3.5,2.7,4.8,2.4,5.0,4.4,3.2
18,Non-Binary,1.36,74.2,8.2,2.3,3.7,1.86,Yes,Hybrid,Average,Good,No,1,Middle,8.8,B,0.36,2,Negative,2.0,3.6,3.7,2.9,1.6,4.3,3.4
18,Female,8.28,82.2,8.3,2.6,3.4,1.84,Yes,Offline,Good,Average,Yes,3,Middle,3.5,A,0.26,1,Neutral,3.3,3.9,3.2,4.4,2.9,4.6,3.5
23,Female,6.87,73.7,6.9,7.1,4.0,1.93,No,Hybrid,Good,Good,Yes,1,Middle,3.4,A,0.53,0,Positive,1.9,3.5,4.6,3.4,4.2,4.1,3.9
19,Female,3.86,98.0,5.3,2.9,4.6,1.7,No,Hybrid,Poor,Good,Yes,1,Low,5.8,B,0.33,0,Positive,3.9,3.3,3.9,4.3,2.6,3.7,2.9
24,Female,6.27,66.9,8.0,5.9,3.1,2.19,No,Offline,Average,Excellent,No,1,Middle,3.7,A,0.64,1,Negative,3.3,4.1,3.7,3.6,3.3,4.8,1.8
29,Male,3.17,88.2,7.2,8.0,1.4,1.46,No,Offline,Average,Excellent,No,0,Middle,6.5,B,0.87,1,Positive,1.4,2.4,5.0,2.6,2.6,3.3,3.1
17,Female,2.71,74.1,6.8,4.9,7.2,1.83,No,Hybrid,Good,Good,Yes,2,High,3.3,A,0.48,2,Neutral,3.1,4.2,2.9,2.6,2.3,5.0,3.8
21,Female,6.44,80.7,6.1,4.6,3.6,2.04,Yes,Offline,Average,Average,Yes,2,High,4.2,A,0.79,2,Neutral,2.5,3.6,4.1,2.8,4.0,3.8,4.3
24,Male,2.88,72.7,6.1,5.8,2.4,1.88,Yes,Offline,Average,Average,No,1,High,3.4,C,0.24,1,Negative,2.8,2.4,5.0,2.4,1.5,3.0,2.4
24,Female,5.4,84.7,7.2,8.5,4.9,1.91,Yes,Offline,Poor,Average,No,0,Low,4.4,B,0.26,1,Positive,1.3,4.1,4.3,3.7,2.5,4.3,1.7
23,Male,4.65,91.0,6.8,3.7,5.1,1.79,No,Offline,Average,Average,Yes,2,Middle,1.8,A,0.32,1,Neutral,4.4,1.8,4.3,2.7,2.6,5.0,3.3
20,Male,8.04,85.2,8.1,5.0,6.0,1.64,No,Hybrid,Poor,Excellent,Yes,3,Middle,4.4,A,0.58,2,Positive,2.0,4.0,3.0,5.0,4.2,2.9,3.3
20,Male,5.54,79.0,4.5,4.0,4.4,2.01,No,Offline,Poor,Good,No,3,Middle,1.2,A,0.65,2,Positive,2.8,2.7,2.1,2.7,2.6,2.2,2.7
22,Male,8.07,57.5,6.9,4.5,2.3,1.36,Yes,Hybrid,Average,Average,No,3,Low,5.0,A,0.34,2,Positive,2.1,1.4,3.0,4.7,2.3,5.0,1.0
28,Female,6.64,82.1,8.7,2.7,4.3,1.68,No,Hybrid,Good,Average,No,3,Middle,2.9,A,0.92,1,Positive,2.8,5.0,4.6,5.0,3.2,3.8,3.5
19,Female,3.37,60.1,7.7,8.1,1.3,2.3,No,Hybrid,Good,Good,No,2,Middle,7.5,B,0.78,2,Neutral,2.9,2.6,5.0,1.1,2.0,3.6,3.2
26,Male,2.57,89.7,5.5,6.4,2.9,1.96,Yes,Hybrid,Average,Good,No,1,Middle,6.4,B,0.47,0,Positive,2.9,2.4,2.7,3.4,4.4,4.6,2.5
19,Female,0.69,69.1,7.7,5.8,3.2,1.73,Yes,Hybrid,Average,Poor,No,1,Low,6.8,C,0.48,1,Neutral,4.4,2.5,3.6,2.0,2.5,3.2,2.6
28,Female,4.97,61.5,6.2,6.7,2.7,1.16,No,Hybrid,Average,Excellent,No,2,Middle,3.8,C,0.57,1,Neutral,2.9,3.4,3.5,1.6,3.0,4.6,1.6
22,Male,0.55,64.0,6.1,6.1,2.7,1.41,No,Offline,Average,Average,Yes,2,High,6.4,D,0.51,0,Negative,4.6,2.7,4.1,1.0,3.3,4.5,2.7
21,Male,3.26,79.9,6.1,7.6,2.6,1.79,No,Hybrid,Good,Poor,Yes,2,Middle,3.4,B,0.12,0,Neutral,1.6,4.1,3.7,3.2,3.1,3.1,1.9
22,Non-Binary,0.08,71.4,5.6,4.0,6.0,1.81,No,Online,Poor,Poor,Yes,1,High,5.1,C,0.56,1,Neutral,4.2,2.6,3.8,3.5,2.5,2.0,4.0
19,Female,3.66,80.5,6.7,4.7,4.7,1.1,No,Online,Good,Good,No,2,Middle,7.6,B,0.1,1,Neutral,4.0,1.9,2.7,2.9,1.6,3.6,2.6
19,Non-Binary,6.31,67.1,7.3,4.6,4.4,2.3,Yes,Hybrid,Poor,Average,No,2,High,3.4,A,0.97,0,Negative,4.1,3.1,4.4,4.8,3.4,5.0,2.8
18,Male,3.14,87.1,6.4,5.4,3.7,2.13,No,Hybrid,Average,Poor,Yes,4,Low,2.5,A,0.66,0,Neutral,5.0,3.0,4.1,1.3,2.8,3.8,3.7
18,Female,3.79,94.7,6.0,2.3,4.3,2.39,No,Offline,Poor,Average,No,3,Middle,2.3,A,0.41,2,Positive,1.0,2.4,4.1,3.4,2.9,3.1,2.4
20,Male,3.98,80.4,7.0,10.0,3.2,1.83,No,Offline,Average,Good,Yes,1,Middle,4.8,C,0.89,2,Positive,1.0,1.0,3.2,2.7,3.1,3.4,2.4
23,Male,5.43,69.6,5.7,3.4,3.0,1.81,Yes,Offline,Poor,Average,Yes,1,High,5.5,B,0.98,0,Neutral,3.1,2.3,3.5,3.9,4.1,4.2,2.9
22,Female,1.93,66.5,6.6,4.9,6.1,1.95,Yes,Hybrid,Average,Average,Yes,0,Middle,4.4,D,0.37,1,Neutral,1.0,2.5,4.4,1.2,1.0,4.4,3.0
18,Male,5.11,71.6,6.4,8.0,2.8,2.19,Yes,Hybrid,Average,Good,No,3,Middle,3.8,A,0.71,2,Negative,1.0,1.7,2.8,3.2,2.2,3.7,2.8
25,Male,4.68,90.3,7.9,4.3,4.9,1.28,Yes,Online,Average,Average,No,2,Low,5.1,B,0.73,0,Neutral,2.8,3.9,3.1,3.1,3.7,3.2,3.1
22,Male,2.82,73.1,6.9,6.8,6.4,1.99,No,Online,Average,Good,No,0,Middle,2.7,B,0.47,1,Neutral,2.5,2.3,3.5,2.9,3.6,4.6,3.3
27,Male,2.92,63.9,10.0,7.5,5.9,1.55,No,Online,Average,Poor,No,0,Middle,3.5,C,0.18,1,Neutral,1.2,3.5,3.4,1.4,2.6,4.1,2.9
22,Female,7.31,100.0,6.9,1.0,2.3,2.13,No,Online,Average,Poor,Yes,3,High,3.9,A,0.58,0,Neutral,2.4,1.6,4.1,5.0,2.7,4.5,4.6
18,Female,6.33,95.5,8.3,3.1,2.7,1.5,No,Online,Average,Good,No,1,Middle,5.8,A,0.58,0,Neutral,3.7,3.4,4.4,4.0,1.5,3.2,2.7
21,Male,5.74,94.3,6.9,5.6,0.5,1.99,No,Offline,Average,Average,Yes,2,Middle,6.1,A,0.71,1,Positive,3.5,2.9,5.0,3.4,3.2,5.0,1.8
22,Male,3.21,72.9,6.8,2.8,6.3,1.9,Yes,Offline,Average,Poor,Yes,3,Low,3.5,B,0.3,0,Neutral,3.7,4.1,3.1,3.9,4.9,4.0,3.0
17,Male,4.19,87.4,4.7,7.7,2.6,2.18,No,Offline,Average,Good,Yes,2,Low,6.6,B,0.35,2,Positive,2.5,2.3,2.4,3.3,3.0,4.4,1.1
17,Female,2.28,70.4,7.7,7.6,3.7,1.33,No,Online,Poor,Excellent,Yes,0,Middle,6.7,D,0.16,1,Neutral,4.2,1.6,3.5,2.9,3.9,4.7,1.6
18,Male,1.35,74.7,6.0,6.6,6.1,1.92,Yes,Hybrid,Average,Good,Yes,0,Middle,6.3,D,0.65,0,Neutral,4.8,2.7,3.6,2.5,3.5,2.4,2.6
19,Female,3.93,85.7,6.7,3.9,6.5,1.9,No,Offline,Poor,Excellent,Yes,2,Middle,4.3,A,0.83,2,Positive,3.2,3.1,3.7,3.2,2.5,3.0,2.3
20,Male,3.67,68.1,7.1,3.9,3.9,2.11,Yes,Online,Poor,Excellent,No,2,Middle,6.4,B,0.67,1,Neutral,2.5,2.4,4.6,2.7,2.3,4.1,2.5
21,Male,2.37,79.3,7.9,6.3,4.7,1.75,No,Hybrid,Good,Excellent,Yes,0,Low,4.6,C,0.15,2,Neutral,3.0,2.4,1.9,1.9,3.6,2.7,3.5
18,Female,2.43,66.4,4.7,1.3,5.6,1.54,No,Online,Average,Good,No,1,Middle,4.9,C,0.33,2,Neutral,1.8,3.0,3.0,3.1,2.3,2.8,2.6
22,Female,5.6,88.3,7.1,3.2,4.8,2.01,Yes,Online,Good,Good,Yes,4,High,1.7,A,0.51,1,Neutral,2.7,4.4,3.8,4.2,4.1,5.0,3.1
22,Male,3.94,75.5,7.1,6.6,4.5,1.77,Yes,Offline,Average,Average,Yes,2,Middle,5.2,B,0.79,2,Neutral,3.6,2.5,4.8,3.4,3.4,4.7,2.1
19,Female,1.71,80.9,5.9,5.2,4.6,1.74,No,Online,Average,Average,Yes,1,Middle,6.3,B,0.97,0,Positive,3.4,2.7,4.8,1.0,3.1,4.4,2.0
17,Female,8.94,81.7,6.5,2.0,5.3,1.95,No,Online,Average,Good,Yes,3,Middle,5.5,A,0.29,1,Positive,3.5,3.0,4.3,4.9,2.5,5.0,4.0
17,Female,1.38,71.0,6.8,5.9,3.9,1.68,No,Hybrid,Poor,Excellent,Yes,0,Middle,3.8,C,0.63,2,Neutral,1.4,2.4,3.2,1.0,3.1,5.0,4.5
20,Female,5.29,73.3,7.5,6.6,5.2,1.31,No,Hybrid,Good,Good,No,0,Low,4.4,B,0.67,1,Neutral,3.7,2.7,5.0,2.7,3.3,5.0,2.0
18,Female,2.85,71.3,5.9,4.0,3.3,1.36,Yes,Hybrid,Good,Good,No,3,Low,5.9,A,0.13,2,Neutral,2.5,2.3,2.7,3.6,2.1,4.4,2.9
20,Non-Binary,6.21,54.5,6.2,1.2,4.2,2.16,No,Offline,Average,Good,Yes,2,Low,4.1,A,0.27,2,Positive,2.8,3.2,3.7,3.5,3.2,2.8,3.5
22,Male,5.0,81.1,7.9,2.7,3.3,2.0,No,Offline,Good,Good,Yes,2,High,3.6,A,0.9,1,Neutral,2.3,1.9,4.7,3.1,4.2,3.9,2.8
21,Female,6.89,88.3,6.8,4.9,3.3,2.24,No,Hybrid,Average,Good,No,1,Middle,4.0,A,0.13,1,Positive,4.5,3.0,2.6,3.1,2.7,3.9,3.2
19,Male,4.72,90.3,5.5,4.3,4.9,1.56,Yes,Online,Average,Good,Yes,1,High,5.0,A,0.27,1,Positive,1.7,3.1,3.4,3.3,2.8,4.6,3.2
20,Male,3.34,78.8,8.6,1.9,3.9,1.71,Yes,Online,Poor,Average,Yes,3,High,4.4,A,0.98,1,Negative,2.9,2.3,5.0,2.4,2.2,2.8,3.1
22,Male,7.74,87.7,7.4,3.6,1.9,2.04,No,Online,Average,Good,No,4,Middle,2.8,A,0.57,2,Positive,1.7,3.5,4.3,4.2,3.7,4.9,2.5
25,Male,4.74,70.3,7.0,4.1,4.4,1.81,Yes,Hybrid,Poor,Excellent,No,3,Middle,7.0,C,0.27,2,Neutral,4.0,2.6,3.7,4.1,2.1,4.0,2.2
23,Female,4.44,76.9,6.3,6.0,0.9,1.89,Yes,Hybrid,Poor,Excellent,No,2,Low,3.0,B,0.35,2,Negative,3.1,3.8,4.3,4.3,1.1,3.7,2.7
21,Female,4.55,59.9,8.4,1.9,2.7,1.42,No,Offline,Average,Average,No,2,Middle,6.6,B,0.64,1,Neutral,1.9,3.1,5.0,3.2,2.6,5.0,2.5
20,Female,3.4,73.1,5.7,2.9,0.9,2.16,No,Hybrid,Poor,Excellent,Yes,1,High,2.6,A,0.8,2,Neutral,3.1,4.1,4.2,4.3,2.5,3.0,4.5
20,Male,5.56,84.0,6.6,7.2,5.5,1.84,No,Offline,Good,Average,Yes,2,Low,4.3,A,0.76,1,Positive,2.2,2.9,3.0,2.8,3.9,5.0,2.6
25,Male,8.21,64.1,8.0,1.9,4.3,1.64,No,Offline,Good,Average,Yes,5,Middle,3.2,A,0.24,1,Positive,3.8,2.3,2.4,3.8,3.7,4.2,3.4
17,Female,7.84,78.6,6.8,1.0,3.0,2.36,Yes,Offline,Good,Good,No,2,Low,3.0,A,0.49,0,Positive,5.0,2.9,3.8,4.3,2.5,5.0,3.5
28,Male,5.45,100.0,6.5,2.0,5.0,1.84,No,Online,Poor,Average,No,4,Middle,5.6,A,0.35,0,Positive,1.7,4.5,4.8,3.7,2.0,2.5,3.7
22,Female,6.14,88.2,7.8,3.7,1.3,2.07,No,Offline,Average,Poor,Yes,2,Low,5.2,A,0.23,1,Positive,4.4,3.6,3.3,3.7,1.7,4.1,4.3
23,Female,6.35,80.7,7.5,3.2,4.9,1.8,No,Offline,Average,Average,Yes,0,Middle,3.4,A,0.5,1,Positive,4.2,2.2,3.5,2.3,3.0,4.2,2.7
17,Female,3.58,92.5,6.9,4.7,4.4,1.53,No,Offline,Good,Good,Yes,2,Middle,7.0,B,0.62,1,Positive,2.7,3.2,4.8,3.0,2.6,5.0,2.4
22,Female,7.83,87.3,5.9,4.3,7.1,1.95,Yes,Online,Average,Average,Yes,3,Low,5.4,A,0.3,2,Positive,3.7,2.3,2.4,3.2,3.8,3.7,3.5
21,Female,5.35,74.6,7.1,2.4,1.8,1.8,Yes,Offline,Average,Good,Yes,2,High,2.7,A,0.36,1,Neutral,3.2,2.9,3.7,5.0,3.4,4.9,3.4
18,Male,1.22,100.0,6.4,6.7,4.7,1.71,Yes,Online,Good,Good,No,2,Low,2.6,C,0.4,1,Positive,3.0,3.6,2.3,1.6,2.7,3.0,3.5
19,Female,6.09,89.7,7.8,2.9,5.3,1.48,No,Offline,Poor,Good,No,0,Low,4.5,A,0.79,1,Neutral,2.5,3.5,4.3,3.1,3.1,4.2,3.6
25,Male,3.03,89.7,6.5,7.1,4.6,2.0,No,Offline,Average,Excellent,Yes,0,Middle,6.3,A,0.52,1,Neutral,3.7,1.5,2.7,2.0,5.0,4.0,2.5
21,Male,5.45,90.8,8.5,2.8,2.5,1.86,Yes,Online,Average,Good,Yes,3,High,4.4,A,0.34,1,Positive,2.5,3.2,4.7,3.3,2.3,5.0,2.2
20,Male,6.2,71.5,9.6,4.6,3.3,2.19,No,Hybrid,Average,Average,Yes,2,High,6.7,A,0.84,0,Positive,4.0,3.7,4.0,3.9,2.3,5.0,2.1
17,Female,4.23,78.4,9.4,7.4,3.5,1.84,Yes,Online,Average,Average,Yes,3,Low,3.6,B,0.43,1,Neutral,2.1,2.7,5.0,2.0,1.7,4.5,3.6
23,Male,5.4,87.9,7.1,4.0,4.4,1.49,Yes,Online,Poor,Good,Yes,1,Low,5.4,C,0.49,1,Neutral,5.0,2.9,1.4,3.8,2.6,4.3,2.1
23,Male,7.55,76.7,6.6,6.2,2.5,1.73,Yes,Offline,Average,Good,No,1,High,3.8,A,0.58,2,Neutral,1.9,2.2,4.3,2.5,3.1,3.4,1.9
22,Male,2.09,80.4,5.9,7.2,4.9,1.72,No,Online,Good,Poor,Yes,1,Middle,5.4,B,0.29,1,Positive,5.0,2.5,3.8,3.0,3.4,3.5,1.3
21,Female,1.08,75.0,6.4,1.9,3.3,2.31,No,Online,Average,Average,No,2,Low,5.4,A,0.22,1,Negative,2.6,1.0,2.7,3.8,2.4,4.5,1.0
20,Female,4.6,74.9,6.8,2.8,3.9,1.59,No,Hybrid,Average,Good,No,0,Middle,7.0,B,0.12,1,Positive,3.8,3.2,5.0,2.2,3.2,4.6,2.8
22,Female,4.36,91.9,4.2,4.6,2.1,1.4,No,Hybrid,Poor,Good,No,1,High,7.5,B,0.15,1,Positive,4.0,2.0,5.0,2.7,1.0,2.6,1.9
19,Female,9.0,75.7,6.1,1.9,3.4,2.0,Yes,Offline,Average,Good,Yes,2,Low,6.0,A,0.65,0,Positive,3.2,2.3,4.2,4.9,1.7,3.8,2.5
26,Male,6.83,94.1,5.7,4.6,1.3,1.72,Yes,Hybrid,Poor,Excellent,No,1,Low,4.8,A,0.38,2,Positive,4.1,3.1,2.8,2.8,3.5,3.6,4.8
22,Male,5.9,86.3,5.7,5.5,3.2,1.98,No,Offline,Average,Good,No,2,Middle,3.6,A,0.06,2,Positive,2.4,2.8,2.8,3.6,3.6,4.3,2.4
19,Female,4.64,64.9,6.5,4.5,4.2,1.59,No,Offline,Good,Good,Yes,1,Middle,4.2,A,0.92,0,Neutral,1.8,2.7,3.4,2.5,4.6,5.0,2.6
20,Male,0.97,71.8,9.5,3.5,1.7,1.55,No,Hybrid,Poor,Good,Yes,2,Low,5.5,B,0.82,1,Negative,3.1,2.9,4.2,3.2,2.4,3.9,3.8
24,Male,2.19,72.9,6.2,5.2,0.8,1.68,No,Online,Average,Excellent,No,2,High,5.3,B,0.51,1,Positive,3.8,2.2,2.5,2.8,2.8,3.5,2.8
18,Male,4.18,93.7,9.8,3.9,3.1,1.86,No,Online,Poor,Good,Yes,4,High,2.0,A,0.86,0,Neutral,2.4,1.5,4.5,3.9,2.7,4.8,3.6
19,Female,5.2,77.4,6.2,4.7,3.7,2.34,No,Online,Average,Average,Yes,1,Middle,2.8,A,0.8,0,Neutral,3.3,2.7,4.2,3.4,3.5,3.2,3.2
22,Male,3.98,88.5,6.1,3.2,3.7,2.27,Yes,Offline,Average,Average,Yes,1,Low,4.7,A,0.55,0,Neutral,1.7,3.5,2.5,3.9,2.2,4.4,4.0
19,Female,5.05,92.6,7.5,7.9,6.3,1.21,Yes,Offline,Average,Good,Yes,1,High,5.3,C,0.32,1,Positive,3.2,1.4,4.2,2.9,3.3,4.0,1.8
24,Male,6.22,83.0,7.3,7.7,1.4,1.56,Yes,Hybrid,Poor,Excellent,Yes,2,Middle,3.6,A,0.52,2,Positive,2.6,1.9,3.4,3.1,3.9,5.0,2.5
18,Female,3.4,72.3,8.8,6.4,6.6,1.25,Yes,Offline,Average,Average,Yes,3,Middle,6.1,C,0.44,0,Negative,3.2,2.4,3.7,4.2,4.0,4.4,2.7
23,Male,3.97,81.3,7.1,4.6,1.8,1.19,Yes,Online,Average,Poor,No,1,High,4.1,C,0.39,1,Neutral,3.1,2.7,3.8,2.7,4.7,4.3,1.9
17,Male,2.88,88.3,7.6,6.2,5.5,1.5,No,Hybrid,Average,Excellent,Yes,0,High,6.0,C,0.7,1,Neutral,2.1,2.6,3.8,2.5,1.6,4.3,2.4
17,Male,7.23,79.2,6.6,5.6,3.3,1.52,No,Online,Poor,Excellent,No,2,Middle,2.8,A,0.74,2,Positive,3.1,2.7,3.7,3.0,3.4,5.0,2.9
25,Female,0.77,87.6,5.6,4.3,1.2,1.87,No,Offline,Poor,Average,No,0,Middle,4.7,C,0.59,0,Neutral,2.5,2.1,4.3,2.2,2.1,4.5,2.5
22,Male,6.01,73.2,7.2,7.4,6.9,1.34,No,Offline,Good,Average,Yes,2,Low,2.5,A,0.16,0,Neutral,3.9,2.8,4.0,2.7,1.4,5.0,2.0
20,Female,6.35,66.4,9.1,8.5,2.8,1.65,No,Offline,Poor,Good,No,1,High,4.6,B,0.33,1,Neutral,3.9,1.9,4.5,3.0,1.3,4.8,1.2
19,Female,0.75,75.1,7.8,1.0,4.6,1.8,Yes,Hybrid,Average,Average,No,1,High,5.8,B,0.97,1,Positive,3.2,3.9,5.0,2.8,3.7,3.2,3.7
22,Female,3.84,82.5,7.0,6.4,3.7,2.39,No,Offline,Good,Excellent,No,3,Middle,5.0,A,0.14,1,Neutral,3.1,2.6,1.9,3.2,2.4,4.8,1.6
21,Male,6.97,64.6,6.7,5.5,4.1,1.79,Yes,Offline,Average,Average,No,2,High,2.5,B,0.6,2,Neutral,3.7,3.0,3.4,3.2,2.2,4.8,3.0
29,Male,3.0,82.3,6.3,5.8,3.7,1.76,Yes,Hybrid,Poor,Poor,No,0,High,8.1,C,0.46,0,Neutral,3.9,3.4,3.0,3.2,4.0,3.8,2.9
28,Male,3.65,73.9,9.4,3.6,4.0,1.71,No,Online,Poor,Average,Yes,3,Low,4.7,A,0.57,1,Neutral,4.6,3.3,2.5,3.8,2.6,5.0,4.4
22,Female,4.71,64.8,7.1,5.9,4.4,1.91,No,Hybrid,Poor,Average,No,1,Middle,2.6,A,0.74,1,Neutral,2.8,3.2,3.6,2.8,3.2,4.3,2.8
20,Female,7.43,82.7,6.8,4.2,4.0,2.35,No,Offline,Average,Average,Yes,2,Middle,3.4,A,0.67,1,Positive,1.7,4.1,2.8,2.3,1.3,5.0,3.9
21,Female,6.04,94.1,5.7,1.8,1.1,2.38,Yes,Offline,Good,Poor,No,4,High,1.0,A,0.84,0,Positive,4.0,2.2,4.1,4.1,3.3,4.7,3.3
23,Female,3.43,65.4,6.1,4.5,1.1,1.8,No,Offline,Average,Good,Yes,3,Low,2.2,B,0.61,2,Neutral,4.6,2.3,3.0,3.2,3.1,5.0,2.0
18,Male,2.04,100.0,6.6,9.1,3.8,1.73,No,Online,Poor,Average,No,0,Middle,9.4,D,0.61,1,Neutral,3.1,1.7,5.0,1.5,3.6,4.4,1.3
19,Male,1.77,80.8,7.8,4.8,5.2,1.73,No,Offline,Average,Excellent,No,1,Middle,4.6,C,0.7,2,Neutral,3.0,3.8,3.8,1.8,2.5,3.1,3.4
17,Female,5.46,71.3,7.5,4.2,3.8,2.02,Yes,Online,Average,Average,No,2,Low,4.7,A,0.78,2,Neutral,4.6,2.8,5.0,3.1,3.4,5.0,3.1
17,Male,0.45,82.8,3.8,2.6,5.4,2.17,No,Offline,Good,Good,No,0,Low,4.9,B,0.51,1,Negative,1.9,2.5,4.8,2.5,2.1,5.0,2.3
18,Male,3.62,61.2,6.2,7.5,4.8,1.53,Yes,Online,Good,Average,No,2,Middle,5.5,C,0.82,2,Positive,2.7,1.6,3.9,2.5,3.1,4.2,3.6
21,Female,5.97,81.5,8.3,5.9,1.4,1.67,No,Hybrid,Average,Average,No,2,Low,4.4,A,0.75,0,Positive,2.4,3.2,3.6,3.1,4.7,4.5,3.3
24,Male,2.37,80.2,8.3,4.2,3.1,2.18,Yes,Offline,Average,Good,Yes,1,Middle,2.2,B,0.27,1,Positive,3.0,3.1,4.1,2.7,2.0,5.0,4.5
21,Female,4.13,55.1,9.0,8.2,5.2,2.08,No,Offline,Poor,Good,No,0,Middle,7.7,C,0.31,2,Negative,4.0,1.1,2.2,1.0,2.6,4.5,1.7
20,Female,4.55,58.8,8.4,5.2,3.7,1.18,No,Offline,Average,Good,No,1,Middle,6.0,C,0.68,1,Neutral,1.8,2.2,4.7,3.8,3.3,4.7,2.7
18,Female,6.28,67.4,7.7,6.2,5.1,2.23,No,Hybrid,Average,Good,No,3,Middle,3.4,A,0.87,0,Negative,4.0,1.0,5.0,2.3,2.6,5.0,3.4
21,Male,2.07,74.6,6.7,4.0,3.8,1.39,Yes,Offline,Average,Good,No,0,Middle,7.0,C,0.39,2,Negative,2.2,3.6,2.8,2.3,3.1,4.3,2.7
19,Male,4.91,81.8,7.4,8.6,4.6,1.93,No,Online,Average,Good,Yes,1,Low,4.2,B,0.52,2,Positive,3.4,2.2,3.5,1.6,2.3,4.4,1.6
22,Female,4.66,75.6,7.6,2.6,4.2,1.67,Yes,Offline,Good,Excellent,Yes,2,Middle,4.1,A,0.68,2,Neutral,1.0,3.0,3.4,5.0,3.0,4.6,3.7
28,Male,4.98,69.3,7.1,7.3,2.0,1.73,No,Online,Poor,Good,No,2,Middle,4.7,B,0.1,1,Neutral,1.0,1.3,4.1,3.0,2.5,4.2,2.1
18,Male,1.62,84.5,7.2,4.2,2.0,1.71,Yes,Online,Average,Excellent,No,2,Middle,5.5,B,0.65,2,Positive,2.8,2.4,5.0,2.4,3.4,3.9,3.1
19,Male,5.78,83.0,7.1,2.5,4.3,1.65,Yes,Online,Average,Excellent,Yes,3,Low,3.7,A,0.31,2,Positive,4.3,3.6,2.0,2.6,2.1,5.0,3.2
21,Male,3.08,78.5,7.3,6.1,4.5,1.88,Yes,Offline,Good,Poor,No,0,Middle,4.4,C,0.57,1,Neutral,4.1,2.3,3.9,3.0,2.3,3.3,2.3
27,Male,4.54,73.9,7.4,2.9,6.1,2.04,No,Online,Poor,Average,No,1,Low,4.8,A,0.11,0,Neutral,1.4,2.6,3.3,3.2,1.7,4.4,3.9
24,Female,3.07,66.9,7.4,3.8,4.2,1.68,Yes,Offline,Average,Good,No,2,Low,3.9,A,0.29,2,Negative,4.1,4.3,3.8,3.0,3.6,4.9,4.1
25,Male,8.65,76.7,6.6,6.1,4.7,1.56,No,Online,Average,Good,No,2,Middle,1.0,A,0.61,2,Positive,3.5,1.3,3.2,4.3,4.4,4.0,1.6
20,Male,4.88,93.9,6.6,7.0,6.6,2.21,No,Online,Poor,Good,Yes,3,Middle,4.1,A,0.51,2,Positive,3.4,1.9,3.2,1.5,4.0,3.2,2.4
29,Female,9.05,84.0,7.8,9.0,3.8,2.3,No,Hybrid,Average,Good,No,2,Middle,2.7,A,0.4,0,Positive,5.0,1.5,4.9,3.8,4.1,5.0,3.7
18,Non-Binary,3.52,89.9,5.8,4.4,5.5,1.68,No,Online,Poor,Average,No,1,High,6.6,C,0.58,2,Negative,2.4,3.3,2.7,2.0,3.2,5.0,2.9
17,Male,4.22,64.2,6.7,5.4,2.8,1.71,Yes,Online,Good,Average,Yes,0,Low,3.5,B,0.63,1,Neutral,4.0,2.9,3.7,3.5,3.3,2.2,3.6
25,Male,7.73,81.3,7.5,1.0,2.7,1.31,Yes,Online,Average,Poor,Yes,3,Middle,1.5,A,0.57,1,Neutral,3.0,3.3,3.3,4.5,2.8,5.0,4.1
26,Female,4.04,66.4,9.0,4.8,0.5,2.05,No,Offline,Poor,Good,Yes,2,High,5.2,A,0.32,1,Positive,4.6,1.9,3.5,1.1,3.1,5.0,1.7
18,Female,5.66,84.2,6.4,1.7,3.6,1.52,Yes,Offline,Average,Good,No,1,Low,4.8,A,0.18,0,Positive,3.3,3.4,4.6,3.7,3.1,3.4,3.0
18,Female,7.09,82.5,5.0,3.9,0.9,1.95,Yes,Hybrid,Average,Average,Yes,1,Middle,3.6,A,0.75,0,Positive,2.5,1.4,4.0,2.8,2.0,5.0,1.2
17,Female,4.04,82.7,6.1,4.5,5.2,1.5,No,Hybrid,Average,Good,Yes,1,Low,5.8,B,0.55,2,Negative,2.3,2.5,4.8,3.9,3.1,4.2,3.0
18,Male,3.43,91.5,8.5,5.8,2.6,1.86,Yes,Online,Poor,Poor,Yes,3,Middle,6.1,B,0.65,1,Neutral,3.2,2.2,5.0,2.9,1.0,3.0,2.5
19,Female,4.29,75.2,6.3,5.7,2.1,2.11,No,Offline,Average,Poor,No,1,Middle,3.9,A,0.45,0,Neutral,2.2,3.3,4.6,1.9,2.1,4.6,3.5
28,Male,6.81,91.1,8.4,6.3,4.7,1.76,No,Offline,Average,Good,No,1,Middle,2.1,A,0.7,0,Positive,1.0,3.0,2.6,2.8,4.2,4.8,3.7
22,Female,5.64,80.5,4.6,2.9,4.3,1.84,No,Offline,Poor,Average,No,2,Middle,4.2,A,0.66,0,Positive,4.3,3.5,3.9,4.5,2.8,3.2,3.7
24,Female,7.37,72.7,5.3,1.0,4.7,2.09,No,Offline,Good,Good,Yes,2,Middle,5.1,A,0.42,1,Positive,4.1,3.5,4.7,3.8,4.1,5.0,3.9
24,Non-Binary,4.26,76.2,6.5,7.9,3.5,1.76,No,Offline,Average,Excellent,No,1,Low,5.9,B,0.7,2,Negative,3.0,3.3,4.7,1.9,3.2,4.1,1.0
21,Male,3.83,86.8,7.3,4.4,6.3,2.0,No,Hybrid,Poor,Excellent,No,2,High,4.5,B,0.3,2,Neutral,3.7,3.5,3.9,4.2,1.0,4.5,3.0
24,Male,2.53,73.5,8.6,6.2,6.1,1.54,No,Offline,Good,Average,Yes,2,Low,6.0,B,0.73,1,Neutral,3.8,1.7,3.9,2.7,4.2,4.5,1.6
22,Female,4.19,86.4,5.3,3.2,4.6,1.61,Yes,Offline,Average,Good,Yes,3,Low,3.7,A,0.78,0,Positive,3.1,2.7,2.9,3.1,3.0,3.7,3.0
19,Female,3.61,81.7,6.9,3.7,2.5,1.84,Yes,Hybrid,Good,Good,No,2,High,5.7,A,0.64,2,Neutral,1.3,3.4,1.9,2.3,3.1,3.7,3.7
21,Female,4.55,72.8,7.9,3.9,5.2,1.73,No,Offline,Poor,Good,No,0,High,6.5,B,0.45,1,Neutral,3.3,3.1,3.2,2.3,1.6,5.0,3.3
21,Male,2.91,53.6,8.1,4.1,6.4,2.39,No,Offline,Poor,Good,No,4,High,2.7,B,0.95,2,Neutral,2.7,2.9,5.0,3.8,3.6,4.6,3.4
24,Male,3.36,79.1,7.1,5.9,5.3,2.07,No,Hybrid,Good,Average,Yes,3,Low,5.9,A,0.4,1,Neutral,5.0,2.9,2.2,2.2,4.0,4.1,3.1
28,Female,4.17,88.3,7.4,4.2,3.4,1.55,Yes,Online,Average,Average,No,2,High,7.6,A,0.28,2,Neutral,3.7,1.3,4.0,2.7,4.2,4.5,2.5
20,Male,6.72,74.0,6.5,4.3,2.6,1.11,No,Hybrid,Poor,Good,No,1,Middle,4.4,A,0.75,0,Positive,3.7,3.2,4.7,3.9,3.2,4.9,3.2
23,Female,4.12,87.1,7.8,4.9,5.0,1.79,No,Hybrid,Good,Good,No,3,Middle,5.6,A,0.78,0,Positive,4.5,3.7,3.5,3.8,4.8,4.7,2.7
18,Male,3.64,70.2,8.2,4.5,3.4,1.93,Yes,Offline,Average,Average,No,1,High,3.8,B,0.42,0,Neutral,3.1,3.4,3.5,2.7,2.5,5.0,2.3
24,Female,6.84,91.0,6.9,4.2,3.5,1.83,No,Hybrid,Average,Average,No,2,Low,3.3,A,0.44,1,Positive,5.0,5.0,3.0,2.8,1.6,3.8,4.2
20,Female,7.48,96.0,8.5,7.6,2.9,2.23,No,Hybrid,Average,Good,No,0,Middle,3.9,A,0.51,2,Positive,2.0,2.7,3.7,1.8,4.2,4.6,4.3
17,Female,4.19,82.1,7.0,5.3,1.5,1.36,No,Hybrid,Average,Average,Yes,0,High,4.2,B,0.73,2,Neutral,2.9,2.6,4.8,4.5,3.4,2.9,2.6
20,Male,4.28,84.5,6.2,9.0,4.1,2.11,No,Hybrid,Average,Average,No,2,Middle,2.2,A,0.87,2,Neutral,4.3,3.4,4.7,3.0,1.0,4.2,2.9
22,Female,1.17,66.2,7.7,5.3,4.0,1.9,No,Offline,Poor,Average,Yes,2,Low,5.2,C,0.34,1,Neutral,1.8,2.0,2.3,2.9,4.6,3.6,2.4
18,Male,1.68,94.4,8.3,3.1,4.8,1.16,Yes,Hybrid,Poor,Average,No,2,Low,6.7,C,0.36,0,Positive,2.6,2.7,4.5,1.4,2.5,5.0,4.1
26,Female,4.7,72.7,6.9,2.6,1.3,1.16,No,Hybrid,Good,Good,Yes,3,Middle,2.2,A,0.31,0,Positive,3.5,3.0,3.4,3.0,4.4,4.1,4.4
17,Male,7.56,86.1,7.4,4.8,4.7,2.16,Yes,Hybrid,Poor,Average,No,2,Middle,4.3,A,0.95,2,Positive,3.5,2.1,2.1,3.7,3.0,3.4,3.4
26,Male,8.48,100.0,6.5,2.7,2.4,1.67,Yes,Hybrid,Poor,Poor,Yes,2,Low,4.3,A,0.59,1,Neutral,2.4,3.6,2.5,3.7,2.4,4.6,3.8
23,Male,6.44,83.7,7.6,4.1,2.2,1.63,Yes,Offline,Poor,Poor,No,3,Middle,3.1,A,0.44,0,Neutral,4.5,3.6,3.3,2.7,2.9,3.5,3.5
19,Male,3.83,82.8,6.1,3.1,2.4,1.63,No,Offline,Average,Average,Yes,2,Low,5.4,B,0.35,2,Positive,2.0,2.6,2.6,2.2,3.4,4.3,2.5
20,Non-Binary,5.82,84.8,5.9,7.4,6.1,2.09,Yes,Offline,Average,Good,Yes,2,Low,5.1,B,0.24,2,Positive,3.2,2.6,2.1,2.9,3.7,4.1,2.9
23,Male,1.86,73.9,8.9,5.4,4.1,1.61,No,Offline,Average,Poor,No,2,Low,4.7,B,0.86,0,Negative,2.3,2.9,3.7,2.2,2.5,4.5,2.4
22,Female,4.63,73.9,7.7,4.5,2.5,1.47,No,Offline,Good,Good,No,2,High,5.6,A,0.56,2,Neutral,1.2,3.1,5.0,2.8,2.0,4.0,2.6
22,Non-Binary,2.44,92.0,5.7,3.9,5.2,1.92,Yes,Offline,Average,Average,Yes,1,Low,5.5,B,0.34,0,Neutral,2.3,2.7,3.7,2.4,3.0,5.0,3.0
20,Male,4.81,72.5,6.7,3.0,4.8,1.89,No,Offline,Poor,Average,Yes,2,High,6.0,A,0.86,1,Positive,2.7,2.5,3.6,3.6,2.3,3.4,1.4
21,Female,7.66,76.5,6.1,3.4,2.5,1.84,No,Offline,Average,Average,Yes,2,High,3.9,A,0.47,0,Positive,1.7,4.1,5.0,2.6,1.7,4.6,4.1
28,Male,9.15,66.2,7.8,4.7,1.7,1.51,No,Hybrid,Average,Poor,No,2,Middle,3.6,A,0.63,1,Neutral,4.2,2.2,4.6,4.5,2.8,4.8,3.7
19,Male,5.23,81.8,6.3,7.5,5.2,1.95,Yes,Hybrid,Average,Good,No,3,Low,3.8,A,0.27,2,Neutral,3.2,2.1,2.2,1.8,2.4,4.8,2.5
20,Male,5.59,69.7,5.7,6.0,5.3,1.52,Yes,Online,Good,Good,No,3,High,6.0,A,0.49,1,Neutral,3.3,3.4,3.1,3.5,2.3,4.1,2.7
19,Female,1.49,77.9,6.6,4.0,2.5,1.69,No,Hybrid,Poor,Excellent,Yes,0,Middle,7.0,D,0.51,2,Negative,2.9,2.9,3.6,1.0,2.0,3.6,1.9
23,Male,3.5,77.1,4.5,5.1,3.2,2.01,No,Hybrid,Average,Poor,Yes,3,Low,4.3,B,0.47,0,Negative,2.9,4.5,3.8,2.9,4.2,4.4,3.4
23,Female,7.84,79.2,6.6,6.0,3.8,1.85,No,Hybrid,Average,Average,No,0,Middle,6.8,A,0.34,1,Positive,3.6,1.8,4.5,3.1,1.5,3.8,1.6
19,Female,7.12,72.7,5.1,2.1,2.5,1.87,Yes,Offline,Poor,Average,Yes,4,Low,1.5,A,0.76,2,Positive,2.5,2.5,2.4,4.7,3.5,3.4,2.7
18,Female,6.47,76.9,6.0,4.9,4.8,2.04,Yes,Offline,Average,Good,No,1,Middle,5.0,B,0.56,2,Positive,1.0,2.6,3.7,2.9,3.4,3.8,3.1
17,Male,5.7,91.2,7.8,3.2,3.8,1.73,Yes,Hybrid,Average,Average,Yes,2,Middle,4.2,A,0.52,0,Positive,1.1,3.7,3.9,3.9,3.8,4.4,3.5
20,Female,8.09,89.3,8.6,3.2,3.2,1.64,Yes,Online,Good,Good,No,2,Middle,3.9,A,0.5,0,Neutral,3.3,3.1,3.9,3.9,3.4,4.6,4.7
20,Female,4.29,85.9,7.9,6.3,3.7,1.33,No,Online,Good,Average,No,2,Middle,2.7,A,0.83,1,Positive,2.7,3.0,3.6,2.1,2.3,4.7,3.7
28,Female,4.42,85.2,7.9,5.9,4.8,1.92,No,Offline,Poor,Poor,Yes,2,High,3.0,A,0.73,1,Positive,5.0,3.9,4.6,2.3,3.7,3.4,2.7
21,Female,10.42,63.5,4.3,6.3,5.7,1.67,Yes,Offline,Average,Excellent,No,2,Middle,2.7,A,0.3,2,Positive,3.9,1.0,4.1,3.7,1.4,4.0,2.4
19,Female,3.09,77.7,6.0,2.9,3.7,1.9,Yes,Online,Average,Good,No,4,Middle,4.5,A,0.69,1,Neutral,3.4,1.7,2.4,4.0,4.3,4.9,3.1
25,Male,5.7,82.8,7.8,5.2,1.7,1.48,No,Offline,Poor,Good,Yes,2,Middle,5.8,B,0.37,1,Positive,1.4,2.2,3.5,3.5,3.7,3.6,2.4
21,Male,4.06,82.6,7.9,6.3,4.5,1.87,No,Offline,Poor,Good,Yes,0,Middle,2.2,B,0.91,1,Positive,2.3,2.4,2.3,2.2,1.0,4.6,2.7
22,Male,7.8,85.6,6.6,3.3,1.1,1.67,No,Online,Good,Good,No,3,Middle,1.5,A,0.53,1,Positive,4.0,1.9,2.4,3.8,3.2,5.0,2.3
18,Male,4.28,67.0,6.1,5.1,0.9,1.65,No,Offline,Average,Poor,Yes,2,High,5.2,B,0.74,1,Neutral,3.2,3.8,3.0,1.8,2.8,3.2,3.9
20,Male,4.12,84.1,7.9,4.3,4.8,1.92,No,Offline,Average,Good,No,1,High,5.6,B,0.57,0,Positive,2.1,3.0,3.2,2.5,3.4,4.4,3.2
26,Male,4.19,74.4,5.7,7.8,4.9,1.39,Yes,Hybrid,Good,Average,Yes,1,Middle,4.8,D,0.2,1,Negative,1.8,3.4,3.7,2.5,2.0,4.6,1.1
22,Male,6.42,82.8,6.4,3.8,4.5,1.84,Yes,Hybrid,Average,Good,Yes,2,Low,5.4,A,0.38,2,Neutral,3.5,2.8,2.8,2.6,1.9,4.1,4.2
20,Non-Binary,2.8,96.6,5.7,3.0,4.8,1.53,No,Online,Average,Good,Yes,2,Middle,3.7,A,0.58,1,Negative,2.4,3.0,4.6,2.7,3.5,3.2,3.8
22,Male,1.84,85.4,4.6,5.6,3.5,1.39,No,Online,Average,Good,Yes,0,Middle,7.2,C,0.71,2,Neutral,2.5,1.8,4.1,3.6,4.1,4.0,3.0
26,Female,4.57,79.5,7.2,3.1,3.3,1.56,Yes,Online,Average,Good,No,0,Middle,3.0,A,0.84,0,Positive,2.8,3.0,4.3,2.6,2.5,3.8,5.0
19,Female,4.1,71.2,8.2,6.1,4.7,2.31,No,Hybrid,Average,Good,Yes,1,Middle,2.3,B,0.3,0,Positive,4.4,3.5,4.4,3.7,2.5,5.0,3.4
21,Female,5.88,89.5,7.7,6.7,3.1,1.8,No,Offline,Average,Average,No,3,Middle,3.4,A,0.4,2,Positive,2.8,3.0,2.5,2.2,2.8,5.0,3.1
27,Female,4.12,60.3,6.1,6.0,3.6,2.27,Yes,Online,Average,Average,No,1,Middle,5.0,C,1.0,1,Positive,4.4,3.1,4.5,1.3,2.1,4.3,1.0
18,Male,3.6,72.0,7.7,6.2,2.7,1.72,No,Online,Good,Poor,No,0,Low,4.0,B,0.09,0,Neutral,2.6,2.2,3.0,3.1,1.0,5.0,2.8
23,Male,5.38,55.4,5.8,3.9,1.4,1.45,Yes,Online,Average,Good,Yes,3,High,3.7,A,0.61,1,Positive,1.6,2.2,4.0,1.9,2.7,3.4,2.6
22,Male,5.67,77.9,3.6,7.0,3.0,1.79,Yes,Online,Poor,Excellent,No,1,High,7.0,B,0.29,2,Positive,2.7,2.0,4.9,3.0,4.6,3.7,1.2
22,Male,6.85,71.8,6.4,5.2,2.3,1.74,Yes,Offline,Average,Average,Yes,1,High,1.4,A,0.28,2,Positive,3.0,3.1,4.2,2.8,1.5,4.6,2.3
20,Female,4.94,74.3,7.6,6.4,4.5,1.79,No,Online,Good,Poor,No,4,Middle,3.0,A,0.8,0,Negative,1.4,1.7,3.5,4.0,1.0,3.8,3.1
19,Female,1.18,69.5,5.1,2.9,3.9,2.35,No,Online,Average,Good,Yes,0,Middle,4.3,B,0.57,2,Negative,2.0,2.9,3.1,3.5,4.7,3.0,2.5
23,Male,4.72,99.4,6.6,4.4,5.0,1.92,No,Online,Average,Excellent,Yes,3,Middle,4.4,B,0.7,2,Positive,3.6,2.2,3.8,3.6,4.5,4.1,3.4
19,Male,4.83,87.7,7.1,1.0,3.7,1.66,No,Online,Average,Good,No,1,Middle,5.0,A,0.32,2,Positive,2.5,2.6,4.4,3.7,3.0,2.7,2.4
20,Male,4.61,87.1,7.3,1.0,5.4,1.8,Yes,Hybrid,Average,Poor,Yes,2,Middle,5.0,A,0.81,0,Neutral,3.8,4.0,4.6,4.0,3.6,5.0,2.3
18,Male,5.88,72.9,8.8,8.6,5.5,2.05,No,Online,Good,Excellent,No,1,Low,5.2,A,0.66,2,Positive,1.6,2.3,3.9,3.7,3.0,4.5,3.5
17,Female,4.24,87.5,5.9,5.6,4.3,1.68,No,Offline,Good,Excellent,Yes,0,Middle,6.1,C,0.57,2,Positive,2.2,3.5,3.1,1.9,1.1,4.8,3.4
28,Male,7.04,79.5,6.1,2.0,2.6,1.77,Yes,Offline,Average,Average,No,2,High,1.5,A,0.34,2,Positive,3.7,2.9,3.4,2.9,3.6,4.7,2.9
20,Female,4.23,76.3,7.2,3.2,3.7,1.62,Yes,Offline,Poor,Excellent,No,2,Low,2.1,B,0.77,2,Neutral,3.1,3.8,1.7,3.3,3.8,4.1,3.3
27,Male,7.61,64.3,8.3,2.9,2.9,1.77,No,Hybrid,Good,Good,Yes,4,Middle,5.1,A,0.24,0,Positive,1.3,3.6,4.1,3.9,3.3,3.8,3.4
18,Male,2.59,80.5,7.2,8.8,3.5,1.79,Yes,Online,Average,Average,No,1,Middle,7.4,C,0.64,2,Neutral,3.3,1.6,4.3,3.4,1.3,3.3,2.2
22,Female,0.1,53.7,6.5,4.9,4.3,1.46,Yes,Offline,Average,Good,No,2,Middle,8.4,Fail,0.19,2,Neutral,4.4,3.6,5.0,2.9,1.0,4.3,2.9
19,Female,2.88,71.9,6.7,3.0,2.9,1.36,No,Hybrid,Good,Excellent,No,2,Low,3.4,B,0.87,2,Positive,2.8,2.4,4.1,2.3,1.9,3.5,3.0
24,Non-Binary,10.51,56.8,8.8,6.5,5.2,1.84,No,Hybrid,Average,Good,No,3,High,3.1,A,0.57,2,Positive,2.4,3.6,5.0,3.6,1.4,3.9,3.1
24,Female,4.3,83.4,7.9,6.0,6.1,1.74,Yes,Online,Good,Poor,No,0,Low,3.7,A,0.17,0,Negative,4.0,3.8,3.4,2.9,1.7,4.3,3.3
18,Male,4.59,85.1,7.7,7.4,4.1,1.73,No,Offline,Average,Excellent,Yes,0,High,4.1,C,0.24,2,Positive,2.4,2.6,3.7,1.2,2.8,3.3,1.6
26,Male,5.36,88.1,7.3,5.3,4.4,1.89,Yes,Online,Good,Average,No,1,Low,5.8,C,0.75,0,Positive,3.6,2.6,4.1,2.8,5.0,5.0,2.4
18,Female,3.97,65.7,8.3,5.8,4.0,1.47,No,Offline,Poor,Good,No,1,Low,8.3,B,0.41,1,Neutral,2.7,1.8,3.7,2.2,2.6,4.1,2.2
22,Female,5.35,90.0,7.8,4.4,3.0,2.39,Yes,Offline,Average,Good,Yes,2,High,3.5,A,0.28,0,Positive,1.9,4.6,3.7,2.6,2.0,5.0,3.5
28,Female,5.07,99.3,7.4,5.5,3.7,1.36,Yes,Hybrid,Average,Average,No,1,High,6.6,B,0.26,1,Neutral,2.4,1.6,4.2,2.0,3.2,5.0,3.7
25,Male,8.96,74.2,6.6,2.9,3.6,2.03,No,Offline,Average,Average,Yes,2,High,2.6,A,0.26,1,Neutral,1.0,2.0,5.0,3.9,3.0,3.3,3.2
27,Non-Binary,7.23,70.4,6.8,2.7,3.2,1.64,Yes,Online,Average,Excellent,Yes,3,Low,1.2,A,0.36,2,Positive,3.8,2.5,3.4,5.0,4.2,2.5,2.5
20,Male,5.38,73.3,7.4,4.9,4.8,1.0,No,Offline,Average,Good,Yes,1,Middle,5.9,B,0.1,0,Negative,3.7,3.1,4.2,2.0,1.1,4.1,2.9
18,Female,6.24,73.5,5.0,6.2,3.9,1.49,No,Hybrid,Good,Good,Yes,2,Low,4.6,B,0.5,0,Neutral,3.2,1.0,4.5,2.5,1.8,4.3,1.7
18,Female,6.06,88.2,6.1,9.7,5.3,2.3,No,Offline,Poor,Good,Yes,0,Low,6.0,A,0.24,2,Positive,2.4,1.3,3.4,3.4,3.9,2.7,1.6
21,Male,2.68,73.5,5.7,5.3,5.4,1.96,Yes,Hybrid,Average,Good,No,1,Low,7.6,C,0.76,0,Neutral,3.8,2.6,4.6,3.6,4.4,4.4,1.0
24,Female,7.09,83.4,7.5,5.0,6.9,1.72,Yes,Online,Poor,Good,Yes,4,Low,3.0,A,0.46,2,Positive,3.6,4.2,1.6,2.1,3.6,3.8,3.7
18,Male,3.58,79.2,8.9,6.5,4.7,1.74,No,Hybrid,Good,Average,No,2,High,7.2,B,0.27,1,Negative,3.8,2.2,3.3,2.3,2.9,5.0,2.8
22,Non-Binary,6.44,69.9,8.1,2.0,3.6,1.68,No,Offline,Poor,Average,Yes,3,Low,2.8,A,0.93,2,Neutral,3.4,3.0,3.9,4.1,5.0,3.6,3.8
19,Male,5.14,79.8,7.2,3.7,3.7,1.55,No,Offline,Average,Excellent,No,1,Middle,2.8,A,0.52,1,Positive,2.8,4.0,3.9,3.6,4.2,3.0,2.9
20,Female,6.67,79.7,5.4,8.0,5.4,2.05,Yes,Offline,Average,Good,No,4,Middle,5.4,A,0.19,1,Positive,2.8,2.1,4.0,2.6,3.6,2.5,2.2
22,Male,7.71,80.8,9.2,4.7,3.9,1.54,No,Offline,Average,Average,Yes,3,Low,1.5,A,0.77,1,Positive,1.0,1.6,3.1,4.4,4.3,3.8,2.9
21,Female,6.04,82.3,7.7,5.6,3.8,1.47,No,Online,Average,Excellent,No,1,High,4.0,A,0.95,2,Positive,1.8,3.0,3.3,3.7,2.5,5.0,3.2
24,Female,3.9,76.2,8.4,4.2,4.4,2.07,No,Offline,Poor,Good,No,1,Middle,5.9,A,0.57,2,Neutral,3.4,1.4,3.8,2.6,3.6,4.5,2.7
18,Male,4.23,83.5,7.4,5.8,4.4,2.09,No,Offline,Average,Poor,No,3,High,5.8,A,0.28,0,Positive,4.5,2.7,2.7,1.7,1.9,4.4,1.1
24,Male,6.0,62.0,7.9,9.2,3.2,1.96,No,Online,Good,Excellent,Yes,3,High,4.0,B,0.95,2,Negative,3.8,2.9,4.0,3.5,4.2,4.4,3.2
17,Female,4.03,74.2,8.5,3.1,4.8,1.5,No,Offline,Good,Good,No,1,High,5.0,A,0.35,2,Negative,2.8,2.7,2.7,5.0,3.2,5.0,3.7
18,Male,4.1,92.2,6.5,5.6,3.7,2.07,No,Hybrid,Poor,Average,No,1,High,2.0,A,0.55,1,Positive,2.2,2.2,5.0,2.4,3.0,3.3,4.1
22,Female,4.63,82.5,7.9,3.8,3.3,2.08,No,Online,Average,Average,Yes,2,Middle,2.8,A,0.37,0,Positive,3.7,3.8,3.7,4.5,4.5,5.0,2.5
25,Male,4.15,76.4,4.5,5.6,4.3,1.46,No,Offline,Good,Good,No,0,Low,5.5,B,0.42,1,Negative,3.2,2.6,2.8,3.0,2.9,3.1,1.1
19,Female,5.92,71.6,8.2,5.2,6.4,1.21,No,Hybrid,Good,Good,Yes,2,Middle,4.2,A,0.72,2,Positive,2.2,2.3,3.2,3.4,3.4,5.0,2.8
19,Male,3.96,73.1,7.9,7.8,3.1,1.62,No,Online,Good,Average,Yes,2,Middle,4.2,C,0.89,0,Negative,3.2,2.5,3.7,4.1,2.6,4.5,1.7
21,Male,5.05,77.8,7.1,6.6,3.0,2.08,No,Offline,Average,Average,No,1,High,6.2,A,0.98,0,Neutral,3.8,3.8,5.0,4.2,2.7,5.0,2.3
19,Male,3.4,60.9,8.2,2.7,4.3,1.85,No,Hybrid,Poor,Average,Yes,2,Middle,1.0,A,0.62,1,Neutral,1.4,2.6,2.5,2.3,2.1,3.5,3.6
24,Male,1.4,75.6,10.0,5.8,5.6,1.8,Yes,Online,Average,Good,Yes,0,Middle,5.9,C,0.39,2,Positive,2.9,2.6,3.3,2.6,4.0,4.5,2.7
24,Male,6.46,77.1,7.7,6.3,5.3,2.05,Yes,Hybrid,Poor,Average,No,4,Low,4.3,A,0.72,1,Neutral,4.3,1.0,3.8,3.9,3.9,3.1,1.5
18,Female,6.83,57.8,7.2,5.2,6.1,2.19,No,Offline,Good,Average,Yes,1,Low,1.5,A,0.35,1,Positive,4.0,3.7,2.3,2.9,3.8,4.6,2.9
21,Female,3.87,61.7,6.2,4.6,5.5,1.67,Yes,Hybrid,Good,Good,Yes,3,Middle,7.1,B,0.45,1,Neutral,3.0,2.2,2.8,3.7,1.4,5.0,2.3
24,Female,6.48,77.9,7.2,1.4,3.7,2.16,No,Offline,Poor,Good,No,2,Low,2.2,A,0.17,2,Positive,2.0,3.5,2.1,2.9,2.7,3.9,3.2
20,Female,5.49,75.8,6.4,4.9,2.2,1.07,No,Offline,Poor,Good,Yes,2,Middle,4.8,B,0.68,1,Positive,1.6,4.1,4.0,3.0,2.0,4.4,3.3
22,Male,2.55,97.5,8.3,5.7,5.5,2.0,Yes,Offline,Poor,Average,Yes,2,Middle,5.2,B,0.82,1,Neutral,3.9,2.8,4.6,3.8,2.1,3.2,4.4
17,Female,7.24,99.5,6.8,7.2,6.9,1.3,No,Offline,Good,Good,Yes,2,Low,1.5,A,0.6,0,Neutral,2.5,3.5,4.4,3.5,3.0,5.0,2.5
22,Male,0.88,49.4,7.4,4.2,3.1,1.59,Yes,Offline,Average,Average,No,0,Middle,5.0,D,0.35,0,Neutral,3.6,3.7,3.2,3.2,3.9,4.4,3.2
18,Female,4.77,72.3,7.7,2.6,5.8,2.16,No,Offline,Good,Excellent,No,2,Middle,6.4,A,0.23,1,Neutral,4.2,3.4,3.8,3.5,2.9,3.9,2.6
24,Male,6.32,91.1,7.5,4.7,4.7,2.33,No,Hybrid,Average,Good,No,2,Middle,3.3,A,0.67,2,Positive,2.2,1.0,4.8,3.2,1.3,3.5,2.0
20,Male,2.67,82.6,7.2,5.5,5.6,1.76,No,Online,Average,Average,Yes,0,High,2.3,C,0.42,1,Negative,2.7,1.0,4.2,3.5,3.8,4.0,2.8
19,Male,8.09,93.5,7.3,4.9,2.5,1.82,No,Hybrid,Average,Average,No,4,Low,3.2,A,0.62,1,Positive,4.2,3.8,3.6,5.0,3.1,3.1,3.9
24,Female,3.7,91.7,6.6,1.5,4.6,2.02,Yes,Offline,Average,Good,No,3,Middle,3.8,A,0.77,0,Neutral,2.8,3.6,3.5,4.1,1.6,3.8,4.5
17,Male,7.39,78.1,7.6,4.4,2.6,1.95,No,Online,Good,Good,Yes,3,High,4.1,A,0.5,1,Positive,3.6,3.1,3.3,3.3,2.7,5.0,2.5
20,Female,4.51,90.6,7.4,4.1,0.5,1.64,No,Offline,Average,Good,No,2,Middle,1.0,A,0.75,2,Positive,2.7,2.5,5.0,4.6,2.9,4.1,3.7
20,Male,6.27,78.7,6.9,1.8,4.8,1.34,Yes,Offline,Average,Excellent,No,2,Middle,3.4,A,0.92,2,Positive,1.8,2.9,4.0,4.4,3.7,4.9,5.0
19,Female,4.79,66.9,6.5,4.4,4.6,1.78,Yes,Hybrid,Poor,Good,Yes,1,Middle,3.4,B,0.73,0,Positive,3.5,2.7,3.9,2.3,3.6,4.9,2.9
26,Female,9.65,80.8,9.3,2.5,2.1,1.58,No,Online,Good,Good,Yes,2,Middle,4.2,A,0.82,2,Positive,4.5,2.8,5.0,4.3,4.0,4.0,5.0
23,Male,5.73,92.3,6.9,3.7,4.6,1.69,No,Offline,Average,Excellent,Yes,3,Low,4.5,A,0.62,2,Neutral,3.4,3.2,3.3,3.5,2.2,3.8,2.5
17,Female,6.97,87.8,9.0,6.4,6.9,1.73,No,Online,Good,Good,Yes,2,Middle,4.7,A,0.67,1,Positive,3.6,3.1,3.6,3.5,3.1,3.8,1.5
23,Female,6.36,75.6,8.3,6.8,7.3,1.92,Yes,Offline,Poor,Good,No,0,Middle,7.1,B,0.12,1,Neutral,3.6,1.7,3.4,2.0,3.1,4.9,3.3
21,Female,5.31,93.9,6.3,6.1,5.0,1.93,No,Online,Good,Excellent,No,3,Middle,7.4,A,0.8,2,Neutral,4.7,3.2,2.7,2.6,4.8,4.4,2.5
25,Female,4.42,92.9,7.4,5.8,1.4,1.77,No,Online,Good,Average,Yes,2,Middle,2.0,A,0.28,1,Neutral,2.7,2.7,3.0,3.0,2.6,5.0,2.8
19,Female,5.75,93.1,6.7,1.5,3.1,1.65,No,Offline,Good,Average,No,0,Middle,3.5,A,0.63,0,Positive,1.0,3.2,3.3,3.2,3.2,5.0,4.5
21,Female,6.93,60.7,7.0,3.1,3.9,1.73,Yes,Online,Average,Excellent,No,0,Middle,4.9,A,0.7,1,Neutral,4.3,3.2,3.3,3.4,3.6,4.3,4.1
21,Male,6.76,71.2,7.4,5.0,1.7,1.22,No,Offline,Good,Good,Yes,3,Middle,3.3,A,0.78,0,Positive,1.5,1.9,5.0,4.7,2.4,5.0,3.4
21,Female,6.04,73.3,9.1,8.4,4.0,1.78,Yes,Offline,Good,Excellent,No,1,Low,1.0,B,0.64,1,Positive,2.5,1.7,2.8,2.3,2.8,5.0,2.1
20,Male,4.69,72.6,6.6,5.1,4.6,1.58,No,Hybrid,Average,Poor,No,2,Middle,4.2,B,0.33,1,Neutral,2.2,1.0,2.9,3.5,2.9,4.1,2.0
19,Male,6.38,58.5,8.6,2.3,2.7,1.79,Yes,Hybrid,Poor,Good,Yes,1,Low,5.5,A,0.28,0,Neutral,2.2,3.4,3.0,4.3,2.0,3.9,3.6
23,Female,2.98,73.8,6.2,3.1,3.9,2.07,No,Offline,Good,Average,Yes,2,Middle,2.0,A,0.66,0,Negative,3.9,3.0,3.2,2.5,1.8,4.4,4.7
20,Male,4.93,90.9,7.3,4.2,3.7,1.65,Yes,Hybrid,Average,Good,Yes,2,Middle,4.4,A,0.72,0,Positive,3.7,2.7,3.7,2.8,3.4,3.4,3.2
27,Male,0.88,69.3,7.7,7.3,2.5,1.62,No,Online,Good,Average,Yes,2,Low,3.6,D,0.45,2,Neutral,2.2,2.2,3.0,2.4,2.8,5.0,2.3
19,Female,3.61,100.0,7.3,6.6,3.6,1.73,No,Hybrid,Good,Average,Yes,3,High,5.3,A,0.76,2,Positive,4.2,2.8,4.0,3.1,2.9,4.7,3.5
23,Female,4.66,69.5,4.9,5.0,4.6,1.98,No,Offline,Average,Poor,Yes,4,Middle,3.7,A,0.17,0,Negative,2.8,2.2,2.1,2.4,3.8,3.3,1.9
26,Female,2.15,83.4,6.7,3.9,6.0,1.59,No,Hybrid,Good,Good,No,1,Low,4.9,C,0.82,0,Neutral,4.9,3.1,4.4,3.5,1.2,5.0,2.4
22,Female,2.69,77.4,5.6,2.7,5.0,1.68,No,Offline,Average,Average,No,2,Low,4.5,B,0.62,1,Neutral,2.6,3.9,3.9,3.8,3.6,4.1,2.9
25,Female,6.87,67.4,7.4,3.8,1.0,1.52,Yes,Online,Average,Average,Yes,2,Middle,1.9,A,0.7,2,Positive,2.6,1.4,3.6,3.7,3.3,5.0,4.0
24,Male,6.0,81.9,7.2,3.5,4.4,1.58,Yes,Online,Average,Average,Yes,4,Middle,5.4,A,0.71,1,Positive,2.6,2.8,4.1,3.1,1.6,4.5,1.3
20,Male,7.18,81.1,6.2,3.2,3.6,2.24,Yes,Offline,Good,Average,No,2,High,2.4,A,0.73,2,Positive,2.1,2.4,3.9,4.3,3.5,4.2,3.1
22,Female,7.35,78.6,8.4,4.6,4.6,1.61,No,Hybrid,Average,Excellent,No,1,Middle,4.2,A,0.15,2,Positive,3.6,3.7,3.2,3.4,3.5,4.3,3.1
18,Male,6.3,91.4,8.1,5.0,5.7,2.2,No,Online,Average,Average,Yes,0,High,2.5,A,0.49,0,Neutral,2.3,3.1,2.3,3.7,3.3,4.0,3.9
21,Female,6.61,87.3,6.6,3.5,6.3,1.13,Yes,Online,Average,Average,Yes,3,Low,7.6,A,0.43,2,Positive,2.7,3.6,3.7,4.9,3.7,5.0,1.8
19,Female,5.61,64.0,10.0,8.5,1.4,2.33,No,Online,Average,Excellent,No,3,Middle,6.0,A,0.17,2,Positive,3.5,2.8,2.3,3.1,2.3,5.0,2.0
23,Male,7.59,92.7,7.2,3.9,3.1,2.13,Yes,Online,Average,Good,Yes,2,High,7.4,A,0.84,2,Neutral,5.0,4.3,4.2,3.2,2.4,3.3,2.8
21,Female,1.97,70.5,8.4,3.6,6.5,1.86,Yes,Online,Average,Good,Yes,3,Middle,8.1,B,0.67,0,Neutral,2.3,3.2,4.2,1.6,4.0,4.6,1.0
20,Female,4.68,60.6,6.8,1.5,3.5,1.54,No,Online,Good,Good,Yes,0,Low,3.3,A,0.39,0,Positive,2.5,2.6,4.9,3.8,1.0,4.9,4.3
19,Male,7.1,87.8,5.3,4.7,3.9,2.22,Yes,Hybrid,Good,Excellent,Yes,2,Middle,2.0,A,0.74,2,Positive,2.4,3.1,4.8,3.7,3.0,4.0,3.8
29,Non-Binary,6.72,90.9,8.5,9.5,3.4,1.71,No,Offline,Average,Average,Yes,2,High,6.8,A,0.76,2,Positive,3.5,1.7,2.4,1.8,3.1,4.2,1.2
17,Female,5.17,70.6,7.8,4.0,4.0,2.15,No,Offline,Poor,Excellent,Yes,3,Middle,3.2,A,0.22,1,Negative,2.5,3.2,2.8,2.1,1.3,4.8,3.5
17,Male,4.38,80.0,4.9,6.0,3.6,1.93,Yes,Offline,Poor,Excellent,No,1,Middle,6.0,B,0.58,1,Neutral,2.1,2.6,3.6,2.8,2.6,2.9,2.8
19,Female,6.72,72.5,7.2,7.1,3.4,1.74,No,Online,Good,Good,No,1,Middle,3.1,A,0.21,0,Neutral,3.1,1.7,3.0,2.5,3.0,3.1,3.2
28,Female,4.7,85.8,7.0,8.2,3.6,1.64,No,Offline,Average,Good,No,0,Low,4.4,B,0.19,0,Neutral,3.6,2.1,1.5,3.8,2.4,4.9,2.9
28,Female,2.79,74.6,7.9,7.4,5.1,1.55,Yes,Online,Poor,Good,Yes,2,Middle,7.4,C,0.36,0,Positive,2.5,1.0,4.3,1.9,3.3,3.7,2.3
22,Female,7.37,82.1,7.4,2.6,3.4,2.08,No,Online,Average,Poor,Yes,2,Low,1.0,A,0.35,0,Positive,3.1,2.8,3.5,3.2,3.2,5.0,4.5
25,Female,4.28,67.0,7.4,5.9,0.5,1.89,No,Online,Poor,Average,No,1,Middle,5.3,A,0.42,1,Negative,3.3,2.5,3.0,2.8,3.0,3.9,3.0
19,Male,5.41,85.2,8.7,7.4,2.9,1.76,Yes,Offline,Good,Excellent,No,3,High,4.6,A,0.42,1,Positive,3.0,1.4,3.4,2.4,2.1,5.0,1.4
28,Female,1.79,80.1,6.3,6.4,5.5,1.62,Yes,Online,Poor,Good,Yes,0,Middle,6.6,Fail,0.55,0,Positive,3.3,2.2,3.8,1.6,1.0,4.5,2.3
18,Female,1.11,100.0,6.6,4.0,2.0,1.79,Yes,Offline,Average,Average,Yes,0,High,5.8,C,0.64,2,Negative,2.2,4.4,4.9,3.1,4.3,4.2,2.8
18,Male,5.94,93.0,6.7,4.3,6.3,1.86,No,Offline,Poor,Good,Yes,0,Low,4.8,B,0.81,2,Neutral,2.0,3.3,4.1,3.9,1.0,3.6,3.1
18,Male,8.36,74.0,7.3,4.4,3.2,1.87,No,Online,Good,Good,Yes,2,Middle,3.7,A,0.68,1,Positive,2.2,1.8,3.3,4.3,1.4,3.9,1.9
21,Non-Binary,0.48,66.9,6.7,2.0,3.8,1.95,No,Online,Average,Poor,Yes,1,High,6.5,C,0.62,0,Positive,1.0,2.9,3.9,3.3,1.8,4.8,1.1
24,Female,4.01,86.7,6.7,5.0,6.3,2.13,Yes,Offline,Average,Good,No,1,Low,4.3,C,0.76,2,Neutral,1.8,1.9,4.2,4.4,3.2,5.0,4.0
20,Female,6.16,71.0,6.1,8.7,5.5,1.96,No,Online,Average,Good,Yes,2,Low,8.9,B,0.26,2,Positive,3.7,2.9,3.4,1.7,2.7,4.7,1.8
28,Female,5.42,87.1,6.1,6.1,5.2,1.44,No,Hybrid,Average,Average,No,0,Middle,3.9,A,0.69,1,Positive,3.7,1.9,2.9,2.7,3.5,4.6,3.1
20,Female,5.16,90.1,7.3,6.0,5.6,1.23,No,Offline,Good,Excellent,No,0,Middle,3.9,A,0.41,1,Positive,1.7,2.2,2.8,2.5,4.6,4.0,3.7
18,Female,4.98,94.6,6.3,3.6,5.8,1.67,Yes,Offline,Average,Average,Yes,3,High,8.3,C,0.84,2,Neutral,1.3,3.7,5.0,3.4,3.1,4.9,2.0
21,Female,3.11,94.7,7.0,2.6,3.1,2.08,No,Online,Good,Good,No,3,Middle,1.4,A,0.67,0,Positive,3.0,3.4,4.7,1.5,1.7,5.0,4.0
22,Male,7.24,91.8,8.2,4.4,4.2,1.61,No,Online,Good,Average,No,3,High,6.8,A,0.4,1,Positive,3.5,2.7,4.4,3.7,3.7,4.6,2.6
24,Female,6.96,79.5,7.6,5.8,1.4,1.4,Yes,Hybrid,Average,Good,Yes,2,High,3.8,A,0.91,1,Positive,2.2,2.7,5.0,3.1,4.0,4.0,3.3
20,Female,5.77,79.2,8.4,3.2,3.3,1.86,Yes,Offline,Average,Average,Yes,2,Low,2.7,A,0.67,0,Positive,2.4,2.4,2.3,4.0,2.3,4.3,2.3
22,Female,0.44,81.6,5.0,5.2,7.7,1.87,No,Hybrid,Average,Average,No,0,Middle,4.8,D,0.49,1,Negative,3.8,4.0,2.0,4.1,3.2,3.5,3.1
19,Female,8.4,95.8,6.3,5.2,6.8,1.79,No,Online,Poor,Excellent,No,4,Middle,1.7,A,0.23,2,Neutral,4.7,1.9,2.8,3.7,2.4,5.0,3.1
22,Female,4.93,76.0,6.7,8.1,2.3,1.71,Yes,Offline,Good,Poor,No,2,Low,4.4,B,0.52,0,Neutral,2.4,2.6,4.2,2.4,3.2,5.0,2.1
28,Male,6.09,79.7,7.2,5.4,3.7,1.9,Yes,Offline,Poor,Good,No,3,High,4.4,A,0.77,1,Positive,3.6,3.2,4.1,3.2,2.4,4.6,1.7
17,Male,8.89,88.2,7.1,8.4,4.6,1.4,No,Online,Good,Good,Yes,2,Middle,5.1,A,0.8,0,Positive,3.0,3.5,3.8,3.3,3.1,5.0,3.4
25,Male,7.66,67.6,6.4,6.1,5.8,2.14,No,Offline,Average,Excellent,No,3,Middle,4.0,A,0.57,2,Positive,4.1,2.4,5.0,3.4,2.7,3.6,2.4
21,Male,4.86,75.8,7.8,2.6,3.7,1.49,Yes,Online,Average,Good,Yes,2,Middle,3.5,A,0.44,0,Neutral,1.9,2.3,3.8,3.4,4.8,4.7,2.5
19,Non-Binary,7.19,80.0,7.4,5.4,3.3,1.86,No,Hybrid,Average,Poor,No,2,Low,6.2,A,0.86,0,Positive,3.0,3.0,3.7,3.8,1.1,3.9,1.6
27,Male,6.24,75.6,5.8,6.1,3.5,1.52,No,Hybrid,Average,Poor,No,1,Middle,8.0,A,0.51,0,Positive,2.4,1.9,3.3,3.9,2.6,4.3,2.5
21,Male,3.88,74.3,7.6,3.8,1.9,2.32,No,Offline,Average,Excellent,No,2,Middle,5.8,A,0.55,2,Positive,2.9,2.4,4.3,3.0,4.8,5.0,2.3
20,Female,5.31,83.6,5.7,5.5,3.0,1.58,No,Hybrid,Good,Excellent,No,1,Middle,3.6,A,0.36,2,Positive,3.9,1.6,3.9,3.1,4.5,4.1,1.8
18,Female,1.5,70.2,9.2,9.0,5.6,1.63,Yes,Online,Average,Average,No,0,High,7.8,D,0.83,0,Neutral,3.0,1.5,4.4,2.5,2.9,4.7,1.5
19,Male,1.89,85.1,6.8,2.7,2.2,1.84,No,Hybrid,Poor,Good,No,2,Middle,5.0,A,0.71,1,Negative,2.2,2.9,3.0,3.6,1.7,3.4,3.4
24,Female,5.43,76.5,7.0,4.2,3.6,1.55,No,Offline,Poor,Good,No,0,Low,6.9,B,0.21,1,Positive,3.9,2.0,3.5,4.1,3.3,3.8,3.7
22,Female,7.88,63.7,8.1,6.3,2.9,2.0,Yes,Offline,Poor,Excellent,Yes,2,Low,3.1,A,0.77,1,Positive,3.5,2.1,3.1,4.9,2.6,4.3,1.9
26,Male,3.08,51.8,6.0,3.6,3.1,1.56,No,Online,Average,Excellent,No,0,Middle,4.1,C,0.87,2,Neutral,3.2,3.5,3.3,4.9,3.4,3.9,3.6
19,Male,7.45,69.1,5.1,3.7,3.8,2.06,No,Offline,Average,Excellent,Yes,3,Middle,5.3,A,0.61,2,Positive,1.8,3.2,3.7,5.0,3.4,4.8,3.6
18,Female,5.35,83.9,6.5,7.4,4.1,1.44,No,Online,Average,Excellent,Yes,2,High,5.3,B,0.42,2,Positive,3.5,3.0,4.3,2.7,3.1,3.7,3.1
17,Female,8.65,77.5,8.7,5.3,2.8,2.32,No,Hybrid,Good,Excellent,Yes,2,Middle,1.9,A,0.78,2,Positive,2.3,3.3,4.4,4.1,2.7,4.6,4.0
21,Female,4.34,73.6,7.9,3.1,4.0,1.89,No,Offline,Average,Average,Yes,2,Low,6.4,B,0.63,2,Neutral,2.0,3.2,5.0,3.2,2.6,4.5,3.2
29,Male,10.98,78.7,5.8,4.6,2.2,1.78,No,Offline,Average,Excellent,No,3,Low,6.9,A,0.1,2,Neutral,2.1,2.6,3.3,3.9,3.8,4.4,4.2
23,Male,5.96,83.1,6.3,4.8,3.6,1.65,No,Online,Good,Good,Yes,2,Middle,3.2,A,0.59,2,Neutral,3.6,2.8,3.4,4.0,1.8,5.0,3.4
19,Female,4.58,76.7,8.5,5.1,5.0,1.72,No,Offline,Average,Excellent,No,4,Middle,2.3,A,0.32,2,Negative,3.5,2.2,2.9,2.7,3.7,5.0,3.8
25,Male,5.56,69.3,9.3,5.8,4.5,2.3,No,Hybrid,Good,Good,Yes,1,Low,4.3,A,0.85,0,Neutral,3.0,1.8,3.6,3.7,3.0,3.5,3.6
24,Male,1.39,92.6,5.8,2.6,4.2,1.7,No,Hybrid,Average,Poor,Yes,2,Middle,7.1,C,0.45,1,Negative,1.0,3.8,3.3,2.6,2.2,3.1,2.8
17,Female,5.75,78.9,6.8,7.5,1.7,1.89,No,Hybrid,Good,Good,Yes,2,High,3.6,A,0.5,0,Positive,4.1,3.0,5.0,1.8,4.2,3.6,2.3
24,Male,4.42,83.9,7.0,2.9,1.0,2.15,No,Offline,Good,Good,No,1,Middle,5.8,A,0.15,0,Neutral,3.8,3.3,2.4,3.1,1.3,4.8,2.6
19,Female,6.06,73.1,4.9,6.6,3.7,1.54,No,Hybrid,Good,Average,No,2,Middle,4.5,A,0.59,1,Positive,2.4,2.3,3.4,3.6,2.7,4.3,2.2
18,Female,4.41,81.0,7.7,7.0,4.2,1.84,Yes,Online,Average,Average,No,0,High,6.1,B,0.8,2,Positive,4.4,2.6,5.0,2.3,4.0,5.0,2.3
19,Male,0.67,89.7,8.0,4.3,5.8,1.74,No,Offline,Average,Good,Yes,1,Low,4.7,C,0.56,2,Neutral,2.0,3.6,4.3,2.8,2.8,4.8,2.4
21,Female,0.57,70.3,7.3,4.6,4.4,2.03,Yes,Online,Average,Average,No,0,Low,5.5,D,0.17,2,Positive,3.1,1.8,2.5,1.5,3.3,4.0,1.9
20,Male,3.73,77.3,6.2,6.4,2.4,1.68,No,Online,Average,Average,Yes,2,Low,4.8,C,0.21,2,Neutral,3.1,2.4,4.7,1.9,3.6,4.2,3.6
19,Female,2.5,75.9,6.9,7.0,3.5,1.57,No,Online,Average,Average,No,0,Low,3.6,C,0.56,1,Positive,3.2,3.4,1.8,3.3,4.2,4.2,3.9
18,Male,6.8,67.9,7.7,5.7,5.1,1.97,Yes,Online,Average,Excellent,Yes,2,High,5.4,B,0.82,1,Positive,1.6,2.8,4.2,2.8,1.0,4.3,4.1
23,Male,2.87,96.3,6.5,1.7,4.5,1.75,No,Hybrid,Good,Good,Yes,2,Low,1.0,A,0.54,2,Positive,1.4,3.9,3.3,4.0,3.9,3.6,4.6
29,Female,5.92,67.5,6.6,4.0,1.0,1.92,No,Hybrid,Poor,Poor,Yes,3,Middle,2.7,A,0.35,1,Positive,2.9,4.3,4.0,3.1,3.2,3.2,3.6
24,Male,4.7,84.3,6.8,7.0,5.7,1.64,No,Hybrid,Good,Good,Yes,1,Middle,3.5,A,0.74,1,Positive,2.1,3.4,3.3,2.6,3.7,5.0,3.1
19,Female,8.13,72.1,8.2,2.0,2.9,1.8,Yes,Hybrid,Average,Good,No,3,Middle,1.8,A,0.42,2,Positive,3.3,2.2,3.0,4.8,3.8,4.7,3.0
19,Male,5.21,77.7,8.6,2.5,7.1,1.38,No,Hybrid,Good,Poor,No,2,Middle,3.4,A,0.67,1,Positive,3.1,4.0,3.6,5.0,1.0,4.0,3.0
19,Male,5.42,74.4,7.9,6.0,3.9,1.8,Yes,Hybrid,Average,Average,No,1,Middle,3.8,A,0.2,0,Positive,4.3,2.9,3.0,2.7,4.0,4.8,2.6
18,Female,2.98,72.7,7.0,3.7,6.5,1.65,Yes,Offline,Poor,Good,No,0,Middle,7.7,C,0.75,2,Neutral,4.3,3.8,5.0,4.6,3.1,4.2,2.9
21,Male,5.77,78.5,7.5,4.2,0.5,2.17,No,Online,Good,Good,No,2,High,2.2,A,0.54,2,Positive,3.1,1.0,5.0,3.2,2.9,5.0,2.2
22,Male,6.36,56.1,7.5,4.2,4.2,1.8,Yes,Offline,Good,Good,No,2,Low,3.9,A,0.67,0,Neutral,4.5,3.4,2.5,3.3,2.4,5.0,2.9
23,Female,4.78,70.1,6.1,3.9,5.0,1.59,Yes,Online,Poor,Good,No,3,Low,5.5,B,0.72,2,Positive,3.2,3.2,3.6,5.0,1.8,2.5,2.6
23,Female,6.44,81.0,8.5,5.8,5.6,2.08,No,Hybrid,Average,Average,Yes,2,Middle,3.7,A,0.43,0,Positive,3.0,3.0,1.8,3.2,3.0,4.4,3.5
19,Female,2.92,95.3,6.3,7.8,2.5,1.47,No,Hybrid,Poor,Excellent,Yes,0,Middle,5.0,C,0.56,2,Neutral,4.7,1.4,3.3,2.3,3.2,4.0,1.8
20,Non-Binary,4.57,79.1,7.2,3.1,2.4,1.74,No,Hybrid,Average,Average,No,1,Middle,2.5,A,0.98,0,Neutral,2.1,3.3,4.1,3.9,3.0,4.5,3.5
23,Male,5.83,70.0,5.9,5.1,5.6,1.37,No,Hybrid,Poor,Good,No,0,High,8.6,C,0.61,0,Negative,1.5,3.3,3.4,3.4,4.3,5.0,2.1
20,Female,4.38,87.9,6.4,3.6,4.6,2.03,No,Offline,Average,Average,No,2,High,3.6,A,0.53,2,Positive,2.8,4.2,3.0,3.7,3.3,2.7,3.2
19,Male,7.48,83.4,8.1,6.5,3.9,1.53,No,Hybrid,Poor,Average,No,1,High,3.0,A,0.92,2,Positive,3.2,2.9,4.2,3.0,2.7,4.2,3.2
20,Female,6.3,67.6,6.4,4.6,5.6,1.43,No,Online,Good,Good,Yes,1,Middle,7.0,A,0.67,2,Positive,3.6,3.3,2.8,3.3,3.6,5.0,2.3
19,Male,3.77,71.6,5.4,10.0,4.1,1.87,Yes,Online,Average,Average,Yes,1,Low,6.7,D,0.54,2,Neutral,1.9,2.0,3.7,2.3,2.5,4.1,1.2
18,Non-Binary,3.14,66.7,4.5,5.7,0.6,1.43,No,Online,Average,Good,No,1,High,9.2,C,0.27,0,Neutral,2.8,1.6,3.8,2.2,1.0,4.1,1.3
24,Female,4.99,89.7,5.9,5.5,4.1,1.9,Yes,Offline,Good,Average,Yes,1,High,2.7,B,0.66,1,Positive,1.8,3.3,2.5,4.4,3.9,4.7,2.1
25,Female,3.55,67.5,6.3,7.8,3.5,2.39,Yes,Hybrid,Poor,Good,Yes,2,Middle,4.3,B,0.4,2,Neutral,2.7,2.4,3.9,2.4,1.3,4.3,2.9
19,Female,4.21,66.8,7.0,4.2,1.5,2.17,Yes,Online,Average,Good,No,2,High,2.2,A,0.95,0,Neutral,4.3,4.0,3.6,3.6,4.5,4.6,3.6
17,Female,2.76,80.3,5.6,3.9,2.7,2.23,Yes,Online,Average,Poor,Yes,2,High,3.7,A,0.54,0,Neutral,3.1,2.3,4.1,3.7,2.4,3.4,2.4
23,Female,6.57,88.1,6.8,5.4,3.0,2.35,Yes,Hybrid,Good,Excellent,No,2,Middle,3.9,A,0.48,2,Positive,2.0,3.2,2.6,3.7,1.7,4.5,2.3
19,Male,5.36,72.5,6.1,3.9,3.6,2.38,No,Hybrid,Average,Average,No,2,Low,3.5,A,0.66,1,Positive,1.0,2.8,4.7,2.4,2.9,4.5,2.3
20,Male,5.62,85.8,7.4,1.4,3.3,1.6,No,Offline,Poor,Average,Yes,1,Middle,3.7,A,0.79,0,Positive,2.6,4.4,4.2,4.6,3.1,3.4,5.0
17,Male,6.66,65.1,7.0,3.6,6.0,1.81,Yes,Online,Poor,Good,Yes,1,High,4.0,B,0.79,2,Neutral,3.0,2.5,4.8,3.9,4.5,3.8,3.6
19,Male,0.41,85.9,6.2,4.4,3.1,2.17,No,Offline,Average,Good,Yes,0,Middle,4.8,B,0.77,0,Positive,3.0,3.0,2.6,2.6,3.8,2.7,2.5
24,Female,5.09,80.1,6.1,6.7,7.2,1.95,No,Hybrid,Good,Good,No,2,Middle,3.9,B,0.77,2,Positive,1.7,2.4,3.9,2.1,3.5,4.6,3.0
24,Female,4.52,78.8,6.8,4.1,6.7,1.96,No,Offline,Good,Average,No,3,Middle,5.6,A,0.15,1,Neutral,3.2,3.8,4.0,3.6,2.5,4.1,4.0
19,Female,6.38,56.9,7.2,1.9,5.0,1.59,Yes,Hybrid,Average,Excellent,Yes,1,Low,2.3,A,0.36,2,Positive,1.2,3.6,5.0,2.9,4.5,4.9,3.9
20,Non-Binary,6.03,88.1,6.2,2.3,3.6,1.85,No,Offline,Average,Good,No,2,Middle,3.7,A,0.7,0,Positive,3.1,1.7,4.8,2.6,5.0,3.8,2.4
18,Female,6.06,78.7,7.7,8.1,4.7,1.88,Yes,Offline,Average,Average,Yes,0,Middle,2.5,A,0.25,1,Neutral,2.8,1.5,4.6,2.9,2.4,5.0,2.6
17,Male,7.62,80.2,6.3,5.4,2.7,1.76,No,Online,Good,Average,Yes,3,High,2.1,A,0.82,0,Positive,3.7,1.0,5.0,3.8,2.3,4.6,2.3
29,Male,1.26,67.6,5.7,7.6,3.3,1.9,No,Online,Average,Excellent,Yes,1,Middle,5.1,C,0.78,2,Negative,4.1,2.9,3.0,1.5,4.4,4.7,2.4
22,Male,2.88,92.4,7.6,10.0,6.1,2.16,No,Offline,Average,Good,Yes,3,High,4.5,B,0.31,1,Positive,1.0,1.0,3.6,1.6,3.2,4.2,2.0
21,Male,7.45,74.1,5.4,2.8,3.8,1.91,Yes,Offline,Good,Average,No,4,Low,4.0,A,0.32,2,Positive,3.7,3.5,4.6,4.7,3.8,4.8,1.9
23,Female,7.91,82.4,8.7,4.3,4.2,1.75,No,Online,Average,Average,Yes,1,Low,1.8,A,0.35,1,Neutral,4.1,2.6,3.2,4.6,4.8,5.0,2.7
24,Female,3.38,76.9,6.6,1.0,2.2,2.39,Yes,Offline,Good,Average,Yes,3,High,2.9,A,0.8,2,Neutral,3.7,4.3,5.0,3.8,4.9,3.7,4.5
24,Female,7.26,75.6,6.8,3.7,6.6,1.94,Yes,Online,Good,Good,No,3,Middle,2.5,A,0.39,1,Neutral,2.5,2.2,3.1,4.4,3.8,3.6,3.6
17,Female,6.77,85.0,9.0,3.6,5.5,1.58,No,Offline,Average,Excellent,No,1,Low,2.1,A,0.28,2,Positive,4.1,2.6,2.8,4.3,4.0,3.3,3.0
18,Female,2.27,83.5,5.8,7.7,4.6,2.36,No,Hybrid,Average,Good,Yes,1,Low,6.2,B,0.65,1,Negative,2.4,2.5,2.2,1.3,3.4,4.9,1.1
22,Male,3.8,91.4,8.3,4.5,4.9,2.13,No,Offline,Good,Good,No,2,Middle,1.5,A,0.61,0,Positive,1.9,2.0,5.0,3.1,4.8,4.2,3.0
20,Female,5.69,73.4,7.2,3.5,2.0,1.39,Yes,Offline,Poor,Excellent,No,2,Low,4.7,B,0.53,2,Neutral,3.0,2.9,2.5,3.3,3.7,4.4,1.9
28,Male,4.87,86.6,7.3,9.9,2.5,1.64,No,Online,Average,Good,Yes,0,Middle,8.3,C,0.52,2,Positive,2.9,1.2,3.6,2.6,3.2,4.5,2.3
22,Male,8.63,69.1,8.4,1.1,3.1,2.31,Yes,Online,Average,Good,No,4,Middle,5.6,A,0.7,0,Positive,3.9,3.8,3.6,2.7,4.2,4.1,4.5
27,Male,6.23,79.6,8.9,7.5,2.8,1.39,No,Offline,Average,Average,No,2,Middle,4.7,A,0.44,0,Positive,2.3,2.9,3.4,3.0,1.3,3.8,3.0
19,Female,6.82,62.1,7.6,5.9,4.3,1.72,No,Online,Average,Good,No,3,High,3.5,A,0.49,0,Positive,3.1,3.4,2.9,3.8,2.1,4.7,3.6
25,Male,3.7,78.8,7.6,3.7,5.3,1.61,Yes,Offline,Average,Good,No,1,Low,6.0,B,0.23,1,Neutral,1.9,2.1,2.1,2.5,2.7,4.2,2.5
19,Male,2.55,77.0,6.8,3.4,2.9,1.96,No,Online,Average,Average,No,3,Middle,4.3,A,0.84,0,Neutral,4.3,3.7,3.5,3.1,1.4,3.5,2.3
28,Female,3.79,71.9,5.8,4.6,4.5,1.69,No,Offline,Average,Excellent,No,0,Low,7.8,C,0.33,2,Negative,3.6,1.6,4.0,4.0,1.8,3.7,1.0
18,Female,7.84,71.9,5.6,4.9,5.1,1.96,No,Offline,Good,Excellent,Yes,2,High,3.4,A,0.16,2,Positive,1.0,1.8,3.9,2.4,2.9,3.0,3.4
21,Male,8.72,76.9,8.1,5.2,6.7,1.9,No,Hybrid,Average,Good,Yes,3,High,5.7,A,0.55,0,Neutral,4.2,2.9,3.2,3.4,2.0,5.0,4.0
24,Male,3.39,90.1,7.0,5.5,4.5,2.27,No,Hybrid,Average,Good,No,2,Middle,3.4,A,0.38,0,Positive,3.2,1.6,5.0,2.7,2.8,4.8,3.0
20,Female,4.73,77.8,6.0,5.4,2.0,2.02,Yes,Offline,Poor,Good,Yes,1,Middle,6.3,A,0.84,1,Positive,3.1,3.6,3.6,1.7,2.8,4.4,3.1
21,Male,0.02,79.5,6.7,4.5,4.7,1.9,Yes,Online,Poor,Average,No,0,Middle,6.7,D,0.75,2,Neutral,4.8,3.5,2.7,2.7,4.2,4.3,2.7
28,Female,7.59,83.0,7.5,6.4,5.4,1.66,No,Offline,Average,Average,Yes,1,High,2.1,B,0.44,2,Positive,1.4,4.3,3.1,2.6,1.8,5.0,3.3
20,Female,2.49,92.6,6.7,5.3,2.3,1.76,Yes,Online,Poor,Good,No,1,Middle,4.8,B,0.34,0,Negative,3.4,2.4,3.8,1.2,3.0,4.0,3.3
22,Male,6.8,90.0,7.4,1.3,5.2,1.87,No,Offline,Average,Good,No,1,High,4.6,A,0.98,2,Neutral,2.6,3.7,3.8,4.0,2.9,3.8,3.0
17,Male,7.59,84.3,7.8,3.8,4.4,1.94,No,Hybrid,Poor,Excellent,No,3,Low,6.4,A,0.32,2,Positive,2.1,3.0,4.0,5.0,3.7,3.6,2.7
24,Male,2.34,62.3,8.5,8.4,1.3,1.7,No,Offline,Poor,Average,Yes,2,Middle,4.1,C,0.83,2,Neutral,4.3,2.2,2.3,1.3,1.8,4.9,2.2
22,Male,3.26,85.4,5.7,6.4,8.2,1.81,Yes,Offline,Poor,Good,Yes,3,Middle,3.1,C,0.82,1,Neutral,2.1,3.7,4.7,3.2,3.1,2.8,1.9
20,Male,6.45,73.0,6.6,9.3,3.4,1.84,Yes,Online,Average,Good,No,0,High,5.8,B,0.32,0,Neutral,2.4,1.9,3.0,2.4,4.4,5.0,1.4
17,Female,7.75,83.8,7.2,4.1,3.7,1.07,No,Hybrid,Average,Good,No,3,Middle,4.7,A,0.69,0,Positive,3.3,2.9,4.9,4.7,3.5,4.1,1.8
22,Male,3.96,71.7,7.1,2.9,2.6,2.05,No,Hybrid,Good,Excellent,No,3,Middle,1.8,A,0.59,2,Positive,4.2,3.5,2.8,3.2,3.3,5.0,3.9
17,Female,2.91,84.9,7.7,5.9,3.5,2.38,Yes,Offline,Average,Excellent,Yes,1,High,3.9,B,0.65,1,Neutral,2.7,3.4,4.5,1.3,1.4,4.5,2.9
17,Female,5.7,75.3,5.0,4.1,2.8,1.56,No,Online,Good,Average,Yes,1,Low,3.8,A,0.59,0,Positive,3.8,2.4,4.4,4.7,3.9,3.9,1.4
22,Male,7.55,74.9,5.8,4.6,3.0,1.64,Yes,Hybrid,Poor,Average,No,0,Middle,5.9,B,0.81,1,Neutral,4.7,3.6,3.3,3.7,3.3,5.0,3.4
18,Male,2.79,81.5,8.2,2.7,2.9,0.9,No,Hybrid,Average,Average,No,1,Middle,4.1,B,0.72,1,Neutral,4.8,3.7,3.5,2.6,1.9,4.5,3.3
18,Male,3.42,65.2,9.1,4.8,4.1,1.84,No,Online,Average,Good,Yes,2,Low,3.8,B,0.26,1,Neutral,4.2,2.8,2.4,3.6,2.6,3.7,4.4
22,Male,7.34,90.8,7.0,6.8,4.0,1.76,Yes,Online,Average,Average,No,4,Middle,3.9,A,0.4,1,Neutral,4.2,2.2,4.2,3.4,3.4,3.6,3.6
17,Female,5.41,79.0,5.7,5.0,5.0,1.88,Yes,Offline,Poor,Good,Yes,3,Middle,2.6,B,0.92,0,Positive,4.0,3.9,4.9,3.3,3.1,4.0,2.8
19,Male,3.35,78.0,5.2,5.4,5.2,2.17,No,Offline,Average,Good,No,0,Middle,7.9,B,0.83,1,Negative,1.7,3.8,1.9,1.2,2.9,3.3,2.3
18,Female,5.01,70.2,7.8,5.0,5.1,1.3,No,Hybrid,Poor,Good,No,1,Middle,6.0,B,0.86,1,Neutral,3.4,2.0,4.2,2.0,4.4,4.0,2.1
22,Male,5.96,86.0,9.1,7.5,5.1,1.05,No,Hybrid,Poor,Good,Yes,2,High,4.4,C,0.19,1,Positive,3.4,1.3,3.5,3.1,1.9,4.4,1.1
22,Male,7.06,68.7,8.1,7.1,5.9,1.99,Yes,Offline,Poor,Good,No,2,High,1.8,A,0.67,2,Neutral,3.6,2.5,4.2,2.7,2.5,3.9,3.3
23,Female,5.59,90.1,6.5,4.0,3.2,2.26,No,Offline,Poor,Good,Yes,2,High,2.5,A,0.94,1,Positive,2.1,2.0,5.0,4.3,2.5,5.0,3.1
19,Female,4.97,70.9,7.6,2.7,4.1,1.98,Yes,Offline,Average,Poor,Yes,1,High,4.3,A,0.58,0,Positive,3.6,2.5,4.4,2.2,3.7,5.0,3.0
18,Male,1.63,79.9,5.1,4.9,5.4,1.72,Yes,Hybrid,Average,Good,No,1,High,6.0,Fail,0.92,0,Neutral,4.0,1.8,3.6,2.1,3.0,3.3,2.1
17,Male,6.08,71.9,6.0,5.0,4.8,2.22,No,Offline,Average,Good,Yes,0,High,3.6,A,0.54,1,Positive,3.3,3.5,4.0,3.3,2.3,4.5,2.8
20,Female,6.03,79.7,6.7,5.9,5.1,2.27,Yes,Online,Good,Good,No,1,High,1.1,A,0.32,2,Positive,1.9,2.0,5.0,3.2,2.8,5.0,2.4
26,Male,5.41,87.1,6.1,2.7,5.3,1.84,No,Offline,Average,Excellent,Yes,3,Middle,4.2,A,0.52,2,Positive,2.4,2.8,4.1,4.2,3.3,3.6,3.5
19,Male,5.04,73.1,5.2,7.9,4.6,1.81,Yes,Hybrid,Poor,Excellent,No,3,Middle,6.1,B,0.21,2,Neutral,3.4,2.9,2.2,3.6,3.2,2.7,2.9
19,Female,5.24,67.6,8.3,8.4,4.4,2.15,Yes,Offline,Average,Excellent,Yes,1,Middle,4.1,B,0.45,2,Positive,3.1,3.2,2.8,2.5,2.3,5.0,2.6
18,Female,6.91,76.9,7.7,2.7,4.2,1.9,No,Online,Average,Average,No,2,High,4.1,A,0.36,1,Positive,1.6,2.7,4.1,3.4,1.0,4.2,2.6
22,Female,4.25,71.2,5.3,4.8,5.4,1.58,No,Hybrid,Poor,Good,No,2,Middle,6.3,B,0.72,1,Neutral,3.3,3.4,3.2,2.5,2.2,3.3,1.7
22,Female,2.58,81.3,9.8,3.8,4.9,2.17,No,Online,Poor,Average,No,2,High,4.6,A,0.19,0,Negative,1.9,3.7,2.7,3.7,3.4,4.9,4.7
22,Female,6.8,67.0,9.0,4.1,3.8,1.47,No,Hybrid,Good,Average,No,1,Low,5.4,A,0.54,0,Neutral,2.0,2.1,3.7,4.2,4.1,4.8,2.3
25,Female,4.24,73.8,7.2,8.7,4.9,1.91,No,Offline,Poor,Average,Yes,1,High,2.8,B,0.93,2,Neutral,1.9,3.0,5.0,1.6,3.2,4.4,2.5
21,Female,4.43,86.5,7.2,5.4,1.9,1.53,No,Offline,Good,Poor,Yes,1,Middle,4.1,A,0.67,1,Positive,1.5,3.2,3.2,2.9,2.4,5.0,2.4
18,Female,5.86,80.7,5.0,5.2,4.0,1.93,No,Offline,Poor,Average,No,3,Low,3.9,A,0.83,0,Positive,1.0,1.8,2.8,3.2,3.3,5.0,2.7
19,Female,4.49,68.9,8.5,7.2,1.2,1.63,No,Hybrid,Poor,Good,No,1,High,6.9,B,0.87,0,Neutral,1.6,2.6,4.0,2.6,4.0,5.0,2.7
22,Male,4.85,76.0,6.7,1.1,7.0,2.39,Yes,Offline,Good,Excellent,Yes,1,Middle,4.2,A,0.88,2,Negative,3.1,2.4,4.2,4.4,3.6,5.0,3.2
22,Male,2.75,81.0,8.2,8.4,3.1,1.83,No,Hybrid,Good,Average,Yes,1,Low,4.5,B,0.94,0,Neutral,3.2,1.8,4.6,1.9,4.4,5.0,2.2
21,Female,7.61,86.6,7.5,9.4,1.5,2.38,Yes,Online,Poor,Excellent,No,1,Middle,3.3,A,0.3,2,Positive,2.7,1.8,4.2,3.7,2.4,4.8,1.3
23,Female,2.31,69.6,6.9,5.8,3.3,1.77,No,Online,Average,Average,No,2,Low,7.6,B,0.34,1,Neutral,2.7,3.4,2.7,1.8,2.0,4.4,1.7
22,Male,7.63,80.6,6.6,1.0,4.0,1.52,No,Hybrid,Average,Average,No,3,Low,1.0,A,0.76,2,Positive,3.1,3.5,3.9,3.9,4.2,4.1,4.6
25,Female,2.45,69.9,5.2,4.5,6.5,1.76,Yes,Online,Good,Good,Yes,1,Middle,6.3,C,0.31,1,Positive,2.3,3.1,1.9,2.4,3.8,5.0,1.4
22,Male,3.56,63.4,7.2,8.4,3.4,2.21,Yes,Online,Average,Good,Yes,1,High,4.7,B,0.59,1,Positive,2.3,1.8,3.8,2.2,4.3,3.3,2.7
24,Female,4.14,89.2,7.0,4.2,1.4,1.93,No,Online,Average,Poor,Yes,1,Middle,3.3,A,0.82,0,Positive,3.3,2.7,3.3,3.9,3.4,4.0,2.1
19,Female,6.74,85.2,6.3,1.7,4.7,1.94,No,Hybrid,Average,Average,No,3,Middle,3.8,A,0.92,0,Positive,4.1,2.1,2.9,4.7,1.1,4.0,4.1
22,Female,5.39,85.9,4.1,5.1,6.7,1.93,No,Hybrid,Poor,Good,No,1,High,5.6,C,0.54,0,Positive,2.1,3.1,5.0,4.0,2.4,4.3,2.9
25,Male,4.06,88.1,5.5,1.1,3.7,1.9,No,Offline,Average,Average,No,3,Middle,4.2,A,0.81,2,Positive,3.1,3.6,2.9,2.7,2.9,4.0,4.0
20,Female,2.48,76.7,7.3,4.8,3.7,1.6,Yes,Online,Average,Good,No,2,Middle,3.5,B,0.84,1,Neutral,2.0,3.5,5.0,2.0,2.2,5.0,3.2
24,Male,6.98,92.2,7.7,4.3,5.1,1.97,No,Online,Average,Good,Yes,2,Middle,4.0,A,0.58,2,Positive,3.4,3.5,5.0,2.6,3.4,4.4,3.1
23,Male,5.05,87.8,9.3,4.0,0.5,1.57,No,Hybrid,Average,Average,Yes,1,Middle,4.1,A,0.88,1,Neutral,5.0,1.2,3.2,3.7,2.5,3.2,3.0
17,Male,5.82,72.1,5.7,7.4,3.0,1.86,No,Hybrid,Average,Excellent,No,0,Low,3.9,C,0.31,2,Positive,3.6,1.8,3.1,3.5,1.6,4.9,1.6
22,Female,4.61,75.1,6.1,5.7,4.0,1.74,Yes,Offline,Poor,Average,Yes,2,High,5.6,B,0.31,2,Negative,3.4,4.4,4.0,2.6,4.0,3.4,2.6
18,Male,3.97,63.2,7.2,7.8,2.6,2.2,No,Hybrid,Average,Good,Yes,1,Low,5.2,B,0.41,2,Negative,3.4,2.4,4.4,2.7,3.5,3.4,1.3
27,Male,6.31,59.4,6.6,5.4,0.5,1.72,No,Offline,Average,Good,No,1,Middle,2.9,A,0.6,2,Neutral,3.1,3.9,4.4,2.9,2.3,4.9,3.2
24,Female,5.58,85.9,5.5,3.8,2.3,1.47,Yes,Hybrid,Average,Excellent,No,1,Middle,2.1,A,0.64,2,Positive,2.7,2.9,3.9,2.8,2.5,2.5,2.9
18,Female,7.27,85.0,7.8,4.3,5.9,1.82,Yes,Hybrid,Good,Good,No,1,Middle,2.5,A,0.46,0,Positive,1.7,2.6,3.6,3.6,2.5,4.8,3.8
18,Female,5.38,71.0,7.9,4.2,4.7,1.69,Yes,Offline,Average,Good,Yes,2,Middle,3.7,A,0.65,1,Neutral,3.0,2.0,3.1,2.5,3.8,4.6,3.2
22,Female,2.15,85.4,6.3,1.2,4.9,2.14,No,Offline,Average,Average,No,4,Middle,3.9,A,0.97,1,Neutral,2.9,3.5,5.0,1.5,3.7,5.0,3.4
20,Male,6.52,79.0,6.2,6.1,3.4,1.3,No,Offline,Average,Good,No,2,Middle,6.5,B,0.52,0,Positive,2.9,2.2,4.3,3.5,2.3,3.0,2.6
17,Female,5.09,64.8,8.8,5.8,6.3,1.98,Yes,Hybrid,Average,Good,No,2,Low,3.1,A,0.57,1,Positive,3.2,3.2,4.4,2.3,2.7,5.0,3.4
21,Female,4.52,85.0,6.6,6.4,4.0,1.52,No,Hybrid,Poor,Good,No,2,High,4.3,C,0.59,0,Positive,3.6,3.5,3.9,2.6,4.3,4.9,2.9
20,Male,1.45,84.3,5.2,4.2,5.5,1.69,No,Hybrid,Average,Excellent,No,1,Low,6.8,C,0.94,2,Negative,3.4,2.1,4.3,1.7,3.4,3.6,2.2
18,Male,3.26,84.8,7.2,6.2,4.0,1.78,No,Offline,Average,Poor,Yes,2,High,3.8,B,0.37,0,Neutral,2.7,1.9,4.5,3.3,3.5,3.9,2.9
24,Male,5.32,71.9,4.5,3.2,1.0,1.54,Yes,Offline,Poor,Excellent,No,4,Middle,3.0,A,0.85,1,Negative,3.4,3.0,3.0,4.0,4.6,4.3,2.7
26,Male,3.73,65.1,7.0,4.6,2.2,2.33,Yes,Hybrid,Average,Excellent,Yes,3,Low,3.5,B,0.3,2,Neutral,2.2,2.4,4.3,3.5,3.4,4.7,3.5
23,Female,5.5,83.1,6.6,4.5,4.2,2.07,Yes,Online,Poor,Good,Yes,2,Low,1.0,A,0.34,1,Positive,1.4,2.8,3.8,2.1,2.7,3.5,3.9
24,Female,6.19,90.5,6.6,4.0,5.8,1.8,No,Hybrid,Good,Good,Yes,3,High,4.7,A,0.32,1,Positive,2.5,3.0,2.6,5.0,2.6,4.8,3.4
19,Female,4.96,100.0,6.6,5.3,6.0,1.53,Yes,Offline,Average,Average,No,2,Middle,6.0,B,0.75,2,Positive,3.0,4.0,2.9,3.2,2.6,5.0,3.0
19,Female,3.11,59.2,8.6,8.0,4.4,1.52,No,Offline,Good,Excellent,Yes,0,Low,6.0,B,0.62,2,Positive,1.3,2.8,3.8,2.7,4.0,4.0,2.6
19,Male,5.85,75.0,6.0,8.1,6.0,1.49,No,Offline,Good,Average,No,1,Middle,7.7,B,0.54,1,Positive,3.1,3.4,5.0,1.6,3.8,4.3,2.4
23,Female,5.72,89.0,6.2,4.0,3.6,2.04,Yes,Offline,Average,Good,No,1,High,6.3,A,0.83,1,Positive,3.2,2.2,4.3,3.4,3.5,5.0,3.2
26,Male,4.49,85.3,7.0,7.5,5.5,1.81,No,Hybrid,Average,Good,Yes,1,Middle,3.9,B,0.41,2,Positive,3.8,2.9,4.4,2.6,3.2,3.9,2.4
23,Non-Binary,1.19,90.1,7.0,1.0,1.8,1.6,Yes,Online,Average,Excellent,No,3,Middle,6.8,B,0.68,2,Negative,3.4,4.6,3.7,1.9,3.7,4.1,2.9
25,Male,2.51,66.6,7.0,5.4,5.6,2.04,No,Offline,Average,Good,Yes,2,Middle,5.3,C,0.9,0,Neutral,1.7,2.7,4.2,2.1,1.8,5.0,2.3
22,Female,6.58,67.2,7.2,3.8,4.2,2.17,No,Offline,Poor,Good,Yes,3,Low,2.9,A,0.42,0,Neutral,3.3,3.0,4.2,4.8,3.0,2.8,2.2
20,Male,4.46,86.3,6.6,4.5,7.6,1.7,Yes,Hybrid,Average,Average,No,3,Middle,3.1,A,0.47,2,Positive,3.0,2.5,4.7,2.5,2.8,3.9,3.2
20,Male,1.38,58.9,5.7,6.4,6.0,1.23,No,Online,Good,Average,No,0,High,7.0,Fail,0.73,2,Neutral,3.4,2.8,3.6,2.1,1.7,5.0,2.6
17,Male,4.61,74.3,6.5,7.3,3.0,1.52,No,Offline,Poor,Average,No,1,Middle,6.4,C,0.87,2,Neutral,4.1,1.1,4.0,2.2,3.8,3.2,1.6
17,Female,5.07,63.5,8.2,6.0,7.7,1.9,Yes,Online,Average,Excellent,No,3,Middle,6.9,B,0.69,2,Positive,2.3,3.1,3.2,3.3,3.1,4.8,2.2
23,Female,6.25,80.8,7.3,3.7,4.4,1.53,No,Hybrid,Good,Good,No,0,Middle,5.1,A,0.58,2,Positive,2.7,2.9,4.1,4.2,3.3,4.3,2.7
20,Male,5.84,76.9,7.9,3.6,5.6,1.77,No,Hybrid,Poor,Good,Yes,3,Middle,2.6,A,0.43,1,Positive,3.0,1.7,3.8,4.1,3.1,3.0,3.9
21,Female,5.73,94.5,5.8,6.5,2.5,1.99,No,Hybrid,Good,Good,No,1,Middle,2.1,A,0.78,0,Positive,2.5,3.1,3.2,3.0,2.1,3.1,3.7
21,Female,3.43,76.8,8.7,4.6,3.4,1.88,No,Offline,Good,Good,No,0,Middle,4.4,A,0.75,0,Positive,1.1,3.8,4.0,3.8,1.7,3.3,4.7
19,Female,1.61,93.1,8.2,4.0,5.9,2.02,No,Hybrid,Average,Average,Yes,3,Low,5.3,A,0.53,1,Positive,3.9,2.8,4.4,2.0,1.3,4.8,2.2
21,Female,3.73,82.7,6.3,4.5,2.9,1.81,Yes,Offline,Average,Average,No,1,High,5.7,A,0.74,2,Negative,1.0,2.9,4.5,2.8,2.4,4.2,2.3
21,Male,7.71,76.1,6.0,2.0,3.1,1.59,Yes,Offline,Average,Average,No,1,Low,3.4,A,0.62,1,Neutral,3.3,2.1,2.7,3.8,3.2,3.4,3.5
20,Male,1.93,64.9,6.6,6.7,1.4,1.5,No,Online,Average,Good,Yes,1,Middle,7.2,D,0.24,2,Positive,1.7,1.5,3.7,3.3,4.4,4.7,2.1
24,Female,6.75,85.3,9.0,3.6,3.8,1.79,Yes,Offline,Average,Average,No,2,Middle,5.1,A,0.62,0,Positive,2.0,3.1,3.4,2.0,1.0,4.7,4.6
20,Female,1.95,73.5,8.8,5.0,2.7,1.72,No,Offline,Average,Good,Yes,1,High,3.5,C,0.74,0,Negative,3.6,1.4,4.5,1.4,1.0,5.0,3.5
22,Non-Binary,2.35,97.4,4.3,8.3,7.0,2.21,No,Hybrid,Good,Good,No,0,High,6.6,C,0.92,2,Neutral,4.2,1.7,3.0,1.0,2.4,4.6,1.5
25,Female,5.16,78.6,8.5,9.2,0.5,1.71,No,Hybrid,Good,Good,Yes,3,Low,5.0,A,0.65,1,Positive,3.3,1.1,4.2,2.4,3.7,5.0,1.1
25,Male,3.31,84.9,8.7,1.0,3.4,1.41,Yes,Offline,Poor,Average,No,2,Middle,4.6,A,0.66,2,Positive,2.7,3.0,4.7,3.2,3.5,5.0,3.5
25,Female,4.46,86.4,6.2,5.6,4.3,2.28,No,Offline,Average,Average,No,2,Low,3.9,A,0.34,2,Positive,2.8,3.3,2.0,1.5,2.8,4.4,2.6
19,Male,2.63,54.4,7.8,2.3,3.2,1.52,Yes,Hybrid,Average,Average,No,0,Low,9.6,C,0.46,0,Positive,4.3,3.0,3.6,3.7,1.0,4.6,3.7
17,Non-Binary,5.21,73.1,6.7,3.1,3.0,1.96,Yes,Offline,Good,Good,Yes,2,High,7.0,A,0.16,2,Neutral,4.2,3.7,2.8,4.1,1.4,4.7,2.3
19,Male,6.65,81.4,7.5,4.8,4.6,1.67,No,Online,Poor,Average,Yes,3,Low,3.5,A,0.15,1,Positive,3.5,2.7,3.7,3.5,4.1,5.0,3.2
19,Female,2.01,84.5,7.9,6.2,7.5,1.79,No,Online,Average,Excellent,Yes,2,Low,5.7,C,0.14,2,Neutral,4.2,3.3,3.4,1.3,3.3,5.0,2.0
25,Female,6.03,79.0,6.4,6.0,6.7,2.12,Yes,Offline,Good,Good,No,2,Low,5.0,A,0.67,0,Positive,2.5,2.2,4.7,5.0,3.9,3.9,2.4
22,Male,5.69,94.5,4.7,3.7,1.9,1.66,Yes,Hybrid,Average,Average,Yes,2,Middle,3.6,A,0.62,1,Positive,3.7,4.1,5.0,4.1,3.8,3.9,2.7
18,Male,6.51,89.6,8.2,4.8,2.7,2.22,No,Online,Average,Good,No,3,High,5.4,A,0.78,1,Positive,1.7,2.4,4.0,4.3,5.0,5.0,2.8
18,Female,0.37,88.9,7.4,9.9,5.5,1.68,No,Online,Good,Good,No,1,Middle,4.7,D,0.22,0,Neutral,2.5,2.1,3.5,1.0,2.6,4.4,1.3
18,Female,6.73,92.8,4.9,6.1,3.2,1.67,No,Online,Average,Good,No,1,Middle,3.3,A,0.55,0,Positive,2.6,1.3,5.0,2.5,2.6,2.3,1.1
22,Male,2.62,65.7,8.4,1.3,4.2,1.41,Yes,Hybrid,Good,Average,Yes,1,Middle,5.9,B,0.5,2,Neutral,4.2,4.0,1.9,2.3,3.4,3.8,2.7
23,Female,4.43,89.5,8.3,5.9,3.1,1.75,No,Online,Average,Average,No,0,Middle,5.0,A,0.75,0,Positive,2.8,1.4,2.9,2.5,4.1,4.0,2.5
25,Female,4.04,78.2,5.4,2.2,3.8,1.17,Yes,Hybrid,Average,Average,Yes,1,Middle,2.9,B,0.51,0,Neutral,4.0,3.9,4.6,3.0,1.4,3.1,4.5
26,Male,2.89,65.7,7.5,4.3,2.1,1.7,Yes,Hybrid,Average,Average,No,2,Middle,3.9,B,0.37,0,Negative,2.4,2.4,2.7,2.6,2.5,5.0,3.6
19,Male,3.19,87.6,6.2,8.0,0.8,1.24,Yes,Online,Average,Good,No,0,Middle,3.5,C,0.78,0,Positive,3.7,1.3,5.0,3.1,2.9,5.0,1.7
19,Female,3.46,94.1,7.0,5.4,3.8,1.86,Yes,Hybrid,Good,Good,Yes,1,High,4.4,C,0.94,1,Positive,3.5,2.8,3.8,3.4,3.1,4.0,3.1
19,Female,5.26,89.9,8.5,2.6,0.5,1.99,No,Hybrid,Average,Excellent,Yes,2,Low,1.8,A,0.43,2,Positive,1.0,2.4,3.8,4.1,3.7,4.6,3.7
20,Female,6.38,86.2,7.5,8.5,5.0,2.39,No,Online,Poor,Poor,No,1,Low,4.7,A,0.09,0,Positive,4.0,2.8,3.1,3.8,4.4,2.9,3.2
26,Female,4.32,76.1,7.4,3.9,6.2,1.56,No,Online,Average,Poor,Yes,2,High,6.1,C,0.77,0,Neutral,2.5,2.6,4.2,3.4,3.9,5.0,2.7
21,Male,6.49,99.7,6.6,4.7,3.7,2.2,No,Online,Average,Good,No,1,Middle,3.3,A,0.39,2,Neutral,1.8,2.7,3.9,4.9,3.1,4.9,3.0
23,Male,5.22,86.2,7.9,7.7,5.1,2.01,No,Offline,Average,Average,Yes,2,High,4.0,A,0.65,2,Positive,2.1,2.1,4.4,2.8,3.2,3.6,2.1
21,Male,7.21,76.4,7.9,7.5,4.7,2.15,No,Hybrid,Poor,Average,No,3,Middle,5.3,A,0.64,2,Positive,2.4,1.1,4.4,3.4,3.1,5.0,3.2
17,Male,2.26,69.5,8.5,7.3,2.8,1.49,No,Hybrid,Average,Good,No,0,Middle,4.9,D,0.23,2,Negative,2.2,2.6,4.7,1.5,4.9,4.2,2.4
17,Female,5.2,79.6,8.8,3.8,2.1,1.55,No,Online,Average,Average,No,2,Middle,1.0,A,0.68,1,Neutral,2.1,2.5,4.5,2.7,3.8,4.3,3.0
21,Female,4.83,63.3,6.4,3.0,1.5,1.87,No,Offline,Average,Good,No,1,Low,4.6,A,0.56,2,Positive,2.8,2.5,4.5,3.6,2.0,3.6,3.1
23,Male,5.18,89.6,7.4,4.2,4.5,1.9,Yes,Offline,Good,Average,No,3,High,3.0,A,0.79,1,Positive,3.4,2.7,4.1,3.2,2.8,4.3,3.5
19,Male,5.61,90.2,5.0,6.5,4.6,1.9,Yes,Hybrid,Average,Good,Yes,0,Middle,3.2,B,0.8,2,Positive,4.2,4.0,2.8,4.2,2.2,3.0,2.7
23,Female,6.52,77.1,8.5,7.1,2.3,2.39,No,Offline,Good,Excellent,No,2,High,4.3,A,0.73,2,Positive,4.6,1.5,3.4,2.2,4.1,3.5,3.0
24,Female,5.2,65.0,5.4,7.5,1.7,1.55,Yes,Hybrid,Good,Average,Yes,1,Middle,1.9,B,0.61,1,Neutral,5.0,1.0,5.0,1.7,1.3,4.8,3.0
20,Female,5.95,73.3,7.5,6.4,1.7,1.68,No,Online,Average,Excellent,Yes,3,Low,3.0,A,0.34,2,Positive,3.3,3.1,4.9,3.3,2.4,5.0,2.7
23,Female,4.34,97.5,5.1,2.4,3.0,1.64,Yes,Online,Average,Good,No,2,Middle,1.0,A,0.51,2,Positive,2.9,2.7,2.7,2.9,2.5,3.6,3.3
20,Female,4.62,96.2,7.3,4.5,6.8,1.46,No,Online,Poor,Excellent,No,2,Low,5.7,B,0.8,1,Positive,3.7,2.3,3.1,3.1,2.5,4.2,3.1
22,Female,3.65,86.6,4.7,7.1,4.9,1.65,Yes,Offline,Good,Average,Yes,2,Middle,6.7,B,0.57,2,Neutral,1.9,1.9,3.5,2.9,2.2,3.3,1.7
23,Male,7.05,96.2,7.4,1.6,3.8,2.01,No,Online,Good,Good,No,3,Middle,2.8,A,0.88,2,Positive,2.8,4.1,4.2,4.2,2.7,3.8,3.6
29,Male,6.47,90.0,7.6,2.4,6.3,1.53,No,Offline,Average,Good,No,2,Middle,2.5,A,0.83,2,Neutral,3.4,3.1,5.0,3.3,4.0,4.6,3.6
20,Male,7.47,75.5,6.1,4.7,4.9,1.3,Yes,Hybrid,Poor,Good,Yes,3,High,6.1,A,0.42,1,Positive,2.1,2.1,4.8,3.1,3.3,3.2,2.7
20,Female,3.98,73.2,8.5,4.7,7.5,1.62,Yes,Online,Average,Good,No,1,High,5.6,B,0.56,2,Negative,4.0,2.8,3.0,3.8,3.5,5.0,3.2
18,Female,4.55,87.2,7.9,4.8,3.9,1.76,Yes,Offline,Good,Good,No,1,High,7.2,A,0.39,0,Positive,3.5,3.1,2.8,3.1,4.0,4.1,2.2
19,Female,9.84,91.8,5.6,7.3,3.4,2.03,Yes,Hybrid,Average,Excellent,Yes,2,Low,4.0,A,0.78,2,Neutral,2.6,2.2,2.5,4.0,3.8,5.0,2.3
23,Male,7.05,58.9,5.9,6.1,6.0,2.09,Yes,Offline,Good,Average,No,3,Middle,4.1,A,0.59,0,Negative,3.4,2.8,3.0,3.2,1.2,5.0,2.5
26,Male,2.02,80.4,8.7,6.1,3.1,1.73,Yes,Hybrid,Poor,Average,No,0,High,7.6,C,0.62,0,Neutral,2.8,2.8,2.9,2.2,3.0,5.0,3.3
20,Male,6.38,70.1,5.3,5.4,4.9,1.96,No,Offline,Average,Good,No,0,Middle,4.7,B,0.67,0,Neutral,1.3,1.0,4.6,2.7,3.0,4.6,2.9
18,Male,5.6,61.7,8.6,7.4,3.5,2.06,No,Hybrid,Poor,Good,Yes,1,Low,3.9,A,0.93,2,Neutral,4.1,3.6,2.8,3.3,1.7,3.0,3.5
19,Female,4.23,73.5,7.5,8.1,4.5,2.12,No,Online,Good,Good,No,2,High,1.6,B,1.0,1,Negative,2.9,2.6,4.8,2.7,4.5,5.0,2.8
20,Female,4.35,80.6,5.4,8.9,3.2,1.71,No,Hybrid,Average,Good,Yes,3,High,8.1,C,0.56,1,Neutral,3.3,1.0,2.9,1.6,1.8,4.3,2.1
19,Non-Binary,3.21,83.0,5.6,5.6,5.1,1.8,No,Online,Average,Excellent,Yes,1,Middle,6.2,C,0.87,2,Negative,3.7,3.4,5.0,3.4,2.5,3.9,1.5
19,Female,3.86,81.7,7.5,5.9,3.1,1.73,No,Offline,Average,Good,Yes,2,Middle,4.5,B,0.79,2,Negative,1.2,3.9,4.5,1.5,2.8,4.0,4.1
23,Female,3.37,86.4,7.2,2.6,3.4,1.59,Yes,Offline,Average,Average,No,2,Low,6.3,B,0.68,0,Neutral,2.9,3.3,4.4,4.0,3.9,4.1,4.0
17,Female,2.58,76.3,6.7,3.7,3.6,1.68,Yes,Online,Good,Average,No,3,Middle,3.2,B,1.0,2,Neutral,2.3,2.8,4.0,2.3,2.7,3.7,3.4
21,Male,4.14,69.0,8.3,3.2,1.6,1.7,No,Online,Average,Excellent,Yes,1,Middle,3.8,B,0.29,2,Negative,4.4,3.7,4.1,3.4,2.2,4.4,2.9
24,Female,3.14,100.0,8.1,9.1,4.2,1.83,No,Hybrid,Poor,Good,Yes,1,Middle,6.5,C,0.42,2,Positive,3.0,1.9,3.3,2.1,4.5,3.4,1.1
19,Female,6.33,100.0,5.8,7.6,3.1,2.14,Yes,Offline,Good,Excellent,Yes,2,Low,3.6,A,0.79,2,Neutral,2.9,2.0,5.0,2.1,3.3,3.4,1.8
22,Female,6.97,68.2,5.8,1.6,4.6,1.93,No,Hybrid,Average,Average,Yes,2,Low,4.1,A,0.4,2,Positive,2.6,3.2,2.3,3.6,1.6,3.6,3.5
22,Male,4.6,70.1,5.9,7.5,5.5,2.39,Yes,Offline,Good,Good,No,5,Middle,4.2,A,0.67,0,Neutral,4.6,2.6,3.9,3.7,3.1,4.0,1.8
22,Male,4.23,67.4,6.1,3.9,2.6,1.98,Yes,Offline,Average,Good,No,2,Middle,4.6,A,0.36,2,Negative,2.3,3.1,3.3,3.8,3.7,4.2,3.7
20,Male,6.17,80.9,6.1,3.6,5.6,2.16,Yes,Offline,Poor,Average,No,1,Middle,2.0,A,0.44,2,Positive,2.0,3.2,2.4,4.5,3.3,4.4,4.6
20,Female,4.67,79.9,7.6,6.0,3.8,1.8,Yes,Hybrid,Average,Good,No,0,Middle,6.9,B,0.72,2,Positive,2.2,1.3,4.9,2.2,3.6,2.7,1.3
24,Male,8.93,71.8,4.3,1.6,3.8,1.4,No,Offline,Average,Good,No,4,Middle,2.7,A,0.72,1,Positive,2.4,2.8,3.1,3.7,3.4,4.7,4.0
23,Female,1.47,81.6,8.5,1.7,5.3,1.89,No,Online,Poor,Good,Yes,0,High,5.0,B,0.48,0,Negative,3.0,4.1,2.5,2.8,2.3,5.0,3.1
19,Female,0.24,82.6,7.8,7.9,7.2,1.77,No,Offline,Good,Excellent,Yes,0,Low,6.2,D,0.66,1,Negative,3.7,1.8,4.2,1.8,1.4,5.0,2.7
18,Male,2.71,84.9,6.2,5.9,3.1,1.7,No,Online,Poor,Excellent,No,0,High,4.7,B,0.53,2,Positive,2.2,1.3,2.7,1.9,4.2,3.0,2.5
17,Female,5.86,79.7,7.9,4.6,2.2,1.84,Yes,Offline,Good,Excellent,No,1,High,3.7,A,0.76,1,Positive,4.5,4.4,4.9,3.3,2.9,4.6,3.4
18,Female,6.46,75.5,7.5,6.5,3.5,1.67,No,Online,Average,Excellent,No,3,Middle,4.7,A,0.58,2,Neutral,3.3,4.1,4.7,3.4,3.3,4.0,3.6
22,Male,3.96,80.7,6.4,5.9,4.6,1.67,No,Hybrid,Poor,Good,No,1,High,5.2,A,0.68,0,Positive,1.6,3.7,3.2,3.7,2.8,4.0,2.2
17,Female,4.94,60.0,8.7,2.8,3.7,2.01,No,Hybrid,Good,Average,No,2,Middle,4.8,A,0.54,0,Neutral,1.1,3.0,4.4,3.5,2.7,5.0,3.8
20,Male,4.33,77.2,6.8,5.9,8.3,2.11,Yes,Hybrid,Average,Excellent,Yes,3,Middle,3.1,A,0.22,1,Neutral,3.0,3.0,2.4,3.2,4.0,3.8,3.4
23,Male,5.89,61.8,6.8,4.7,4.2,1.44,Yes,Offline,Poor,Good,Yes,2,Low,5.5,B,0.44,2,Positive,2.3,2.1,3.0,2.6,2.8,3.0,2.8
19,Female,8.95,82.5,7.6,5.2,4.6,1.88,Yes,Hybrid,Average,Average,No,2,Middle,3.8,A,0.67,0,Positive,2.1,2.4,3.9,2.4,3.7,5.0,2.6
23,Female,0.38,84.5,6.1,3.3,7.8,1.98,No,Offline,Average,Good,No,1,Middle,6.5,D,0.5,2,Negative,2.4,2.3,2.6,3.5,1.5,4.6,1.5
23,Non-Binary,9.36,79.7,8.5,3.1,2.3,1.7,Yes,Online,Average,Average,Yes,1,Middle,4.3,A,0.91,2,Positive,2.4,3.6,3.1,4.2,1.6,4.4,1.6
19,Female,7.03,77.4,8.6,9.0,4.0,1.52,No,Online,Average,Good,No,0,Low,2.9,B,0.69,2,Positive,3.2,4.8,4.7,3.6,2.3,4.8,2.7
23,Female,4.31,99.3,5.8,5.0,4.0,1.62,No,Hybrid,Average,Average,No,2,Low,1.9,B,0.55,1,Neutral,3.5,2.6,1.5,2.7,1.0,5.0,4.2
23,Female,5.92,94.2,8.0,5.6,5.7,1.96,No,Online,Average,Average,No,2,Middle,6.1,A,0.67,0,Neutral,2.9,3.5,3.6,2.2,3.1,4.5,3.1
20,Female,4.88,92.1,8.7,8.9,2.7,1.61,No,Offline,Good,Excellent,Yes,1,Low,4.2,B,0.13,1,Positive,3.2,3.1,3.2,1.4,1.9,4.8,2.5
19,Female,5.89,81.2,7.1,5.8,1.2,1.57,Yes,Online,Average,Good,No,1,High,4.0,A,0.29,0,Positive,2.0,2.9,4.2,2.4,2.6,3.5,2.1
21,Male,5.88,89.5,8.6,6.4,1.2,1.81,Yes,Offline,Average,Good,No,0,Middle,2.2,A,0.6,2,Positive,2.7,3.1,5.0,2.3,2.6,4.7,3.4
26,Female,6.49,78.6,8.8,1.9,5.0,2.15,No,Offline,Good,Good,Yes,2,Middle,6.1,A,0.72,0,Positive,3.2,3.5,4.7,4.2,2.4,4.3,3.8
22,Male,2.93,88.8,7.4,6.4,5.0,1.79,No,Offline,Average,Excellent,No,2,Low,6.1,C,0.7,2,Positive,3.0,3.3,3.9,2.4,1.6,4.0,3.1
18,Female,6.16,62.1,8.5,8.6,5.6,1.31,Yes,Online,Poor,Good,No,1,Low,5.5,C,0.81,2,Neutral,3.8,1.0,3.6,3.5,3.5,4.5,1.6
23,Male,3.62,85.9,8.6,5.8,4.3,1.82,Yes,Offline,Average,Good,No,2,Middle,4.6,A,0.47,2,Neutral,3.1,2.9,3.3,2.5,3.6,5.0,3.2
20,Female,4.34,63.9,6.9,2.9,8.6,1.9,Yes,Offline,Average,Excellent,Yes,2,High,1.8,B,0.11,2,Neutral,1.0,3.1,3.2,4.4,3.6,4.4,4.0
22,Male,6.53,80.2,6.6,1.0,5.5,1.63,No,Hybrid,Poor,Average,No,4,Middle,4.7,A,0.31,0,Positive,2.4,3.3,3.3,4.4,2.7,5.0,4.4
23,Male,4.06,82.7,9.4,5.7,6.1,1.59,Yes,Hybrid,Average,Excellent,Yes,2,High,7.0,B,0.55,2,Positive,4.6,2.1,4.4,2.8,2.8,5.0,2.3
21,Female,5.55,94.4,6.2,1.1,2.1,1.61,No,Online,Good,Good,No,1,High,4.5,A,0.39,1,Positive,2.4,4.5,3.4,3.2,1.7,4.1,3.9
24,Male,5.59,78.8,8.8,4.2,3.6,1.9,No,Offline,Average,Good,No,2,Low,3.9,A,0.12,1,Positive,2.8,3.1,3.7,4.5,2.8,5.0,3.7
23,Female,5.15,73.9,6.8,3.6,3.7,1.95,No,Offline,Average,Average,Yes,2,High,3.4,A,0.89,1,Neutral,1.0,3.9,4.7,3.0,2.7,5.0,3.2
22,Male,2.51,86.1,7.8,3.2,6.2,2.26,Yes,Online,Good,Good,No,1,Middle,5.7,A,0.68,2,Positive,1.9,3.2,2.9,3.5,3.2,4.3,2.2
18,Male,5.93,88.0,7.1,7.2,1.9,1.62,Yes,Online,Good,Good,No,2,High,6.6,B,0.57,0,Neutral,2.3,3.3,4.1,3.6,2.1,5.0,2.9
24,Male,5.32,83.8,6.4,2.4,6.5,1.61,No,Offline,Good,Excellent,No,1,Middle,3.1,A,0.43,1,Positive,4.9,3.7,3.6,4.6,3.0,4.4,4.0
26,Female,9.42,76.8,7.7,5.5,1.7,1.49,No,Hybrid,Good,Excellent,No,0,Low,4.7,A,0.55,2,Neutral,3.0,2.6,3.2,3.0,2.7,4.8,2.6
18,Male,2.87,85.9,7.8,6.0,4.1,2.02,No,Online,Average,Excellent,Yes,1,High,5.6,B,0.65,2,Negative,2.8,3.7,4.5,4.5,3.6,3.8,2.9
21,Female,7.07,69.3,6.3,3.5,4.3,1.9,No,Online,Poor,Average,Yes,2,Low,4.4,A,0.76,2,Positive,2.7,3.5,2.2,5.0,4.5,1.9,3.7
19,Male,4.12,80.7,7.5,3.5,3.8,2.21,Yes,Online,Good,Excellent,Yes,2,High,2.2,A,0.54,2,Positive,1.7,2.9,3.7,3.6,3.7,5.0,3.5
23,Male,4.36,74.0,6.5,6.8,6.1,1.44,Yes,Hybrid,Poor,Good,No,0,Low,8.0,C,0.38,2,Positive,4.1,1.1,3.1,1.6,2.9,3.4,2.1
23,Male,8.39,88.5,7.3,4.1,6.3,1.96,No,Hybrid,Average,Excellent,No,2,Middle,4.4,A,0.88,2,Positive,1.3,3.4,3.7,4.4,2.6,4.6,2.7
18,Male,4.7,71.7,5.8,4.4,3.0,1.94,Yes,Offline,Poor,Average,No,2,Middle,6.7,B,0.68,0,Neutral,2.9,4.5,4.2,3.8,3.4,4.1,2.9
25,Female,6.57,93.7,6.0,7.4,3.0,1.57,Yes,Hybrid,Poor,Good,Yes,2,High,3.4,B,0.64,0,Positive,1.0,3.1,3.8,1.9,1.2,4.6,2.6
18,Female,5.23,96.5,9.0,6.7,4.1,1.63,Yes,Online,Good,Excellent,No,1,Low,2.7,A,0.6,2,Positive,2.4,2.8,3.2,2.7,2.5,4.1,3.8
24,Female,3.17,80.6,8.3,9.1,3.5,1.79,Yes,Offline,Average,Excellent,Yes,0,Middle,9.1,C,0.61,2,Positive,1.0,1.5,3.8,3.1,3.3,4.1,1.0
20,Male,4.54,67.5,6.8,5.9,2.1,2.24,No,Offline,Poor,Good,No,1,Middle,5.9,A,0.47,1,Neutral,2.2,1.3,2.9,1.1,1.9,4.3,2.4
19,Male,4.1,84.8,7.5,4.4,5.9,2.1,No,Offline,Poor,Good,Yes,2,High,2.8,A,0.54,1,Neutral,3.9,3.6,3.0,3.3,2.9,4.9,3.4
18,Male,4.53,76.5,7.2,7.1,0.9,1.73,No,Hybrid,Average,Average,Yes,1,Middle,5.4,A,0.47,2,Neutral,1.5,2.7,5.0,2.9,3.6,4.9,3.5
18,Female,8.71,81.3,7.1,5.4,4.1,1.94,Yes,Online,Average,Good,No,2,Middle,2.8,A,0.24,2,Neutral,2.4,1.8,2.9,2.8,3.6,3.6,2.1
22,Male,5.92,85.5,8.9,7.1,5.5,2.04,Yes,Hybrid,Average,Good,Yes,2,Middle,1.1,A,0.83,1,Positive,3.9,2.2,4.0,3.4,1.8,5.0,3.3
21,Female,1.51,85.4,7.4,5.3,6.6,1.56,Yes,Offline,Average,Poor,No,0,Middle,3.0,C,0.19,0,Neutral,5.0,2.5,4.4,2.5,1.8,4.1,2.2
18,Male,8.75,83.4,6.4,4.4,5.1,1.68,No,Offline,Poor,Average,No,3,High,3.8,A,0.83,0,Positive,3.2,3.3,4.7,3.8,2.5,4.6,2.7
18,Male,5.74,63.1,5.3,5.5,5.1,1.74,No,Hybrid,Average,Average,No,2,Low,6.4,A,0.52,0,Positive,2.5,2.7,2.8,3.4,3.9,4.4,3.1
17,Male,6.78,80.5,5.2,6.2,3.1,2.29,Yes,Offline,Average,Good,No,2,Middle,6.6,A,0.7,0,Positive,2.7,3.5,2.3,3.1,2.5,3.5,2.1
23,Male,8.12,72.1,9.0,7.4,6.2,1.46,No,Online,Poor,Average,Yes,1,Middle,6.3,B,0.15,1,Positive,2.3,3.9,1.9,3.1,3.0,5.0,3.9
23,Female,3.34,83.8,7.6,9.9,4.4,1.7,No,Offline,Good,Good,No,0,Low,7.3,C,0.71,0,Negative,2.8,2.4,2.8,1.8,3.0,5.0,2.2
17,Male,5.66,52.9,8.2,4.9,4.9,1.9,Yes,Hybrid,Average,Average,No,2,Middle,5.3,B,0.48,1,Positive,5.0,1.1,3.2,3.4,3.1,4.9,2.6
21,Female,4.7,70.3,7.7,2.9,5.6,1.85,Yes,Online,Average,Good,No,3,High,5.5,A,0.64,2,Neutral,4.0,3.7,4.7,2.7,3.2,4.5,3.1
18,Male,4.29,73.7,6.3,3.0,4.4,1.58,Yes,Online,Average,Good,Yes,3,Middle,1.8,B,0.28,1,Positive,3.6,3.6,2.6,4.9,4.1,4.5,3.4
25,Female,4.39,63.3,6.4,3.8,3.0,1.4,No,Offline,Average,Good,No,2,Low,6.6,B,0.32,2,Positive,3.4,3.6,2.3,2.4,2.9,4.1,3.4
25,Male,5.2,82.5,6.8,5.9,3.7,1.58,No,Offline,Average,Good,Yes,1,Low,2.4,A,0.56,2,Neutral,3.1,3.8,4.5,3.4,2.3,5.0,2.3
23,Female,7.33,86.6,4.5,2.8,6.4,1.92,No,Offline,Average,Good,Yes,1,High,2.4,A,0.81,1,Positive,3.1,4.0,5.0,3.0,3.3,3.7,3.9
26,Female,6.55,87.2,4.9,4.0,5.6,1.8,Yes,Hybrid,Average,Average,Yes,3,Middle,5.3,A,0.35,0,Neutral,4.6,3.2,3.9,5.0,1.0,3.9,3.6
24,Non-Binary,5.58,77.5,6.4,5.6,6.9,1.89,Yes,Hybrid,Poor,Excellent,Yes,1,High,6.2,B,0.44,2,Positive,3.1,1.1,3.8,2.5,2.8,3.8,1.0
24,Male,7.41,73.9,5.8,4.0,3.7,1.8,Yes,Offline,Average,Average,Yes,3,Middle,3.1,A,0.93,0,Neutral,2.8,3.4,4.1,5.0,1.6,5.0,3.0
21,Female,0.37,91.5,6.6,1.0,3.5,1.44,No,Online,Good,Average,Yes,0,Middle,6.6,C,0.42,2,Positive,2.0,4.1,2.7,2.4,2.7,4.4,2.9
19,Male,5.08,73.2,7.5,6.4,5.4,1.47,No,Offline,Good,Good,Yes,2,Middle,6.0,B,0.58,2,Neutral,3.1,4.0,4.7,3.5,3.9,5.0,3.0
19,Male,5.72,96.7,9.3,6.1,4.2,2.38,No,Offline,Average,Average,Yes,1,Middle,3.3,A,0.53,2,Positive,2.4,3.7,3.8,3.1,1.1,4.6,2.1
19,Male,5.64,87.9,8.6,8.8,5.7,1.74,Yes,Hybrid,Poor,Excellent,Yes,2,High,4.8,B,0.9,2,Positive,2.8,3.3,3.6,2.9,2.0,4.7,2.0
22,Male,7.85,76.2,6.0,10.0,4.7,1.81,No,Hybrid,Poor,Average,No,0,Middle,8.0,B,0.89,1,Positive,2.0,1.4,3.6,3.1,3.1,5.0,1.0
18,Non-Binary,5.36,94.2,5.8,5.6,3.5,2.39,No,Online,Average,Good,Yes,3,Low,2.9,A,0.86,2,Positive,3.1,2.8,4.7,3.6,3.6,3.5,2.1
19,Male,7.76,92.5,7.5,1.0,4.1,1.65,No,Hybrid,Average,Poor,Yes,2,Middle,3.3,A,0.67,0,Positive,2.3,1.8,3.2,4.6,4.0,5.0,3.1
21,Female,4.66,60.8,6.7,3.4,3.3,1.7,No,Online,Good,Average,Yes,2,Middle,4.5,A,0.55,0,Neutral,1.7,2.3,3.2,3.2,2.7,3.4,3.4
19,Female,6.4,81.2,7.2,5.3,1.8,1.95,No,Online,Good,Average,Yes,2,High,3.8,A,0.8,2,Positive,4.3,2.9,5.0,3.4,2.1,4.4,2.5
22,Female,5.23,77.2,7.1,6.3,2.7,1.55,No,Hybrid,Average,Excellent,Yes,1,High,6.4,B,0.77,2,Positive,1.5,2.3,3.6,3.0,3.0,4.1,1.5
26,Female,4.52,78.1,7.7,1.0,5.5,1.55,No,Hybrid,Poor,Excellent,Yes,2,Middle,6.7,B,0.49,2,Neutral,2.2,3.2,4.0,3.6,2.8,4.1,3.8
23,Male,6.06,98.2,4.7,7.0,3.6,1.89,No,Hybrid,Average,Good,No,1,Middle,3.3,A,0.83,2,Positive,3.4,3.7,3.8,2.9,3.8,3.6,4.1
22,Female,6.17,92.9,7.2,5.5,4.8,1.56,No,Offline,Poor,Excellent,No,1,Middle,2.4,A,0.63,1,Positive,4.0,1.0,5.0,3.6,3.6,4.4,3.2
22,Male,3.23,100.0,5.0,5.8,4.1,2.03,No,Online,Poor,Good,No,2,High,7.1,A,0.26,1,Positive,3.0,3.4,4.8,2.4,3.1,3.5,2.2
21,Female,6.92,90.8,8.1,5.8,4.6,1.5,No,Offline,Average,Excellent,No,2,High,4.0,A,0.44,2,Neutral,2.9,4.0,4.2,4.1,2.1,4.3,3.4
18,Female,4.5,80.6,6.5,2.4,3.6,1.73,No,Hybrid,Average,Excellent,No,1,High,1.0,A,0.68,1,Positive,1.7,3.4,3.4,4.5,2.4,4.0,3.0
25,Non-Binary,5.22,72.9,6.1,6.3,2.9,1.73,No,Hybrid,Average,Poor,Yes,3,Low,7.0,A,0.72,0,Positive,2.3,2.7,2.9,2.7,3.1,3.9,2.6
19,Male,1.31,85.9,7.8,5.5,4.1,2.23,Yes,Online,Average,Good,No,0,Middle,7.4,C,0.67,0,Neutral,1.3,3.5,5.0,2.8,4.1,4.7,3.1
18,Male,4.97,87.4,7.9,2.6,4.3,1.96,No,Online,Average,Good,Yes,2,Middle,6.6,A,0.88,1,Positive,2.8,3.4,2.9,3.2,2.3,4.4,3.3
23,Male,1.2,78.8,7.0,6.2,4.0,1.62,Yes,Offline,Average,Poor,No,0,Middle,9.0,D,0.32,0,Neutral,3.5,2.2,4.0,1.7,3.3,4.7,2.2
18,Male,6.75,76.4,8.1,5.1,5.0,2.27,No,Offline,Good,Average,Yes,4,Low,7.5,A,0.54,0,Positive,3.4,3.9,3.9,2.9,3.7,5.0,2.7
20,Male,3.47,88.8,5.6,6.6,4.0,1.94,No,Hybrid,Good,Excellent,No,4,Low,2.6,A,0.74,1,Negative,1.2,1.4,5.0,2.0,4.7,4.4,2.6
17,Female,4.14,81.9,7.5,5.0,3.4,1.51,No,Online,Poor,Excellent,No,0,Middle,3.9,B,0.62,2,Negative,3.6,2.4,2.5,1.7,3.9,3.5,2.8
18,Male,4.67,100.0,7.7,2.4,3.8,1.77,No,Offline,Average,Good,No,3,Middle,3.1,A,0.43,1,Positive,4.3,2.8,4.1,5.0,2.6,3.9,4.2
18,Female,2.36,75.6,6.7,3.9,4.9,1.73,No,Offline,Poor,Excellent,Yes,0,Middle,5.4,C,0.29,2,Neutral,2.6,2.8,3.9,2.8,1.0,3.7,2.6
17,Female,5.08,87.2,8.0,3.9,5.8,1.64,Yes,Online,Average,Excellent,Yes,4,Low,4.2,A,0.19,2,Positive,4.6,2.7,3.5,3.5,2.0,5.0,3.4
22,Female,2.57,84.2,8.0,4.8,3.2,1.9,Yes,Online,Average,Poor,No,3,Middle,2.9,A,0.48,0,Neutral,2.5,1.5,3.9,2.3,2.4,3.4,3.4
24,Male,4.6,100.0,9.0,6.9,5.0,2.05,Yes,Online,Average,Average,No,2,Middle,2.3,A,0.69,0,Positive,1.5,3.2,5.0,2.5,2.3,4.3,2.8
20,Male,6.74,78.8,6.6,3.4,6.4,1.7,No,Offline,Good,Poor,No,0,Middle,2.6,A,0.52,1,Positive,2.9,3.7,3.8,2.6,2.4,4.1,3.1
25,Male,7.59,75.2,5.9,5.9,5.1,2.05,No,Hybrid,Good,Poor,No,1,Middle,3.6,A,0.99,0,Positive,2.7,2.3,3.7,4.0,1.4,3.5,4.5
19,Male,7.89,83.5,6.3,2.6,3.1,2.09,No,Online,Average,Average,No,2,High,5.1,A,0.26,0,Positive,4.1,3.7,2.3,3.5,3.3,3.9,3.0
19,Female,4.57,78.4,7.5,8.1,6.7,1.27,No,Online,Average,Good,No,1,Low,4.8,C,0.5,0,Positive,2.0,3.4,3.2,4.1,3.0,4.5,3.0
18,Male,3.11,94.9,7.4,4.4,4.0,1.36,No,Offline,Average,Excellent,No,0,Low,5.9,B,0.27,1,Positive,3.4,2.7,2.7,2.5,1.3,5.0,3.2
22,Female,6.0,90.1,7.2,4.5,2.9,1.3,No,Offline,Average,Excellent,No,1,Middle,2.0,A,0.21,2,Positive,1.3,3.5,4.2,3.7,5.0,3.9,3.4
20,Female,8.15,85.4,5.8,3.3,4.3,1.81,No,Hybrid,Average,Good,No,3,High,1.0,A,1.0,2,Neutral,2.5,2.8,3.4,3.0,4.3,5.0,4.2
22,Female,3.27,80.8,6.9,8.7,6.7,1.24,No,Offline,Good,Excellent,No,0,Low,5.7,C,0.81,2,Negative,2.6,2.8,5.0,2.3,3.7,3.4,1.3
23,Male,7.74,57.3,8.4,1.3,5.9,1.92,Yes,Hybrid,Average,Good,No,3,Low,2.5,A,0.51,0,Positive,2.5,5.0,3.4,2.7,2.9,4.9,4.4
21,Male,4.75,68.8,8.0,7.4,5.5,1.72,No,Hybrid,Average,Excellent,No,3,High,3.5,B,0.8,2,Neutral,1.4,3.0,5.0,1.8,2.7,3.8,1.9
22,Female,0.8,75.7,6.0,5.9,2.4,1.79,No,Offline,Poor,Good,No,0,Low,5.7,D,0.29,2,Neutral,2.5,2.4,4.0,3.3,3.4,4.2,2.0
26,Female,5.16,70.2,7.5,1.6,3.0,1.74,Yes,Offline,Average,Average,No,2,Middle,2.7,A,0.31,0,Negative,3.0,3.3,2.6,4.8,3.5,5.0,4.3
19,Male,8.78,88.3,6.4,5.0,5.4,2.24,No,Online,Poor,Excellent,Yes,0,High,2.8,A,0.17,1,Positive,4.1,2.3,3.5,3.8,1.8,3.7,3.0
20,Male,6.46,98.0,7.2,2.7,3.5,1.58,No,Online,Poor,Average,No,2,High,2.1,A,0.76,1,Positive,2.2,3.1,5.0,3.7,3.5,4.3,3.5
23,Male,7.16,74.7,6.2,4.4,2.3,1.98,No,Offline,Average,Good,No,5,Middle,1.3,A,0.82,1,Positive,2.0,2.4,4.8,4.3,3.0,4.5,2.7
22,Female,5.82,70.0,6.4,3.8,3.8,1.96,Yes,Offline,Average,Average,Yes,1,High,1.0,A,0.47,0,Neutral,5.0,2.9,4.2,3.6,3.9,4.2,3.9
18,Male,1.65,82.0,6.3,6.7,1.9,1.49,No,Online,Good,Good,No,2,Middle,2.1,C,0.21,1,Negative,1.0,1.0,3.8,1.7,4.4,5.0,2.3
20,Female,0.3,97.8,6.6,6.7,5.1,1.13,Yes,Offline,Poor,Excellent,No,0,Low,10.0,D,0.7,2,Neutral,2.2,2.2,3.1,2.7,1.6,4.1,1.9
21,Male,2.89,78.5,5.9,6.9,6.5,1.6,Yes,Online,Poor,Poor,No,0,Middle,7.4,Fail,0.7,1,Neutral,1.9,2.4,2.4,2.9,3.6,3.9,2.5
20,Female,4.25,72.2,8.1,3.0,2.9,1.9,No,Hybrid,Average,Excellent,No,2,Middle,6.6,A,0.69,1,Neutral,1.3,4.3,5.0,4.4,3.2,3.9,2.7
18,Female,3.0,84.9,6.8,4.8,1.5,1.64,No,Offline,Average,Poor,No,2,Middle,4.4,B,0.37,1,Neutral,2.9,3.5,3.0,3.7,4.0,3.6,3.8
26,Female,3.4,67.1,7.8,1.9,4.9,1.69,No,Hybrid,Average,Average,No,3,High,3.3,A,0.55,2,Negative,4.1,3.2,3.0,1.8,3.2,5.0,3.9
23,Male,6.58,69.5,7.1,5.4,4.5,1.3,No,Online,Good,Average,Yes,1,Low,4.5,A,0.87,0,Positive,4.0,1.7,5.0,2.6,2.8,5.0,3.6
21,Male,7.94,83.3,6.9,2.8,3.8,2.07,Yes,Offline,Poor,Good,Yes,1,Middle,4.6,A,0.38,2,Positive,3.6,3.0,3.8,5.0,2.9,5.0,2.7
23,Male,1.62,68.6,5.3,4.1,3.2,1.95,Yes,Hybrid,Average,Poor,Yes,0,Middle,4.0,C,0.88,0,Neutral,4.2,2.6,2.3,2.4,1.6,4.5,3.5
25,Female,2.88,79.3,5.5,1.0,4.2,1.65,No,Hybrid,Good,Good,No,1,Middle,4.4,B,0.57,1,Neutral,2.8,2.8,2.7,3.3,2.7,3.9,5.0
18,Female,4.81,78.1,6.6,3.9,4.0,2.01,Yes,Hybrid,Poor,Average,Yes,2,Middle,4.4,A,0.63,1,Neutral,3.0,3.5,4.0,3.2,3.6,3.2,3.6
19,Female,4.61,68.6,5.5,3.6,3.4,1.19,No,Hybrid,Average,Average,Yes,2,Middle,2.6,C,0.69,1,Negative,3.2,2.5,3.4,3.0,3.6,4.2,3.3
21,Male,0.29,85.9,7.7,2.9,6.1,1.76,Yes,Online,Average,Good,No,1,High,7.5,C,0.96,1,Positive,4.3,2.9,4.9,4.2,2.8,4.9,3.3
24,Female,10.9,100.0,6.4,5.6,3.7,1.64,Yes,Online,Average,Average,Yes,2,High,5.9,A,0.63,2,Neutral,2.6,1.5,3.9,4.1,4.5,4.2,3.7
17,Male,6.43,86.1,5.8,3.6,2.7,1.67,Yes,Hybrid,Good,Average,No,3,Middle,1.0,A,0.26,0,Neutral,4.2,3.0,3.0,2.8,2.9,3.6,2.2
28,Female,5.73,73.1,6.7,4.7,4.5,1.44,Yes,Offline,Average,Average,No,0,Middle,3.4,B,0.12,2,Positive,4.6,3.5,3.6,3.0,4.0,3.9,1.8
20,Male,1.15,76.0,7.3,5.2,3.0,2.19,Yes,Online,Poor,Good,No,1,Middle,5.6,C,0.77,2,Positive,3.3,2.2,2.8,3.2,1.7,4.6,2.5
20,Female,5.61,86.5,6.7,3.4,1.1,1.53,No,Hybrid,Average,Good,Yes,3,Middle,4.7,A,0.38,1,Positive,3.8,3.8,2.3,2.8,3.5,4.6,3.3
19,Male,2.66,77.2,9.3,4.7,4.2,1.49,Yes,Online,Average,Poor,No,2,Middle,7.5,B,0.71,0,Neutral,1.8,3.6,4.6,3.3,3.1,5.0,3.0
18,Male,6.04,75.0,8.3,3.7,4.5,1.69,Yes,Online,Average,Average,Yes,0,Middle,3.7,B,0.23,2,Positive,3.6,2.7,3.5,3.0,2.7,5.0,3.8
24,Female,5.6,72.9,6.9,2.9,0.5,1.29,No,Online,Good,Good,No,0,Middle,7.2,A,0.32,2,Neutral,3.6,4.1,4.6,3.4,3.6,5.0,3.1
27,Male,5.1,81.1,6.2,3.8,5.0,1.86,Yes,Offline,Average,Average,No,2,Middle,3.8,A,0.63,0,Positive,3.3,3.8,2.8,4.4,3.2,3.9,3.2
20,Female,5.88,82.3,5.3,4.8,5.6,1.84,No,Offline,Good,Excellent,Yes,3,High,3.0,A,0.83,1,Neutral,3.9,3.3,4.5,3.9,3.4,5.0,2.9
27,Female,3.84,77.9,7.5,5.2,2.9,2.2,No,Offline,Average,Good,Yes,2,Middle,5.2,A,0.45,0,Negative,3.2,4.4,2.7,3.4,3.5,3.6,2.1
24,Female,5.36,86.3,8.2,7.5,3.1,1.68,Yes,Hybrid,Good,Good,Yes,2,Middle,4.3,A,0.82,0,Positive,2.7,3.2,4.1,2.0,2.4,5.0,3.1
21,Male,0.18,88.5,6.8,7.2,6.2,1.61,No,Offline,Average,Average,Yes,1,Middle,7.0,D,0.29,0,Positive,2.9,3.4,4.7,2.8,4.8,4.3,2.8
22,Female,6.48,94.8,6.1,4.0,1.2,2.1,Yes,Offline,Average,Good,No,2,Middle,7.0,A,0.22,1,Positive,2.9,2.9,4.0,2.7,4.5,4.2,2.9
20,Female,4.64,83.5,6.9,8.0,4.0,1.71,No,Offline,Good,Excellent,No,2,Low,3.8,A,0.59,1,Positive,3.0,1.6,3.0,2.5,2.9,5.0,2.2
21,Male,10.1,84.4,6.1,6.5,5.2,2.17,No,Hybrid,Average,Good,Yes,2,Middle,2.2,A,0.49,2,Positive,2.6,2.0,3.8,3.9,3.5,3.4,2.3
17,Female,5.22,85.3,6.9,3.7,4.6,1.64,Yes,Offline,Good,Good,No,1,Middle,2.3,A,0.44,1,Positive,2.6,2.9,3.4,4.4,2.2,3.3,3.5
23,Male,0.3,76.8,7.6,3.3,3.5,1.83,Yes,Online,Average,Good,No,0,High,8.5,C,0.64,2,Positive,3.6,3.7,3.4,2.9,1.7,4.0,3.3
17,Male,8.09,89.0,6.7,7.2,3.6,2.08,No,Hybrid,Average,Good,No,2,High,5.3,A,0.46,1,Positive,3.0,2.3,3.4,3.6,3.6,4.2,2.1
24,Male,3.54,62.3,7.5,4.3,5.7,1.22,Yes,Hybrid,Poor,Average,Yes,2,Middle,3.6,C,0.36,1,Positive,1.8,3.6,2.8,2.4,4.5,4.2,2.6
24,Male,2.74,86.4,8.1,7.2,2.9,2.06,No,Online,Poor,Good,No,1,Low,2.8,B,0.74,0,Negative,3.6,1.0,4.6,3.3,2.7,3.7,2.5
19,Male,4.92,75.1,5.7,10.0,2.4,1.7,Yes,Offline,Average,Average,No,1,Low,6.2,C,0.66,2,Neutral,2.1,1.3,3.4,2.5,3.3,3.6,2.6
19,Female,7.59,82.7,5.8,3.1,3.7,2.19,Yes,Offline,Average,Good,No,3,Low,4.7,A,0.6,0,Neutral,4.9,2.6,3.3,2.5,2.1,4.3,3.6
21,Female,8.92,94.1,7.1,5.7,4.4,1.36,Yes,Offline,Good,Excellent,Yes,1,Low,3.0,A,0.89,2,Neutral,2.0,2.0,3.4,5.0,1.5,5.0,2.3
22,Male,4.23,92.5,3.7,7.4,5.2,1.99,Yes,Hybrid,Average,Excellent,Yes,3,Low,2.4,B,0.35,2,Positive,4.9,2.9,5.0,2.0,2.5,3.7,3.3
19,Female,5.44,99.3,8.1,4.4,5.0,1.69,No,Online,Average,Good,No,4,Middle,2.1,A,0.75,0,Neutral,3.5,2.7,2.7,2.1,2.9,2.9,2.6
22,Female,5.46,52.7,6.5,2.3,4.9,2.33,No,Hybrid,Average,Average,No,2,Middle,6.1,A,0.8,0,Negative,2.6,2.6,3.5,3.3,4.0,3.6,3.7
19,Female,3.7,89.5,7.1,7.5,2.7,2.39,Yes,Online,Poor,Poor,No,0,Middle,6.1,B,0.62,0,Neutral,2.2,2.9,3.8,3.5,1.8,3.1,2.0
17,Female,3.99,78.4,7.8,7.1,2.8,1.96,Yes,Online,Poor,Good,Yes,3,Middle,5.7,A,0.87,1,Positive,3.6,3.8,4.0,4.5,2.0,4.4,2.6
17,Female,4.72,93.3,4.8,7.3,6.1,1.98,No,Offline,Average,Excellent,No,2,High,7.1,C,0.45,2,Neutral,2.6,3.0,4.6,2.9,2.0,5.0,1.2
18,Male,4.88,74.1,8.3,3.1,5.8,1.7,No,Online,Good,Good,Yes,2,High,3.6,B,0.61,2,Neutral,2.3,2.6,5.0,3.9,4.3,4.4,4.4
24,Male,7.14,85.8,7.6,3.2,2.0,1.77,Yes,Online,Good,Average,Yes,4,Middle,3.2,A,0.77,0,Positive,2.4,3.2,2.4,3.4,4.6,4.7,2.9
27,Male,1.12,73.7,4.1,4.8,2.8,1.79,No,Online,Average,Excellent,No,1,Low,6.4,D,0.24,2,Positive,3.0,2.2,2.1,3.6,4.9,2.5,1.6
20,Female,5.96,76.5,5.7,3.9,4.5,1.82,No,Online,Average,Excellent,Yes,2,Low,4.4,A,0.52,1,Positive,3.1,3.6,3.4,3.0,4.3,5.0,2.7
21,Male,5.76,66.4,9.5,5.8,3.7,2.06,No,Hybrid,Average,Good,Yes,2,Low,5.9,A,0.37,1,Positive,4.2,2.8,3.6,3.8,3.3,5.0,2.5
18,Female,7.77,81.4,7.8,7.4,5.0,1.81,No,Offline,Average,Good,No,2,Middle,7.0,A,0.73,1,Positive,2.8,3.5,2.9,5.0,3.0,3.4,2.8
21,Male,4.23,74.9,8.3,5.3,5.7,1.92,Yes,Hybrid,Average,Good,No,2,Middle,5.8,B,0.3,0,Neutral,3.6,2.8,3.7,3.8,3.7,5.0,2.2
18,Female,4.25,75.6,6.9,5.1,5.2,1.57,Yes,Hybrid,Good,Good,Yes,1,Middle,5.2,A,0.87,1,Positive,2.6,2.9,3.5,3.2,2.8,4.2,2.8
22,Male,5.21,98.3,8.3,7.8,3.3,2.39,Yes,Offline,Average,Excellent,No,1,Low,6.4,A,0.83,1,Positive,2.1,1.2,4.2,2.3,4.5,3.8,2.6
26,Male,3.86,72.0,5.0,4.2,1.6,1.89,No,Hybrid,Poor,Average,Yes,0,High,4.5,B,0.28,1,Neutral,2.3,1.4,3.7,2.8,3.6,4.4,3.5
18,Male,3.8,91.7,6.0,1.0,5.1,2.11,No,Offline,Average,Good,Yes,3,Low,5.2,A,0.35,0,Positive,1.0,3.6,3.5,2.1,2.7,4.0,3.6
23,Male,3.65,77.8,9.1,4.2,3.2,2.32,No,Hybrid,Average,Good,No,1,Low,5.1,A,0.33,1,Positive,3.0,1.6,3.7,3.3,2.4,5.0,2.3
17,Male,3.66,77.9,8.2,7.8,4.4,1.83,No,Hybrid,Average,Excellent,Yes,2,Middle,5.4,B,0.7,2,Positive,2.6,1.7,4.5,2.7,3.2,5.0,2.2
20,Female,2.93,82.5,6.7,7.0,5.6,2.08,No,Online,Average,Excellent,No,4,Low,4.0,A,0.76,2,Negative,2.8,2.8,2.4,1.5,2.9,5.0,1.0
18,Male,3.77,76.2,7.7,6.3,4.2,1.4,Yes,Offline,Good,Excellent,Yes,2,Middle,3.4,C,0.53,1,Negative,2.4,2.3,3.9,3.0,3.7,4.9,2.5
20,Male,3.42,100.0,6.2,3.6,5.2,2.01,No,Offline,Good,Good,No,0,High,4.5,A,1.0,1,Positive,3.0,2.1,5.0,2.9,3.3,4.2,1.8
18,Female,3.51,71.4,5.4,4.8,1.8,1.85,Yes,Online,Average,Excellent,No,0,High,6.0,C,0.58,2,Negative,4.4,2.3,4.5,1.9,3.1,2.9,1.8
20,Male,2.29,77.1,8.0,3.9,3.8,1.83,No,Offline,Poor,Good,No,1,Low,3.6,B,0.54,0,Neutral,3.7,4.1,2.8,2.4,5.0,2.6,3.2
20,Female,6.89,81.4,6.6,4.0,3.3,1.28,Yes,Offline,Average,Good,Yes,1,Middle,3.6,A,0.5,1,Neutral,2.1,3.0,3.7,2.7,3.8,5.0,4.0
19,Non-Binary,5.6,91.6,7.2,5.8,6.7,2.1,Yes,Hybrid,Average,Average,No,1,Middle,2.3,A,0.89,1,Neutral,4.5,3.0,4.1,2.9,3.6,4.3,3.2
22,Male,4.87,87.5,7.7,3.1,1.2,1.68,Yes,Offline,Poor,Excellent,No,1,High,3.6,B,0.51,2,Positive,5.0,3.1,3.9,3.5,2.4,3.7,3.0
26,Male,2.8,86.1,7.5,7.5,2.8,2.0,No,Offline,Average,Excellent,Yes,2,High,4.1,B,0.84,1,Positive,3.0,3.6,4.2,1.7,1.2,4.7,1.8
20,Male,6.26,77.3,8.4,4.1,4.6,1.98,Yes,Hybrid,Good,Average,No,3,Low,1.4,A,0.55,2,Positive,2.9,3.2,3.3,2.2,5.0,4.5,3.2
18,Female,4.49,82.1,6.4,6.7,1.8,1.76,No,Offline,Average,Poor,Yes,2,High,2.9,A,0.4,0,Negative,3.8,3.0,4.4,3.3,2.8,4.7,2.9
19,Female,4.76,93.0,6.4,7.9,3.8,1.67,No,Hybrid,Average,Excellent,No,2,Low,4.7,A,0.51,2,Positive,3.7,1.0,2.0,1.8,1.7,4.3,1.9
25,Female,5.16,94.9,7.9,1.3,1.7,1.83,No,Online,Average,Good,No,3,Middle,5.6,A,0.38,0,Positive,2.6,3.2,3.1,4.2,2.9,3.4,3.9
21,Female,4.74,71.5,8.4,3.5,6.8,1.34,No,Offline,Poor,Excellent,Yes,1,Middle,8.3,B,0.74,1,Neutral,2.5,2.8,3.3,3.2,3.5,3.6,3.0
20,Male,6.95,57.9,5.6,4.1,3.9,2.19,No,Hybrid,Average,Average,No,3,Middle,3.0,A,0.82,1,Neutral,2.6,2.0,4.8,4.0,3.5,4.7,1.6
18,Female,3.38,91.3,5.2,1.0,3.6,2.23,No,Offline,Average,Poor,Yes,2,High,6.0,A,0.86,0,Neutral,4.3,2.2,4.2,3.2,1.6,3.5,3.1
20,Female,3.65,82.6,6.2,5.8,3.3,2.04,Yes,Online,Average,Good,No,0,Middle,6.0,C,0.8,1,Neutral,2.7,2.4,3.6,3.8,1.0,3.6,3.7
19,Female,5.27,84.6,7.2,5.3,3.2,2.16,Yes,Hybrid,Poor,Poor,Yes,0,High,4.1,B,0.44,1,Positive,3.0,4.9,3.6,5.0,4.3,5.0,4.7
26,Female,4.57,70.5,7.3,7.0,0.6,1.67,No,Hybrid,Good,Average,No,4,High,4.2,A,0.61,2,Positive,4.0,1.6,3.7,3.1,4.6,4.8,2.7
25,Female,6.07,84.7,5.7,4.1,2.2,1.32,No,Hybrid,Good,Average,Yes,2,High,5.2,A,0.33,1,Positive,4.3,3.1,4.9,1.9,4.4,5.0,2.2
18,Male,6.82,85.8,7.3,6.0,6.2,1.52,Yes,Offline,Good,Average,Yes,3,Middle,2.9,A,0.94,0,Neutral,2.1,2.5,4.1,4.0,2.9,5.0,3.1
21,Male,7.74,95.4,8.9,2.9,6.7,1.65,No,Hybrid,Good,Average,No,0,Middle,3.5,A,0.43,0,Neutral,1.8,3.5,4.4,3.4,2.0,5.0,4.7
19,Female,6.9,100.0,4.3,5.7,5.1,1.81,No,Hybrid,Average,Excellent,Yes,2,Middle,2.8,A,0.8,2,Positive,3.3,4.2,3.8,1.1,3.8,3.3,4.2
20,Male,4.42,83.4,7.3,1.4,4.6,1.6,No,Hybrid,Good,Average,No,2,High,3.4,A,0.22,2,Positive,3.1,1.6,4.9,3.3,3.1,5.0,2.5
25,Female,4.65,83.3,7.2,5.5,5.4,1.89,Yes,Online,Average,Good,No,1,Low,7.6,C,0.48,0,Neutral,3.8,1.9,4.4,4.0,3.5,5.0,1.5
21,Male,4.24,81.4,6.5,4.4,2.0,1.07,No,Offline,Poor,Excellent,Yes,4,Middle,4.2,C,0.19,2,Negative,1.6,4.1,3.3,3.9,3.1,3.6,3.2
20,Female,7.29,83.2,7.6,6.7,4.9,2.24,Yes,Hybrid,Average,Good,No,1,High,3.1,A,0.92,1,Positive,2.7,2.8,5.0,2.9,2.1,5.0,3.3
19,Female,4.53,57.8,8.0,10.0,6.0,2.29,Yes,Online,Average,Good,Yes,2,High,5.8,C,0.51,2,Negative,3.2,1.6,4.2,3.7,3.5,5.0,1.6
24,Male,3.28,76.6,5.5,5.5,2.8,1.41,Yes,Hybrid,Average,Good,Yes,1,High,6.7,D,0.74,2,Positive,2.0,2.4,4.3,2.1,3.1,3.5,2.1
22,Female,2.9,76.6,7.1,5.9,5.2,1.53,No,Hybrid,Poor,Excellent,Yes,0,Low,6.5,D,0.57,2,Neutral,3.5,1.3,3.2,4.2,2.3,2.7,1.9
21,Female,6.49,98.2,7.8,5.7,4.0,1.7,Yes,Hybrid,Average,Excellent,No,3,Middle,6.4,A,0.24,1,Neutral,4.2,2.9,3.4,2.8,2.8,4.4,2.7
19,Female,3.24,89.3,6.8,5.8,6.2,2.24,Yes,Offline,Good,Good,Yes,1,Middle,4.1,B,0.41,2,Neutral,2.0,2.7,3.6,2.4,3.4,3.6,3.0
20,Male,0.6,74.1,7.5,3.2,7.5,1.86,Yes,Offline,Average,Excellent,No,1,Middle,6.5,D,0.53,2,Positive,3.8,3.0,3.1,1.1,2.5,2.2,2.7
27,Male,6.41,75.4,7.7,3.6,2.3,2.39,No,Hybrid,Average,Good,No,4,Middle,1.0,A,0.13,2,Positive,2.9,2.5,3.6,3.2,4.5,3.9,3.5
21,Male,5.66,73.4,8.5,1.0,3.4,2.27,No,Offline,Good,Average,Yes,2,Low,3.2,A,0.6,1,Positive,2.4,3.5,2.5,4.2,1.7,5.0,3.9
20,Male,6.53,67.6,7.8,3.8,3.4,2.08,Yes,Offline,Poor,Excellent,No,2,High,1.9,A,0.2,2,Neutral,2.5,2.2,3.8,3.4,1.0,5.0,3.3
21,Female,6.97,86.4,7.8,7.9,2.9,1.59,No,Online,Good,Good,No,3,High,2.7,A,0.77,2,Neutral,3.9,1.8,3.6,1.7,3.4,3.9,2.2
24,Non-Binary,6.02,89.7,8.6,3.8,2.9,1.27,No,Offline,Average,Excellent,Yes,3,Low,1.0,A,0.59,1,Positive,2.6,3.2,4.7,3.6,1.9,4.5,3.9
20,Female,5.78,76.8,7.2,2.3,5.0,1.62,No,Hybrid,Average,Poor,Yes,2,Low,2.0,A,0.78,0,Positive,2.6,2.8,4.4,3.6,3.5,4.9,3.0
18,Female,5.11,60.5,9.1,6.1,1.9,1.81,No,Hybrid,Average,Average,Yes,1,Low,4.2,A,0.08,2,Neutral,4.0,2.6,3.2,3.0,3.9,3.4,2.5
22,Female,3.43,80.4,5.5,7.4,4.4,1.56,Yes,Hybrid,Poor,Excellent,No,1,Middle,5.9,C,0.93,1,Positive,3.8,2.1,4.8,3.1,2.4,3.7,1.0
22,Male,0.77,89.1,7.4,4.8,4.3,2.39,Yes,Hybrid,Good,Average,No,2,High,3.6,A,0.14,0,Positive,2.5,3.2,4.1,2.4,4.1,4.5,2.7
23,Female,1.08,77.5,7.4,5.2,4.3,1.47,No,Offline,Average,Excellent,Yes,0,Low,5.4,C,0.63,2,Neutral,4.9,2.3,4.2,2.5,1.8,3.0,2.7
25,Male,5.75,68.1,7.4,7.5,3.2,1.49,No,Online,Good,Excellent,Yes,3,Middle,2.8,A,0.17,1,Negative,3.9,2.6,1.9,4.0,3.6,4.2,3.1
20,Female,6.61,78.1,6.3,1.6,5.5,1.68,No,Online,Poor,Excellent,No,3,Low,3.5,A,0.39,1,Neutral,4.5,3.9,2.8,3.3,1.0,2.8,3.8
17,Male,5.07,100.0,7.5,8.5,7.1,1.56,Yes,Hybrid,Average,Good,Yes,1,High,4.8,B,0.22,0,Positive,4.8,2.2,3.1,3.3,2.8,4.7,3.4
27,Male,3.48,83.5,5.9,3.8,3.4,1.64,No,Hybrid,Average,Good,No,1,High,5.3,B,0.39,0,Positive,2.4,2.8,3.2,3.1,2.9,4.1,3.4
20,Female,6.28,87.0,6.5,5.3,4.7,1.6,No,Online,Good,Excellent,Yes,1,High,3.6,A,0.68,2,Positive,2.3,2.4,5.0,2.8,3.3,4.6,3.3
22,Female,4.96,72.8,5.9,1.0,6.0,1.77,No,Online,Average,Good,No,1,Low,2.8,A,0.62,2,Neutral,1.2,3.2,3.5,4.8,3.2,4.1,3.2
22,Female,5.03,82.5,8.0,6.5,4.0,2.11,Yes,Online,Average,Good,No,1,Middle,5.6,B,0.42,0,Positive,4.5,3.7,4.5,2.3,5.0,4.1,2.6
21,Female,4.29,70.2,7.1,6.4,4.9,1.99,Yes,Online,Poor,Excellent,Yes,1,Low,5.8,B,0.78,2,Neutral,1.4,3.4,3.6,3.3,4.5,4.2,1.6
19,Male,2.67,85.4,5.8,6.4,3.7,1.68,Yes,Hybrid,Poor,Good,Yes,0,Middle,5.1,B,0.22,2,Negative,3.3,3.0,2.7,1.6,1.8,4.1,3.2
23,Female,3.0,63.1,5.1,5.2,5.7,1.78,Yes,Offline,Good,Excellent,No,0,Low,7.3,C,0.17,1,Neutral,1.9,2.3,3.1,1.8,3.4,3.8,2.8
24,Male,5.78,64.2,6.7,7.7,6.6,1.6,No,Hybrid,Good,Poor,Yes,2,High,3.8,A,0.24,0,Positive,2.9,3.4,3.3,3.6,2.3,5.0,2.8
21,Female,8.26,100.0,7.1,5.1,4.6,1.93,No,Online,Average,Average,Yes,3,Middle,3.6,A,0.52,0,Positive,3.0,4.2,4.9,1.9,4.4,3.2,3.4
21,Female,8.54,76.4,9.3,6.8,3.8,1.95,Yes,Offline,Poor,Good,No,2,Middle,3.9,A,0.15,2,Neutral,4.8,1.1,1.8,2.3,3.5,4.7,3.4
18,Male,4.65,89.3,8.2,4.3,3.9,1.79,Yes,Online,Good,Average,Yes,1,High,3.7,A,0.58,2,Positive,3.6,2.8,4.8,4.3,2.8,5.0,3.1
18,Female,5.92,74.9,5.2,5.5,3.0,1.8,No,Online,Average,Good,Yes,2,Middle,2.5,A,0.69,1,Positive,5.0,2.8,4.0,5.0,4.6,4.1,2.2
20,Female,4.84,89.6,8.4,8.2,5.6,2.18,Yes,Offline,Good,Average,No,1,Middle,1.5,A,0.46,1,Positive,3.2,1.9,3.5,3.6,4.1,3.7,3.1
19,Male,5.32,69.4,7.8,3.3,3.0,1.49,Yes,Online,Poor,Excellent,No,2,Middle,5.2,B,0.18,1,Positive,3.3,1.8,3.2,2.5,2.7,3.9,4.0
27,Female,5.85,68.7,9.6,5.1,4.7,2.14,No,Online,Poor,Average,Yes,2,High,5.5,A,0.77,1,Neutral,1.9,2.1,4.7,3.6,2.8,4.4,1.9
24,Female,6.83,92.3,8.5,2.6,3.6,2.36,No,Offline,Good,Good,No,0,Middle,2.7,A,0.63,2,Positive,2.3,4.2,3.7,2.6,3.8,3.3,3.1
22,Female,2.74,86.5,8.6,5.1,5.2,1.3,No,Offline,Average,Average,No,5,Middle,6.2,B,0.48,1,Positive,1.6,2.0,4.5,2.5,2.9,5.0,3.3
21,Male,8.56,58.2,6.4,4.5,3.0,1.3,Yes,Hybrid,Good,Good,No,2,High,1.1,A,0.42,1,Positive,3.0,2.3,2.3,3.2,1.9,5.0,4.3
18,Male,4.77,71.5,5.9,5.0,4.8,1.56,No,Online,Good,Poor,Yes,1,Middle,4.1,B,0.67,0,Positive,2.2,2.9,3.4,4.2,2.6,5.0,3.2
28,Female,3.07,80.9,7.6,4.8,3.9,1.65,Yes,Offline,Good,Average,Yes,0,High,7.3,B,0.98,2,Negative,2.6,2.8,3.8,2.7,3.4,3.7,2.6
20,Male,9.65,96.7,7.7,6.3,5.3,2.08,No,Offline,Poor,Good,No,1,Low,4.2,A,0.38,2,Neutral,1.7,2.1,1.9,1.8,3.3,4.6,2.4
18,Non-Binary,3.25,82.1,8.3,4.6,5.3,1.62,No,Offline,Poor,Average,No,1,Middle,4.6,B,0.32,2,Negative,2.2,3.4,3.7,3.3,1.4,5.0,3.6
21,Male,4.95,80.9,4.6,6.7,3.1,1.65,No,Hybrid,Poor,Average,No,2,Low,4.9,B,0.24,2,Positive,3.0,3.1,4.4,2.5,2.7,3.2,2.5
25,Female,3.56,67.2,6.4,4.8,4.0,1.66,Yes,Online,Poor,Good,Yes,1,Middle,8.1,C,0.56,1,Positive,1.0,2.1,4.1,2.5,2.2,4.6,2.0
25,Female,7.39,93.6,5.3,3.5,3.3,1.9,No,Hybrid,Poor,Poor,No,2,Low,1.9,A,0.66,0,Neutral,4.8,1.9,3.3,4.8,4.5,3.2,2.9
17,Male,1.18,89.8,8.2,7.0,4.4,2.19,Yes,Online,Poor,Good,No,0,Low,8.6,D,0.2,1,Neutral,4.4,2.8,3.8,2.2,3.1,4.9,1.9
25,Male,5.7,61.1,7.7,5.6,5.0,1.54,Yes,Offline,Average,Poor,Yes,0,Low,4.7,C,0.53,1,Negative,5.0,2.6,3.9,2.0,3.5,3.7,3.3
19,Female,1.85,83.4,8.2,4.9,4.2,1.54,Yes,Hybrid,Average,Average,Yes,0,Middle,7.2,C,0.55,0,Neutral,2.0,3.1,2.9,2.2,2.2,4.6,2.5
17,Female,8.14,51.7,7.1,1.0,4.4,1.59,No,Online,Average,Good,No,1,Low,3.3,A,0.47,0,Neutral,2.5,3.3,2.8,3.8,3.7,5.0,4.2
24,Male,9.23,79.6,4.6,4.1,1.8,1.88,No,Offline,Poor,Poor,No,1,High,6.2,A,0.64,1,Neutral,5.0,2.5,5.0,3.8,2.3,4.0,3.5
25,Female,6.75,71.4,7.2,5.2,4.9,1.74,No,Hybrid,Poor,Excellent,Yes,3,Low,3.9,A,0.43,2,Positive,4.8,2.6,4.5,2.7,2.9,4.1,3.0
22,Male,3.47,82.5,7.5,5.6,2.9,1.66,Yes,Online,Poor,Excellent,No,0,Middle,4.1,C,0.26,1,Positive,2.5,3.7,3.8,2.8,1.9,4.3,4.4
21,Male,7.36,64.7,6.4,1.0,4.1,2.39,Yes,Offline,Poor,Average,No,3,Low,4.4,A,0.21,2,Positive,1.8,2.8,3.8,4.4,3.3,4.3,3.4
24,Female,9.42,84.8,7.5,1.8,3.4,2.1,No,Hybrid,Average,Excellent,No,1,Low,6.0,A,0.31,2,Positive,4.9,3.1,4.2,4.8,1.0,3.8,1.8
24,Male,5.54,67.2,6.8,8.0,4.4,1.9,No,Hybrid,Average,Average,No,2,High,6.0,A,0.81,2,Neutral,2.3,1.2,5.0,2.9,5.0,2.8,2.8
25,Female,4.28,76.6,7.7,4.2,5.4,1.73,Yes,Offline,Average,Poor,No,2,High,4.8,B,0.33,1,Neutral,3.6,1.7,4.6,3.2,3.9,3.4,2.3
21,Male,7.97,71.2,6.0,6.6,5.9,1.9,No,Hybrid,Poor,Poor,Yes,2,High,4.9,A,0.61,0,Positive,3.6,1.5,3.5,3.7,2.7,3.8,2.0
27,Male,2.37,69.6,5.3,5.1,3.1,1.54,Yes,Online,Poor,Good,Yes,2,Middle,5.1,C,0.57,0,Neutral,2.7,1.3,4.0,3.8,4.3,5.0,1.4
29,Male,4.45,91.6,8.1,3.5,6.2,1.79,Yes,Offline,Average,Good,No,4,Low,4.9,A,0.96,1,Positive,1.7,2.0,4.8,1.8,3.7,3.2,2.5
18,Female,4.92,80.5,10.0,2.4,4.1,2.08,Yes,Hybrid,Average,Average,Yes,3,Low,3.9,A,0.77,1,Neutral,4.1,3.5,3.9,3.0,2.3,3.8,3.4
24,Female,5.28,92.8,5.4,4.8,4.1,2.39,No,Hybrid,Good,Excellent,No,2,Middle,1.0,A,0.67,1,Neutral,1.7,3.3,3.8,3.4,2.6,5.0,2.9
21,Female,7.24,78.5,5.9,6.6,3.9,1.8,No,Hybrid,Average,Good,No,3,High,2.4,A,0.5,1,Positive,1.5,1.5,3.6,3.1,1.6,4.2,2.9
20,Male,4.73,83.5,7.4,5.2,2.9,2.39,No,Online,Average,Average,Yes,3,High,4.2,A,0.55,2,Neutral,3.0,1.7,2.8,2.4,2.8,3.7,2.7
22,Male,2.81,94.0,6.5,1.5,7.0,1.58,No,Hybrid,Average,Good,No,2,Middle,5.1,B,0.59,2,Positive,1.6,3.2,3.2,1.6,2.5,4.2,4.7
17,Female,2.22,78.3,8.3,3.3,4.8,1.8,Yes,Offline,Poor,Excellent,No,1,Middle,4.7,B,0.31,1,Neutral,3.4,4.8,2.4,3.6,2.6,3.8,3.2
21,Male,4.73,75.2,6.9,4.4,4.6,1.36,Yes,Offline,Good,Poor,Yes,0,Low,4.7,B,0.46,0,Positive,4.5,2.3,3.6,3.7,2.2,4.3,2.7
25,Female,5.96,70.5,7.9,5.3,2.9,1.69,Yes,Hybrid,Good,Average,No,1,High,5.2,A,0.84,2,Positive,4.0,2.5,3.9,2.2,3.2,5.0,3.8
19,Male,6.95,74.2,6.0,7.0,3.6,1.83,No,Offline,Good,Good,No,5,Middle,3.9,A,0.16,1,Positive,4.7,3.5,3.3,4.6,2.4,4.3,1.3
20,Female,6.26,88.7,6.3,9.3,5.0,2.13,Yes,Offline,Average,Good,Yes,2,Middle,1.1,B,0.31,0,Positive,3.8,3.0,3.7,2.8,2.0,4.7,2.9
26,Male,2.26,83.6,7.3,1.7,2.6,1.76,No,Hybrid,Average,Good,No,2,High,7.0,A,0.93,0,Neutral,2.7,3.8,4.8,2.6,3.4,3.8,3.4
20,Female,6.16,79.0,6.4,7.1,4.6,1.61,Yes,Hybrid,Average,Average,Yes,2,High,2.4,B,0.74,1,Positive,1.7,3.2,3.8,1.9,3.2,4.7,2.8
20,Male,3.7,82.9,4.7,6.2,3.7,1.96,Yes,Hybrid,Poor,Good,Yes,0,Low,6.5,B,0.64,0,Negative,1.8,3.6,3.2,2.1,1.5,3.5,1.6
20,Male,7.63,87.9,8.1,7.2,3.2,1.62,No,Offline,Good,Good,Yes,3,Low,1.6,A,0.61,2,Neutral,3.7,2.0,3.6,3.0,3.0,5.0,3.7
21,Male,4.42,87.8,9.3,4.9,4.8,1.65,No,Offline,Average,Good,No,2,High,6.8,B,0.3,2,Positive,3.7,3.2,3.8,3.0,3.6,5.0,2.0
22,Male,4.46,70.3,6.1,1.0,3.6,2.24,No,Offline,Average,Average,Yes,3,Middle,3.3,A,0.68,1,Positive,2.3,3.0,4.6,3.8,1.9,4.8,3.0
24,Male,3.91,70.7,5.2,3.8,7.2,1.93,Yes,Offline,Poor,Good,Yes,1,Middle,5.7,B,0.35,1,Neutral,2.8,2.3,3.6,3.3,2.8,3.8,1.9
20,Female,6.99,97.2,9.1,8.3,3.7,1.58,Yes,Offline,Good,Average,No,1,Low,1.0,A,0.61,0,Positive,3.7,2.7,2.6,3.4,1.6,4.6,2.4
24,Female,4.81,79.9,7.0,5.4,4.6,1.76,No,Offline,Average,Good,Yes,1,High,5.7,B,0.45,0,Neutral,2.6,2.5,3.5,2.6,5.0,3.7,3.3
21,Female,10.53,87.0,8.3,2.0,3.4,1.83,Yes,Hybrid,Average,Excellent,Yes,1,High,4.7,A,0.98,2,Positive,4.8,3.1,3.9,4.8,4.2,4.0,4.6
20,Female,7.36,74.5,7.2,7.1,5.2,1.87,No,Online,Average,Good,Yes,1,High,5.9,B,0.25,0,Neutral,3.3,3.4,3.4,2.5,2.1,4.9,2.6
22,Female,2.69,67.4,8.6,6.1,4.0,1.8,No,Offline,Average,Poor,Yes,0,Middle,7.1,C,0.31,0,Neutral,3.7,2.9,4.0,2.7,3.6,4.4,1.6
23,Male,4.96,71.7,6.1,2.6,4.3,1.96,No,Offline,Good,Good,No,1,Middle,3.6,A,0.77,1,Positive,2.9,3.0,4.6,3.1,2.7,5.0,2.3
21,Male,7.12,90.1,9.5,4.0,5.0,2.05,No,Offline,Poor,Excellent,Yes,2,Low,3.6,A,0.45,2,Positive,3.4,2.8,3.5,4.0,3.0,4.5,3.9
17,Male,6.62,75.2,5.9,4.0,7.7,1.65,No,Offline,Poor,Good,Yes,2,High,3.0,A,0.61,0,Neutral,1.5,1.8,2.9,3.0,4.1,3.5,2.3
18,Female,6.26,90.3,8.0,4.5,5.8,1.77,Yes,Online,Average,Good,No,3,Low,2.8,A,0.67,1,Positive,3.0,3.4,3.0,2.5,4.0,4.4,2.2
19,Male,5.53,84.9,8.1,3.3,4.1,2.39,No,Online,Poor,Average,No,2,Low,5.9,A,0.49,2,Positive,2.2,2.9,3.0,3.3,2.5,4.2,2.3
19,Male,1.95,67.1,5.6,1.8,3.3,1.83,No,Hybrid,Average,Good,No,4,Low,4.0,B,0.32,1,Neutral,5.0,3.0,3.7,2.7,2.1,4.0,3.5
22,Female,2.04,71.3,7.9,5.6,2.1,2.08,No,Online,Average,Good,No,2,High,1.8,B,0.45,0,Negative,3.2,3.9,2.6,2.5,4.0,3.5,1.9
17,Male,6.66,81.9,6.5,7.2,4.1,1.84,No,Hybrid,Average,Excellent,No,1,High,2.8,A,0.32,2,Positive,2.8,3.1,2.8,2.4,2.4,4.1,2.7
23,Female,3.78,95.5,7.6,4.5,0.5,2.01,Yes,Online,Poor,Good,No,2,High,5.0,A,0.8,0,Neutral,3.4,3.0,4.8,2.2,4.8,4.2,4.4
19,Female,5.08,87.4,7.8,6.5,7.3,1.83,No,Offline,Good,Good,No,3,Middle,3.7,A,0.77,2,Positive,3.3,2.8,4.4,2.1,5.0,4.3,3.0
19,Male,6.32,57.4,4.7,1.7,5.7,1.33,No,Hybrid,Average,Good,No,1,High,6.3,C,0.38,0,Neutral,3.0,4.1,5.0,2.7,3.3,4.0,3.2
21,Male,1.26,85.2,8.1,1.3,4.8,1.34,No,Online,Poor,Average,No,1,Low,2.7,C,0.4,1,Neutral,3.7,3.1,5.0,4.2,2.4,4.4,2.7
19,Female,1.26,77.3,5.6,4.0,2.5,1.92,No,Offline,Average,Excellent,Yes,1,High,1.7,C,0.91,2,Neutral,3.6,3.5,3.7,2.4,1.0,4.6,4.0
25,Female,6.11,81.9,8.0,5.6,3.6,1.58,No,Online,Good,Good,No,2,Middle,3.8,A,0.59,1,Positive,3.1,1.8,2.7,3.5,2.5,4.8,4.5
18,Male,3.87,88.5,8.5,4.9,3.9,2.12,No,Hybrid,Average,Excellent,No,2,Middle,5.4,A,0.81,1,Positive,4.5,3.0,3.3,4.5,1.5,3.9,2.4
20,Female,4.34,69.6,6.1,8.3,5.1,1.62,Yes,Hybrid,Average,Good,No,2,Low,3.3,C,0.36,2,Positive,1.4,1.0,5.0,1.2,2.8,3.5,2.5
24,Female,7.31,90.4,4.9,6.2,4.5,1.4,Yes,Hybrid,Average,Poor,Yes,2,Low,5.0,A,0.6,0,Positive,2.6,2.7,3.0,3.0,3.7,4.8,2.8
22,Male,4.5,77.8,7.6,3.8,4.7,2.16,No,Online,Average,Good,Yes,1,Middle,5.7,A,0.71,1,Positive,2.6,3.9,5.0,4.4,3.0,4.9,2.5
19,Male,4.92,69.7,8.2,6.1,5.9,2.06,Yes,Online,Average,Poor,Yes,2,Low,4.2,A,0.88,0,Neutral,3.0,2.2,5.0,2.7,3.3,3.7,1.4
20,Female,5.61,85.4,6.2,5.6,1.7,1.75,Yes,Online,Average,Average,No,0,Middle,5.3,A,0.22,2,Positive,2.7,2.7,1.6,4.1,2.5,3.8,2.2
23,Male,1.57,70.4,6.6,6.0,4.3,2.01,No,Hybrid,Average,Average,Yes,1,Low,5.9,C,0.96,1,Positive,2.5,2.0,4.2,1.0,1.9,5.0,3.3
28,Female,8.5,70.7,7.3,8.1,4.4,2.39,Yes,Hybrid,Poor,Good,Yes,3,Low,3.9,A,0.86,0,Positive,4.2,2.5,4.0,3.0,4.2,3.4,2.1
25,Male,5.84,72.2,8.5,4.9,4.5,1.84,No,Hybrid,Average,Good,Yes,1,High,5.0,A,0.63,1,Positive,2.0,1.9,5.0,1.5,2.1,5.0,3.1
20,Female,3.93,85.1,5.9,6.0,5.5,1.68,No,Hybrid,Poor,Poor,Yes,1,High,8.3,C,0.73,0,Neutral,3.5,1.7,5.0,2.9,1.5,4.3,2.6
29,Female,7.3,90.2,6.5,7.9,3.2,1.53,No,Hybrid,Poor,Good,No,3,High,2.9,A,0.48,0,Positive,2.5,2.7,4.8,3.1,3.3,4.2,1.0
17,Female,3.16,74.9,6.5,5.7,3.3,1.85,Yes,Online,Average,Good,No,2,Middle,5.5,C,0.72,1,Neutral,3.4,1.9,4.2,1.7,2.0,5.0,1.2
17,Male,3.64,99.5,5.5,6.6,3.7,2.3,No,Offline,Good,Excellent,Yes,4,High,2.2,A,0.34,2,Positive,4.3,3.7,4.5,2.6,3.3,4.0,3.5
24,Male,2.56,78.3,6.3,6.0,5.7,1.87,No,Online,Good,Good,No,0,High,5.6,C,0.63,1,Neutral,1.0,3.8,1.9,3.1,3.4,5.0,1.2
18,Female,4.56,85.2,7.2,6.2,2.2,1.74,Yes,Hybrid,Poor,Good,Yes,2,Middle,4.9,B,0.6,2,Neutral,2.2,1.8,2.6,3.4,3.6,4.7,1.2
17,Male,3.53,83.0,7.4,2.7,2.4,1.87,Yes,Offline,Poor,Average,Yes,0,Middle,6.6,B,0.8,1,Neutral,2.2,4.9,3.5,3.8,2.6,4.4,3.7
19,Male,5.54,79.5,8.9,2.2,2.5,1.85,Yes,Hybrid,Good,Good,No,1,Low,6.1,A,0.41,1,Neutral,2.8,3.1,3.5,5.0,2.9,5.0,3.0
20,Female,3.68,68.1,7.9,1.0,4.3,1.49,Yes,Offline,Average,Good,No,3,Low,5.3,A,0.22,1,Neutral,3.9,3.4,1.9,4.4,2.3,5.0,4.1
23,Male,5.53,81.0,6.2,4.4,3.5,1.9,No,Offline,Average,Excellent,No,2,High,5.8,A,0.97,1,Positive,4.8,3.5,4.9,2.6,3.8,5.0,2.7
22,Male,5.89,73.7,6.8,3.8,6.5,1.66,No,Offline,Average,Poor,No,2,Middle,3.4,B,0.66,0,Positive,3.9,4.0,4.9,3.4,2.5,3.8,2.8
19,Male,5.8,71.7,6.6,4.2,5.6,2.39,No,Offline,Average,Good,No,2,Middle,1.9,A,0.5,2,Positive,2.9,4.0,1.8,3.6,1.4,3.8,3.3
21,Female,5.76,69.0,3.2,5.0,4.2,1.52,No,Hybrid,Good,Good,Yes,3,Low,5.3,B,0.54,1,Neutral,2.5,4.4,5.0,2.8,2.6,4.9,3.2
26,Female,5.18,82.3,7.9,6.2,3.4,1.56,No,Online,Good,Poor,Yes,2,Middle,4.3,A,0.85,0,Neutral,4.5,2.9,3.2,2.5,3.1,4.8,3.6
24,Male,3.36,75.1,7.8,4.2,3.5,1.77,No,Hybrid,Average,Good,Yes,2,Middle,7.8,B,0.5,0,Negative,1.5,3.2,4.3,3.5,2.5,4.7,2.1
19,Male,1.03,80.4,6.6,5.3,4.3,1.56,No,Online,Good,Excellent,No,0,Middle,2.9,C,0.5,2,Neutral,3.4,3.1,2.8,1.3,2.4,4.4,2.6
28,Male,5.71,73.6,9.0,2.3,5.6,1.82,Yes,Online,Average,Good,Yes,4,Middle,4.4,A,0.58,1,Positive,4.2,3.3,3.9,3.1,3.5,4.3,3.5
23,Female,2.2,66.4,6.4,3.1,7.2,1.25,No,Online,Average,Excellent,Yes,0,Middle,7.8,D,0.61,2,Neutral,2.7,1.9,2.1,3.9,3.6,4.7,2.2
17,Male,5.69,68.9,5.9,7.7,4.7,1.61,Yes,Hybrid,Average,Poor,No,0,Middle,4.2,C,0.6,1,Neutral,3.3,1.0,4.8,2.5,1.4,4.3,2.6
17,Female,4.9,92.2,5.9,6.0,0.5,1.67,No,Offline,Poor,Good,Yes,2,High,3.3,B,0.95,1,Positive,1.7,1.8,3.3,3.1,4.2,2.9,2.6
18,Male,4.91,85.6,7.6,3.1,3.0,1.19,Yes,Online,Poor,Good,Yes,2,High,3.9,B,0.79,0,Positive,3.5,3.7,4.7,3.9,2.4,3.7,3.2
23,Non-Binary,5.02,82.6,8.5,6.3,4.7,1.78,No,Online,Average,Good,Yes,1,Low,1.6,A,0.37,0,Neutral,3.1,2.4,4.1,3.6,3.1,5.0,4.0
18,Male,6.15,85.7,8.4,2.8,3.7,1.83,Yes,Offline,Average,Excellent,Yes,4,Middle,5.7,A,0.31,2,Positive,3.5,2.2,3.0,3.2,3.4,4.3,1.8
21,Female,3.06,67.9,5.3,4.2,3.2,1.73,Yes,Offline,Average,Average,No,3,Middle,9.0,B,0.35,2,Negative,2.6,3.8,2.9,3.0,3.8,4.0,2.5
18,Male,5.63,88.2,7.7,2.9,6.5,2.18,No,Hybrid,Average,Excellent,No,3,Middle,3.4,A,0.77,2,Positive,1.9,2.6,2.4,2.7,2.2,5.0,3.8
26,Male,7.16,63.5,4.5,3.7,5.1,1.95,No,Hybrid,Average,Good,Yes,2,Middle,3.1,A,0.52,0,Positive,4.1,1.1,3.9,3.7,3.1,4.3,1.3
20,Female,6.58,73.6,7.0,5.7,3.6,2.24,No,Online,Average,Average,Yes,3,Low,1.4,A,0.4,2,Neutral,4.1,1.7,3.4,2.2,2.4,4.4,2.6
25,Female,7.21,73.0,4.6,4.7,4.7,1.6,Yes,Hybrid,Average,Excellent,No,0,High,2.5,A,0.83,2,Positive,3.6,2.3,3.6,3.3,2.5,2.8,2.8
26,Male,4.45,74.0,7.3,4.0,4.1,1.62,No,Hybrid,Average,Good,No,2,Middle,3.7,B,0.85,2,Positive,3.4,2.3,4.1,3.3,3.3,4.8,1.7
17,Female,4.84,61.3,7.6,5.0,5.3,2.08,No,Online,Good,Excellent,No,2,High,5.3,A,0.17,2,Neutral,1.0,2.7,2.3,2.1,2.1,3.9,3.8
21,Female,8.75,89.8,9.0,5.7,2.6,1.7,No,Offline,Poor,Average,No,2,Low,8.4,A,0.23,0,Neutral,4.2,2.9,1.9,4.4,3.6,4.8,3.5
17,Female,6.01,62.0,6.5,6.6,2.4,1.79,Yes,Offline,Average,Excellent,Yes,1,Low,3.2,A,0.65,1,Neutral,3.5,2.7,4.2,2.4,2.6,2.8,2.6
25,Male,5.52,87.7,8.0,4.3,2.5,1.81,Yes,Online,Poor,Good,No,0,Middle,2.2,A,0.43,0,Positive,4.3,2.7,3.5,2.6,2.9,3.3,2.9
21,Female,7.0,83.1,6.8,6.9,5.3,2.17,Yes,Online,Average,Average,No,1,Middle,2.0,A,0.48,2,Positive,1.8,3.2,2.6,2.2,2.9,4.6,1.9
17,Female,3.26,81.7,7.1,4.2,3.4,1.86,No,Online,Good,Good,Yes,3,Middle,4.2,A,0.44,0,Neutral,3.7,3.7,4.6,3.3,2.3,5.0,3.1
18,Male,4.74,76.8,5.2,4.9,4.0,2.11,No,Hybrid,Average,Average,Yes,3,High,4.8,A,0.81,0,Neutral,3.6,3.2,4.2,4.0,3.2,2.4,2.7
20,Female,5.88,74.1,4.9,4.5,4.0,2.19,Yes,Online,Average,Good,Yes,1,Middle,3.9,A,0.79,2,Positive,1.0,3.7,4.3,3.1,5.0,4.3,3.9
26,Male,4.88,71.3,9.3,4.3,3.7,1.54,No,Hybrid,Poor,Average,Yes,2,Middle,3.3,A,0.52,2,Positive,2.9,1.7,4.2,2.0,4.5,4.7,4.4
23,Male,8.02,93.2,5.8,4.6,5.3,2.08,Yes,Hybrid,Good,Poor,No,3,High,5.6,A,0.7,1,Positive,3.0,1.2,4.2,2.7,2.3,5.0,2.1
25,Female,5.88,74.8,6.7,3.6,4.6,1.8,No,Hybrid,Average,Average,No,2,Middle,4.9,A,0.48,1,Positive,2.0,2.2,3.5,3.2,1.0,4.9,2.6
20,Female,6.77,71.1,7.0,5.9,2.9,2.01,No,Hybrid,Good,Good,Yes,3,Middle,4.5,A,0.34,1,Positive,3.5,2.9,4.5,2.8,1.0,4.2,1.5
17,Male,3.35,88.3,6.5,4.3,3.0,1.32,No,Hybrid,Average,Good,Yes,2,Middle,5.0,B,0.64,2,Positive,3.2,3.6,2.6,1.7,1.0,3.4,2.3
28,Male,4.98,99.8,7.5,3.3,2.8,1.84,Yes,Hybrid,Average,Good,No,3,Middle,3.9,A,0.29,0,Neutral,2.4,2.2,1.6,3.5,2.2,3.7,3.0
17,Female,4.95,66.7,8.1,6.8,5.5,1.76,No,Online,Poor,Average,Yes,0,Middle,3.7,B,0.65,2,Positive,2.5,2.8,3.2,2.5,2.5,2.6,2.4
26,Male,6.04,78.1,7.8,6.3,6.0,1.64,No,Offline,Poor,Good,No,0,Middle,5.8,B,0.82,1,Positive,1.3,3.3,3.6,3.6,2.2,3.3,3.0
20,Female,5.98,77.8,8.5,6.9,5.2,1.37,Yes,Offline,Average,Good,No,2,Middle,5.4,B,0.34,0,Neutral,3.4,2.1,2.0,3.1,1.0,5.0,3.3
17,Female,5.01,68.4,10.0,6.9,4.8,1.44,Yes,Offline,Average,Average,No,1,Low,5.9,B,0.51,1,Negative,3.3,2.0,3.8,2.9,2.7,5.0,2.1
23,Male,6.16,67.2,7.3,4.2,2.2,1.7,Yes,Offline,Average,Excellent,No,2,High,1.8,A,0.79,2,Neutral,2.9,3.5,4.2,3.2,4.0,3.7,4.5
28,Female,9.19,84.2,8.1,5.1,3.4,1.37,Yes,Offline,Poor,Good,No,2,Low,4.8,A,0.74,1,Positive,2.7,2.1,4.3,3.8,4.6,4.0,3.7
27,Female,5.07,77.8,7.8,5.8,3.0,1.78,No,Online,Average,Good,No,1,Low,4.1,B,0.7,1,Positive,3.7,2.0,3.6,4.2,3.5,5.0,2.3
18,Male,3.71,86.2,6.7,6.6,4.4,2.29,No,Hybrid,Poor,Average,Yes,1,Middle,2.3,A,0.84,0,Neutral,3.2,2.3,2.9,1.1,2.8,3.5,2.6
18,Female,7.42,64.5,8.2,5.4,4.1,1.59,Yes,Online,Average,Poor,No,2,Middle,4.6,A,0.48,1,Neutral,3.8,2.5,3.0,3.6,1.7,5.0,2.7
21,Female,7.98,66.9,6.4,4.2,3.5,1.89,Yes,Hybrid,Average,Excellent,Yes,2,Middle,3.7,A,0.59,1,Positive,3.2,2.6,3.9,3.5,3.6,5.0,4.0
22,Female,5.38,70.4,5.5,3.5,3.9,1.43,Yes,Hybrid,Average,Excellent,Yes,1,Middle,8.4,B,0.22,2,Negative,3.9,1.0,4.6,2.7,1.0,4.3,2.4
23,Female,6.94,77.3,7.7,7.7,5.2,1.84,Yes,Hybrid,Average,Average,Yes,3,High,4.5,A,0.48,2,Neutral,3.9,2.4,4.0,3.5,2.1,4.7,2.7
18,Male,0.94,81.4,8.8,7.1,6.1,1.69,No,Hybrid,Poor,Average,No,1,Middle,6.1,D,0.72,0,Positive,4.0,3.6,4.0,1.7,1.6,5.0,4.0
27,Male,5.96,74.9,5.6,6.7,3.0,2.06,No,Hybrid,Good,Good,Yes,3,Middle,3.6,A,0.4,2,Positive,2.4,2.3,4.6,1.9,3.5,4.4,3.1
22,Male,4.65,58.8,8.0,1.0,1.4,2.35,No,Online,Average,Good,No,3,High,1.8,A,0.93,0,Positive,3.7,2.5,4.9,2.8,3.6,3.3,5.0
24,Male,9.42,70.6,7.9,6.3,6.3,2.11,Yes,Hybrid,Average,Excellent,No,2,Low,5.7,A,0.68,1,Neutral,3.0,3.1,3.5,4.0,2.1,4.3,2.4
21,Male,5.48,94.7,6.2,4.4,3.1,1.86,No,Hybrid,Average,Average,Yes,1,High,4.4,A,1.0,2,Positive,2.9,2.5,3.9,3.4,2.8,5.0,2.3
20,Female,8.69,71.3,6.0,3.9,6.6,1.26,No,Hybrid,Average,Good,No,1,Middle,4.1,A,0.46,2,Positive,2.5,2.4,5.0,2.7,4.0,4.0,2.0
28,Female,4.66,82.2,3.7,1.0,5.9,2.12,No,Offline,Average,Poor,No,1,High,2.9,B,0.84,0,Positive,3.3,4.1,3.4,2.2,2.1,4.3,3.6
22,Female,4.48,73.8,6.5,2.5,2.7,1.99,No,Offline,Poor,Average,No,2,Low,4.9,A,0.68,2,Negative,1.1,2.7,3.1,3.0,2.2,3.8,3.8
25,Female,3.96,82.3,8.0,7.4,4.6,1.8,No,Hybrid,Average,Poor,Yes,0,High,3.5,B,0.53,1,Positive,3.3,2.6,2.2,1.0,4.1,5.0,2.4
27,Female,2.69,86.9,8.5,6.4,2.5,1.89,No,Offline,Good,Excellent,No,2,Middle,3.2,A,0.39,2,Negative,3.3,3.4,5.0,3.7,3.0,5.0,2.9
22,Female,3.9,60.8,9.8,7.1,4.3,1.57,Yes,Online,Good,Good,No,1,Middle,5.4,B,0.56,0,Positive,4.1,2.5,3.6,2.4,3.7,5.0,3.1
21,Female,7.23,76.1,7.6,4.1,6.0,1.28,No,Offline,Average,Excellent,Yes,1,Middle,4.0,B,0.28,2,Neutral,3.1,2.6,4.4,4.2,3.1,4.4,1.5
17,Male,1.98,92.7,6.5,6.8,2.3,1.0,No,Hybrid,Average,Poor,Yes,2,High,4.3,C,0.68,0,Neutral,4.4,2.9,4.3,3.0,4.0,5.0,1.8
17,Female,5.22,70.5,8.4,7.2,3.4,2.39,No,Offline,Average,Average,No,0,Middle,3.5,A,0.66,0,Negative,2.6,1.0,4.5,2.0,3.3,4.1,3.9
19,Female,7.25,71.3,8.4,6.9,3.7,1.46,No,Hybrid,Average,Average,No,1,Middle,5.7,A,0.67,2,Positive,2.5,3.1,3.5,3.3,2.4,5.0,1.5
18,Male,5.54,80.1,4.2,3.4,4.7,1.86,Yes,Offline,Average,Average,Yes,0,High,5.4,A,0.61,2,Neutral,4.6,2.4,1.5,3.5,3.1,4.6,4.0
19,Female,6.07,83.9,7.4,3.9,3.1,1.45,No,Offline,Good,Excellent,Yes,2,Middle,5.3,A,0.44,1,Positive,2.4,3.0,4.5,3.3,4.1,5.0,2.9
19,Female,5.72,64.1,6.4,5.1,3.8,1.82,No,Online,Good,Average,No,3,Middle,4.9,A,0.55,1,Neutral,1.0,2.8,3.7,2.2,2.6,4.4,3.5
20,Male,6.07,88.9,9.5,5.7,4.6,1.97,Yes,Offline,Poor,Average,Yes,1,High,2.9,A,0.32,0,Positive,4.6,2.9,4.0,3.8,4.0,4.3,3.2
20,Female,1.23,78.7,7.5,1.7,1.6,1.87,Yes,Hybrid,Poor,Poor,No,0,Low,6.4,B,0.67,0,Negative,4.7,3.5,3.8,2.5,2.7,3.0,2.3
18,Male,8.03,79.9,8.1,6.5,5.3,1.88,Yes,Hybrid,Average,Poor,Yes,0,High,1.3,A,0.5,1,Positive,2.8,1.8,3.5,2.7,2.5,5.0,3.4
17,Male,5.76,81.8,6.4,3.5,4.4,1.74,Yes,Offline,Poor,Good,No,3,Middle,4.0,A,0.76,0,Neutral,2.9,2.5,4.7,4.2,3.8,2.8,2.2
22,Female,3.94,77.4,6.9,4.5,1.6,1.55,No,Online,Average,Good,Yes,1,Middle,6.1,B,0.51,0,Positive,2.5,2.2,2.5,2.5,2.2,2.3,2.2
21,Female,4.45,89.4,4.7,6.6,7.7,1.74,Yes,Hybrid,Good,Good,No,1,Low,4.9,B,0.46,0,Positive,4.9,2.2,3.4,2.5,4.4,4.3,1.3
20,Female,4.77,78.0,6.7,6.2,3.7,1.64,Yes,Offline,Average,Good,No,2,High,3.0,A,0.35,2,Neutral,4.5,1.3,3.2,3.2,4.1,3.8,1.0
22,Female,6.4,83.1,9.5,8.9,4.6,1.62,Yes,Online,Poor,Average,No,1,High,4.4,B,0.98,2,Neutral,2.5,1.0,4.5,2.9,1.8,5.0,1.2
24,Male,2.7,78.4,7.7,5.5,3.4,1.6,Yes,Online,Poor,Average,No,2,Middle,4.3,C,0.83,1,Negative,3.1,3.0,4.1,1.5,3.9,4.9,3.5
20,Female,2.55,82.3,6.3,4.8,4.8,1.56,Yes,Offline,Poor,Good,Yes,0,Middle,8.2,Fail,0.74,1,Neutral,4.8,4.0,4.5,1.5,3.9,2.3,2.8
22,Female,2.44,80.8,5.9,1.2,5.1,2.32,No,Offline,Poor,Good,Yes,1,Low,5.6,A,0.75,1,Neutral,5.0,2.4,2.3,3.5,2.9,4.6,3.0
27,Non-Binary,6.84,67.3,8.1,2.5,2.6,2.39,No,Online,Average,Average,No,1,High,4.5,A,0.66,2,Positive,3.4,3.7,2.2,3.9,3.1,3.7,3.3
24,Male,3.24,87.2,7.4,6.2,3.9,1.71,Yes,Hybrid,Average,Poor,No,0,Middle,5.5,B,0.46,0,Positive,3.6,1.5,3.4,2.4,1.6,4.7,2.9
20,Female,5.3,68.1,6.8,6.6,5.5,1.59,No,Offline,Poor,Poor,No,3,Low,6.0,B,0.48,0,Positive,3.1,2.5,5.0,1.8,4.1,5.0,3.1
22,Female,2.78,85.6,6.4,6.7,4.3,1.39,Yes,Hybrid,Average,Average,Yes,1,High,7.9,D,0.54,1,Neutral,2.5,3.0,5.0,2.5,2.2,4.1,1.3
18,Female,4.93,82.4,8.1,5.2,8.0,2.01,Yes,Online,Poor,Poor,No,1,High,3.4,B,0.58,0,Positive,3.7,4.1,3.8,3.2,1.0,4.8,3.8
21,Female,4.07,69.1,4.9,2.2,3.0,2.26,Yes,Hybrid,Average,Average,No,4,Low,1.3,A,0.35,1,Negative,4.7,3.2,4.2,1.1,2.4,4.2,5.0
28,Male,3.6,79.8,6.3,1.0,4.6,2.03,Yes,Online,Good,Good,Yes,4,High,4.0,A,0.79,2,Positive,2.3,2.4,5.0,3.1,2.1,4.3,2.9
21,Female,7.3,76.0,6.4,3.3,4.3,1.53,No,Online,Poor,Average,No,2,High,5.7,A,0.44,0,Positive,3.3,3.0,2.9,3.8,3.2,3.8,4.1
26,Female,5.26,81.5,6.3,4.1,1.9,2.13,No,Offline,Good,Average,Yes,2,High,1.4,A,0.39,0,Positive,3.3,3.0,4.0,3.3,4.4,3.8,3.6
20,Male,3.16,70.9,8.2,6.1,4.7,1.81,Yes,Online,Average,Excellent,No,0,Low,5.9,C,0.44,2,Neutral,1.8,4.5,1.2,4.2,3.3,4.3,4.3
29,Female,9.83,89.7,8.2,7.6,4.4,2.13,Yes,Offline,Average,Good,Yes,1,Middle,5.8,A,0.96,0,Neutral,3.2,4.2,3.8,4.3,3.8,5.0,3.7
21,Female,3.2,81.1,6.2,7.5,5.1,1.51,No,Hybrid,Average,Excellent,Yes,3,High,4.5,B,0.45,2,Neutral,3.0,2.9,3.2,2.7,5.0,4.7,3.2
17,Male,2.74,89.9,7.8,2.3,2.1,2.06,No,Hybrid,Average,Average,Yes,1,Low,6.2,A,0.87,2,Positive,2.7,2.7,4.3,3.9,2.7,4.8,3.0
22,Female,1.73,73.9,6.5,2.3,2.9,1.87,No,Online,Average,Good,No,3,Middle,6.2,A,0.14,0,Neutral,4.5,3.3,2.9,3.1,1.0,5.0,3.2
19,Male,8.28,72.8,6.0,2.2,2.7,1.59,No,Online,Poor,Average,No,3,Middle,3.3,A,0.21,2,Positive,2.7,2.2,2.9,4.5,2.0,5.0,2.8
17,Male,5.48,83.3,6.2,5.4,3.9,1.36,Yes,Offline,Good,Good,Yes,2,Middle,3.4,A,0.93,0,Neutral,2.2,2.0,5.0,4.1,3.3,4.6,1.8
24,Female,5.74,66.0,6.3,5.8,4.5,2.03,No,Hybrid,Average,Average,No,4,Middle,3.7,A,0.7,0,Neutral,3.8,3.5,2.1,1.8,2.1,3.1,1.4
19,Male,7.26,73.4,7.4,4.6,4.5,1.76,No,Online,Poor,Poor,No,1,High,3.7,A,0.97,1,Neutral,3.4,3.5,3.3,5.0,3.8,3.7,4.0
24,Male,5.33,93.7,6.8,5.4,6.8,1.86,Yes,Hybrid,Good,Excellent,No,2,Middle,2.3,A,0.82,1,Positive,3.2,3.1,4.6,2.9,1.8,3.3,2.6
19,Male,6.51,73.7,5.7,6.8,3.4,1.79,No,Offline,Poor,Good,Yes,1,Middle,2.6,B,0.69,1,Positive,3.9,2.1,3.4,3.8,1.8,3.7,2.9
18,Male,8.42,80.5,4.8,5.2,3.6,1.75,Yes,Hybrid,Poor,Excellent,Yes,3,Middle,1.0,A,0.39,2,Positive,3.0,1.3,3.9,4.0,1.7,5.0,2.7
28,Female,5.59,65.7,7.3,7.4,5.2,1.92,No,Offline,Poor,Average,No,1,Middle,5.3,B,0.91,0,Neutral,2.8,2.3,5.0,3.1,5.0,3.1,2.7
20,Female,6.69,89.2,8.1,7.0,0.6,2.39,No,Online,Average,Average,Yes,0,Low,7.1,A,0.64,0,Positive,2.4,1.6,4.3,4.0,2.8,4.9,2.2
22,Female,5.51,68.0,6.0,4.9,7.0,1.9,Yes,Hybrid,Average,Good,No,3,High,1.5,B,0.45,1,Neutral,4.0,2.0,5.0,3.3,2.7,3.6,2.1
22,Female,5.38,67.7,7.7,6.3,4.6,1.41,Yes,Offline,Average,Good,Yes,2,Middle,4.4,B,0.37,0,Positive,4.6,3.1,3.7,3.8,3.9,4.3,1.7
21,Male,7.93,81.7,8.5,3.0,8.0,1.81,Yes,Online,Poor,Good,Yes,1,Middle,3.4,A,0.21,0,Positive,5.0,5.0,2.5,4.1,3.7,4.9,2.7
26,Female,6.26,69.3,6.4,5.8,1.5,1.6,No,Hybrid,Poor,Excellent,Yes,1,High,4.5,B,0.86,2,Positive,3.8,2.5,3.4,2.4,4.5,2.6,2.8
22,Female,5.65,60.2,8.3,3.7,5.1,1.44,Yes,Online,Average,Poor,No,0,Low,6.5,B,0.17,1,Neutral,4.9,3.1,2.4,2.5,4.9,5.0,4.4
20,Female,1.34,68.8,6.5,8.1,5.0,2.1,No,Online,Good,Good,Yes,1,Middle,4.0,C,0.92,1,Neutral,2.5,1.5,4.9,2.4,4.2,4.5,1.6
25,Female,3.33,82.0,6.7,6.9,4.7,1.82,Yes,Offline,Good,Average,Yes,1,Low,2.7,C,0.72,1,Positive,2.3,1.8,4.0,1.9,3.5,4.4,3.5
18,Female,3.73,74.9,5.7,1.0,2.0,0.99,No,Online,Average,Average,No,2,Middle,3.3,A,0.81,2,Negative,2.0,3.3,5.0,3.9,2.6,3.8,2.4
21,Female,5.07,83.9,6.2,6.4,5.2,2.12,No,Online,Average,Good,No,2,Low,2.5,A,0.59,2,Positive,3.2,1.0,4.7,2.2,4.0,4.4,1.3
27,Male,5.85,86.7,6.5,6.3,4.8,2.38,Yes,Online,Poor,Good,No,0,High,1.0,A,0.28,1,Positive,2.8,1.7,2.8,4.0,4.3,4.7,2.5
22,Female,5.42,84.8,9.5,6.2,2.3,1.79,No,Online,Average,Average,No,2,Middle,4.2,A,0.57,1,Positive,4.8,3.0,4.5,4.2,2.7,4.5,2.8
24,Male,4.78,93.4,6.0,1.0,3.9,1.87,No,Hybrid,Poor,Average,Yes,0,Middle,2.0,A,0.33,1,Neutral,2.7,4.7,3.2,4.2,2.8,4.3,4.9
22,Male,5.79,80.6,7.2,7.2,2.5,1.85,No,Offline,Average,Good,Yes,2,Middle,3.8,A,0.57,2,Positive,2.8,2.8,2.8,2.8,4.2,5.0,2.5
24,Male,5.81,92.2,6.9,6.2,3.2,1.95,Yes,Offline,Average,Good,No,0,Low,3.8,A,0.06,2,Positive,4.0,2.0,4.3,3.0,1.0,4.2,1.8
26,Male,6.88,76.5,6.5,3.5,3.4,1.66,Yes,Offline,Poor,Average,No,3,High,1.7,A,0.28,0,Positive,4.2,2.0,3.6,3.9,3.6,2.9,3.1
19,Male,1.58,92.6,6.3,7.1,3.9,1.41,No,Hybrid,Good,Average,No,1,Low,6.7,C,0.14,1,Neutral,3.7,2.2,3.8,3.7,2.3,5.0,2.7
18,Male,7.13,88.4,6.6,6.1,3.9,1.59,No,Offline,Average,Poor,Yes,2,Middle,3.5,A,0.75,0,Positive,3.9,2.4,5.0,3.5,2.2,5.0,2.1
21,Female,8.99,90.0,5.8,7.0,6.7,2.08,No,Hybrid,Good,Excellent,Yes,3,Low,4.3,A,0.68,2,Positive,3.9,1.8,2.2,4.2,2.2,4.7,2.3
23,Female,7.37,100.0,5.4,2.8,2.7,2.01,No,Online,Average,Excellent,Yes,3,High,4.8,A,0.98,2,Positive,5.0,3.7,4.6,3.2,1.3,3.8,2.7
19,Non-Binary,4.25,83.1,6.2,2.4,0.7,2.1,Yes,Offline,Average,Good,No,0,Middle,4.3,A,0.59,1,Negative,1.3,2.1,3.0,3.4,2.7,3.9,2.8
17,Male,3.31,86.1,8.5,5.3,4.7,1.72,Yes,Online,Average,Excellent,Yes,2,Low,4.6,B,0.43,2,Positive,2.5,2.1,3.1,4.0,3.8,4.1,3.1
20,Female,4.98,89.2,7.0,3.0,5.7,1.95,No,Online,Good,Good,Yes,4,Middle,2.5,A,0.36,2,Neutral,4.7,2.8,3.7,4.8,2.2,4.3,3.1
27,Female,7.78,89.6,6.2,5.1,4.0,1.05,No,Offline,Average,Poor,Yes,2,High,2.3,A,0.52,1,Positive,3.1,4.5,3.3,2.7,3.1,3.7,1.9
23,Male,5.65,86.6,8.5,2.1,4.8,0.92,No,Hybrid,Average,Average,No,1,Middle,4.0,A,0.39,1,Positive,3.9,3.9,4.2,3.6,1.8,5.0,3.5
20,Female,1.1,87.0,7.0,1.4,1.8,2.37,No,Hybrid,Good,Excellent,Yes,2,Middle,2.0,A,0.21,2,Negative,1.0,3.7,4.4,3.9,1.1,5.0,3.5
18,Female,0.94,79.8,7.0,5.2,4.7,1.83,Yes,Offline,Average,Good,No,0,Middle,8.3,D,0.71,1,Neutral,2.4,3.3,4.4,3.3,1.0,3.0,2.3
20,Male,5.5,74.2,6.2,1.5,5.3,1.81,No,Offline,Good,Excellent,No,1,Low,3.6,A,0.41,2,Positive,1.3,3.5,3.8,3.6,3.2,4.9,3.6
18,Female,9.82,66.8,8.1,6.2,4.9,1.93,Yes,Hybrid,Average,Excellent,Yes,3,Low,5.0,A,0.88,2,Positive,2.4,2.8,3.6,3.7,3.9,3.5,4.2
18,Female,1.91,80.8,6.4,4.5,3.4,2.21,Yes,Hybrid,Average,Good,No,2,Middle,3.4,B,0.77,2,Neutral,2.7,2.7,3.4,2.2,3.4,4.4,2.8
25,Male,3.81,73.7,5.6,5.4,5.3,1.9,Yes,Hybrid,Good,Poor,Yes,0,High,2.9,B,0.3,0,Neutral,3.4,3.7,3.6,1.6,1.7,4.7,3.6
29,Male,5.1,65.6,4.2,4.8,2.3,2.18,No,Online,Poor,Average,Yes,1,High,7.2,B,0.72,2,Positive,4.4,2.9,4.3,3.0,4.6,4.3,1.9
18,Male,5.67,95.1,5.5,7.5,2.3,2.25,No,Online,Average,Poor,No,2,High,3.2,A,0.81,0,Neutral,3.8,2.0,4.1,3.2,3.7,4.7,2.7
17,Male,6.79,90.8,7.0,8.1,2.0,1.78,Yes,Hybrid,Average,Average,No,1,Low,5.1,A,0.8,0,Neutral,3.7,3.1,3.7,1.7,4.1,4.8,2.2
19,Female,1.87,82.0,6.3,4.5,3.2,1.9,No,Online,Average,Good,No,0,High,2.5,B,0.72,1,Neutral,2.6,2.7,3.5,4.8,4.0,5.0,2.8
21,Female,5.25,68.0,5.8,6.1,2.2,1.71,No,Online,Average,Average,No,1,Middle,3.5,A,0.73,0,Neutral,1.9,2.6,4.8,3.0,3.7,4.6,3.1
19,Male,3.72,79.5,7.0,8.2,5.4,1.36,Yes,Offline,Average,Average,No,0,Middle,8.3,D,0.48,2,Positive,2.9,2.1,3.6,3.8,2.7,4.4,1.9
19,Female,6.68,80.8,6.7,6.8,4.8,1.68,No,Offline,Poor,Good,Yes,1,Middle,2.3,B,0.33,0,Positive,2.2,3.8,5.0,3.6,2.2,3.5,4.1
19,Male,5.79,75.3,5.5,3.8,4.1,1.99,No,Online,Average,Average,No,1,Low,7.1,A,0.77,0,Positive,2.1,2.8,4.7,4.4,3.5,3.7,2.2
24,Male,7.24,94.4,6.6,6.0,8.0,2.26,No,Offline,Average,Good,No,2,Low,3.9,A,0.48,2,Positive,1.6,2.8,4.2,2.4,2.4,3.8,2.5
23,Male,2.58,89.7,6.9,4.7,5.0,1.93,No,Hybrid,Good,Good,Yes,2,Middle,3.7,B,0.92,1,Positive,3.1,1.0,3.8,3.3,3.2,4.5,2.1
22,Female,2.79,68.9,5.7,3.3,1.5,1.98,Yes,Hybrid,Average,Good,Yes,2,Low,5.7,B,0.88,2,Negative,3.2,2.9,3.6,2.5,3.0,5.0,2.6
20,Male,3.58,84.0,7.3,4.7,6.1,2.03,No,Offline,Poor,Excellent,No,2,Middle,7.0,B,0.16,2,Neutral,4.3,2.9,3.2,3.0,2.5,4.6,2.8
25,Male,4.06,63.5,9.6,3.9,4.7,1.45,Yes,Online,Poor,Average,Yes,1,Middle,3.2,B,0.64,1,Positive,4.3,4.1,4.2,3.6,3.2,3.8,3.8
27,Male,3.57,84.7,6.6,3.7,3.8,1.61,Yes,Offline,Average,Poor,Yes,3,High,3.6,B,0.43,1,Neutral,3.7,3.5,4.3,3.2,3.4,4.5,4.0
18,Female,2.49,87.0,8.3,8.4,4.8,1.85,No,Offline,Average,Excellent,No,1,High,6.8,D,0.33,2,Neutral,5.0,2.2,3.5,1.9,2.8,5.0,1.8
19,Non-Binary,3.83,93.8,7.1,4.5,1.6,1.57,Yes,Offline,Average,Good,No,1,High,5.7,B,0.47,2,Positive,2.4,2.7,5.0,3.1,1.0,4.2,1.9
21,Male,1.74,55.3,6.2,4.1,6.6,1.57,Yes,Offline,Average,Good,No,0,High,6.1,D,0.37,0,Neutral,2.7,1.0,3.4,3.4,2.9,4.6,1.7
18,Male,6.95,95.5,7.5,7.3,3.0,1.42,Yes,Hybrid,Good,Average,Yes,1,High,4.1,A,0.41,1,Positive,2.8,1.9,1.6,2.9,2.4,4.0,1.6
20,Female,4.0,70.9,7.7,3.6,5.8,1.89,No,Hybrid,Good,Excellent,No,2,Middle,5.2,A,0.37,2,Neutral,2.8,3.0,2.8,3.4,1.8,4.6,2.6
22,Female,2.44,87.3,8.4,5.5,2.0,1.54,Yes,Hybrid,Good,Excellent,Yes,2,High,5.2,B,1.0,1,Positive,1.4,1.0,4.7,2.5,4.8,4.7,3.0
21,Male,5.32,70.4,8.5,5.0,3.1,1.49,No,Online,Poor,Good,Yes,2,Middle,3.8,B,0.92,0,Negative,2.4,3.0,3.9,2.2,2.2,3.7,2.4
20,Female,1.75,80.8,8.6,3.5,5.2,1.58,Yes,Hybrid,Good,Average,No,0,High,6.0,C,0.76,1,Neutral,3.5,4.0,4.8,4.0,4.3,5.0,3.0
21,Female,5.69,85.3,6.5,5.7,3.0,2.33,No,Offline,Good,Excellent,Yes,5,Low,6.2,A,0.64,1,Positive,4.2,3.7,3.6,3.7,3.0,5.0,3.3
27,Male,4.26,77.8,6.2,8.9,4.7,1.92,No,Offline,Good,Good,Yes,1,Middle,5.5,B,0.46,2,Neutral,1.8,1.6,3.4,2.1,2.8,4.8,1.0
19,Female,8.41,85.5,8.2,1.4,2.6,1.7,No,Offline,Average,Good,No,0,High,6.2,A,0.88,2,Positive,1.9,4.5,3.6,3.5,3.6,3.7,3.8
22,Female,6.03,75.5,4.9,3.3,4.7,1.19,No,Online,Good,Poor,No,3,Middle,3.8,B,0.61,1,Positive,2.1,2.9,4.6,3.1,4.8,5.0,2.8
17,Female,3.4,73.2,7.8,1.0,6.4,1.86,No,Online,Average,Good,No,3,Low,3.9,A,0.51,0,Positive,3.5,2.6,2.3,3.9,3.0,4.6,3.7
17,Male,6.74,72.2,7.7,4.5,3.3,2.02,No,Offline,Average,Average,No,2,Middle,5.0,A,0.68,0,Neutral,2.1,2.5,3.2,3.6,2.5,4.5,2.6
21,Male,5.21,65.1,7.4,1.0,1.7,1.91,No,Offline,Good,Average,No,1,Middle,6.5,A,0.86,0,Neutral,1.7,3.4,5.0,4.5,3.6,5.0,2.4
18,Male,6.28,79.9,4.9,3.0,6.0,2.36,No,Hybrid,Average,Good,Yes,2,High,5.9,A,0.55,1,Positive,1.6,1.3,3.8,2.7,4.0,4.4,1.1
17,Male,0.62,74.2,5.8,5.1,3.2,1.95,No,Offline,Average,Average,No,3,Middle,3.7,C,0.34,2,Negative,2.8,3.6,1.5,2.6,3.5,3.9,2.9
18,Female,4.05,95.3,4.7,10.0,3.6,2.06,Yes,Online,Average,Good,Yes,1,Low,6.9,B,0.07,1,Positive,3.0,1.0,3.6,2.0,3.9,3.6,1.0
21,Female,4.06,75.2,8.0,7.3,5.0,1.55,No,Offline,Average,Good,Yes,0,High,7.6,B,0.31,1,Neutral,3.9,2.2,5.0,2.1,4.1,3.9,1.9
23,Female,7.52,92.0,6.0,6.1,3.0,1.55,Yes,Hybrid,Average,Average,No,0,High,2.6,A,0.74,1,Positive,3.7,3.4,3.0,4.6,4.1,4.5,3.4
19,Non-Binary,2.8,53.5,6.5,6.5,3.8,1.68,Yes,Hybrid,Average,Good,No,1,Middle,4.6,C,0.37,2,Neutral,4.1,2.5,3.5,2.2,3.0,5.0,2.7
22,Male,5.65,84.6,7.5,3.0,5.4,2.12,Yes,Online,Good,Excellent,Yes,1,High,3.5,A,0.71,2,Positive,3.0,3.5,5.0,3.5,4.4,4.7,2.5
18,Female,4.6,83.0,8.1,6.0,3.3,1.52,No,Offline,Good,Average,Yes,2,Middle,4.5,A,0.73,2,Positive,2.2,3.6,5.0,1.4,2.7,4.0,3.9
22,Female,2.18,91.2,5.9,6.7,4.0,1.74,Yes,Offline,Average,Good,Yes,0,Middle,5.0,C,0.69,0,Positive,3.3,3.2,5.0,3.5,4.4,3.6,2.4
20,Male,3.82,97.9,6.4,2.8,4.3,2.09,Yes,Offline,Average,Average,No,1,High,2.3,A,0.3,2,Positive,1.7,3.3,3.3,2.5,4.6,3.8,2.3
22,Female,6.03,84.5,6.8,7.5,3.7,2.12,No,Hybrid,Average,Good,No,2,High,5.6,A,0.42,0,Neutral,3.5,4.6,3.6,1.6,3.9,4.9,2.6
29,Male,4.54,96.6,7.8,3.0,4.8,1.83,Yes,Hybrid,Average,Average,No,1,Middle,2.9,A,0.94,0,Positive,3.4,1.9,5.0,4.0,4.1,4.9,1.9
26,Female,4.59,76.7,7.6,5.9,3.5,1.98,No,Offline,Average,Average,No,2,Low,4.0,B,0.85,0,Neutral,4.3,2.9,4.0,3.8,4.0,4.5,2.6
17,Female,4.79,75.0,8.9,3.7,3.1,1.89,Yes,Offline,Average,Poor,No,2,Low,4.7,B,0.87,1,Neutral,4.0,3.4,5.0,3.8,3.1,5.0,5.0
25,Male,5.11,90.7,6.3,1.0,4.5,1.85,No,Offline,Average,Excellent,No,1,High,1.5,A,0.83,2,Positive,3.6,1.9,4.1,2.3,3.6,5.0,4.7
17,Female,5.56,83.1,5.7,1.6,8.4,1.84,No,Offline,Poor,Good,No,1,High,1.9,A,0.9,2,Positive,1.3,2.8,5.0,4.0,4.6,3.6,3.5
27,Female,4.78,91.3,5.6,6.7,4.1,2.11,Yes,Online,Poor,Good,No,2,Middle,3.5,A,0.23,2,Positive,2.6,1.7,2.9,1.0,2.0,3.6,3.8
19,Male,2.0,71.5,7.4,5.2,8.0,1.78,No,Offline,Average,Average,No,2,Middle,6.7,C,0.35,1,Positive,3.7,2.8,2.6,1.6,4.3,5.0,3.0
20,Male,4.5,77.0,7.1,6.7,3.3,1.73,No,Offline,Poor,Good,No,2,Middle,5.4,B,0.62,2,Negative,4.5,2.2,4.0,2.5,1.0,4.9,2.6
18,Male,5.1,82.9,8.0,4.1,6.7,1.81,Yes,Offline,Good,Average,No,1,High,1.0,A,0.43,2,Positive,3.7,4.5,3.3,4.1,2.5,4.6,4.2
18,Female,8.2,80.0,5.8,4.5,3.9,1.71,Yes,Hybrid,Average,Average,No,3,Middle,5.9,A,0.53,2,Neutral,1.7,3.7,2.4,3.9,3.2,2.3,4.3
23,Female,2.92,89.2,4.9,1.0,5.7,1.64,No,Online,Average,Good,Yes,0,Middle,5.6,B,0.47,2,Neutral,4.7,3.6,2.2,4.4,2.9,4.8,4.2
26,Female,8.04,100.0,5.8,4.6,5.3,1.74,Yes,Online,Average,Average,No,2,Middle,4.0,A,0.86,2,Positive,3.1,2.8,4.7,3.2,4.0,4.0,2.6
22,Female,3.84,78.5,6.2,2.5,5.3,1.81,No,Offline,Good,Average,No,2,Low,4.3,A,0.43,1,Positive,3.6,1.3,3.3,2.3,1.5,3.6,4.2
23,Female,8.1,94.5,8.1,4.9,5.3,2.1,No,Online,Good,Good,No,0,Middle,4.6,A,0.42,1,Neutral,3.7,1.4,2.8,3.6,3.6,5.0,2.7
23,Male,0.82,77.8,6.5,5.4,1.7,1.44,No,Hybrid,Average,Excellent,No,2,Middle,10.0,D,0.94,1,Neutral,2.4,3.0,4.4,2.0,2.2,5.0,2.6
19,Female,4.35,65.6,7.6,4.2,3.1,1.99,No,Hybrid,Good,Average,Yes,4,Middle,4.9,A,0.3,0,Neutral,2.2,3.0,4.0,3.2,3.9,5.0,4.0
17,Male,0.23,65.3,7.2,8.5,5.4,1.8,Yes,Hybrid,Good,Poor,Yes,0,High,8.2,Fail,0.59,1,Negative,3.3,1.0,4.5,2.2,1.9,5.0,1.0
17,Male,2.01,70.6,6.8,5.2,3.2,1.72,No,Offline,Average,Average,Yes,0,Middle,4.1,C,0.8,0,Positive,2.2,3.2,4.5,3.4,3.4,5.0,2.7
20,Female,4.02,59.4,6.8,3.5,6.2,1.82,No,Offline,Average,Excellent,No,1,Low,5.2,B,0.24,2,Neutral,2.5,2.6,3.5,3.3,4.4,4.0,4.2
19,Male,5.86,78.3,5.4,6.3,3.9,2.12,Yes,Hybrid,Poor,Excellent,Yes,3,Middle,4.9,A,0.56,2,Positive,2.7,1.7,3.3,3.2,2.3,4.7,1.5
17,Female,3.35,86.8,7.7,5.0,0.8,2.05,No,Hybrid,Average,Good,No,1,Low,3.6,A,0.21,0,Negative,1.2,2.9,3.6,2.6,3.0,4.2,3.6
18,Female,5.38,57.7,8.7,3.5,4.0,1.44,No,Online,Poor,Excellent,No,1,Low,3.7,B,0.69,1,Neutral,3.7,3.4,2.6,3.6,2.9,3.5,4.1
18,Male,3.25,76.0,7.3,3.2,2.7,2.09,No,Offline,Average,Good,No,3,Middle,4.5,A,0.78,1,Neutral,4.3,2.5,4.3,4.6,2.6,4.8,2.1
26,Male,8.1,67.4,5.6,5.1,3.9,1.86,Yes,Online,Average,Excellent,No,1,High,2.3,A,0.42,2,Positive,3.6,3.2,3.1,3.3,2.9,3.6,1.4
18,Female,3.73,92.7,6.3,1.9,4.9,1.77,No,Offline,Average,Average,No,2,High,5.7,B,0.51,0,Positive,1.1,2.6,2.4,3.3,1.4,4.2,2.8
21,Female,8.81,92.8,5.6,3.7,3.8,1.61,Yes,Online,Poor,Average,No,0,High,3.7,A,0.8,1,Positive,3.5,2.5,2.8,4.8,3.5,3.0,3.4
22,Male,8.49,83.3,7.3,5.4,5.2,1.64,No,Offline,Poor,Good,No,1,Middle,1.0,A,0.44,2,Neutral,4.2,1.0,1.9,5.0,2.7,3.6,2.1
21,Male,3.08,80.7,6.0,7.9,1.7,1.78,No,Hybrid,Good,Average,No,1,High,3.8,B,0.34,1,Neutral,2.6,2.6,4.3,1.5,2.9,5.0,2.4
18,Female,5.94,75.7,7.2,6.4,2.1,1.18,No,Offline,Average,Good,Yes,3,High,3.7,A,0.78,2,Positive,3.4,1.2,5.0,2.3,3.9,5.0,3.5
19,Female,3.97,78.9,8.3,6.6,4.8,1.9,Yes,Hybrid,Average,Average,Yes,1,Middle,5.1,A,0.58,2,Negative,3.6,1.7,4.9,1.9,2.4,4.6,3.1
17,Male,7.82,96.0,6.2,1.0,5.4,1.68,Yes,Hybrid,Poor,Good,No,2,Middle,4.7,A,0.46,2,Positive,2.2,2.9,4.2,2.6,3.1,3.4,5.0
20,Male,5.54,86.5,3.4,7.2,5.2,1.98,No,Online,Good,Average,No,1,Low,2.6,B,0.66,1,Positive,2.2,3.3,3.4,2.9,1.0,4.7,1.7
18,Female,8.53,82.7,8.3,5.1,3.4,2.11,Yes,Online,Average,Poor,No,2,Middle,4.0,A,0.65,1,Neutral,1.1,2.3,2.6,5.0,5.0,5.0,4.2
21,Female,4.53,98.5,6.9,3.9,6.1,1.59,No,Online,Average,Excellent,No,3,High,3.4,A,0.63,1,Positive,2.5,3.9,4.6,3.9,4.3,3.6,2.8
23,Non-Binary,4.3,82.1,7.0,5.2,2.1,2.13,Yes,Online,Good,Excellent,Yes,1,Middle,3.2,A,0.74,2,Positive,2.1,1.5,4.7,2.9,2.7,4.4,1.3
21,Female,3.34,83.4,10.0,1.2,3.1,2.07,Yes,Online,Average,Excellent,No,3,Low,1.9,A,0.49,2,Negative,2.8,3.7,3.3,4.3,4.9,4.5,4.5
20,Female,5.16,75.6,5.7,7.1,5.6,1.81,Yes,Offline,Good,Good,Yes,2,Middle,4.1,A,0.6,1,Neutral,3.9,3.1,4.7,4.4,3.4,3.6,2.3
20,Male,5.73,63.9,7.0,4.4,3.8,2.3,No,Online,Average,Good,No,1,Middle,8.9,A,0.55,2,Neutral,3.8,2.8,3.1,3.3,1.0,3.7,2.8
24,Female,5.03,80.9,5.7,1.7,1.5,1.77,No,Online,Average,Good,No,1,High,6.8,A,0.58,0,Positive,1.9,4.1,4.9,3.6,2.2,4.1,3.7
19,Male,5.49,75.9,7.4,1.7,7.2,1.54,No,Offline,Poor,Average,No,1,Low,2.3,A,0.45,0,Neutral,2.7,3.0,3.0,3.1,3.5,4.4,3.9
23,Female,6.4,88.7,8.8,2.8,4.3,1.64,Yes,Online,Average,Average,No,2,Middle,3.6,A,0.73,2,Positive,3.1,3.1,4.6,4.3,2.5,5.0,3.5
23,Male,4.74,66.0,6.3,5.6,6.7,1.47,Yes,Online,Average,Average,No,1,Middle,5.3,C,0.53,1,Neutral,1.0,1.0,4.9,4.2,2.5,3.6,2.3
20,Male,3.61,66.6,7.4,1.0,4.1,2.31,Yes,Online,Poor,Excellent,No,3,High,3.7,A,0.3,1,Neutral,2.9,2.9,2.9,4.3,3.4,3.1,4.6
19,Female,2.89,79.9,6.3,9.2,3.3,2.14,No,Offline,Average,Average,No,1,Middle,6.5,B,0.19,1,Positive,2.8,1.2,2.9,1.3,3.9,2.7,1.7
21,Female,3.78,72.1,6.0,2.8,4.5,1.74,No,Hybrid,Average,Excellent,No,1,High,4.9,B,0.34,2,Positive,2.8,3.8,3.2,3.9,2.2,4.5,3.2
18,Male,4.23,74.2,8.4,6.5,3.7,1.67,No,Offline,Average,Good,No,2,Low,3.5,B,0.19,1,Negative,3.3,3.2,4.0,2.1,4.9,5.0,2.3
17,Female,6.93,79.7,6.3,1.7,5.7,1.61,No,Hybrid,Average,Good,Yes,2,Low,6.0,A,0.87,2,Neutral,1.9,4.2,4.8,2.2,2.8,3.9,3.4
18,Male,6.73,69.5,5.9,5.6,6.3,1.87,Yes,Offline,Good,Average,Yes,3,Middle,1.9,A,0.67,2,Positive,3.5,1.0,3.6,3.3,3.0,4.5,2.7
18,Male,3.46,78.1,7.6,5.4,4.2,2.07,No,Hybrid,Average,Average,No,0,Middle,4.8,B,0.48,1,Negative,3.2,2.8,4.2,3.7,2.9,3.7,2.1
21,Female,6.1,98.3,7.9,5.7,3.0,1.83,Yes,Online,Good,Excellent,Yes,2,Middle,2.0,A,0.91,1,Positive,4.5,2.9,3.8,2.7,1.7,4.6,2.4
24,Male,3.11,80.3,7.7,7.0,1.9,1.59,No,Online,Poor,Average,No,2,Low,4.6,C,0.72,2,Negative,3.0,1.0,3.0,2.0,2.3,4.4,2.4
19,Female,6.57,76.1,5.5,5.8,3.1,1.96,No,Offline,Poor,Average,No,1,Middle,5.1,A,0.31,2,Positive,4.4,1.5,3.9,3.8,1.5,5.0,2.3
26,Male,1.69,81.5,5.2,1.0,5.3,1.78,Yes,Hybrid,Average,Average,No,1,Middle,4.6,C,0.23,2,Negative,4.5,5.0,3.9,3.2,1.6,3.2,4.8
27,Female,6.87,72.2,7.7,6.0,4.5,2.39,No,Offline,Average,Average,No,2,Middle,1.4,A,0.47,0,Neutral,3.4,3.2,2.8,3.1,2.0,3.5,3.0
27,Female,4.56,83.9,9.0,3.4,1.7,1.35,Yes,Hybrid,Good,Average,Yes,2,Low,2.7,A,0.43,0,Positive,2.9,2.7,3.3,2.7,2.6,4.0,3.6
24,Male,5.41,88.8,5.6,3.1,3.1,1.84,No,Online,Good,Good,Yes,4,High,2.1,A,0.66,2,Neutral,2.3,3.9,4.0,4.1,2.1,4.2,2.8
20,Male,4.71,74.0,7.2,6.3,2.0,1.82,Yes,Hybrid,Average,Good,No,1,Middle,3.0,B,0.77,0,Negative,3.3,1.6,2.3,2.6,2.5,5.0,1.0
17,Female,2.83,74.6,6.8,9.4,4.1,1.47,No,Offline,Good,Good,Yes,3,Middle,6.0,B,0.6,1,Neutral,4.8,2.3,3.3,1.7,3.1,4.4,1.0
21,Female,5.18,84.3,7.3,7.4,2.7,2.21,Yes,Offline,Poor,Average,Yes,1,Middle,2.6,B,1.0,1,Neutral,3.3,3.0,4.4,3.0,2.2,4.3,3.8
21,Male,4.95,62.4,8.9,2.7,4.2,1.65,Yes,Offline,Good,Excellent,No,3,Middle,2.8,A,0.74,2,Positive,3.4,2.0,3.3,2.4,3.0,3.8,4.8
24,Female,6.44,92.8,6.5,4.7,3.9,1.44,No,Offline,Average,Good,No,2,Middle,3.7,A,0.65,1,Positive,4.6,2.0,3.1,3.2,4.6,3.2,3.2
29,Male,6.18,72.0,7.4,5.5,3.2,2.16,No,Online,Poor,Poor,No,2,Middle,3.3,A,0.53,1,Positive,4.8,2.6,3.7,3.4,2.4,3.9,3.1
21,Male,7.39,60.5,7.3,2.3,3.7,1.81,Yes,Offline,Poor,Average,No,2,High,3.5,A,0.89,1,Positive,3.0,4.1,4.5,4.3,2.7,5.0,4.7
20,Female,6.04,80.2,6.5,7.8,6.4,2.06,No,Offline,Average,Poor,Yes,2,High,2.9,A,0.68,0,Positive,3.4,3.6,4.4,3.1,3.4,3.0,2.2
18,Male,2.66,68.6,7.9,6.4,3.8,1.69,No,Online,Good,Good,No,2,Low,2.6,B,0.34,2,Negative,2.1,3.8,3.2,1.6,3.9,5.0,2.4
17,Female,6.49,65.5,7.9,6.8,5.4,2.17,No,Online,Poor,Good,No,2,Low,3.1,A,0.51,0,Neutral,3.2,3.1,4.1,1.7,2.5,3.9,3.3
21,Female,2.54,69.3,7.1,4.7,2.5,2.06,No,Hybrid,Average,Excellent,No,1,Low,4.9,A,0.63,2,Negative,3.5,2.8,4.2,2.5,2.2,3.2,3.2
21,Female,3.51,79.2,8.2,3.0,1.5,1.49,No,Hybrid,Poor,Average,Yes,1,Middle,3.1,A,0.42,2,Negative,3.0,5.0,4.4,2.1,3.7,3.2,3.9
24,Female,5.08,83.7,6.1,5.6,2.7,1.74,No,Offline,Average,Good,No,2,Low,4.8,B,0.36,2,Positive,2.4,2.9,4.2,4.7,3.8,5.0,2.5
21,Female,3.28,60.6,6.8,6.4,4.5,1.7,No,Online,Average,Average,No,0,High,7.6,C,0.63,2,Neutral,2.2,3.0,5.0,1.2,2.3,4.0,1.9
26,Female,4.16,78.9,6.1,1.0,3.3,1.64,Yes,Hybrid,Average,Average,No,2,Middle,4.9,A,0.61,1,Negative,3.9,4.3,3.2,4.0,3.3,4.2,3.8
22,Female,6.96,69.7,7.5,5.3,5.1,1.92,No,Hybrid,Good,Good,No,2,Middle,2.3,A,0.68,0,Positive,3.4,2.0,2.8,2.9,4.2,5.0,2.5
24,Non-Binary,3.73,76.4,7.1,3.7,5.4,1.73,No,Offline,Good,Poor,Yes,2,Middle,5.6,B,0.81,1,Neutral,3.1,3.8,4.7,4.4,4.6,4.8,4.7
18,Female,3.16,85.1,8.1,9.5,4.1,1.58,Yes,Online,Good,Good,Yes,1,High,7.7,C,0.59,0,Positive,1.7,1.4,5.0,2.4,4.2,5.0,1.9
25,Male,2.37,82.1,8.3,5.6,3.5,2.01,No,Offline,Average,Good,No,1,Low,3.6,B,0.48,1,Negative,3.0,3.4,2.8,3.5,3.4,4.5,2.3
22,Female,10.6,90.7,7.9,1.5,4.3,1.16,No,Hybrid,Average,Excellent,No,1,Middle,1.9,A,0.67,2,Positive,2.7,4.1,4.6,3.9,2.6,4.0,3.4
18,Female,4.06,69.6,7.7,5.5,3.9,2.33,Yes,Online,Average,Average,No,1,Middle,3.4,A,0.37,0,Neutral,1.6,3.2,5.0,1.9,2.7,4.0,2.6
18,Female,5.02,79.7,7.7,5.2,3.1,1.84,No,Online,Average,Excellent,Yes,3,Middle,4.0,A,0.26,2,Positive,4.0,2.9,3.3,2.3,2.9,5.0,4.5
26,Female,5.05,83.5,9.0,5.9,3.2,2.35,Yes,Online,Good,Excellent,No,0,Middle,4.7,A,0.48,1,Neutral,3.8,3.8,2.5,1.9,3.1,5.0,2.3
17,Female,7.18,73.0,5.0,5.3,3.6,1.64,No,Offline,Good,Excellent,Yes,2,Low,2.9,A,0.43,2,Positive,3.2,1.5,4.6,3.3,3.8,4.4,3.2
21,Non-Binary,3.82,71.0,7.9,6.0,4.7,1.39,No,Offline,Average,Good,No,0,Middle,2.6,C,0.49,2,Positive,1.5,2.2,4.3,1.7,2.7,3.2,2.8
19,Male,3.16,64.0,7.1,1.8,3.1,2.12,Yes,Hybrid,Poor,Excellent,Yes,2,High,2.4,A,0.53,1,Neutral,3.9,2.5,4.2,3.1,2.7,4.7,3.4
22,Female,4.2,64.9,5.5,5.1,4.3,1.51,Yes,Online,Average,Good,No,0,Low,7.2,D,0.57,2,Positive,3.2,2.6,4.2,2.6,3.8,5.0,2.8
24,Male,3.4,97.8,6.5,7.5,2.9,1.54,No,Offline,Poor,Average,No,0,Middle,8.8,C,0.6,2,Neutral,3.2,2.3,3.6,3.6,1.7,4.4,1.8
20,Female,2.1,73.0,5.9,5.6,3.2,1.9,Yes,Offline,Average,Good,No,0,Low,5.9,C,0.38,2,Negative,3.2,2.5,4.7,2.2,3.4,3.9,2.3
20,Female,1.21,80.2,7.3,4.3,6.5,2.3,No,Online,Good,Good,Yes,2,Middle,6.5,B,0.26,1,Negative,2.3,4.9,3.4,2.9,3.1,5.0,1.9
28,Male,5.04,81.0,7.6,4.7,3.8,1.98,No,Online,Average,Excellent,Yes,2,High,2.7,A,0.23,2,Positive,3.0,2.4,2.0,3.5,2.9,5.0,2.6
24,Male,4.12,75.2,7.2,4.2,4.5,1.93,No,Offline,Good,Good,No,1,Middle,3.8,B,0.24,0,Neutral,4.1,2.8,3.0,3.2,2.1,3.5,3.1
25,Female,7.74,80.9,5.7,6.3,5.1,1.43,Yes,Offline,Average,Average,Yes,0,Middle,1.2,B,0.42,1,Neutral,1.5,4.1,1.9,2.9,2.6,3.3,3.7
20,Male,3.93,84.3,6.2,9.1,3.4,1.73,No,Offline,Good,Good,No,0,Low,5.8,B,0.31,2,Positive,4.0,2.8,3.2,2.4,3.5,4.1,1.9
19,Male,4.25,71.8,6.9,5.0,3.3,1.73,No,Hybrid,Poor,Excellent,Yes,0,High,3.6,B,0.54,2,Neutral,3.4,3.1,5.0,3.9,3.0,4.3,2.5
20,Female,7.38,91.6,6.1,5.8,1.3,1.58,Yes,Offline,Poor,Average,No,3,Middle,4.5,A,0.26,0,Positive,3.6,3.8,2.4,4.0,3.9,3.2,2.6
23,Male,1.6,81.0,5.8,3.3,2.3,1.68,No,Hybrid,Good,Average,Yes,2,Low,3.6,B,0.35,1,Neutral,2.8,2.2,2.8,3.6,3.8,4.6,4.5
18,Female,6.53,75.3,5.0,5.5,3.2,1.38,No,Online,Average,Good,Yes,2,Middle,7.3,A,0.24,1,Neutral,2.8,3.6,2.1,2.7,1.8,2.2,1.0
19,Female,3.31,76.9,6.7,5.9,1.2,1.96,No,Online,Poor,Average,No,0,Low,7.6,B,0.22,2,Positive,1.7,3.7,3.0,3.7,1.0,4.0,2.2
17,Male,2.69,91.5,8.0,2.6,4.5,1.78,Yes,Online,Average,Poor,Yes,2,High,1.0,B,0.71,0,Positive,2.7,4.4,4.4,2.8,3.1,5.0,5.0
20,Male,5.71,95.4,6.5,2.8,3.8,0.9,No,Online,Average,Average,Yes,3,Low,4.6,A,0.68,0,Neutral,3.3,3.6,1.9,4.4,2.7,4.4,3.1
24,Female,5.2,73.8,7.2,3.6,5.0,2.01,No,Online,Average,Excellent,No,1,Middle,2.3,A,0.29,2,Neutral,4.5,2.6,4.1,4.4,2.8,5.0,2.8
17,Female,2.69,83.9,5.4,3.4,5.0,2.17,No,Online,Average,Poor,No,1,Middle,5.8,B,0.41,1,Positive,3.3,3.9,3.4,1.7,3.0,4.0,3.5
22,Female,5.45,73.7,6.2,4.1,6.4,1.91,No,Online,Good,Good,Yes,0,Middle,3.0,B,0.58,1,Neutral,1.7,1.9,3.6,3.4,2.2,5.0,3.6
26,Female,8.05,69.5,8.9,4.7,4.8,1.92,No,Offline,Poor,Good,No,2,Middle,6.0,A,0.88,1,Positive,3.0,3.4,3.2,2.7,3.2,4.3,3.8
19,Female,6.6,79.1,5.4,5.5,5.4,2.04,Yes,Offline,Poor,Excellent,No,1,High,6.0,B,0.52,2,Positive,2.4,3.1,4.1,3.1,3.3,5.0,2.8
23,Male,5.2,83.8,9.8,8.3,1.8,1.62,No,Hybrid,Average,Excellent,Yes,2,Middle,1.9,A,0.28,2,Positive,2.9,2.5,4.9,3.6,2.5,4.6,3.7
28,Male,3.86,99.0,6.4,6.3,3.1,1.9,Yes,Offline,Average,Good,No,2,Low,4.0,A,0.75,1,Neutral,3.1,2.5,4.4,1.7,3.3,2.4,3.0
27,Male,4.79,70.5,5.0,5.0,2.3,2.12,No,Online,Poor,Excellent,No,3,Low,5.0,B,0.18,2,Positive,5.0,4.0,3.8,3.1,1.9,2.9,2.2
19,Male,5.92,68.4,6.9,4.3,2.4,1.8,No,Offline,Average,Poor,Yes,2,High,5.4,A,0.54,0,Negative,3.4,3.3,2.9,3.7,2.7,5.0,2.8
18,Female,4.52,58.9,7.0,6.9,6.6,1.98,No,Offline,Poor,Good,Yes,1,Middle,5.2,B,0.89,1,Negative,3.4,3.2,5.0,4.0,2.7,4.7,2.6
18,Female,5.88,65.9,7.7,5.4,3.2,1.8,No,Offline,Poor,Good,No,1,Middle,5.3,A,0.24,0,Neutral,3.5,2.8,2.9,2.0,4.4,3.8,3.4
23,Male,6.91,85.5,8.1,4.7,6.1,2.06,No,Online,Average,Average,No,1,High,3.7,A,0.53,1,Neutral,2.4,3.7,4.6,3.7,3.3,3.4,2.9
23,Female,2.01,84.8,6.5,2.0,5.1,1.77,Yes,Offline,Good,Good,Yes,2,Low,6.3,C,0.43,0,Positive,4.5,2.9,3.4,2.8,4.1,4.9,3.4
22,Male,5.3,97.6,7.6,6.1,5.1,1.7,No,Online,Poor,Average,No,3,Middle,2.3,B,0.99,2,Positive,3.4,1.7,4.4,3.5,3.0,3.7,3.8
20,Male,5.97,88.9,7.7,6.3,4.7,2.01,No,Offline,Average,Excellent,No,3,Middle,3.6,A,0.68,2,Positive,2.8,2.2,4.7,3.0,2.4,4.6,1.8
18,Female,4.43,78.0,8.1,6.0,2.0,1.99,Yes,Offline,Good,Average,Yes,3,Middle,5.2,A,0.76,1,Neutral,3.6,2.1,5.0,3.1,2.9,4.7,1.3
22,Male,3.68,86.1,9.0,5.3,3.2,1.96,Yes,Online,Average,Good,No,1,Low,6.4,A,0.68,2,Positive,4.4,1.0,2.2,2.9,2.1,4.6,2.9
21,Male,7.97,93.7,8.0,2.3,1.3,1.39,No,Offline,Average,Average,No,3,High,3.9,A,0.84,0,Positive,3.3,3.2,3.1,4.7,2.8,5.0,3.4
23,Male,4.79,63.6,7.1,5.3,5.0,2.05,No,Offline,Average,Average,Yes,2,Middle,4.3,B,0.49,0,Neutral,3.0,1.6,3.6,3.8,4.3,2.8,3.6
20,Male,4.79,60.1,7.3,4.2,4.3,1.67,No,Hybrid,Average,Excellent,No,3,Low,7.6,C,0.71,2,Neutral,3.1,2.6,4.1,2.7,3.6,4.6,4.7
20,Female,3.89,82.9,7.9,4.8,3.9,1.65,No,Hybrid,Average,Good,No,1,Low,4.3,B,0.28,0,Neutral,3.7,2.8,3.2,1.7,3.6,4.5,4.0
19,Female,4.37,84.7,5.5,2.8,4.2,2.05,Yes,Offline,Poor,Excellent,Yes,3,Low,5.2,A,0.12,2,Positive,3.5,2.5,2.1,3.6,3.8,4.6,1.9
19,Male,4.36,60.9,8.0,4.5,2.1,1.83,No,Online,Good,Average,Yes,3,High,3.4,A,1.0,0,Negative,3.2,3.0,5.0,2.7,2.9,4.7,4.6
19,Male,4.76,75.4,6.9,7.8,2.8,1.55,Yes,Online,Average,Average,Yes,1,Middle,5.6,C,0.87,2,Negative,2.8,2.2,5.0,2.2,3.0,4.7,2.6
18,Female,1.98,67.4,6.3,3.5,5.1,1.47,No,Hybrid,Average,Good,Yes,1,High,4.9,D,0.93,2,Neutral,3.3,2.2,4.4,3.2,2.9,4.4,3.3
20,Female,1.75,82.9,8.3,4.9,3.4,1.06,Yes,Hybrid,Average,Good,Yes,1,High,4.4,C,0.73,2,Negative,1.6,2.2,4.7,5.0,3.8,4.1,2.0
17,Male,3.72,93.6,8.3,5.4,5.2,1.51,No,Offline,Poor,Average,No,1,High,5.8,A,1.0,2,Neutral,4.3,3.2,3.2,2.2,2.8,4.0,2.5
18,Male,4.28,88.6,5.6,5.7,5.7,1.62,No,Offline,Poor,Good,No,2,Middle,6.9,B,0.62,0,Positive,3.1,3.0,3.5,2.5,2.0,4.5,2.4
23,Female,3.81,92.2,6.6,2.7,3.4,2.05,Yes,Offline,Average,Average,Yes,1,Middle,3.9,A,0.99,1,Neutral,1.9,5.0,4.9,2.4,2.5,3.6,3.6
19,Female,6.37,75.4,6.3,4.2,4.2,1.74,No,Online,Good,Average,Yes,2,Middle,3.7,A,0.73,0,Neutral,2.7,2.3,4.1,3.1,5.0,4.8,3.1
22,Male,4.89,72.9,4.7,4.9,4.4,2.19,Yes,Online,Poor,Average,Yes,3,Middle,5.2,A,0.82,2,Neutral,3.8,2.6,3.4,1.0,4.0,3.4,2.2
23,Female,6.39,90.1,7.9,1.0,3.5,1.55,No,Offline,Average,Good,Yes,3,Middle,4.0,A,0.56,1,Positive,4.6,2.8,3.5,4.1,2.4,4.5,4.4
22,Male,5.41,73.6,7.1,6.9,2.6,1.63,No,Offline,Good,Good,Yes,2,Low,1.0,A,0.75,1,Neutral,3.5,1.6,4.5,1.5,1.1,4.8,3.9
27,Female,0.5,80.8,5.0,7.8,4.3,1.37,No,Hybrid,Average,Good,Yes,0,High,8.6,D,0.37,0,Neutral,3.7,1.7,3.6,1.6,3.5,3.1,1.0
17,Female,5.9,86.0,7.9,5.4,3.9,1.87,No,Hybrid,Average,Good,No,2,Low,2.2,A,0.74,2,Positive,2.6,2.0,3.2,3.3,3.7,5.0,2.5
23,Female,7.83,68.7,8.8,6.1,6.0,2.39,No,Offline,Average,Average,Yes,3,Low,3.4,A,0.66,2,Neutral,4.9,2.7,4.0,2.7,4.3,5.0,1.7
27,Male,5.25,57.7,6.3,7.0,1.9,1.36,No,Offline,Poor,Excellent,No,0,Middle,5.0,C,0.87,2,Neutral,2.8,2.0,4.1,3.8,3.1,3.9,1.0
25,Male,4.83,91.8,6.6,7.2,3.5,1.58,Yes,Offline,Good,Excellent,Yes,1,Low,4.1,B,0.76,2,Positive,3.1,2.0,4.6,2.6,2.7,4.2,1.7
18,Male,2.66,78.4,7.1,7.6,4.1,1.89,Yes,Hybrid,Poor,Good,Yes,0,Low,5.9,C,0.56,2,Neutral,3.1,1.9,3.0,1.7,3.9,5.0,2.8
19,Female,5.43,88.1,8.8,2.0,4.6,2.39,No,Hybrid,Average,Poor,No,3,Low,5.1,A,0.7,0,Neutral,4.6,2.7,4.0,3.6,3.8,5.0,2.9
18,Male,2.89,84.4,6.0,2.5,5.0,1.64,Yes,Hybrid,Average,Good,Yes,2,Low,4.8,B,0.51,0,Neutral,3.4,3.0,2.3,4.7,3.9,3.5,3.5
22,Male,1.47,63.4,5.6,2.3,4.0,2.03,No,Offline,Good,Good,No,1,Middle,7.9,C,0.44,0,Negative,3.9,5.0,3.8,2.5,1.8,4.4,3.5
23,Male,5.4,82.4,7.2,5.1,6.0,1.56,No,Online,Good,Excellent,Yes,1,Middle,6.6,A,0.51,1,Neutral,2.5,3.1,5.0,1.9,4.3,4.8,2.6
19,Female,6.61,73.9,8.0,5.9,3.6,1.27,No,Offline,Good,Excellent,No,2,Middle,5.7,A,0.34,2,Positive,3.5,3.1,1.5,3.3,3.2,4.7,2.4
21,Male,4.39,77.1,6.0,5.7,5.3,1.66,No,Online,Good,Excellent,No,2,Middle,4.6,B,0.57,2,Neutral,2.5,1.1,4.2,3.1,2.9,4.9,2.4
23,Male,4.61,74.1,7.6,4.9,4.3,1.48,No,Offline,Average,Poor,Yes,1,Middle,4.9,C,0.72,0,Neutral,2.4,2.8,3.6,3.5,2.5,4.0,1.7
20,Male,3.61,79.5,5.8,5.1,4.4,1.73,No,Hybrid,Good,Excellent,Yes,1,Middle,5.0,B,0.23,2,Negative,3.7,2.2,3.3,1.1,4.3,4.8,3.4
25,Female,8.13,83.0,6.6,3.0,2.9,1.65,No,Offline,Average,Good,No,1,Low,5.2,A,0.73,1,Neutral,2.7,3.3,3.4,5.0,1.7,3.8,2.7
24,Female,5.71,71.7,7.0,4.8,5.5,1.73,No,Hybrid,Average,Excellent,Yes,1,Low,6.6,B,0.36,1,Positive,2.4,3.5,3.3,2.7,1.2,4.0,4.0
17,Female,4.27,86.4,9.3,4.5,2.7,1.74,Yes,Hybrid,Good,Good,No,0,High,1.0,B,0.75,1,Positive,4.3,2.9,4.8,4.9,1.6,4.4,4.0
22,Female,4.36,99.3,7.9,6.7,4.4,1.87,No,Hybrid,Average,Average,Yes,1,Middle,5.1,B,0.57,2,Positive,2.2,2.4,2.6,2.0,4.1,4.6,3.4
19,Female,5.22,78.2,6.0,4.4,5.1,1.0,No,Online,Average,Good,Yes,1,Low,2.1,C,0.61,0,Positive,4.9,2.8,4.0,2.0,2.6,5.0,3.2
21,Male,7.13,94.8,7.6,1.0,5.0,1.57,Yes,Hybrid,Poor,Average,Yes,3,High,3.9,A,0.19,0,Positive,4.1,3.1,5.0,4.5,1.0,3.4,3.2
27,Female,3.87,78.5,5.3,2.8,6.5,1.53,No,Offline,Average,Average,No,0,Middle,4.4,B,0.49,0,Neutral,4.7,1.4,3.5,2.7,2.6,3.7,4.2
25,Male,3.19,75.8,6.3,5.4,1.2,1.92,Yes,Offline,Average,Excellent,Yes,2,Low,3.3,B,0.59,1,Positive,2.3,2.5,3.0,3.2,4.1,3.6,2.3
20,Male,5.56,71.0,5.1,1.0,3.8,1.88,Yes,Offline,Average,Poor,Yes,4,High,4.8,A,0.78,0,Neutral,3.7,2.5,4.2,4.4,1.8,5.0,2.8
19,Female,4.7,92.6,9.6,1.0,2.8,2.01,Yes,Offline,Good,Average,No,2,Middle,2.7,A,0.61,0,Positive,3.2,1.5,4.1,2.5,3.2,5.0,3.0
19,Male,2.02,78.4,4.1,7.2,1.9,2.04,Yes,Offline,Average,Average,Yes,0,High,6.0,C,0.78,2,Positive,3.9,2.6,3.7,2.1,2.1,2.8,1.3
21,Male,4.69,71.7,6.4,4.6,5.3,1.64,No,Hybrid,Average,Good,Yes,2,Low,3.1,B,0.09,1,Neutral,2.5,1.5,3.4,3.6,5.0,4.7,2.9
18,Male,4.32,90.4,6.7,5.1,4.2,1.43,No,Hybrid,Average,Excellent,Yes,1,Low,4.4,A,0.42,2,Neutral,4.1,2.8,5.0,4.0,2.4,5.0,2.4
21,Female,4.13,76.9,5.9,4.1,5.8,1.53,No,Online,Good,Average,No,1,Middle,6.3,B,0.9,0,Positive,3.6,2.3,5.0,2.4,1.6,3.5,2.8
17,Male,5.23,82.6,8.3,3.4,4.7,1.53,No,Offline,Poor,Average,No,2,Low,3.8,B,0.55,1,Positive,2.8,1.9,4.3,2.9,3.1,4.9,3.6
19,Female,5.41,62.1,6.0,5.7,1.9,1.47,Yes,Hybrid,Poor,Excellent,Yes,3,Low,6.5,C,0.37,2,Neutral,1.5,3.2,4.1,3.3,2.6,3.5,1.4
19,Female,8.27,71.6,5.7,6.4,4.7,2.08,No,Offline,Average,Excellent,Yes,1,High,3.7,A,0.63,2,Neutral,4.0,3.0,5.0,2.7,2.2,3.7,3.3
28,Female,6.18,76.3,7.4,4.1,4.0,2.15,Yes,Offline,Good,Poor,No,1,Low,3.9,A,0.45,0,Positive,2.9,3.3,3.4,3.1,3.6,4.7,2.0
23,Male,6.6,85.7,7.0,1.9,4.1,1.67,Yes,Hybrid,Good,Good,No,2,High,3.1,A,0.74,2,Positive,2.2,2.8,3.0,2.9,2.9,5.0,3.7
20,Female,4.04,85.1,4.5,5.6,3.8,2.13,No,Offline,Good,Good,Yes,2,Middle,5.1,A,0.77,0,Positive,2.5,1.8,4.9,2.4,2.4,3.5,2.2
18,Male,4.94,81.9,6.3,6.4,4.2,1.54,No,Online,Good,Good,Yes,3,High,6.4,C,0.65,2,Positive,3.6,2.1,2.8,3.6,2.3,5.0,1.5
21,Male,3.6,74.2,6.6,2.5,6.2,1.27,Yes,Offline,Good,Good,Yes,1,Middle,4.5,B,0.62,1,Neutral,2.9,3.0,3.3,4.0,2.0,5.0,3.0
19,Male,3.56,93.2,9.8,7.8,5.7,1.09,No,Online,Poor,Excellent,No,0,Middle,6.2,C,0.41,2,Positive,3.2,1.2,4.1,1.6,2.9,4.8,3.4
21,Female,6.59,77.6,7.1,6.1,0.5,1.99,No,Offline,Poor,Poor,No,4,Middle,4.5,A,0.48,0,Positive,3.3,2.9,2.9,5.0,2.8,4.7,3.7
24,Male,9.25,77.5,10.0,8.4,3.7,1.74,No,Online,Good,Average,Yes,2,Middle,5.1,A,0.66,0,Positive,2.0,3.4,5.0,4.0,2.5,5.0,4.0
22,Male,6.32,65.2,6.0,4.1,4.2,0.99,No,Hybrid,Average,Average,Yes,3,Middle,4.0,B,0.27,0,Negative,3.6,2.6,3.0,3.1,2.8,5.0,3.3
22,Male,5.74,88.3,6.0,2.6,5.8,2.04,Yes,Online,Poor,Good,Yes,1,Low,6.0,A,0.46,1,Positive,3.6,3.1,2.2,3.0,1.9,2.8,2.8
21,Male,6.0,89.0,7.7,5.5,1.5,1.97,No,Hybrid,Average,Excellent,Yes,1,Low,5.4,A,0.71,2,Positive,5.0,4.2,3.9,3.4,3.2,3.9,3.6
26,Female,6.52,92.0,8.9,7.5,2.4,1.29,No,Hybrid,Poor,Good,Yes,1,Low,7.3,A,0.89,0,Neutral,3.7,2.9,3.2,2.9,2.1,4.0,2.9
26,Female,4.78,73.0,4.7,4.1,4.3,2.13,No,Online,Average,Poor,No,3,Middle,1.6,A,0.81,0,Positive,3.3,3.1,3.7,2.7,5.0,3.8,2.3
21,Female,4.82,93.0,7.3,3.5,5.4,2.13,Yes,Offline,Poor,Good,Yes,4,Middle,4.5,A,0.81,0,Positive,1.4,2.5,4.6,2.6,2.8,3.1,3.1
19,Male,6.18,83.9,5.5,4.5,6.2,2.11,No,Offline,Poor,Good,No,1,Low,5.8,A,0.13,1,Neutral,3.7,3.6,3.7,3.0,2.7,3.7,1.7
20,Male,8.12,60.0,7.6,4.4,0.9,1.66,Yes,Offline,Average,Excellent,Yes,2,Middle,4.9,A,0.77,1,Positive,4.9,2.9,4.5,4.5,3.7,4.7,2.7
18,Non-Binary,5.1,81.5,5.9,3.6,5.9,1.64,No,Online,Average,Good,No,2,High,3.8,A,0.72,1,Positive,2.5,3.2,4.2,4.1,3.5,4.1,3.7
22,Male,1.65,74.8,7.5,2.3,2.2,1.62,Yes,Offline,Average,Good,No,0,Middle,3.7,C,0.41,1,Positive,1.5,1.0,2.4,4.4,1.4,3.7,2.2
21,Female,6.49,85.6,7.0,7.5,3.1,1.53,No,Hybrid,Poor,Good,Yes,2,High,5.9,A,0.61,0,Positive,2.3,3.2,4.6,3.7,3.8,3.8,3.8
18,Male,5.34,70.0,5.9,2.4,3.8,2.3,Yes,Online,Average,Good,No,3,High,3.3,A,0.69,1,Neutral,3.8,3.3,4.3,4.0,2.1,3.8,3.3
18,Female,3.37,66.7,8.9,1.8,4.1,2.17,No,Hybrid,Average,Good,Yes,1,Low,3.1,A,0.35,1,Neutral,2.6,2.7,3.3,3.9,2.5,4.8,3.8
21,Male,3.29,76.4,8.0,1.2,4.3,1.59,No,Online,Poor,Average,No,3,High,6.5,A,0.9,0,Neutral,2.2,4.0,3.9,3.1,2.3,4.8,3.7
25,Male,1.0,100.0,6.1,6.0,4.2,1.25,No,Online,Poor,Excellent,No,0,Low,4.6,D,0.66,1,Neutral,3.3,2.9,3.8,2.5,2.8,2.7,3.3
21,Female,3.4,75.4,5.6,2.6,5.0,2.32,No,Offline,Average,Good,Yes,2,High,5.1,A,0.58,2,Positive,3.2,3.9,3.6,3.2,4.1,4.2,3.7
23,Female,4.5,73.6,6.3,5.3,4.3,1.83,No,Online,Average,Good,No,1,Middle,3.3,B,0.79,0,Neutral,4.4,2.1,4.3,2.8,2.1,3.4,3.3
20,Male,5.95,70.5,5.8,4.1,2.8,1.71,Yes,Hybrid,Good,Excellent,No,1,Middle,3.2,B,0.5,2,Neutral,2.6,2.5,2.1,2.8,2.4,4.6,2.5
21,Female,4.83,63.9,6.4,3.8,3.0,2.17,No,Offline,Poor,Excellent,No,3,Middle,4.1,A,0.59,2,Neutral,3.1,2.6,5.0,3.1,2.9,5.0,2.8
20,Female,2.98,70.7,8.6,5.6,7.8,2.03,No,Offline,Average,Excellent,No,2,High,6.1,B,0.3,2,Neutral,1.0,2.0,3.9,2.6,3.4,4.0,2.9
22,Male,4.12,86.8,5.3,5.7,6.0,1.89,No,Hybrid,Poor,Excellent,Yes,1,Middle,5.1,A,0.8,1,Positive,2.5,2.4,3.7,2.5,3.3,3.3,2.2
17,Male,5.03,65.7,7.6,6.8,5.0,1.76,No,Hybrid,Poor,Average,No,1,Middle,6.9,B,0.13,2,Neutral,3.3,3.1,2.9,3.5,2.9,4.4,2.7
21,Male,6.1,73.1,8.3,10.0,3.6,1.9,No,Hybrid,Average,Good,No,2,Low,2.8,A,0.75,2,Neutral,2.7,1.4,4.9,2.3,2.2,5.0,2.1
19,Male,5.51,75.0,6.3,6.0,1.4,1.91,No,Offline,Poor,Good,No,0,High,3.3,B,0.45,2,Neutral,1.0,2.9,3.0,2.2,3.1,4.5,2.9
19,Female,6.63,85.2,8.0,6.7,3.6,2.04,Yes,Online,Average,Average,No,0,Low,3.6,A,0.47,0,Positive,3.6,1.0,2.8,2.4,5.0,5.0,2.1
27,Male,1.14,78.6,8.3,6.2,4.1,2.39,No,Hybrid,Good,Excellent,Yes,3,Middle,5.4,B,0.12,1,Negative,3.5,2.9,2.2,2.0,2.3,3.9,3.4
18,Male,5.35,75.6,10.0,6.7,2.4,1.7,No,Offline,Good,Good,Yes,1,Middle,3.2,A,0.3,0,Neutral,2.1,2.8,3.6,2.1,4.2,4.8,3.1
19,Male,5.52,99.5,6.4,3.4,3.4,1.74,Yes,Online,Average,Good,No,3,Middle,1.0,A,0.75,0,Positive,3.7,2.6,4.5,3.5,3.2,4.1,4.2
21,Female,3.08,95.4,7.4,7.5,5.4,1.77,No,Offline,Poor,Excellent,No,0,Middle,2.5,B,0.39,2,Positive,1.7,1.9,3.8,2.9,3.4,4.4,2.6
25,Male,5.35,85.7,6.4,6.5,3.7,2.01,Yes,Online,Poor,Average,No,2,High,4.4,B,0.64,0,Neutral,2.3,3.3,4.6,2.2,2.7,3.3,3.3
20,Male,3.92,70.8,5.6,2.1,2.8,2.18,No,Online,Average,Good,No,2,High,5.1,A,0.49,2,Negative,4.4,2.3,4.9,4.1,1.2,5.0,3.0
23,Male,2.54,79.9,8.1,6.1,3.4,2.0,Yes,Hybrid,Good,Good,No,1,Middle,4.0,C,0.76,0,Neutral,4.3,3.9,3.9,1.4,3.8,4.8,3.8
25,Female,2.39,59.7,8.8,3.7,3.1,2.02,No,Hybrid,Average,Average,No,4,High,5.3,A,0.87,1,Neutral,3.7,2.9,3.7,3.0,1.5,4.6,4.2
19,Male,6.02,61.3,5.8,5.1,2.1,1.66,No,Hybrid,Average,Average,No,1,High,1.6,A,0.89,1,Positive,2.4,2.3,3.6,2.1,3.2,3.4,2.8
20,Female,6.1,70.8,6.2,4.9,5.4,1.98,No,Hybrid,Poor,Excellent,No,3,High,4.1,A,0.39,2,Positive,3.4,1.4,3.2,4.5,2.0,4.7,3.5
20,Male,7.12,78.2,4.7,5.1,3.0,2.1,No,Hybrid,Good,Good,No,3,High,3.8,A,0.8,0,Positive,3.5,3.3,5.0,3.6,4.2,4.6,2.3
24,Male,6.44,83.7,7.1,9.0,2.2,1.51,No,Hybrid,Good,Excellent,No,5,Middle,4.8,A,0.93,2,Neutral,1.3,2.2,4.9,3.5,2.4,3.6,1.2
17,Female,5.92,75.8,8.1,5.3,3.4,1.74,Yes,Offline,Average,Good,Yes,1,Low,2.4,A,0.26,1,Positive,1.9,3.2,1.0,3.8,3.2,4.7,3.1
19,Male,2.85,64.5,6.3,6.4,5.6,1.31,No,Online,Average,Average,Yes,0,Middle,4.4,D,0.42,1,Positive,4.1,3.6,3.8,4.1,1.3,4.4,3.0
22,Female,4.57,77.8,7.3,7.0,4.7,1.79,No,Offline,Good,Average,Yes,3,Middle,5.1,A,0.52,0,Negative,1.0,1.8,4.2,2.6,1.7,5.0,1.0
21,Female,4.43,77.8,6.5,3.2,2.7,1.77,No,Hybrid,Good,Average,Yes,2,High,1.5,A,0.59,1,Negative,3.1,2.7,3.5,3.9,2.1,4.6,3.3
20,Female,8.96,85.1,5.9,3.2,4.7,1.82,No,Offline,Good,Excellent,Yes,2,Middle,2.5,A,0.35,2,Positive,3.0,2.2,3.2,3.7,3.2,4.9,4.2
21,Female,3.25,88.6,6.4,2.3,6.2,1.46,No,Hybrid,Good,Poor,No,3,High,5.8,A,0.56,1,Neutral,2.2,2.6,3.2,2.5,3.8,4.3,3.5
18,Male,2.42,85.2,8.6,5.5,2.3,1.73,No,Online,Average,Excellent,No,1,Middle,4.9,B,0.49,2,Neutral,3.0,3.5,2.6,2.7,2.7,3.7,2.2
20,Male,2.98,92.5,8.8,5.7,2.3,1.27,Yes,Hybrid,Average,Excellent,Yes,1,Middle,5.2,B,0.3,2,Negative,3.0,3.3,3.0,3.7,1.6,4.3,3.4
21,Female,6.97,84.8,6.9,1.0,7.0,1.93,Yes,Online,Good,Excellent,No,3,Low,5.0,A,0.7,2,Positive,3.1,3.4,5.0,3.7,2.4,5.0,3.9
25,Female,3.72,80.1,6.3,4.2,5.1,1.84,No,Offline,Poor,Good,No,2,High,5.5,B,0.33,2,Neutral,2.9,3.3,3.2,2.4,3.2,4.8,4.2
19,Female,6.43,89.8,4.9,5.1,2.5,1.83,Yes,Hybrid,Average,Excellent,Yes,2,Low,3.5,A,0.46,1,Positive,3.6,4.2,3.1,2.9,3.9,3.2,3.3
25,Male,3.97,83.5,8.1,5.3,3.4,1.26,No,Online,Average,Average,No,1,Low,3.3,B,0.4,2,Neutral,3.7,2.4,2.5,2.0,3.7,3.3,2.4
22,Male,7.03,63.8,8.3,2.3,3.8,2.27,Yes,Hybrid,Poor,Poor,Yes,2,Middle,7.4,A,0.59,0,Positive,2.1,3.8,2.1,3.5,2.9,3.7,2.9
17,Female,1.93,87.3,6.0,3.5,2.6,1.36,No,Hybrid,Poor,Average,No,1,High,5.4,C,0.42,2,Neutral,4.0,3.5,3.7,2.0,4.0,2.8,3.5
23,Male,4.09,85.8,7.4,6.1,3.4,1.42,Yes,Online,Poor,Excellent,Yes,1,Middle,5.4,B,0.53,2,Neutral,2.8,2.0,4.6,3.0,4.2,5.0,1.6
17,Male,6.16,70.0,7.4,5.7,2.7,2.21,Yes,Offline,Poor,Poor,No,1,High,4.9,A,0.72,1,Neutral,1.0,2.6,4.6,3.6,3.7,4.5,2.8
29,Male,4.52,88.6,7.5,5.0,5.7,2.18,No,Hybrid,Average,Good,No,1,Low,2.6,A,0.55,0,Neutral,2.5,2.2,3.0,4.3,1.1,5.0,3.2
25,Female,3.2,67.7,9.3,3.8,4.6,2.39,Yes,Offline,Good,Poor,Yes,2,Middle,3.5,A,0.29,0,Positive,2.9,4.1,3.9,3.4,1.0,5.0,2.4
19,Male,7.83,100.0,6.7,6.3,5.1,1.95,No,Offline,Poor,Average,No,2,Middle,5.9,A,0.25,2,Positive,1.5,1.6,3.0,3.1,2.3,3.5,1.3
19,Female,2.2,56.8,8.4,6.7,2.1,2.34,Yes,Hybrid,Good,Poor,Yes,0,High,3.7,B,0.53,0,Neutral,2.9,1.0,2.8,1.5,1.7,3.5,2.2
20,Male,3.3,83.6,8.7,3.6,5.3,1.98,No,Online,Average,Excellent,No,1,Middle,4.8,A,0.84,2,Neutral,2.7,1.7,2.2,3.1,4.8,5.0,4.7
20,Female,7.23,73.0,8.3,5.1,7.0,2.24,No,Online,Average,Good,No,2,Low,5.0,A,0.35,1,Positive,3.3,2.3,3.0,2.7,3.2,4.2,3.3
20,Female,8.37,76.2,7.3,4.4,2.3,2.04,No,Online,Average,Excellent,No,2,Middle,3.9,A,0.26,2,Positive,2.6,3.1,5.0,4.6,2.3,5.0,3.6
19,Male,4.97,86.5,7.8,5.7,4.0,2.12,Yes,Offline,Average,Good,Yes,2,High,3.9,A,0.66,1,Positive,2.9,1.5,3.1,2.6,3.5,3.0,1.7
22,Female,2.49,87.0,7.2,8.4,4.6,1.68,Yes,Offline,Poor,Excellent,Yes,0,Middle,8.3,D,0.66,1,Neutral,4.0,2.4,3.2,3.3,1.4,3.6,1.9
18,Male,2.44,88.7,9.0,5.8,1.3,1.8,Yes,Online,Poor,Good,No,0,Low,5.1,C,0.69,1,Negative,3.3,2.9,4.4,2.7,4.1,4.2,2.6
24,Male,3.27,92.3,9.2,6.3,3.5,1.69,No,Online,Poor,Good,Yes,1,Middle,1.0,A,0.6,2,Neutral,3.3,2.3,2.9,2.1,4.3,4.6,3.7
24,Female,4.8,69.2,6.1,8.3,6.3,2.07,Yes,Offline,Poor,Good,No,1,Low,8.5,C,0.12,2,Positive,2.7,2.1,3.1,2.8,2.5,3.6,1.5
21,Male,7.63,77.9,7.7,8.1,2.7,2.01,No,Offline,Poor,Good,No,3,Middle,2.0,A,0.44,0,Positive,2.0,2.7,2.8,2.9,2.9,4.3,3.9
25,Male,6.78,76.8,7.0,5.3,3.4,2.26,Yes,Online,Average,Excellent,No,3,Low,3.9,A,0.12,2,Neutral,3.6,2.9,1.6,3.0,2.4,4.1,2.1
19,Male,6.89,80.5,6.3,5.1,3.1,1.71,Yes,Offline,Average,Good,Yes,3,Low,1.9,A,0.45,1,Positive,2.0,2.8,2.2,4.2,3.3,5.0,3.3
17,Male,4.0,59.4,5.9,3.2,3.8,1.11,No,Offline,Poor,Excellent,No,2,Middle,5.0,C,0.52,2,Neutral,4.6,1.4,3.7,3.2,2.5,4.4,3.5
22,Female,6.46,91.3,10.0,3.6,2.3,2.28,No,Online,Poor,Good,No,1,Low,3.6,A,0.58,0,Neutral,1.9,2.5,5.0,3.2,3.1,5.0,3.6
20,Male,6.57,85.0,7.8,4.0,2.9,1.65,No,Offline,Average,Average,No,2,Low,3.8,A,0.47,2,Neutral,2.8,2.0,3.2,4.6,3.2,4.8,1.7
21,Female,6.67,88.2,6.6,7.8,3.2,1.86,Yes,Offline,Poor,Good,No,0,High,3.8,B,0.81,2,Positive,4.0,2.8,5.0,3.8,1.7,4.5,2.0
25,Female,4.96,84.7,8.1,6.0,1.7,1.5,No,Hybrid,Average,Average,Yes,1,Low,7.1,A,0.83,1,Positive,2.9,2.2,3.0,2.2,4.7,3.7,2.1
27,Male,4.18,72.6,6.8,3.3,3.9,1.67,No,Online,Poor,Good,Yes,2,Middle,4.2,A,0.7,0,Negative,3.4,4.2,3.9,2.9,3.9,4.5,2.2
22,Male,7.2,70.7,8.5,7.5,6.6,2.17,Yes,Offline,Average,Good,Yes,3,High,5.3,A,0.64,1,Positive,3.2,3.3,3.0,2.6,2.9,4.4,2.3
23,Female,8.1,73.2,7.0,6.9,5.4,1.22,No,Hybrid,Poor,Excellent,No,2,Low,3.9,A,0.55,2,Positive,1.5,3.5,3.2,5.0,2.0,5.0,1.7
18,Male,4.56,63.7,5.2,6.2,4.2,1.49,No,Offline,Average,Poor,Yes,3,Low,7.0,C,0.58,0,Positive,2.0,2.3,3.0,2.8,3.2,3.9,1.1
18,Male,5.7,71.1,8.0,9.7,3.1,1.79,No,Hybrid,Average,Poor,No,2,Middle,1.0,A,0.52,1,Neutral,2.7,1.5,4.8,2.5,4.2,5.0,2.5
23,Male,7.17,76.3,7.9,7.0,4.7,1.37,No,Offline,Poor,Poor,No,1,Middle,3.1,A,0.65,1,Neutral,2.9,2.2,3.6,2.8,1.2,2.1,3.0
20,Female,8.03,80.8,4.9,5.2,2.0,1.54,No,Offline,Good,Average,No,1,Middle,3.1,A,0.48,1,Positive,3.7,3.5,3.6,2.7,2.3,4.3,3.4
20,Female,8.49,73.2,7.9,4.3,4.9,1.57,No,Online,Average,Excellent,Yes,3,High,3.1,A,0.86,2,Positive,3.1,3.8,5.0,4.8,3.1,4.5,3.6
19,Male,5.07,97.9,7.6,3.3,6.3,1.41,Yes,Online,Average,Excellent,No,1,Low,6.1,C,0.46,1,Positive,2.9,2.8,4.0,3.4,4.5,4.6,3.1
22,Male,7.53,73.4,7.4,4.9,5.4,2.38,No,Online,Average,Good,No,3,Middle,4.4,A,0.51,0,Positive,2.6,3.7,4.3,4.7,3.0,4.4,3.8
18,Female,2.64,81.6,6.9,2.0,2.9,1.76,No,Offline,Average,Excellent,Yes,0,High,4.3,B,0.57,2,Neutral,3.8,3.0,2.8,3.1,2.8,5.0,3.4
22,Female,0.66,81.9,9.4,9.5,4.1,1.53,No,Offline,Good,Average,Yes,1,Low,5.1,B,0.18,1,Negative,2.3,2.2,4.2,1.4,3.3,5.0,2.5
18,Female,4.16,64.4,7.6,5.3,4.3,2.03,No,Online,Average,Poor,No,1,Low,8.2,B,0.22,0,Positive,1.9,2.3,4.4,2.0,4.0,4.5,2.3
17,Female,5.71,82.7,4.6,8.5,4.7,1.52,No,Online,Average,Poor,Yes,0,Middle,7.0,D,0.26,0,Positive,2.8,3.8,4.3,2.3,3.1,4.6,2.9
20,Male,2.03,61.3,7.1,1.9,4.9,1.72,Yes,Offline,Poor,Excellent,Yes,1,High,2.2,C,0.68,2,Negative,3.8,4.7,4.8,3.1,2.3,3.5,3.8
19,Female,4.72,73.8,7.5,6.6,2.9,2.04,No,Hybrid,Average,Good,Yes,3,Low,5.2,A,0.14,0,Negative,2.4,3.1,3.4,3.3,3.8,4.2,2.0
25,Male,5.36,72.6,7.2,4.9,4.7,1.65,Yes,Offline,Good,Good,Yes,4,Middle,5.2,A,0.73,1,Neutral,3.2,2.6,5.0,3.6,3.9,4.6,2.5
17,Male,4.96,74.3,8.1,5.1,5.4,1.58,No,Hybrid,Average,Average,No,2,Low,6.3,B,0.54,0,Positive,2.1,1.4,3.5,3.3,4.6,4.9,2.7
18,Female,5.54,84.4,6.8,1.0,4.3,2.39,Yes,Offline,Average,Average,No,2,Middle,4.5,A,0.63,2,Neutral,2.2,3.4,4.7,3.7,3.3,2.4,4.1
21,Male,7.22,93.0,6.4,5.1,2.3,1.87,Yes,Hybrid,Average,Excellent,Yes,2,Low,2.2,A,0.58,2,Positive,4.4,3.2,4.2,4.0,2.7,4.6,3.6
21,Non-Binary,4.49,81.9,5.3,5.3,6.4,1.18,Yes,Hybrid,Poor,Poor,No,1,Middle,8.2,D,0.66,0,Negative,1.0,1.6,4.3,3.4,2.5,3.3,1.9
17,Male,4.09,86.9,7.6,5.4,6.6,2.0,No,Offline,Average,Good,Yes,1,Middle,3.9,A,0.73,2,Neutral,2.3,4.1,4.9,3.7,2.3,5.0,3.2
17,Female,6.09,74.0,8.4,5.3,7.3,2.07,Yes,Online,Average,Average,No,3,High,5.3,A,0.61,1,Positive,1.3,3.8,4.2,3.6,1.8,5.0,2.6
28,Female,7.11,70.7,7.0,4.2,5.6,1.29,Yes,Online,Average,Poor,No,2,High,6.7,B,0.76,0,Positive,2.2,2.1,5.0,5.0,3.2,4.3,2.0
22,Male,4.15,81.0,6.2,6.7,1.9,1.6,No,Online,Good,Good,No,1,High,5.2,C,0.2,2,Neutral,3.8,2.6,4.4,2.3,5.0,2.9,2.3
20,Female,7.7,69.7,6.4,7.2,3.7,1.79,Yes,Hybrid,Poor,Average,No,1,Low,4.7,A,0.75,2,Neutral,4.5,2.6,3.5,3.4,5.0,3.8,2.2
21,Male,6.47,81.5,7.1,6.8,6.9,1.83,No,Hybrid,Average,Good,No,2,Low,5.7,A,0.17,2,Neutral,1.7,2.4,3.5,5.0,1.7,3.4,1.8
19,Female,4.26,90.2,5.3,4.4,3.8,1.92,No,Offline,Good,Good,Yes,0,Middle,5.0,B,0.59,2,Neutral,3.7,3.0,2.4,2.8,3.4,4.3,3.9
20,Male,4.94,92.9,7.0,4.1,4.8,1.89,Yes,Hybrid,Poor,Good,No,1,Middle,6.8,A,0.6,2,Positive,1.7,2.4,4.4,4.4,2.9,4.2,2.2
22,Female,3.45,94.1,4.4,2.7,2.2,1.28,No,Offline,Poor,Good,No,2,Middle,7.2,C,0.6,1,Positive,2.3,3.0,1.5,3.0,2.7,3.6,2.7
25,Male,6.36,69.3,6.0,5.4,4.9,1.92,Yes,Hybrid,Average,Good,No,4,Low,2.6,A,0.52,2,Positive,3.3,2.8,4.6,3.2,3.3,4.0,4.1
18,Male,5.21,86.5,8.2,7.0,4.2,1.33,No,Offline,Poor,Average,Yes,1,Middle,5.4,B,0.4,1,Positive,1.2,2.0,2.3,2.8,4.7,4.2,2.1
24,Male,8.93,82.3,7.9,4.6,3.6,2.23,Yes,Online,Average,Good,Yes,1,Low,5.3,A,0.65,1,Positive,2.3,3.4,3.4,3.7,3.7,4.3,2.3
18,Male,0.53,77.9,6.9,4.3,3.2,1.79,No,Online,Poor,Good,Yes,2,Middle,8.4,C,0.54,0,Positive,2.9,2.9,4.9,3.3,3.8,5.0,2.1
19,Female,2.6,70.2,7.6,4.3,3.9,1.71,No,Offline,Poor,Poor,Yes,0,Low,6.4,C,0.14,0,Neutral,1.0,2.5,3.4,3.4,1.7,4.8,2.6
17,Female,3.99,81.9,7.5,6.9,4.6,2.13,Yes,Hybrid,Good,Excellent,No,1,High,4.6,A,0.76,2,Neutral,2.2,1.7,3.8,1.9,3.4,4.2,2.9
18,Female,6.04,92.9,5.1,2.4,6.4,1.77,Yes,Offline,Poor,Good,Yes,3,Low,6.1,A,0.72,2,Positive,2.5,3.6,3.3,3.8,3.0,2.5,2.6
26,Male,4.29,81.6,6.3,2.8,5.0,2.23,No,Offline,Average,Excellent,Yes,3,High,3.2,A,0.42,2,Neutral,2.3,3.2,4.7,4.2,4.3,5.0,2.7
20,Female,3.59,79.2,9.1,5.6,2.7,1.8,Yes,Online,Average,Excellent,Yes,1,High,2.9,B,0.65,2,Positive,2.5,2.1,3.4,1.3,1.9,5.0,2.9
17,Male,5.84,95.8,6.8,2.6,2.6,1.56,No,Offline,Average,Good,No,2,High,5.0,A,0.51,2,Positive,3.3,2.9,4.2,3.7,1.6,3.6,3.8
27,Female,4.17,79.0,7.4,3.3,5.1,1.77,No,Hybrid,Average,Good,No,3,High,3.1,A,0.69,1,Neutral,3.2,2.7,3.7,3.4,3.7,3.1,3.7
25,Non-Binary,5.48,81.0,6.3,6.2,4.8,1.35,No,Online,Average,Good,Yes,1,Low,9.1,B,0.69,0,Positive,4.3,3.2,4.1,3.7,4.0,4.1,2.8
23,Male,6.77,97.2,6.5,8.3,5.5,2.32,No,Online,Average,Good,Yes,3,Middle,3.7,A,0.44,2,Positive,2.7,3.5,4.1,3.2,3.4,4.3,3.0
26,Male,6.93,99.9,7.1,5.7,5.9,1.31,Yes,Hybrid,Average,Excellent,Yes,1,High,5.5,B,0.72,2,Positive,1.5,2.5,3.9,3.5,4.9,4.7,2.2
19,Male,1.93,81.6,6.6,3.4,2.5,1.73,Yes,Online,Average,Good,No,1,Low,5.1,C,0.11,2,Neutral,1.0,3.3,2.1,2.6,2.2,5.0,3.6
24,Female,3.55,79.4,6.6,4.1,6.6,1.61,Yes,Offline,Average,Average,No,1,Middle,7.8,C,0.37,0,Positive,4.3,3.4,3.0,3.2,2.7,4.1,3.2
23,Female,5.88,75.8,9.6,6.4,2.5,1.95,Yes,Online,Average,Good,No,2,Middle,3.9,A,0.28,2,Positive,2.9,1.6,2.3,3.3,1.2,4.2,3.1
25,Female,4.66,73.2,6.1,7.1,4.4,1.75,No,Hybrid,Good,Excellent,Yes,1,Middle,5.4,C,0.59,2,Neutral,3.3,2.5,2.6,4.1,2.5,5.0,2.6
24,Male,3.49,76.1,10.0,8.1,2.1,2.15,No,Offline,Average,Good,Yes,2,High,3.6,A,0.74,2,Negative,3.8,2.6,5.0,1.7,2.4,4.5,4.0
20,Female,6.2,89.2,8.8,3.4,5.6,1.78,No,Online,Good,Good,Yes,0,Middle,2.4,A,0.57,1,Positive,3.2,3.4,4.1,2.6,3.3,5.0,2.9
24,Female,5.18,96.5,3.7,5.6,2.7,1.84,No,Offline,Poor,Good,No,1,Low,4.4,B,0.82,2,Positive,4.2,2.5,3.2,2.5,3.6,3.2,2.0
19,Male,5.91,72.8,6.7,6.1,5.2,1.62,Yes,Offline,Average,Average,Yes,1,High,5.7,B,0.38,1,Positive,3.7,1.5,5.0,2.8,2.7,4.6,1.8
19,Female,6.78,79.1,9.4,3.6,3.4,1.88,Yes,Offline,Average,Average,Yes,1,Low,1.2,A,0.64,0,Neutral,4.0,3.4,4.1,3.8,4.1,4.1,3.3
18,Male,4.27,84.0,7.2,5.6,2.7,1.84,No,Hybrid,Average,Good,No,2,High,5.1,A,0.58,2,Neutral,2.2,2.9,4.5,3.8,3.1,4.8,4.0
26,Male,7.03,81.9,5.9,5.4,5.4,1.47,No,Online,Average,Good,No,4,High,3.5,A,0.51,0,Positive,3.8,3.4,5.0,3.5,5.0,4.8,2.4
19,Female,5.37,73.4,7.2,1.6,4.6,2.11,Yes,Hybrid,Average,Good,No,1,High,4.1,A,1.0,0,Positive,3.4,1.6,5.0,3.2,2.8,4.9,3.5
21,Male,5.54,68.4,7.8,5.7,3.1,1.71,Yes,Hybrid,Average,Good,Yes,2,Middle,1.0,A,0.39,2,Neutral,2.0,2.7,4.2,2.0,3.9,4.4,3.3
20,Female,7.04,63.3,6.5,3.3,4.7,1.37,Yes,Online,Good,Good,No,1,Middle,4.2,A,0.66,2,Positive,4.6,2.7,3.8,3.7,1.3,4.7,4.0
27,Female,1.86,81.6,5.0,3.1,5.6,1.89,Yes,Hybrid,Average,Average,No,1,Middle,3.8,C,0.24,1,Neutral,2.9,2.6,3.4,3.9,4.7,3.9,3.7
20,Male,1.77,83.3,7.9,4.5,2.9,1.74,Yes,Offline,Good,Average,No,0,Middle,4.4,B,0.56,2,Negative,1.2,1.8,2.2,2.3,2.7,4.5,1.5
24,Female,2.77,80.5,6.5,7.9,4.6,1.41,No,Online,Poor,Average,Yes,0,Middle,3.7,C,0.48,2,Positive,3.7,1.5,4.0,2.3,4.8,2.7,1.3
25,Female,6.71,87.0,8.7,6.5,6.9,1.93,No,Offline,Poor,Good,Yes,1,Middle,3.1,B,0.16,1,Neutral,3.5,2.6,3.8,4.0,2.6,2.9,2.4
20,Male,5.26,77.4,8.1,6.6,2.7,1.68,No,Hybrid,Good,Average,Yes,3,Middle,3.4,A,0.66,1,Positive,2.7,1.9,3.8,1.6,2.6,4.6,2.4
20,Male,3.93,77.7,7.2,6.5,5.2,1.84,Yes,Online,Poor,Good,No,1,Middle,5.5,C,0.49,2,Neutral,3.6,1.7,1.8,2.6,3.5,3.4,2.1
23,Male,2.98,58.0,5.3,6.4,1.3,1.52,No,Offline,Poor,Poor,Yes,0,Middle,7.9,D,0.39,1,Negative,2.2,2.5,1.7,3.0,3.2,2.6,1.2
26,Male,1.68,96.0,7.3,2.9,2.1,2.05,No,Hybrid,Poor,Good,No,3,Middle,1.3,A,0.26,2,Neutral,3.5,2.4,1.4,2.6,1.4,4.0,3.6
23,Male,5.59,69.2,6.9,5.9,4.1,1.98,No,Online,Good,Average,No,1,High,3.4,A,0.5,0,Neutral,3.8,2.6,2.7,3.1,1.0,5.0,4.3
19,Male,4.97,88.2,9.9,7.5,4.8,1.43,No,Hybrid,Good,Good,No,1,Middle,3.7,A,0.65,0,Neutral,3.3,2.3,4.0,3.0,3.8,4.2,4.1
25,Male,5.77,95.4,6.1,7.4,4.1,1.98,Yes,Hybrid,Poor,Good,Yes,2,Low,3.0,A,0.79,2,Positive,3.0,2.5,3.8,3.2,3.4,5.0,3.2
20,Female,6.8,82.0,6.7,1.9,7.4,1.53,Yes,Hybrid,Average,Average,No,4,Middle,2.4,A,0.3,1,Positive,2.8,2.5,3.5,5.0,3.6,3.8,5.0
21,Male,5.57,85.9,6.0,3.2,2.8,1.61,No,Hybrid,Average,Excellent,No,0,Middle,5.3,A,0.59,2,Positive,4.4,3.7,3.5,3.3,3.9,4.7,3.0
24,Female,7.67,81.4,6.8,5.6,2.9,2.08,Yes,Online,Average,Average,Yes,1,Middle,6.9,A,0.53,2,Neutral,2.5,3.3,3.0,3.7,2.3,3.3,2.8
18,Female,4.22,86.0,6.5,4.5,4.1,1.84,Yes,Online,Poor,Good,No,2,Low,1.8,B,0.5,0,Positive,3.1,2.8,2.9,3.0,2.5,5.0,3.5
24,Female,7.96,78.9,8.6,7.1,3.6,1.67,Yes,Offline,Average,Excellent,Yes,2,High,2.3,A,0.51,2,Positive,2.9,2.7,3.8,4.7,1.6,4.4,4.8
22,Male,5.85,66.0,9.1,2.9,3.9,1.52,No,Online,Poor,Good,No,2,Low,3.0,B,0.32,2,Positive,3.3,3.4,3.8,3.7,2.7,5.0,4.2
25,Female,3.96,78.6,6.7,3.0,2.8,2.1,No,Hybrid,Poor,Excellent,Yes,2,Middle,3.0,A,0.65,1,Neutral,4.3,3.5,4.6,3.7,3.9,4.0,3.2
18,Female,5.36,63.0,7.1,4.7,6.2,1.79,No,Hybrid,Average,Average,No,2,High,5.8,A,0.2,0,Neutral,4.2,3.2,3.7,3.7,2.6,3.8,2.0
20,Female,9.26,84.4,7.6,7.4,3.1,1.59,No,Offline,Average,Good,No,4,Low,4.2,A,0.46,1,Positive,3.7,2.8,1.7,2.9,3.0,3.2,1.0
24,Male,2.56,81.8,3.7,4.4,5.2,1.63,Yes,Hybrid,Average,Good,Yes,0,Middle,6.5,D,0.23,1,Neutral,3.3,3.1,3.2,3.1,3.5,4.6,3.5
17,Male,3.83,89.9,7.8,3.0,3.9,1.72,No,Online,Poor,Poor,No,3,High,4.5,B,0.7,0,Positive,3.4,3.4,4.4,4.0,2.1,4.3,2.8
18,Female,4.18,73.1,5.7,3.5,2.1,2.29,Yes,Hybrid,Average,Good,No,3,Middle,3.6,A,0.68,2,Positive,4.4,1.3,3.2,1.3,2.5,4.0,3.2
29,Male,5.34,67.2,5.7,6.5,4.8,1.76,Yes,Offline,Average,Average,No,0,Middle,6.4,B,0.72,1,Positive,1.9,1.6,5.0,2.3,3.8,3.0,1.7
19,Male,5.13,82.5,7.4,1.0,2.1,1.64,No,Hybrid,Average,Good,Yes,3,High,4.7,A,0.44,0,Positive,2.7,3.8,3.3,5.0,1.5,4.6,3.3
28,Male,8.66,76.2,4.9,3.9,5.5,2.15,Yes,Hybrid,Average,Excellent,Yes,2,Low,4.8,A,0.17,2,Positive,2.3,2.1,2.7,2.2,3.0,4.2,2.7
18,Female,4.61,76.0,6.6,1.9,6.2,1.19,No,Hybrid,Poor,Poor,No,2,Middle,1.3,B,0.08,1,Neutral,3.7,3.2,2.9,4.7,3.7,2.9,5.0
20,Non-Binary,6.3,70.1,6.8,4.7,2.7,1.86,Yes,Hybrid,Good,Average,Yes,2,Middle,3.8,A,0.2,2,Positive,2.8,2.1,2.2,3.0,3.4,5.0,3.1
23,Male,4.01,72.0,7.2,7.0,3.6,2.02,No,Online,Average,Good,No,1,Low,4.6,B,0.92,1,Neutral,1.4,2.6,2.3,2.8,3.5,3.5,1.9
22,Female,2.83,86.3,8.8,6.5,3.1,1.87,No,Hybrid,Average,Good,Yes,2,Low,5.1,A,0.79,2,Negative,2.4,1.0,3.2,3.1,2.6,4.3,1.9
22,Female,4.7,78.4,6.0,3.6,5.5,1.53,Yes,Offline,Poor,Good,Yes,2,Middle,4.5,A,0.71,2,Neutral,3.2,3.2,1.2,3.6,2.2,2.2,2.6
21,Female,4.52,81.5,7.3,4.1,4.0,1.8,Yes,Online,Average,Good,No,2,High,5.3,B,0.18,2,Positive,3.5,2.8,3.8,3.2,3.6,4.3,2.3
24,Female,6.32,98.3,7.7,6.7,3.9,2.16,No,Online,Poor,Poor,No,0,High,3.3,A,0.57,0,Positive,2.8,1.7,3.7,2.8,3.4,3.6,1.6
19,Female,7.57,91.2,7.1,1.3,3.0,1.29,No,Hybrid,Average,Good,No,3,Middle,5.2,A,0.58,2,Positive,2.1,4.0,3.2,3.7,3.6,5.0,3.5
20,Female,4.11,80.6,6.9,2.7,5.5,1.83,Yes,Hybrid,Good,Excellent,No,1,Middle,5.3,A,0.34,2,Neutral,4.4,4.4,3.9,2.0,1.7,4.0,4.0
18,Male,7.12,90.7,5.7,4.3,6.8,2.01,Yes,Online,Good,Good,No,3,Middle,1.7,A,0.58,1,Positive,3.5,1.1,3.1,4.2,1.9,4.1,3.3
22,Female,3.01,72.4,3.4,3.9,5.0,0.9,No,Offline,Average,Good,No,0,High,4.5,D,0.88,2,Neutral,3.4,2.4,3.6,3.5,2.4,5.0,2.4
19,Male,8.41,71.0,6.0,6.8,2.9,1.25,No,Offline,Poor,Average,No,0,Middle,6.9,C,0.91,1,Neutral,3.3,1.3,2.6,2.7,2.7,4.2,1.3
20,Male,2.12,81.5,7.6,4.5,4.1,1.96,No,Offline,Poor,Average,No,1,Middle,5.8,C,0.93,1,Negative,1.9,1.4,2.9,2.5,3.3,3.8,2.3
21,Female,4.0,83.5,5.7,5.3,4.5,1.51,No,Offline,Poor,Average,No,0,Middle,6.7,B,0.36,2,Neutral,3.1,2.8,4.4,1.7,2.1,2.7,2.7
17,Female,5.47,81.4,7.2,3.4,3.1,1.72,Yes,Hybrid,Poor,Good,Yes,3,Middle,4.3,A,0.4,2,Positive,1.0,2.1,2.9,4.0,2.9,4.1,3.1
18,Female,4.25,98.2,9.5,6.2,4.1,1.79,Yes,Online,Poor,Excellent,No,1,Middle,4.9,A,0.66,2,Neutral,3.4,1.7,3.7,2.5,3.8,3.9,2.9
23,Male,2.78,66.9,8.0,3.0,6.6,1.62,No,Online,Good,Good,Yes,0,Middle,4.0,B,0.68,0,Neutral,1.0,2.4,3.4,2.4,2.9,4.6,2.1
20,Male,6.35,88.0,7.0,2.7,3.2,1.58,No,Offline,Average,Average,Yes,4,Low,4.0,A,0.62,0,Positive,2.2,3.0,4.1,4.3,4.0,4.3,3.3
25,Female,3.03,84.4,7.6,5.7,2.3,1.7,Yes,Online,Good,Average,Yes,2,Low,5.2,B,0.25,0,Neutral,3.0,3.5,2.3,2.8,2.9,5.0,2.7
23,Male,6.85,87.3,6.4,5.1,4.1,2.39,Yes,Hybrid,Poor,Average,Yes,3,High,2.7,A,0.44,0,Positive,3.3,3.0,3.0,3.9,3.6,3.3,4.4
17,Female,2.14,75.1,8.4,6.9,2.9,1.34,No,Online,Average,Good,Yes,0,Low,7.4,C,0.66,1,Neutral,1.7,2.7,2.1,1.7,5.0,4.7,2.5
22,Male,6.99,71.4,6.9,5.0,5.0,1.95,Yes,Offline,Good,Good,No,0,Low,1.0,A,0.49,2,Positive,2.3,2.1,3.6,2.1,4.3,3.8,2.5
18,Male,6.58,77.4,7.0,5.0,3.2,1.37,No,Offline,Poor,Average,No,4,Middle,4.0,A,0.75,0,Positive,1.7,3.5,4.7,2.8,1.2,4.9,3.3
24,Non-Binary,5.99,78.3,4.1,1.7,5.2,1.86,Yes,Hybrid,Good,Good,Yes,2,Middle,1.7,A,0.79,2,Positive,4.2,4.1,4.5,3.6,3.9,4.0,4.3
29,Male,7.01,66.4,6.0,3.3,3.6,1.76,Yes,Online,Poor,Average,No,2,Middle,2.7,A,0.24,0,Positive,2.3,3.7,4.2,3.7,4.0,3.0,4.2
21,Male,4.57,85.5,5.8,9.2,4.9,1.55,No,Offline,Poor,Poor,No,1,Middle,7.3,C,0.3,0,Positive,2.9,1.5,3.5,1.8,4.0,3.6,2.4
23,Male,4.86,71.2,6.6,8.3,3.3,1.59,No,Hybrid,Average,Poor,No,1,High,3.1,B,0.4,0,Positive,3.2,2.9,4.4,2.1,1.8,5.0,1.7
19,Female,7.21,64.7,4.8,2.7,3.6,2.13,Yes,Hybrid,Average,Average,Yes,2,Low,2.7,B,0.51,2,Neutral,3.7,4.1,4.2,4.6,3.5,2.9,4.5
20,Female,2.94,83.0,8.3,8.4,5.6,2.21,No,Offline,Average,Poor,No,3,Middle,5.8,B,0.33,1,Positive,3.5,2.9,2.5,2.0,2.3,5.0,1.2
25,Male,4.44,79.3,8.5,3.5,4.3,1.93,No,Offline,Good,Average,Yes,2,Middle,2.5,A,0.22,0,Positive,3.6,2.8,4.4,4.9,2.7,4.2,4.4
18,Male,4.54,66.6,7.3,3.3,3.4,1.7,Yes,Online,Average,Good,Yes,2,Low,6.1,B,0.61,2,Positive,1.8,2.3,3.9,3.0,3.6,4.5,3.5
19,Female,4.51,74.3,8.5,3.6,1.3,1.83,Yes,Hybrid,Average,Good,Yes,0,Middle,4.4,A,0.6,0,Neutral,3.4,3.1,4.7,3.3,1.9,5.0,1.7
20,Male,4.42,72.8,6.9,7.7,5.0,1.79,No,Offline,Good,Good,No,2,High,3.8,B,0.86,1,Positive,1.6,1.9,5.0,3.1,3.4,4.8,2.7
23,Female,0.2,71.0,6.2,5.2,5.3,1.61,No,Online,Average,Excellent,No,0,Middle,7.5,C,0.19,2,Neutral,3.4,1.0,1.9,1.9,2.1,4.4,1.7
20,Male,4.91,67.4,5.1,10.0,4.1,2.11,No,Online,Good,Average,Yes,2,High,1.9,B,0.97,0,Neutral,4.3,1.5,5.0,1.0,1.0,4.2,3.7
26,Male,5.48,78.5,7.7,5.1,0.5,1.5,No,Offline,Average,Excellent,Yes,3,Middle,4.5,A,0.29,2,Positive,1.9,2.9,3.7,4.3,4.1,3.4,2.9
18,Female,7.35,83.9,7.0,5.0,2.4,1.98,No,Hybrid,Average,Average,No,2,High,1.8,A,0.74,1,Positive,1.6,3.1,3.9,3.4,2.6,4.5,2.8
20,Male,6.47,73.6,7.8,5.8,1.2,2.02,Yes,Offline,Poor,Good,No,2,High,2.6,A,1.0,0,Neutral,4.7,3.9,5.0,3.0,2.9,4.4,2.9
23,Female,3.78,87.7,6.7,1.0,2.5,1.59,Yes,Offline,Average,Good,Yes,2,Middle,3.4,A,0.45,1,Positive,2.4,4.4,4.2,3.4,5.0,4.1,3.8
19,Male,4.4,81.9,5.7,5.4,2.7,2.01,No,Offline,Average,Poor,No,1,Middle,6.4,B,0.87,0,Positive,3.6,3.1,5.0,3.6,3.7,2.7,2.5
22,Male,3.11,92.6,5.8,7.3,3.2,1.83,No,Offline,Average,Excellent,No,1,Middle,3.9,B,0.37,1,Positive,1.4,1.8,5.0,2.8,4.0,4.0,1.6
18,Non-Binary,4.22,82.4,7.0,2.9,7.0,1.83,No,Hybrid,Average,Average,Yes,4,Middle,4.2,A,0.56,1,Positive,3.9,3.1,4.2,2.4,3.0,3.9,3.2
17,Male,3.74,74.3,7.6,5.8,2.1,1.49,No,Online,Average,Average,No,3,Middle,4.0,B,0.65,1,Neutral,4.1,2.3,4.3,2.8,2.0,3.3,3.7
18,Female,7.05,82.2,7.3,8.3,6.0,1.29,No,Hybrid,Average,Average,Yes,1,Low,2.8,A,0.79,0,Positive,4.6,1.0,4.4,2.9,3.5,4.3,2.7
26,Male,5.67,80.7,6.6,3.9,4.9,1.84,Yes,Online,Poor,Poor,No,2,High,2.9,B,0.22,0,Positive,4.8,5.0,3.2,2.7,4.2,3.2,3.8
21,Female,6.09,66.8,8.6,7.0,4.2,1.76,No,Offline,Good,Average,Yes,2,Middle,4.4,A,0.35,1,Negative,2.1,1.6,4.4,2.0,3.6,4.8,2.6
24,Female,4.2,71.1,7.1,5.9,4.1,1.81,Yes,Hybrid,Average,Poor,Yes,1,Middle,4.5,B,0.17,1,Positive,4.2,1.1,2.8,2.1,4.7,4.1,2.5
20,Male,4.62,85.0,6.2,3.8,5.5,1.92,No,Hybrid,Average,Average,No,1,Low,5.5,B,0.48,0,Positive,3.5,1.4,3.2,2.8,3.0,3.7,2.5
22,Female,5.92,72.2,6.2,5.9,2.5,1.4,Yes,Online,Average,Excellent,No,2,Middle,3.9,A,0.33,2,Positive,2.9,2.4,3.0,2.4,3.8,3.2,3.2
21,Female,3.38,86.7,6.3,1.0,5.0,2.04,No,Offline,Good,Average,Yes,3,High,3.7,A,0.39,0,Neutral,3.2,4.1,3.2,4.0,4.0,5.0,3.7
26,Male,5.94,65.9,7.2,6.7,4.3,1.96,No,Hybrid,Average,Average,Yes,1,High,5.6,B,0.76,2,Negative,5.0,1.9,5.0,4.2,3.2,5.0,1.5
23,Female,6.62,80.8,6.8,5.2,1.2,1.99,Yes,Online,Average,Good,Yes,4,Middle,2.9,A,0.47,0,Positive,2.1,3.1,3.8,3.5,1.9,3.6,3.6
23,Female,3.8,75.3,7.2,4.7,1.9,1.74,Yes,Offline,Poor,Excellent,No,3,Middle,2.7,B,0.14,2,Neutral,3.2,3.1,3.7,2.7,5.0,4.2,2.4
17,Male,4.92,69.2,6.3,2.4,4.1,1.77,Yes,Offline,Average,Average,No,3,Middle,4.7,A,0.25,1,Negative,4.2,2.9,3.8,2.5,2.9,4.5,2.8
21,Male,3.27,73.9,7.7,7.9,5.0,0.9,No,Offline,Average,Average,No,0,Low,6.1,D,0.49,2,Negative,3.3,1.5,2.4,1.9,3.1,4.8,2.4
21,Male,8.16,72.8,7.8,9.7,7.2,1.87,Yes,Offline,Poor,Excellent,No,2,Middle,5.0,B,0.82,2,Positive,1.7,2.7,2.9,3.3,2.7,4.4,2.2
26,Male,5.81,97.9,8.0,5.0,4.2,1.86,No,Offline,Average,Average,No,2,Middle,3.2,A,0.75,0,Neutral,3.1,2.9,5.0,4.1,2.7,4.7,2.7
19,Female,7.07,86.8,7.7,5.5,1.7,1.82,No,Offline,Good,Good,No,2,High,2.6,A,0.69,0,Positive,1.3,2.7,3.5,2.6,3.7,5.0,3.7
19,Female,4.53,76.0,6.0,5.5,2.0,1.93,Yes,Offline,Average,Average,No,3,Middle,1.4,A,0.88,2,Neutral,2.6,3.7,4.4,3.8,1.7,2.7,4.6
20,Female,3.25,95.6,7.0,5.2,4.2,1.55,Yes,Online,Poor,Excellent,No,1,Middle,5.8,B,0.68,2,Positive,1.8,3.0,3.8,2.1,1.4,3.8,2.4
19,Male,4.78,80.1,6.0,5.4,4.6,1.81,No,Online,Average,Excellent,No,4,High,1.0,A,0.43,2,Neutral,2.4,2.1,3.9,3.7,3.2,5.0,3.2
18,Male,7.65,77.6,7.9,8.4,2.1,1.79,No,Hybrid,Average,Excellent,Yes,3,Middle,5.3,A,0.75,2,Positive,4.0,3.1,4.6,2.2,3.5,3.5,2.4
25,Female,8.13,88.0,7.2,7.5,3.6,1.38,No,Offline,Average,Average,Yes,1,Middle,5.9,B,0.61,1,Neutral,2.5,3.4,3.0,3.8,2.2,4.5,3.8
21,Female,6.49,82.5,6.9,4.8,4.1,2.0,Yes,Online,Poor,Good,Yes,4,Middle,2.8,A,0.45,2,Positive,2.9,3.1,3.3,2.8,2.1,2.9,2.8
25,Female,4.95,78.1,6.7,1.0,5.8,1.31,No,Offline,Average,Average,No,3,Middle,5.9,A,0.38,1,Neutral,4.6,3.2,4.7,5.0,2.4,4.3,2.1
24,Male,5.77,72.7,5.5,5.9,4.4,1.99,Yes,Offline,Good,Excellent,Yes,2,Middle,6.9,A,0.93,2,Positive,3.3,4.0,4.2,3.3,4.7,3.2,2.5
19,Male,7.1,76.5,7.1,4.5,5.9,1.4,Yes,Hybrid,Poor,Excellent,Yes,2,Middle,3.5,A,0.38,2,Positive,2.9,4.1,4.8,2.6,3.6,3.6,2.3
21,Male,2.99,74.1,10.0,4.9,3.1,1.4,No,Online,Average,Good,No,2,Middle,5.1,B,0.1,0,Neutral,2.7,3.1,3.8,2.7,1.8,4.3,3.5
18,Non-Binary,6.72,69.2,7.3,6.0,6.6,1.84,No,Online,Good,Good,No,2,High,4.4,A,0.8,1,Positive,3.4,1.5,5.0,3.5,2.7,5.0,2.4
26,Male,3.41,73.9,5.8,4.2,3.2,1.49,Yes,Online,Average,Average,No,2,Middle,7.1,B,0.46,2,Neutral,4.3,2.3,4.0,2.7,2.2,3.7,2.2
20,Female,5.52,72.8,7.6,6.9,0.7,2.36,No,Offline,Poor,Good,Yes,2,Low,1.3,A,0.4,2,Neutral,2.0,4.3,5.0,3.1,1.0,4.2,3.7
20,Female,6.43,67.9,6.5,7.1,3.3,2.25,No,Online,Good,Good,No,1,Middle,3.1,A,0.39,2,Neutral,3.4,1.9,2.9,2.0,3.1,4.3,2.8
19,Male,5.56,70.9,6.9,3.9,5.9,1.86,No,Offline,Good,Average,Yes,2,Middle,5.2,A,0.59,0,Negative,1.7,3.9,2.3,3.2,4.0,5.0,3.1
21,Female,5.21,87.4,6.7,6.2,6.3,1.66,Yes,Online,Poor,Average,Yes,1,Middle,6.9,C,0.73,1,Positive,1.2,1.7,3.2,1.7,3.1,2.8,2.2
19,Female,7.53,89.0,6.4,1.4,4.9,1.66,No,Offline,Good,Poor,Yes,2,Middle,4.0,A,0.84,0,Neutral,3.3,2.7,3.9,3.8,1.6,3.0,3.3
20,Female,4.24,80.7,8.2,3.9,3.0,1.3,No,Offline,Average,Excellent,No,1,Middle,6.8,B,0.63,2,Positive,3.2,2.5,5.0,4.7,4.3,4.1,3.1
24,Male,4.35,71.7,5.5,2.4,4.1,2.1,Yes,Offline,Average,Excellent,Yes,1,High,4.5,A,0.87,2,Neutral,1.1,3.6,5.0,3.6,2.0,5.0,2.3
24,Male,3.22,74.4,6.4,4.0,6.8,1.9,Yes,Online,Good,Excellent,No,1,Middle,4.7,B,0.35,2,Positive,2.1,3.1,4.5,2.0,3.1,3.8,2.6
19,Male,5.39,79.9,8.0,5.9,6.2,1.72,Yes,Hybrid,Average,Good,No,3,Middle,4.8,A,0.09,0,Positive,2.4,4.8,1.3,2.7,1.6,5.0,3.4
21,Male,6.49,88.4,8.4,4.8,0.7,1.75,No,Hybrid,Poor,Good,Yes,2,High,3.4,A,1.0,0,Positive,3.4,1.4,4.2,3.0,5.0,4.3,3.2
25,Female,4.82,73.2,7.4,8.0,2.3,1.7,Yes,Hybrid,Poor,Average,Yes,1,Low,5.2,B,0.43,0,Neutral,4.4,1.0,3.9,4.0,3.2,4.6,2.4
17,Female,1.32,68.2,8.9,6.7,1.9,2.23,No,Hybrid,Poor,Excellent,Yes,1,Low,4.1,B,0.71,1,Neutral,1.7,2.0,3.8,1.3,2.0,5.0,3.1
25,Male,5.88,70.4,9.4,4.5,3.6,2.29,Yes,Offline,Average,Good,No,1,High,8.3,A,0.26,2,Neutral,2.7,3.1,2.3,3.0,3.2,5.0,2.3
19,Female,6.25,77.9,4.2,2.0,3.7,1.56,No,Hybrid,Poor,Good,Yes,1,Low,3.1,A,0.55,0,Positive,4.7,3.5,3.8,2.9,2.6,4.8,3.5
22,Female,3.37,83.1,5.1,5.4,4.0,1.47,No,Offline,Poor,Good,Yes,0,Low,6.8,C,0.28,0,Neutral,4.3,2.6,2.5,3.8,4.9,5.0,2.2
22,Male,4.58,92.3,6.7,5.5,7.0,2.04,Yes,Online,Poor,Excellent,Yes,3,Middle,7.9,B,0.56,1,Neutral,1.0,1.9,4.1,1.5,2.6,4.0,2.5
21,Male,5.09,61.0,5.1,1.0,3.8,1.68,No,Online,Average,Poor,No,2,Low,2.4,B,0.56,1,Neutral,2.6,3.2,2.3,2.9,1.8,4.0,3.4
25,Female,3.53,73.1,8.0,3.8,3.3,1.37,No,Offline,Poor,Average,Yes,2,Middle,5.9,B,0.75,1,Neutral,3.4,2.2,4.0,3.2,2.1,5.0,2.0
18,Female,5.55,80.4,7.1,3.1,5.6,1.76,No,Online,Poor,Good,Yes,3,Middle,4.5,B,0.5,2,Positive,3.7,3.0,4.9,4.4,1.0,3.2,4.9
20,Female,5.19,66.9,6.0,3.1,2.0,1.39,No,Offline,Good,Excellent,Yes,0,Middle,6.4,A,0.35,2,Neutral,4.1,3.8,3.2,4.2,3.0,4.4,2.5
21,Male,2.78,73.8,7.2,6.9,7.4,2.0,No,Offline,Average,Good,No,1,Middle,4.3,C,0.45,2,Positive,1.3,1.0,4.9,3.1,2.6,5.0,1.9
24,Male,1.41,63.0,7.7,6.3,4.6,1.62,Yes,Online,Average,Good,Yes,0,High,6.6,Fail,0.98,1,Neutral,3.2,3.4,3.5,2.5,3.2,5.0,1.8
19,Male,3.23,75.7,8.5,4.7,0.8,2.13,Yes,Offline,Poor,Average,No,3,Middle,4.1,A,0.64,0,Neutral,3.2,1.3,3.5,2.9,3.4,5.0,2.5
24,Female,7.76,87.6,5.1,4.8,4.5,1.59,No,Online,Average,Good,Yes,1,Middle,3.0,A,0.19,2,Neutral,4.1,1.9,3.7,4.6,2.0,4.0,2.1
20,Female,7.34,95.4,8.7,4.7,3.2,1.61,No,Offline,Good,Good,No,1,High,3.3,A,0.49,0,Positive,3.5,4.8,3.4,4.6,2.3,5.0,3.3
18,Male,4.4,73.1,6.2,4.6,5.8,2.12,Yes,Offline,Average,Good,No,0,Middle,7.7,B,0.58,0,Negative,3.5,2.3,3.5,2.8,5.0,3.7,2.0
23,Female,2.94,78.3,5.9,1.1,5.2,1.68,Yes,Online,Average,Average,No,1,Low,5.4,B,0.75,1,Neutral,3.4,4.1,2.6,3.1,1.8,4.6,3.2
18,Female,7.82,91.5,7.8,5.3,4.9,1.92,Yes,Online,Average,Excellent,Yes,3,Low,2.6,A,0.87,2,Positive,3.0,3.8,2.3,2.4,4.6,3.5,2.5
21,Female,6.37,87.3,7.1,1.4,3.1,1.5,No,Hybrid,Average,Good,Yes,2,High,3.6,A,0.79,2,Positive,4.2,4.1,4.6,4.0,3.8,5.0,4.0
17,Non-Binary,7.43,85.1,5.5,5.0,6.9,1.74,Yes,Hybrid,Poor,Good,Yes,1,High,4.3,A,0.4,1,Neutral,2.0,1.4,3.6,3.7,5.0,4.8,2.6
20,Male,8.61,85.1,6.6,2.8,3.0,1.89,No,Hybrid,Average,Average,No,4,High,4.5,A,0.38,1,Positive,4.2,2.8,4.9,3.0,4.0,4.6,3.4
22,Female,5.87,77.5,5.9,1.6,7.2,1.94,Yes,Hybrid,Good,Average,No,3,Middle,2.5,A,0.65,1,Positive,2.8,2.5,2.9,4.2,3.1,4.1,3.6
21,Male,5.18,70.3,7.7,3.8,2.9,2.05,No,Offline,Poor,Excellent,Yes,3,Middle,1.4,A,0.54,1,Neutral,2.5,3.2,3.4,2.5,3.5,5.0,3.6
20,Male,3.53,76.1,9.6,5.0,2.5,1.65,No,Offline,Average,Poor,No,3,Low,3.8,A,0.33,0,Neutral,2.8,2.2,2.6,2.7,3.5,3.5,3.1
20,Female,5.29,87.0,5.8,3.2,3.1,1.99,No,Offline,Average,Good,Yes,0,High,4.0,A,0.31,2,Positive,2.8,4.0,2.9,4.3,3.9,3.2,3.9
19,Female,3.09,79.5,8.9,6.6,4.4,2.1,Yes,Hybrid,Good,Good,No,1,Middle,3.0,A,0.66,1,Negative,4.8,3.0,5.0,3.6,2.5,4.1,4.3
20,Female,7.09,86.6,6.8,6.6,4.5,1.61,No,Hybrid,Good,Good,Yes,3,Middle,6.0,A,0.39,2,Positive,1.8,2.1,2.7,2.3,1.7,5.0,2.1
27,Female,4.58,86.2,5.6,6.2,6.5,2.39,No,Online,Average,Average,Yes,1,Middle,5.6,B,0.64,2,Neutral,1.7,2.5,3.9,2.3,1.4,3.1,2.9
25,Female,8.08,82.3,9.4,4.1,4.5,1.29,No,Online,Poor,Average,No,2,Low,3.9,A,0.56,1,Neutral,1.9,3.2,3.6,4.5,1.8,3.5,3.4
18,Female,4.34,84.8,7.2,4.8,4.5,1.62,Yes,Offline,Average,Excellent,No,1,Middle,4.3,B,0.82,1,Positive,2.8,2.7,3.2,3.5,4.2,5.0,3.4
17,Male,5.87,65.5,7.3,5.9,5.1,1.07,Yes,Offline,Poor,Good,No,0,Middle,8.6,C,0.95,2,Neutral,2.2,1.9,5.0,3.6,2.8,3.4,2.5
26,Female,3.49,74.4,6.1,7.1,4.5,1.79,No,Online,Poor,Average,No,0,Low,4.1,C,0.18,2,Negative,1.0,2.2,2.0,1.0,4.4,3.8,2.0
21,Female,6.72,84.1,8.5,6.9,4.6,1.84,Yes,Online,Average,Average,No,3,Low,2.6,A,0.29,2,Neutral,2.3,2.0,4.2,2.1,1.7,5.0,2.3
21,Male,3.41,75.4,6.4,4.1,6.1,1.99,No,Hybrid,Average,Excellent,Yes,2,Middle,4.0,B,0.9,2,Neutral,1.8,1.3,3.6,3.4,3.6,3.4,3.0
24,Male,7.54,68.8,7.0,1.0,3.7,1.46,No,Hybrid,Good,Average,Yes,3,Middle,4.5,A,0.76,2,Positive,4.0,4.0,4.4,5.0,2.1,5.0,3.6
19,Female,6.08,79.0,7.6,3.5,4.3,2.17,Yes,Online,Poor,Good,Yes,3,Low,4.6,A,0.26,1,Neutral,3.6,2.4,5.0,3.0,4.2,4.0,2.0
21,Female,1.43,68.6,8.7,6.0,4.6,1.42,Yes,Online,Average,Good,No,0,Low,5.0,D,0.87,2,Negative,3.4,2.1,4.7,2.3,2.6,2.5,1.6
27,Female,2.32,89.4,7.8,6.7,3.3,1.58,Yes,Online,Poor,Excellent,No,1,High,4.5,C,0.25,1,Positive,1.3,3.1,2.5,1.5,4.0,4.0,3.4
22,Female,5.48,84.5,7.4,8.7,0.5,1.44,No,Offline,Average,Good,No,2,Low,5.4,B,0.16,2,Positive,4.4,2.4,1.0,3.9,2.2,5.0,1.8
18,Male,4.9,77.8,6.9,3.6,2.4,1.7,No,Offline,Average,Good,No,2,Low,2.5,A,0.39,1,Neutral,2.2,2.7,4.5,2.4,2.3,3.1,3.8
18,Female,8.9,84.5,6.0,6.9,3.8,1.06,No,Online,Poor,Poor,Yes,1,Middle,3.4,A,0.83,0,Positive,3.8,2.6,4.3,4.1,5.0,5.0,1.9
19,Female,3.29,75.8,8.2,7.6,2.6,1.41,Yes,Offline,Average,Excellent,No,0,Low,6.7,D,0.47,2,Neutral,3.6,2.0,4.8,1.6,4.7,4.6,1.3
23,Female,4.6,92.2,8.7,7.1,5.7,2.14,No,Offline,Average,Good,Yes,1,Middle,3.1,B,0.64,1,Positive,2.2,1.6,4.6,1.0,1.6,4.0,2.6
19,Female,5.01,72.3,7.8,2.0,5.1,1.98,No,Offline,Average,Excellent,No,1,High,4.6,A,0.18,1,Negative,3.3,2.9,3.6,3.8,2.0,4.2,2.8
17,Female,5.46,91.9,8.0,4.5,4.3,2.05,No,Hybrid,Average,Good,Yes,3,Middle,4.3,A,0.95,1,Positive,3.1,2.5,5.0,3.2,2.1,5.0,2.9
26,Female,8.37,79.9,6.9,7.7,2.7,2.23,No,Offline,Good,Good,No,2,High,3.9,A,0.52,2,Neutral,4.1,1.7,3.7,3.7,1.2,3.6,2.2
18,Female,4.84,81.2,7.2,6.7,5.9,1.93,No,Hybrid,Poor,Poor,No,2,High,7.0,B,0.78,0,Positive,2.3,1.4,5.0,3.0,1.0,4.2,3.3
17,Male,1.91,73.2,5.5,6.2,3.1,2.13,Yes,Online,Good,Good,Yes,1,Low,7.0,C,0.44,1,Negative,3.2,2.6,2.9,1.6,4.8,4.0,2.3
19,Female,8.08,76.7,8.6,6.2,4.6,1.29,No,Hybrid,Average,Average,No,3,Middle,4.3,B,0.58,2,Positive,2.0,1.0,3.4,3.2,4.2,4.8,1.8
19,Male,5.84,84.9,9.7,5.0,6.8,1.68,Yes,Offline,Good,Average,Yes,2,Middle,3.6,A,0.4,1,Positive,4.2,2.7,4.1,4.1,1.3,5.0,3.4
20,Male,2.11,79.1,5.6,6.3,2.8,1.87,No,Online,Average,Average,Yes,1,Middle,8.6,C,0.19,2,Neutral,2.9,2.2,3.0,3.0,1.0,3.9,1.7
26,Female,3.71,76.9,5.5,7.4,3.3,1.86,Yes,Online,Poor,Average,No,1,Middle,5.6,D,0.36,1,Positive,2.1,2.3,4.2,3.0,4.5,4.1,1.3
25,Male,4.41,98.2,7.5,4.7,5.5,2.35,No,Hybrid,Average,Average,No,3,Middle,3.9,A,0.73,1,Positive,3.6,2.9,3.8,4.7,3.9,4.2,4.2
20,Female,5.27,70.9,8.1,5.9,5.9,1.71,Yes,Hybrid,Poor,Average,Yes,3,Middle,3.8,B,0.32,0,Neutral,4.1,3.1,3.9,3.4,3.6,3.9,3.3
20,Male,6.58,74.5,5.7,7.1,5.4,1.53,No,Offline,Poor,Excellent,Yes,3,Low,4.4,A,0.71,1,Positive,2.5,1.9,4.8,3.8,4.0,3.9,1.7
21,Male,4.55,68.3,7.3,3.6,3.7,2.02,No,Hybrid,Good,Average,No,2,Low,7.5,A,0.75,1,Negative,5.0,2.6,3.8,2.0,3.3,4.7,3.7
19,Female,4.0,61.9,7.1,3.1,1.7,2.29,No,Offline,Average,Good,No,2,Middle,4.2,A,0.15,2,Negative,4.5,3.1,3.1,4.0,2.7,4.2,3.1
17,Male,3.12,81.6,6.3,3.3,7.5,1.74,No,Online,Good,Poor,Yes,0,Low,5.4,C,0.38,1,Negative,3.0,2.2,3.1,3.3,1.0,5.0,3.6
26,Female,4.69,82.6,6.7,3.7,2.6,1.49,Yes,Offline,Poor,Good,No,1,High,5.6,B,0.78,1,Positive,2.6,2.2,5.0,3.8,2.6,4.7,3.8
18,Male,5.16,71.6,7.1,2.7,6.4,1.89,Yes,Offline,Average,Good,No,3,Middle,2.0,A,0.44,1,Positive,1.7,3.3,4.7,3.6,2.8,5.0,3.1
18,Male,5.93,68.1,6.6,6.0,6.3,1.77,No,Offline,Good,Excellent,Yes,1,Middle,4.1,B,0.89,1,Neutral,1.9,2.3,2.5,3.8,3.1,3.8,3.5
21,Male,0.8,84.8,8.4,6.3,3.5,1.65,No,Hybrid,Average,Excellent,Yes,2,Middle,8.8,C,0.46,2,Neutral,1.1,1.7,4.2,2.4,3.2,4.5,1.5
21,Male,3.28,72.1,7.9,5.9,3.3,1.21,Yes,Offline,Average,Good,No,0,High,7.3,C,0.17,1,Positive,3.6,1.4,2.7,2.8,4.9,3.0,2.3
17,Female,5.94,96.9,4.7,5.8,3.9,1.52,Yes,Hybrid,Poor,Good,No,4,High,6.4,B,0.76,2,Positive,2.9,2.5,3.9,4.5,4.8,3.4,1.7
18,Male,8.31,93.4,8.0,4.8,4.3,1.8,No,Online,Poor,Average,Yes,2,High,5.0,A,0.39,0,Positive,2.5,3.1,3.9,3.9,2.1,4.0,3.6
20,Female,6.79,84.0,5.5,3.5,1.6,2.1,No,Online,Good,Good,No,2,Middle,2.8,A,0.58,0,Positive,1.0,3.5,3.8,4.9,2.2,4.5,3.6
23,Female,0.56,77.6,4.8,6.8,2.4,1.24,Yes,Offline,Poor,Poor,Yes,0,Low,10.0,Fail,0.75,0,Neutral,3.5,1.4,3.6,2.5,2.8,4.0,1.0
19,Female,1.23,85.4,8.3,5.3,2.9,2.24,No,Online,Poor,Average,No,1,Middle,1.7,B,0.9,0,Positive,3.0,3.0,4.5,3.5,5.0,3.9,3.7
20,Female,6.11,64.5,6.7,5.1,2.5,1.62,No,Hybrid,Good,Average,Yes,3,Middle,4.6,A,0.12,2,Neutral,3.0,1.9,2.7,3.3,2.5,4.4,2.9
21,Male,5.09,87.2,7.1,6.5,4.8,1.47,No,Online,Average,Good,No,0,High,2.0,B,0.66,1,Positive,3.0,3.9,4.7,2.4,1.7,3.8,3.0
25,Male,5.13,94.6,7.5,1.6,3.0,2.19,No,Online,Good,Good,No,2,Middle,1.2,A,0.51,1,Positive,4.0,3.0,3.5,3.2,3.7,3.6,3.7
19,Female,8.87,64.8,5.5,1.0,6.8,1.91,No,Offline,Good,Good,Yes,3,Middle,5.2,A,0.3,2,Positive,1.4,2.4,3.8,4.1,2.7,4.7,3.0
18,Female,2.94,76.4,9.3,5.6,5.7,1.63,No,Online,Good,Good,No,2,High,4.1,B,0.46,0,Neutral,5.0,2.9,3.5,1.0,3.2,5.0,3.2
21,Female,7.37,87.4,5.7,4.5,6.8,1.4,No,Hybrid,Average,Poor,Yes,1,Middle,5.6,A,0.33,0,Positive,1.7,2.8,2.7,2.8,2.5,3.0,1.7
23,Female,5.23,79.9,10.0,9.8,4.4,1.67,No,Online,Poor,Good,No,1,Middle,2.6,C,0.32,2,Positive,2.8,2.6,2.6,3.3,2.9,3.6,2.9
18,Male,3.86,76.4,7.5,5.7,2.3,2.29,No,Online,Average,Excellent,No,2,Low,4.0,A,0.31,2,Negative,1.0,2.8,2.8,3.5,3.8,4.1,2.6
20,Male,0.93,93.4,7.6,6.3,6.0,1.91,No,Offline,Average,Excellent,No,0,Low,4.6,D,0.9,2,Negative,3.2,3.9,3.0,2.5,3.0,4.2,2.5
17,Female,2.71,82.6,7.0,6.4,1.9,1.35,No,Hybrid,Average,Good,No,0,Middle,4.9,C,0.51,2,Positive,2.7,2.2,4.6,4.1,3.1,4.3,2.0
17,Female,7.99,89.0,6.8,6.6,3.6,1.55,No,Offline,Good,Good,No,0,High,6.0,A,0.5,0,Neutral,3.0,3.2,4.4,2.8,2.9,5.0,2.0
21,Male,5.19,75.7,5.8,4.8,6.1,2.01,Yes,Offline,Good,Good,No,4,Middle,6.8,A,0.75,0,Neutral,3.4,2.3,3.0,3.5,2.0,3.6,1.5
19,Female,6.58,80.6,6.7,6.4,3.1,1.92,No,Offline,Average,Average,Yes,3,Middle,4.9,A,0.28,2,Positive,2.5,2.7,1.9,3.7,3.0,5.0,1.7
24,Male,6.15,67.9,6.2,3.8,3.7,2.12,No,Offline,Average,Average,Yes,1,Middle,1.8,A,1.0,2,Negative,4.6,2.5,5.0,3.3,2.7,3.0,3.7
22,Male,4.7,64.1,7.4,6.2,3.0,2.21,No,Offline,Average,Poor,No,3,Middle,2.3,A,0.34,0,Positive,2.5,3.5,4.1,2.5,4.5,4.3,3.5
20,Female,6.65,70.6,5.9,7.0,5.5,2.26,No,Online,Average,Average,No,1,Low,4.3,A,0.68,1,Positive,3.5,3.2,2.4,3.0,5.0,4.1,2.8
20,Female,5.63,83.6,7.8,7.5,3.2,1.81,Yes,Offline,Poor,Good,No,2,High,4.2,C,0.93,0,Neutral,2.1,2.8,4.0,2.5,2.6,5.0,2.3
21,Female,4.65,89.8,5.9,1.8,2.6,1.87,Yes,Hybrid,Average,Excellent,Yes,1,Middle,5.3,A,0.62,2,Positive,4.0,3.5,4.4,5.0,2.7,3.7,3.2
17,Male,4.38,68.5,6.5,4.8,4.2,0.9,Yes,Hybrid,Poor,Good,No,0,Middle,9.8,D,0.13,1,Positive,2.0,3.3,1.0,2.9,4.2,3.8,1.0
25,Male,3.59,90.9,8.1,4.9,3.6,2.01,No,Hybrid,Average,Good,No,2,Low,2.2,A,0.34,1,Positive,2.7,3.5,2.3,3.3,2.3,5.0,3.3
29,Female,5.57,73.2,6.8,4.1,2.3,2.02,Yes,Hybrid,Average,Good,Yes,2,Middle,2.0,A,0.74,0,Positive,2.4,3.0,3.4,3.0,3.5,4.8,2.8
18,Male,4.64,66.8,8.2,4.2,6.3,2.15,No,Online,Average,Average,Yes,3,Low,3.0,B,0.1,1,Negative,3.3,3.3,3.6,4.7,3.0,4.1,2.9
18,Female,7.18,82.4,7.2,6.0,4.1,1.59,Yes,Online,Average,Poor,Yes,3,Middle,3.7,A,0.13,1,Positive,2.1,3.8,3.0,3.3,2.4,5.0,2.4
18,Female,4.4,83.4,5.2,2.1,4.0,1.53,No,Offline,Poor,Good,Yes,1,Middle,5.2,B,0.8,0,Neutral,2.3,3.0,4.8,2.4,4.3,3.3,4.2
22,Female,3.23,74.3,5.5,5.4,4.7,1.64,No,Offline,Good,Good,No,2,Middle,5.9,C,0.64,1,Neutral,2.8,2.9,3.2,2.1,2.5,3.6,3.7
22,Male,1.36,80.8,5.7,7.8,6.5,1.84,No,Online,Average,Excellent,No,0,Low,8.0,D,0.13,1,Neutral,2.6,2.0,3.3,2.8,2.5,5.0,1.2
24,Female,6.49,83.8,4.5,5.2,3.9,1.37,Yes,Hybrid,Average,Average,Yes,0,High,5.8,B,0.42,1,Neutral,3.0,3.8,4.1,3.5,1.0,3.4,2.6
23,Male,9.89,84.5,7.0,3.6,6.3,1.85,No,Hybrid,Average,Excellent,No,3,Middle,3.5,A,0.47,1,Neutral,2.2,2.8,2.9,4.9,3.4,3.9,2.5
20,Male,4.94,76.0,8.2,1.0,4.1,2.16,No,Online,Average,Average,No,3,Middle,3.7,A,0.62,2,Positive,2.2,3.8,3.4,4.5,2.5,5.0,3.5
22,Male,0.67,73.5,8.3,6.6,4.2,1.58,No,Offline,Good,Good,Yes,0,Middle,6.5,D,0.29,1,Positive,3.0,4.2,3.8,1.9,2.1,5.0,3.7
23,Male,6.83,100.0,5.3,1.7,3.7,2.19,No,Hybrid,Average,Good,No,0,Middle,3.8,A,0.69,1,Neutral,4.4,4.0,3.9,3.9,1.2,3.2,3.5
21,Female,3.7,85.4,6.5,3.8,5.7,2.01,No,Hybrid,Good,Poor,No,1,Middle,2.5,A,0.65,0,Neutral,2.7,2.7,4.3,2.8,3.4,5.0,1.9
21,Male,6.37,70.8,6.3,7.6,5.3,2.07,No,Online,Poor,Poor,No,2,High,2.5,A,0.52,1,Neutral,3.7,3.0,4.8,3.3,3.4,3.3,2.9
22,Male,5.72,83.5,4.7,1.0,4.8,1.73,No,Online,Average,Poor,No,5,High,3.7,A,0.47,0,Positive,3.4,3.7,3.8,2.7,1.7,2.8,3.4
21,Non-Binary,6.41,85.7,4.3,3.9,3.7,1.65,No,Hybrid,Poor,Average,No,3,Middle,3.0,A,0.4,2,Positive,2.2,1.7,1.1,3.4,3.2,3.6,1.5
22,Male,5.25,86.6,6.7,6.5,2.8,2.15,No,Online,Good,Good,Yes,4,Middle,4.5,A,0.7,1,Positive,3.7,1.6,2.9,2.6,1.0,4.1,3.5
22,Female,4.48,65.0,7.2,2.3,2.7,1.83,Yes,Hybrid,Average,Average,Yes,2,Low,4.7,B,0.29,2,Neutral,2.9,2.9,1.8,3.5,4.8,4.6,2.3
23,Male,7.1,76.9,6.5,9.1,2.7,1.65,Yes,Online,Good,Good,Yes,1,Low,5.2,B,0.39,1,Neutral,4.0,2.4,1.9,2.6,2.7,5.0,3.0
22,Male,4.44,84.6,5.0,3.7,4.7,1.81,No,Hybrid,Good,Average,Yes,1,Middle,5.6,A,0.46,0,Neutral,5.0,2.5,3.5,3.6,3.5,4.3,2.5
21,Female,7.31,88.6,8.7,5.9,3.1,2.1,No,Hybrid,Poor,Good,Yes,3,High,1.4,A,0.66,0,Positive,3.0,2.6,4.6,4.3,3.3,3.7,3.9
23,Male,3.84,92.3,7.2,7.6,6.6,1.94,Yes,Hybrid,Poor,Good,Yes,2,Middle,6.7,A,0.56,2,Positive,4.2,1.9,2.6,3.6,4.4,4.3,1.5
20,Female,5.3,81.7,7.0,4.2,2.2,2.04,No,Hybrid,Average,Good,No,3,Middle,1.0,A,0.74,1,Positive,4.0,2.1,4.6,3.0,2.9,3.8,3.3
19,Male,3.55,71.6,5.9,1.0,2.3,1.86,No,Online,Average,Good,No,2,Low,6.0,A,0.42,1,Positive,2.6,3.0,4.0,4.3,1.9,4.6,3.5
17,Male,6.83,100.0,5.8,5.5,1.9,1.67,No,Online,Average,Average,Yes,2,Middle,4.4,A,0.97,2,Neutral,2.5,2.9,5.0,1.5,3.4,5.0,3.4
21,Male,3.69,70.0,9.5,3.0,4.9,1.81,No,Hybrid,Average,Excellent,Yes,2,Middle,3.4,A,0.57,2,Positive,1.7,3.4,4.6,3.6,4.3,5.0,3.4
22,Male,3.4,80.4,9.6,4.5,3.4,1.43,No,Offline,Poor,Average,No,2,High,2.3,B,0.46,0,Positive,4.1,2.5,4.9,1.8,4.2,3.7,4.0
28,Male,6.86,91.0,7.9,3.4,3.5,1.83,No,Hybrid,Good,Average,Yes,3,Low,3.2,A,0.16,1,Positive,2.1,4.2,3.1,4.5,2.1,5.0,3.0
20,Female,5.67,79.0,6.0,2.7,3.3,1.84,No,Offline,Average,Average,Yes,1,Middle,3.5,A,0.45,0,Positive,2.4,2.5,2.8,4.6,2.4,2.6,2.0
20,Female,4.84,93.8,4.5,5.8,6.0,2.36,No,Offline,Poor,Good,No,0,High,5.3,B,0.67,2,Positive,4.9,2.8,4.0,3.5,3.2,2.6,3.6
19,Male,3.06,85.6,6.7,8.3,1.9,2.01,No,Offline,Good,Good,Yes,2,High,6.5,A,0.89,1,Positive,2.5,1.9,5.0,2.0,3.8,4.5,1.3
17,Male,4.91,87.5,6.0,7.2,6.0,1.72,No,Hybrid,Poor,Good,Yes,2,High,6.4,C,0.56,2,Positive,4.6,1.7,3.9,2.0,1.2,4.1,1.9
24,Female,5.78,93.0,6.9,7.0,3.5,2.01,Yes,Hybrid,Average,Good,Yes,3,Middle,4.8,A,0.53,0,Positive,4.9,1.7,3.9,3.0,3.2,4.5,2.4
19,Female,6.3,83.0,7.8,5.5,6.9,1.49,No,Offline,Good,Average,Yes,0,High,4.9,B,0.49,2,Positive,2.1,2.6,4.8,3.1,3.5,5.0,2.1
22,Female,3.61,66.7,5.8,2.9,3.8,1.92,No,Offline,Average,Excellent,No,1,High,4.1,B,0.96,2,Negative,3.7,1.8,4.7,3.2,2.4,4.0,3.4
23,Female,5.98,89.9,6.9,6.2,1.5,1.66,Yes,Offline,Average,Good,Yes,0,High,3.8,A,0.76,1,Positive,3.5,2.9,4.1,3.3,3.3,4.4,2.0
21,Male,1.29,87.0,6.7,2.3,5.5,1.82,No,Online,Good,Good,No,0,High,5.4,C,0.74,2,Positive,3.8,3.5,3.7,3.8,4.5,3.7,2.1
25,Male,5.11,82.7,6.7,4.7,4.2,1.65,No,Offline,Average,Good,No,3,High,5.4,B,0.45,2,Positive,4.2,3.3,5.0,2.6,3.5,4.9,2.9
20,Female,3.21,83.4,4.6,5.5,2.2,1.96,No,Online,Average,Average,Yes,1,Low,3.3,B,0.72,1,Negative,1.2,4.0,4.0,1.8,2.4,2.9,2.3
19,Female,6.39,75.3,5.6,7.1,1.8,1.87,No,Online,Average,Average,Yes,2,Low,2.8,A,0.28,2,Positive,3.6,2.7,2.1,3.0,3.6,2.0,2.5
25,Female,4.15,72.8,6.5,4.7,5.4,2.08,Yes,Offline,Poor,Good,No,2,Middle,4.6,A,0.76,0,Positive,3.7,2.0,3.4,2.9,2.1,3.9,2.5
25,Male,9.48,86.9,6.0,4.0,4.3,2.14,No,Hybrid,Average,Average,No,1,Middle,2.2,A,0.47,1,Positive,2.5,2.6,3.6,4.1,4.2,4.6,3.1
18,Non-Binary,5.29,72.1,7.7,5.3,4.3,1.98,No,Offline,Average,Average,Yes,4,Middle,3.6,A,0.43,0,Neutral,3.9,2.7,4.2,3.4,3.5,5.0,3.6
17,Female,5.62,88.2,8.2,3.2,3.5,1.67,No,Online,Good,Excellent,Yes,2,Middle,3.5,A,0.35,2,Positive,4.2,2.8,3.4,3.5,5.0,4.5,3.7
18,Male,0.56,76.6,6.6,5.9,3.1,1.49,No,Offline,Good,Good,No,0,Low,7.1,C,0.6,2,Positive,2.5,1.9,2.2,1.6,3.9,5.0,1.0
19,Female,2.28,75.7,9.7,2.8,5.3,2.06,No,Hybrid,Average,Good,Yes,3,Low,6.0,A,0.57,0,Positive,1.7,2.5,1.8,3.2,4.2,4.6,3.4
28,Male,6.97,70.6,8.0,1.7,1.0,1.55,Yes,Hybrid,Average,Good,Yes,3,Middle,3.4,A,0.63,0,Neutral,4.9,3.6,2.2,5.0,2.8,5.0,3.8
21,Male,3.65,75.5,8.0,4.9,4.9,1.71,No,Offline,Average,Excellent,Yes,3,Low,6.2,B,0.21,1,Neutral,2.2,3.3,3.5,2.9,2.6,4.6,2.2
20,Male,7.15,81.6,6.5,6.3,5.3,1.84,No,Online,Good,Average,Yes,2,Middle,4.2,A,0.33,2,Positive,1.7,2.2,3.6,3.4,2.6,5.0,2.0
25,Male,3.58,81.2,6.6,6.0,4.1,1.9,Yes,Hybrid,Poor,Excellent,Yes,2,High,5.5,C,0.67,1,Negative,3.2,2.8,3.6,3.7,2.5,5.0,3.9
20,Male,6.16,82.3,7.4,3.8,4.8,1.64,Yes,Online,Average,Good,No,2,Middle,3.7,A,0.8,0,Neutral,1.0,1.8,5.0,2.7,5.0,4.3,3.6
19,Female,3.4,86.7,5.4,6.2,6.6,1.46,Yes,Offline,Good,Average,No,0,Middle,7.9,C,0.55,2,Positive,3.1,1.7,3.7,2.6,2.0,5.0,1.5
26,Male,5.82,76.7,7.1,5.2,4.6,1.55,No,Online,Average,Average,No,1,Low,4.0,A,0.2,2,Positive,3.8,2.7,1.6,4.1,3.2,5.0,2.2
24,Female,6.28,80.8,5.4,5.6,3.8,1.63,Yes,Offline,Good,Good,Yes,0,Middle,6.7,B,0.3,2,Neutral,2.4,1.6,3.3,3.9,2.1,4.0,2.3
24,Male,6.73,74.5,6.4,3.4,4.8,1.67,No,Online,Average,Good,Yes,2,High,3.4,A,0.67,0,Positive,3.5,3.1,4.6,4.2,3.2,3.7,3.2
21,Male,3.52,89.1,8.5,7.4,8.1,1.93,No,Online,Average,Average,No,2,Middle,3.5,C,1.0,0,Neutral,3.5,1.3,3.8,1.0,2.8,4.8,2.8
24,Female,2.43,90.8,6.9,5.1,1.1,1.56,No,Hybrid,Poor,Good,Yes,2,Low,4.5,B,0.21,0,Neutral,3.5,3.7,2.9,2.1,2.6,3.8,1.8
18,Female,6.05,86.1,6.7,3.3,4.0,2.09,No,Hybrid,Average,Good,Yes,1,High,1.2,A,0.31,1,Positive,2.6,4.0,4.3,2.4,3.7,4.4,2.5
21,Female,5.41,96.7,7.8,1.2,0.9,1.55,No,Hybrid,Good,Good,Yes,0,High,3.5,A,0.45,0,Positive,3.0,4.4,4.1,4.9,4.1,4.5,2.7
28,Non-Binary,6.28,75.4,5.1,2.1,3.7,1.39,Yes,Online,Good,Excellent,Yes,1,Middle,3.9,B,0.8,1,Positive,3.2,2.4,4.6,4.2,4.1,4.0,3.8
19,Male,2.6,73.8,7.5,7.5,5.1,1.61,Yes,Online,Poor,Excellent,No,0,Low,9.4,D,0.66,2,Neutral,3.1,3.0,4.2,2.3,3.1,4.1,3.6
24,Male,6.43,80.0,6.8,4.2,3.7,1.76,No,Hybrid,Average,Good,No,2,Middle,5.8,A,0.68,1,Positive,2.8,2.4,2.5,2.9,2.1,4.8,2.8
21,Female,4.64,100.0,6.6,2.3,2.8,1.96,Yes,Offline,Average,Excellent,Yes,3,Low,3.9,A,0.67,1,Positive,4.8,1.6,4.1,3.2,2.2,4.1,2.5
17,Non-Binary,2.87,86.6,7.1,5.7,6.1,2.0,Yes,Offline,Good,Poor,No,0,High,7.1,B,0.36,0,Positive,3.3,2.0,4.4,4.4,2.2,5.0,1.9
23,Female,4.08,85.8,7.2,4.1,3.6,1.71,Yes,Hybrid,Average,Poor,Yes,4,High,3.3,A,0.88,0,Positive,3.4,3.6,4.7,3.1,3.2,3.4,4.5
18,Female,6.77,81.3,7.3,5.8,3.2,1.9,Yes,Online,Poor,Average,Yes,0,Middle,1.8,A,0.44,2,Positive,1.8,2.9,3.9,2.8,3.4,4.7,3.6
22,Female,5.3,91.2,4.4,1.9,3.8,2.16,Yes,Offline,Poor,Good,Yes,2,High,4.9,A,0.66,2,Neutral,5.0,2.7,3.4,2.7,3.3,3.2,2.7
18,Male,5.26,86.0,5.9,5.3,3.4,1.43,No,Hybrid,Average,Good,No,3,Middle,4.2,A,0.53,2,Neutral,3.9,2.5,5.0,4.6,3.1,4.3,3.9
26,Female,5.14,93.4,7.9,5.1,5.2,2.39,No,Offline,Average,Good,Yes,3,Middle,2.4,A,0.68,2,Positive,3.3,2.3,4.4,3.1,3.1,3.6,2.1
19,Female,4.22,88.9,5.4,4.4,5.5,1.61,No,Offline,Average,Average,Yes,0,Middle,4.3,C,0.24,1,Neutral,4.7,2.7,4.0,2.8,2.3,2.8,3.3
19,Female,7.38,96.1,8.5,7.3,3.8,1.65,No,Hybrid,Good,Average,Yes,3,High,5.7,A,1.0,0,Neutral,1.8,3.5,5.0,2.1,1.1,4.8,2.0
18,Male,5.03,64.5,6.6,4.3,4.1,1.96,No,Offline,Good,Excellent,Yes,3,High,1.7,A,0.44,2,Neutral,1.9,2.6,4.7,2.5,2.9,3.0,3.6
26,Male,2.15,78.1,5.5,4.3,4.5,2.04,No,Online,Average,Excellent,No,1,Low,5.7,B,0.78,2,Positive,4.1,4.3,4.5,3.7,4.3,4.1,2.7
23,Male,2.16,81.6,10.0,2.0,5.0,1.96,Yes,Online,Average,Good,No,2,Middle,4.0,B,0.69,2,Positive,4.3,2.4,1.7,1.8,3.4,5.0,3.0
23,Male,3.9,67.7,7.8,4.8,3.3,1.84,No,Online,Average,Good,No,2,Middle,5.7,B,0.49,0,Neutral,1.1,3.2,1.1,1.9,1.7,5.0,2.4
21,Female,4.24,75.8,8.1,2.6,3.1,1.8,Yes,Online,Good,Good,No,2,High,4.8,A,0.25,1,Positive,2.0,3.9,3.6,3.0,3.2,4.3,4.1
21,Male,6.42,91.0,6.0,6.3,4.9,1.72,No,Offline,Average,Average,No,3,Middle,3.2,B,0.52,2,Positive,1.5,1.5,3.9,3.5,1.6,4.0,1.5
18,Male,0.76,86.7,7.2,6.2,1.8,1.4,No,Online,Average,Good,Yes,0,Middle,4.2,C,0.19,1,Neutral,4.0,2.8,3.6,2.3,3.3,5.0,2.9
21,Male,6.48,93.1,5.2,3.5,2.3,1.95,No,Online,Poor,Good,Yes,3,Middle,5.6,A,0.41,0,Neutral,3.1,1.9,3.8,3.2,3.2,4.7,2.4
19,Female,7.29,72.3,7.0,6.5,4.5,1.95,No,Online,Average,Good,Yes,1,Middle,4.2,A,0.77,0,Positive,3.5,4.0,4.3,2.8,1.8,4.3,2.8
28,Female,4.05,93.8,7.1,3.8,2.1,2.23,Yes,Offline,Average,Poor,Yes,3,Middle,3.9,A,0.18,0,Positive,2.0,4.0,3.4,2.6,2.7,4.4,3.5
24,Male,7.45,76.0,8.2,7.6,4.6,1.89,No,Offline,Poor,Excellent,Yes,1,High,5.2,A,0.36,1,Neutral,3.3,2.9,3.2,3.1,2.2,4.2,2.3
20,Male,3.66,89.0,7.1,3.5,2.8,1.82,No,Online,Good,Excellent,Yes,2,Low,1.9,A,0.82,2,Neutral,1.5,3.0,2.5,2.4,4.0,4.6,3.9
18,Male,4.67,77.3,8.1,4.0,3.6,1.8,No,Online,Good,Average,Yes,1,Low,5.1,A,0.25,1,Positive,3.8,2.5,3.0,3.4,4.8,4.6,1.7
24,Female,4.02,91.8,7.9,4.2,6.6,1.03,No,Hybrid,Good,Good,No,2,Low,6.2,B,0.32,1,Neutral,4.8,2.3,2.6,4.1,1.4,5.0,2.0
18,Male,8.14,84.1,9.6,7.4,5.3,1.83,No,Offline,Average,Excellent,No,3,Low,5.7,A,0.17,2,Neutral,1.0,3.5,2.6,4.1,2.9,3.4,2.8
18,Female,7.26,78.2,8.0,6.0,3.0,1.83,No,Hybrid,Average,Poor,Yes,3,Middle,6.1,A,0.71,1,Positive,4.4,2.7,2.4,2.1,2.0,3.7,1.5
19,Male,7.16,78.8,6.4,7.8,4.1,2.21,No,Hybrid,Average,Good,Yes,2,Middle,3.8,A,0.46,1,Neutral,2.9,3.3,3.5,2.2,2.3,4.2,2.6
21,Male,2.76,83.9,7.7,5.9,4.6,1.74,No,Hybrid,Poor,Good,No,2,Middle,7.0,C,0.45,0,Neutral,3.4,3.7,3.9,3.0,4.0,5.0,3.1
24,Female,5.19,99.2,5.4,5.0,6.8,1.93,No,Online,Average,Good,Yes,2,Low,4.3,A,0.43,0,Positive,2.6,2.7,2.0,3.3,3.1,4.4,2.3
19,Male,2.76,74.0,6.7,2.7,3.8,2.37,Yes,Online,Poor,Excellent,Yes,3,Low,3.7,A,0.54,2,Positive,1.9,3.0,3.8,3.3,3.4,4.1,4.0
18,Female,5.31,91.6,7.7,2.8,6.0,2.01,Yes,Online,Good,Average,Yes,4,Middle,2.1,A,0.88,1,Neutral,4.7,2.9,2.9,4.7,3.5,5.0,3.1
21,Male,6.11,84.9,7.7,3.1,3.9,1.55,Yes,Hybrid,Average,Poor,No,1,Middle,3.7,A,0.36,1,Positive,2.4,2.4,4.0,5.0,2.8,4.7,3.3
23,Female,7.71,85.9,6.9,5.1,0.5,1.46,No,Hybrid,Good,Poor,No,3,Middle,1.2,A,0.71,0,Neutral,4.5,2.6,3.2,4.2,1.2,4.2,2.8
19,Female,4.72,88.8,5.8,3.6,4.6,1.6,No,Online,Average,Poor,No,2,Low,4.5,B,0.28,0,Neutral,3.8,2.9,4.1,2.1,3.6,4.6,3.8
19,Female,5.46,90.8,7.1,7.8,3.4,1.64,Yes,Offline,Poor,Good,Yes,0,Low,7.5,C,0.67,0,Positive,2.8,2.9,2.9,2.6,1.0,4.6,2.4
26,Male,4.73,80.3,4.5,5.9,3.7,2.19,Yes,Offline,Average,Good,Yes,0,Low,5.6,B,0.1,2,Negative,4.7,2.5,2.0,4.0,1.3,3.9,1.7
27,Male,2.89,78.9,8.2,7.0,4.1,2.02,Yes,Online,Poor,Average,Yes,0,Low,5.9,C,0.34,0,Neutral,3.0,3.1,3.2,3.9,1.0,5.0,3.1
29,Male,8.29,75.5,7.8,3.6,4.5,2.08,No,Offline,Good,Good,No,3,Middle,3.4,A,0.64,1,Neutral,4.3,3.4,4.2,3.7,1.7,5.0,2.7
24,Female,5.77,89.7,5.4,4.9,3.9,1.99,No,Offline,Average,Good,No,4,Middle,3.3,A,0.48,0,Positive,4.3,3.3,4.5,3.7,2.4,4.0,3.3
18,Female,7.87,93.7,7.1,8.7,2.8,1.19,Yes,Offline,Average,Average,Yes,2,Low,3.2,B,0.96,0,Positive,1.7,2.3,4.5,3.6,3.2,4.1,2.1
19,Male,6.68,92.9,7.0,4.6,2.7,2.2,No,Hybrid,Poor,Good,No,2,Middle,5.4,A,0.56,2,Positive,2.2,3.2,2.9,4.1,3.1,4.3,2.5
20,Male,2.49,85.9,6.5,4.6,4.6,1.25,No,Online,Average,Good,Yes,2,Middle,2.7,B,0.44,1,Neutral,2.8,3.0,3.8,3.7,2.7,5.0,2.8
19,Female,3.78,82.7,8.1,1.0,2.7,1.92,Yes,Online,Poor,Good,No,1,Middle,2.7,B,0.74,2,Neutral,2.8,2.1,2.9,1.4,2.2,3.9,3.4
27,Male,6.37,75.8,7.0,6.1,4.3,1.79,No,Offline,Good,Average,No,3,Low,5.1,A,0.52,2,Positive,3.5,2.2,4.3,3.7,1.4,4.5,3.3
24,Male,6.71,86.5,4.6,3.1,1.8,2.04,Yes,Offline,Poor,Good,Yes,2,High,4.6,A,0.44,0,Positive,1.3,2.3,5.0,3.6,2.7,3.6,2.1
23,Male,6.38,78.4,4.2,4.4,2.4,2.11,No,Hybrid,Average,Excellent,No,3,Middle,3.5,A,0.46,2,Positive,3.0,4.0,3.7,3.6,3.3,4.2,2.6
18,Female,5.02,75.5,8.9,6.0,5.0,1.63,No,Online,Good,Good,No,1,Middle,4.8,B,0.7,1,Neutral,3.6,3.4,3.7,2.2,3.7,4.9,3.8
25,Female,6.72,74.7,7.0,7.3,3.5,1.33,Yes,Online,Average,Average,Yes,1,Middle,7.7,B,0.63,2,Positive,3.9,2.6,5.0,2.4,3.9,5.0,2.6
24,Non-Binary,3.06,69.6,5.6,2.9,3.1,1.78,No,Online,Average,Good,No,0,Low,5.8,C,0.18,2,Neutral,2.4,3.4,4.2,2.9,4.6,4.6,3.5
18,Male,4.52,84.4,5.3,5.7,1.9,2.13,Yes,Offline,Average,Poor,No,3,High,4.3,A,0.6,0,Neutral,2.0,3.8,2.3,3.4,3.0,4.1,4.1
25,Female,2.72,81.3,9.2,6.0,3.8,1.69,No,Offline,Poor,Good,Yes,0,Middle,9.4,C,0.37,1,Neutral,2.7,2.2,4.0,1.4,4.5,3.6,2.4
19,Female,6.98,94.6,7.9,4.1,2.8,1.89,Yes,Offline,Average,Average,No,2,Low,3.9,A,0.44,1,Positive,3.5,3.9,3.1,3.6,2.5,4.3,3.5
18,Male,5.76,79.5,4.7,4.7,5.4,1.19,No,Online,Average,Average,No,0,Middle,8.1,C,0.49,0,Positive,1.8,4.2,2.3,4.6,1.0,4.3,1.8
22,Female,6.41,100.0,6.1,3.2,2.1,1.77,No,Offline,Good,Good,Yes,2,High,1.0,A,0.22,2,Positive,2.7,3.1,5.0,5.0,3.9,4.5,3.8
22,Male,4.48,84.8,6.4,8.0,3.3,2.34,Yes,Offline,Good,Poor,Yes,1,Middle,2.4,A,0.77,0,Positive,2.6,1.7,3.2,2.6,3.1,4.5,3.6
18,Male,1.16,78.0,7.6,4.4,4.1,1.58,Yes,Hybrid,Poor,Good,No,0,Middle,4.8,C,0.79,0,Positive,1.5,2.7,4.8,2.3,2.9,4.6,3.1
19,Male,3.43,89.3,6.2,3.5,4.6,1.24,Yes,Online,Average,Average,Yes,1,Middle,6.2,B,0.81,2,Positive,1.4,3.8,3.5,2.8,3.1,4.4,3.2
29,Male,5.31,78.4,7.5,2.6,3.7,1.81,No,Offline,Average,Poor,No,2,Low,6.3,A,0.23,0,Positive,4.5,3.6,1.9,4.0,1.8,2.8,3.0
22,Female,5.11,93.0,6.7,6.0,5.8,1.74,No,Hybrid,Average,Excellent,Yes,0,Middle,3.3,A,0.39,2,Positive,3.8,2.8,3.6,3.5,1.8,5.0,2.2
23,Male,6.83,73.7,5.3,2.4,2.7,1.94,No,Offline,Good,Excellent,Yes,1,Middle,5.1,A,0.32,2,Neutral,4.0,2.4,2.0,3.6,2.9,3.9,2.5
19,Male,7.23,69.7,7.2,7.6,6.0,2.25,Yes,Offline,Poor,Average,Yes,1,High,6.7,A,0.39,0,Neutral,2.7,2.4,5.0,2.5,3.6,4.0,2.5
17,Male,3.89,100.0,7.1,6.4,2.3,2.02,Yes,Offline,Good,Good,No,4,Middle,6.2,A,0.5,0,Positive,3.1,2.8,4.2,1.8,2.8,5.0,3.4
19,Female,6.57,87.6,6.3,5.0,1.1,1.85,No,Offline,Good,Average,No,3,Middle,3.6,A,0.5,0,Positive,3.6,2.4,3.1,3.2,1.0,5.0,4.0
19,Female,1.55,85.9,5.2,3.7,2.5,1.92,Yes,Hybrid,Poor,Good,Yes,0,High,7.5,C,0.91,1,Positive,4.6,2.6,4.3,3.7,1.3,4.1,2.5
19,Female,6.33,76.4,6.3,4.3,3.5,2.32,No,Online,Average,Good,Yes,0,High,4.3,A,0.3,1,Neutral,3.4,3.5,2.9,2.8,2.4,2.8,4.0
18,Female,0.79,75.6,4.7,1.2,4.9,2.39,Yes,Online,Average,Average,No,2,Middle,3.3,A,0.76,1,Neutral,2.3,3.8,4.2,2.6,3.2,4.8,3.6
21,Male,6.0,78.6,5.5,2.5,6.9,1.18,Yes,Hybrid,Poor,Good,Yes,2,Low,4.9,A,0.61,0,Positive,3.7,3.2,2.2,3.5,2.9,4.3,3.4
19,Male,0.45,84.7,6.8,3.8,6.2,2.06,Yes,Offline,Average,Average,Yes,2,High,4.0,B,0.93,1,Neutral,1.0,2.8,3.1,1.9,2.6,5.0,3.5
24,Female,5.99,84.3,5.7,1.0,4.0,1.44,No,Online,Average,Poor,Yes,3,Low,3.7,A,0.58,0,Positive,2.1,3.3,3.7,5.0,1.7,4.3,3.7
18,Male,8.18,65.1,6.9,1.0,3.5,1.83,Yes,Offline,Poor,Good,Yes,3,Low,1.6,A,0.37,0,Positive,3.1,4.2,4.6,4.7,3.4,4.1,4.8
21,Male,4.66,93.4,5.6,4.3,3.0,1.65,Yes,Online,Average,Good,Yes,1,Middle,1.2,A,0.13,0,Neutral,3.6,3.3,2.4,3.8,4.8,5.0,4.0
17,Female,6.41,87.5,8.7,5.9,5.9,1.41,Yes,Offline,Good,Good,Yes,2,Middle,4.5,B,0.3,2,Positive,3.7,2.8,2.8,2.3,5.0,5.0,3.2
21,Male,7.22,91.8,7.8,3.5,5.2,1.61,No,Offline,Average,Good,Yes,3,High,4.4,A,0.36,0,Positive,2.6,4.3,3.4,3.5,2.5,4.1,2.3
17,Male,0.81,69.2,7.1,5.8,3.2,1.98,Yes,Offline,Poor,Good,No,0,Middle,4.2,C,0.35,1,Neutral,2.9,2.1,3.0,2.9,1.8,2.8,2.7
28,Male,1.14,78.7,6.7,6.5,3.6,1.8,No,Online,Good,Good,Yes,1,Low,6.9,C,0.39,0,Neutral,2.7,1.6,2.9,2.5,2.4,5.0,1.2
24,Male,5.04,76.1,5.4,6.5,2.0,1.56,Yes,Hybrid,Poor,Average,No,1,Middle,4.9,B,0.67,1,Positive,3.7,1.0,4.2,5.0,1.5,3.6,2.0
21,Female,2.81,80.8,6.5,4.2,6.4,1.62,No,Offline,Poor,Good,No,3,Middle,6.5,C,0.73,2,Neutral,3.5,3.3,3.7,3.4,2.5,4.8,1.9
18,Female,4.18,63.6,7.2,3.9,5.3,1.83,No,Offline,Poor,Good,Yes,0,High,6.7,B,0.58,2,Neutral,2.9,4.2,2.5,2.6,3.0,4.0,3.1
22,Female,10.47,89.5,4.4,5.3,6.9,1.38,No,Online,Average,Good,No,3,Middle,6.0,A,0.23,0,Neutral,2.4,3.9,3.0,4.0,2.3,4.7,2.8
23,Female,8.74,76.1,8.0,2.6,3.5,2.01,No,Offline,Average,Good,Yes,1,Low,4.4,A,0.74,1,Positive,3.4,2.6,4.0,4.4,1.6,3.8,2.9
18,Male,6.31,55.6,6.9,4.2,5.0,1.87,Yes,Offline,Average,Average,Yes,3,Middle,4.6,B,0.66,2,Neutral,3.1,2.2,3.1,4.3,2.9,5.0,3.9
21,Male,3.66,86.6,5.9,4.2,3.4,2.2,Yes,Offline,Good,Good,No,1,Low,4.1,A,0.17,2,Neutral,4.5,1.0,3.4,1.0,4.2,5.0,3.4
24,Male,6.12,71.9,7.4,5.3,4.2,1.65,Yes,Online,Average,Average,No,2,Low,7.2,A,0.51,2,Positive,3.0,2.2,4.2,2.5,3.3,4.6,2.9
23,Male,5.74,91.0,8.2,5.9,5.0,1.49,Yes,Offline,Average,Good,No,1,High,5.1,A,0.67,1,Positive,2.8,1.7,4.4,3.3,2.7,4.2,2.2
24,Non-Binary,4.71,63.3,6.6,8.8,5.7,2.04,No,Offline,Good,Good,No,0,Middle,4.8,B,0.8,0,Neutral,2.2,3.2,3.3,1.0,3.9,4.2,3.0
25,Female,8.37,75.9,7.5,2.8,3.2,1.83,Yes,Hybrid,Average,Excellent,Yes,3,Middle,3.9,A,0.92,1,Positive,4.5,3.2,5.0,5.0,3.0,4.2,4.0
26,Male,1.18,66.9,7.6,3.0,1.9,1.4,Yes,Hybrid,Poor,Good,Yes,1,Middle,6.1,D,0.59,2,Negative,3.1,3.1,4.7,2.9,1.6,3.6,1.9
20,Male,8.23,85.8,6.6,5.0,5.3,1.92,No,Offline,Average,Excellent,Yes,3,Middle,1.9,A,0.86,1,Positive,3.2,2.2,4.3,3.5,4.0,3.6,2.8
21,Male,4.19,69.4,6.3,3.2,3.7,1.91,No,Online,Poor,Good,No,2,Low,7.4,B,0.09,2,Positive,4.7,1.9,2.5,2.1,2.9,4.1,3.3
24,Male,7.69,68.8,7.9,4.2,2.9,1.61,Yes,Offline,Good,Excellent,No,3,Middle,4.2,A,0.6,2,Neutral,4.2,1.8,4.7,5.0,1.6,5.0,3.7
23,Male,4.78,73.3,8.4,7.8,2.7,1.24,No,Hybrid,Poor,Good,No,1,Low,2.8,B,0.86,0,Negative,1.6,1.5,4.1,1.6,3.2,3.9,2.9
29,Female,3.89,72.6,6.8,4.7,2.4,2.08,No,Hybrid,Average,Excellent,Yes,1,High,3.6,A,0.87,2,Negative,4.2,3.4,5.0,3.9,1.2,3.6,2.6
17,Female,3.69,91.0,6.1,1.4,4.1,2.15,No,Online,Good,Average,Yes,2,Middle,6.2,A,0.61,0,Neutral,4.2,2.2,3.6,5.0,2.4,4.4,3.5
20,Female,5.57,76.2,8.3,6.7,0.5,1.01,No,Offline,Average,Poor,No,2,Middle,2.9,A,1.0,0,Positive,1.3,2.9,3.9,4.4,3.6,4.2,3.6
19,Male,5.77,76.4,6.3,5.8,1.7,1.77,Yes,Hybrid,Average,Good,No,2,Low,3.2,B,0.12,1,Positive,4.5,5.0,1.4,3.3,1.7,2.7,4.3
19,Male,11.18,81.1,6.5,8.7,2.7,1.73,No,Offline,Average,Excellent,Yes,3,Low,3.9,A,0.19,1,Neutral,2.4,1.9,4.4,3.4,2.3,4.9,1.7
19,Female,8.28,81.7,7.2,1.0,2.3,1.89,Yes,Hybrid,Average,Good,Yes,2,High,4.6,A,0.5,2,Positive,3.8,3.6,5.0,5.0,3.3,3.5,4.8
23,Female,4.97,81.7,8.0,4.9,2.5,1.4,No,Offline,Poor,Average,Yes,2,High,3.9,B,0.75,2,Neutral,2.5,2.8,3.7,3.0,2.9,4.7,3.6
18,Female,2.59,76.1,6.8,3.7,7.1,1.64,No,Offline,Average,Good,Yes,2,Low,4.0,B,0.44,1,Neutral,5.0,1.9,3.5,3.2,4.8,4.8,3.4
23,Female,5.25,76.6,5.1,5.0,5.2,1.8,No,Online,Average,Good,No,3,High,4.5,A,0.75,1,Positive,3.2,1.9,4.9,2.2,4.7,2.9,2.2
23,Female,6.23,76.2,6.3,6.7,3.6,2.01,Yes,Online,Average,Average,No,1,Middle,3.8,C,0.31,2,Neutral,3.9,2.1,4.0,3.8,3.2,5.0,2.8
19,Female,1.61,80.2,7.8,2.4,4.8,1.31,Yes,Offline,Poor,Good,No,1,Low,5.5,C,0.26,0,Neutral,3.2,3.1,3.4,2.4,5.0,2.6,2.4
19,Male,5.08,79.5,7.8,3.2,2.9,1.61,Yes,Online,Poor,Excellent,Yes,2,Low,4.3,B,0.59,1,Neutral,1.9,4.6,3.1,4.5,1.6,4.3,4.0
22,Female,7.69,92.5,8.0,5.7,6.7,1.64,No,Offline,Good,Excellent,Yes,3,High,4.9,A,0.79,2,Positive,2.9,2.1,4.1,2.4,2.0,5.0,3.0
23,Male,4.12,68.9,6.5,3.1,2.1,1.56,No,Online,Average,Average,Yes,3,Middle,3.7,B,0.36,0,Negative,1.6,2.4,3.5,2.8,3.0,3.6,2.5
25,Male,1.81,68.5,6.7,4.9,1.0,1.7,No,Offline,Average,Average,No,1,High,6.4,C,0.6,1,Negative,3.3,2.0,3.8,2.4,4.2,5.0,2.1
25,Female,6.61,80.3,7.9,3.5,5.1,1.98,No,Online,Poor,Average,No,1,Low,5.9,A,0.76,0,Positive,2.8,3.9,5.0,3.1,2.7,4.7,3.2
27,Male,8.35,82.2,6.2,6.2,2.9,2.17,Yes,Hybrid,Good,Average,Yes,1,Middle,3.0,A,0.22,1,Positive,1.6,2.1,3.2,3.0,2.6,4.5,3.6
22,Male,4.65,89.5,8.6,6.2,3.5,1.93,No,Hybrid,Poor,Average,Yes,3,Low,8.6,A,0.33,0,Positive,2.5,3.9,3.1,2.9,1.2,4.0,2.5
25,Male,5.41,85.6,5.3,3.4,2.6,1.84,No,Offline,Average,Good,Yes,3,Low,5.6,A,0.88,1,Positive,1.9,3.3,3.6,2.9,2.3,4.9,2.9
24,Male,7.46,84.3,8.9,6.6,2.0,1.15,Yes,Hybrid,Good,Average,Yes,4,Low,3.9,A,0.91,2,Neutral,2.5,3.8,2.9,2.7,2.5,5.0,2.9
25,Male,6.18,99.3,5.6,5.3,2.5,2.16,Yes,Online,Average,Excellent,No,0,High,3.5,A,0.81,2,Neutral,2.8,2.8,5.0,3.1,3.4,3.9,2.9
17,Male,3.68,90.3,7.1,2.6,2.5,1.73,No,Offline,Poor,Excellent,No,3,Middle,3.3,A,0.52,2,Positive,3.7,3.0,2.2,3.9,2.3,3.5,3.0
27,Male,4.39,73.0,6.5,6.3,2.9,1.87,No,Offline,Good,Poor,Yes,1,Low,7.0,B,0.45,1,Neutral,2.1,2.7,3.6,3.8,3.0,3.1,2.1
21,Male,4.92,84.4,5.5,5.4,6.0,1.53,No,Hybrid,Average,Excellent,No,0,Middle,5.8,C,0.92,2,Positive,2.2,3.8,3.0,2.5,2.9,5.0,3.4
24,Non-Binary,5.1,72.4,8.2,3.4,3.4,2.07,Yes,Offline,Average,Good,No,2,High,1.4,A,0.5,0,Positive,3.3,3.2,4.4,3.5,1.2,3.6,4.5
18,Male,7.48,81.7,7.5,3.3,3.9,2.1,Yes,Online,Average,Good,Yes,3,Middle,1.7,A,0.4,1,Neutral,3.1,3.4,4.5,4.1,2.6,4.1,3.4
20,Male,3.01,75.6,7.6,8.1,4.0,1.77,Yes,Online,Poor,Average,Yes,1,High,6.8,D,0.6,1,Neutral,3.8,2.4,4.7,3.5,3.6,3.6,1.4
19,Female,5.9,75.8,8.9,5.1,3.7,1.73,Yes,Hybrid,Average,Good,No,1,High,4.1,A,0.73,1,Positive,2.8,2.6,3.6,4.9,1.6,3.9,4.5
19,Female,4.78,71.9,8.5,3.5,4.9,1.9,No,Online,Good,Average,No,2,Middle,2.6,A,0.68,0,Neutral,3.6,3.4,3.0,1.4,3.0,4.4,2.6
18,Female,0.87,80.6,7.9,1.0,5.5,1.47,No,Online,Average,Good,Yes,1,Middle,3.4,C,0.48,1,Neutral,1.0,3.5,3.6,1.5,4.3,5.0,4.5
24,Male,6.59,84.0,7.6,4.5,5.2,1.92,No,Online,Average,Poor,No,3,Middle,1.0,A,0.58,1,Neutral,2.3,3.0,2.8,3.3,4.0,3.3,4.0
17,Female,5.39,85.1,7.9,6.0,4.5,1.91,Yes,Offline,Average,Good,Yes,3,Middle,2.9,A,0.58,2,Neutral,3.0,1.6,3.1,2.1,3.9,4.7,2.4
19,Female,2.46,82.0,7.4,7.4,2.9,2.11,No,Online,Average,Average,No,1,Middle,4.3,B,0.18,1,Positive,2.9,2.0,2.9,1.6,3.2,5.0,2.0
18,Female,1.47,79.5,6.4,5.0,5.5,1.34,Yes,Hybrid,Average,Poor,No,0,Low,7.1,C,0.9,1,Positive,3.1,2.8,4.4,1.3,3.4,5.0,1.9
22,Female,7.02,83.3,7.9,8.2,1.3,2.04,No,Offline,Poor,Good,No,3,High,3.3,A,0.45,2,Positive,3.9,1.2,5.0,3.2,2.2,3.2,3.6
19,Female,8.53,91.5,5.2,4.6,6.3,1.69,Yes,Online,Poor,Good,No,2,Middle,5.2,A,0.81,0,Positive,2.5,3.4,4.2,3.5,2.4,3.2,3.2
19,Female,5.28,72.0,5.6,6.7,3.1,1.68,No,Online,Good,Good,Yes,2,Low,5.9,B,0.66,1,Neutral,3.3,1.6,3.0,3.8,3.2,2.9,1.6
21,Female,4.64,66.0,7.1,6.7,5.1,1.61,Yes,Online,Average,Poor,No,2,Middle,6.3,C,0.55,0,Negative,2.8,1.9,4.8,2.6,3.3,3.8,2.2
22,Male,6.58,78.5,6.9,4.5,3.5,2.05,No,Offline,Good,Excellent,No,0,Middle,5.1,A,0.72,2,Positive,3.5,3.1,4.9,3.5,3.5,5.0,2.0
18,Female,3.75,77.1,7.7,7.3,3.2,1.96,Yes,Online,Average,Good,No,1,High,3.1,B,0.57,1,Negative,3.5,1.3,4.8,3.8,3.1,4.3,2.6
18,Female,4.03,90.2,6.2,8.7,4.5,2.06,No,Hybrid,Average,Average,No,1,Middle,3.7,B,0.57,1,Positive,1.9,2.7,4.7,2.6,4.1,5.0,2.4
19,Male,7.04,91.1,7.1,5.0,2.4,1.69,Yes,Online,Average,Good,No,1,Middle,7.1,A,0.37,2,Positive,3.3,1.8,5.0,3.5,4.4,5.0,1.5
28,Non-Binary,2.76,94.0,6.6,3.0,1.8,1.64,No,Hybrid,Poor,Good,Yes,2,Low,1.2,A,0.38,2,Positive,3.6,3.4,1.0,2.1,3.3,3.7,3.0
20,Male,7.44,67.4,9.2,2.9,3.9,1.61,Yes,Hybrid,Average,Poor,Yes,3,Middle,3.7,A,0.58,0,Positive,3.1,2.7,3.7,3.9,3.4,3.7,4.2
22,Male,5.7,89.2,6.2,4.5,6.2,1.6,Yes,Offline,Good,Good,No,2,Middle,4.6,A,0.58,0,Neutral,3.4,2.9,2.8,2.8,3.0,4.7,2.7
19,Female,7.77,95.1,7.8,3.2,3.9,1.48,Yes,Offline,Average,Excellent,No,2,Low,1.0,A,0.47,2,Positive,3.2,2.8,3.8,3.9,1.1,4.4,4.3
21,Male,1.3,87.7,6.9,3.6,5.2,1.59,No,Online,Poor,Good,No,1,Middle,4.6,C,0.21,1,Positive,2.2,2.4,3.7,1.5,1.8,4.7,3.7
17,Male,7.75,95.6,8.6,6.1,1.1,1.58,No,Hybrid,Average,Average,No,3,Middle,6.9,A,0.81,2,Positive,2.5,1.0,4.4,3.2,3.7,4.5,1.0
17,Male,4.9,90.6,6.9,4.6,6.7,1.65,Yes,Offline,Poor,Excellent,No,2,High,5.1,B,0.52,2,Neutral,3.2,1.8,3.6,2.2,4.3,4.4,2.6
21,Male,6.39,80.7,6.2,5.7,4.0,2.14,No,Hybrid,Poor,Average,No,2,Middle,2.8,A,0.44,1,Positive,2.9,1.3,3.9,4.6,3.8,3.9,3.4
20,Male,3.43,93.5,5.9,4.4,2.7,2.04,No,Offline,Average,Excellent,Yes,1,Middle,4.8,B,0.68,1,Positive,2.3,2.3,4.4,3.7,2.1,4.8,3.6
18,Male,3.0,85.5,5.4,3.9,1.5,1.61,No,Online,Good,Poor,No,0,High,3.9,B,0.72,1,Negative,2.3,3.4,3.9,2.9,2.1,5.0,3.1
23,Male,7.45,67.7,4.3,6.1,7.0,1.49,Yes,Offline,Good,Good,Yes,1,High,7.8,B,0.79,0,Positive,2.9,3.9,3.4,3.4,3.8,3.6,1.0
29,Non-Binary,6.08,87.9,7.8,3.9,3.9,1.86,Yes,Online,Good,Good,Yes,0,Middle,2.7,A,0.66,2,Neutral,1.6,3.8,5.0,3.4,4.1,5.0,4.9
20,Non-Binary,6.23,71.5,4.7,2.4,4.5,1.58,No,Offline,Good,Average,Yes,4,Middle,3.4,A,0.49,0,Positive,2.5,3.8,4.4,4.6,3.5,3.1,3.6
22,Male,6.5,79.0,5.4,4.0,4.3,1.9,Yes,Offline,Poor,Good,Yes,1,High,1.4,A,0.55,2,Neutral,4.2,4.2,1.0,3.0,4.0,4.6,3.7
27,Female,6.35,62.0,6.7,3.1,4.4,1.73,No,Hybrid,Average,Good,Yes,3,Middle,3.6,A,0.42,0,Neutral,3.3,4.0,2.6,5.0,4.5,3.9,3.9
24,Male,1.86,75.0,5.4,2.5,2.0,1.58,Yes,Hybrid,Good,Poor,Yes,3,Middle,5.0,B,0.51,0,Positive,2.5,4.6,3.3,2.8,3.8,5.0,3.8
21,Male,4.47,87.7,6.8,3.9,3.4,1.89,Yes,Online,Average,Good,Yes,3,Low,5.4,A,0.35,2,Positive,2.5,3.1,3.8,1.9,3.3,4.1,3.0
23,Male,4.4,78.1,6.4,6.2,2.2,1.78,No,Hybrid,Good,Good,Yes,2,Middle,2.8,A,0.52,0,Neutral,5.0,3.0,1.9,3.0,3.5,5.0,2.2
18,Non-Binary,9.23,63.6,4.3,7.4,2.5,1.56,Yes,Hybrid,Average,Average,No,1,Middle,4.3,A,0.63,0,Positive,3.0,1.3,2.7,3.6,3.2,4.0,2.0
21,Female,7.85,70.1,7.8,6.9,1.8,2.1,Yes,Online,Average,Excellent,No,2,Low,3.5,A,0.35,2,Positive,3.5,1.4,3.0,2.9,2.8,3.0,2.0
19,Male,3.29,93.4,6.9,6.6,0.6,1.94,No,Online,Average,Excellent,No,3,High,1.4,A,0.91,2,Positive,2.3,3.1,4.6,1.8,2.5,3.8,3.0
18,Male,2.05,78.2,6.7,3.7,2.8,1.96,No,Online,Average,Average,No,2,Middle,4.0,B,0.92,1,Positive,3.5,2.1,3.6,1.5,3.0,4.3,2.7
20,Male,6.58,87.3,4.4,5.5,2.5,2.19,No,Online,Poor,Good,Yes,2,Middle,2.3,A,0.28,2,Positive,1.6,2.7,3.7,2.8,3.1,3.2,2.3
18,Female,6.29,99.0,6.9,6.2,8.4,1.49,No,Offline,Average,Average,No,4,Middle,6.1,A,0.48,1,Neutral,2.6,4.0,3.2,3.5,5.0,5.0,3.4
23,Female,7.94,84.7,6.7,5.6,2.6,2.11,Yes,Hybrid,Poor,Good,Yes,3,Low,4.2,A,0.52,0,Positive,2.7,2.7,2.1,4.2,3.4,5.0,3.7
20,Male,2.75,84.0,8.1,4.7,4.4,1.74,No,Online,Average,Excellent,Yes,1,Low,5.1,B,0.51,2,Positive,1.0,3.2,3.7,4.3,3.1,4.2,2.6
21,Female,8.54,97.7,7.8,2.3,3.4,1.68,Yes,Online,Good,Average,No,2,Middle,1.0,A,0.43,1,Positive,3.5,2.9,4.2,5.0,3.3,4.9,4.0
18,Male,5.52,61.5,8.9,1.5,4.0,1.89,No,Online,Average,Excellent,No,2,Low,1.0,A,0.71,2,Neutral,2.5,4.1,4.5,2.7,3.1,3.4,4.2
18,Female,7.77,85.2,5.5,2.6,6.0,1.62,No,Offline,Average,Good,No,2,Middle,4.6,A,0.85,1,Positive,3.8,3.7,3.0,2.8,3.3,4.1,2.3
22,Female,5.7,84.6,8.5,5.4,1.7,1.63,Yes,Offline,Good,Average,No,2,High,4.9,A,0.69,1,Neutral,2.7,3.3,4.7,2.5,2.6,5.0,2.7
28,Male,4.27,87.9,8.5,2.6,6.4,1.91,Yes,Offline,Good,Excellent,Yes,3,Low,2.6,A,0.32,2,Positive,2.0,3.7,3.5,3.5,3.3,4.4,3.3
18,Female,3.5,86.3,6.2,6.4,7.8,1.25,No,Offline,Average,Good,No,0,Low,6.3,C,0.8,0,Neutral,3.5,2.1,5.0,2.0,3.9,4.0,1.9
19,Female,7.93,78.2,6.7,4.4,2.8,2.14,No,Hybrid,Poor,Good,No,2,High,3.5,A,0.51,0,Positive,2.9,4.9,3.1,3.6,4.5,2.3,3.6
25,Male,1.02,71.9,6.5,7.5,3.7,1.77,Yes,Hybrid,Good,Good,No,0,Middle,7.0,D,0.92,1,Positive,3.0,2.2,4.3,1.9,3.2,4.1,1.9
17,Male,7.36,95.4,6.8,5.8,6.8,1.75,No,Online,Good,Average,No,2,Low,2.8,A,0.36,1,Neutral,3.5,2.4,3.2,3.7,3.4,2.8,1.1
25,Female,6.54,89.2,7.1,4.3,2.1,1.22,No,Offline,Average,Average,Yes,2,Low,5.0,A,0.49,0,Positive,3.2,2.2,1.9,3.5,4.0,3.1,2.8
21,Male,3.7,65.3,7.7,4.6,3.7,1.56,No,Offline,Poor,Excellent,Yes,0,Middle,6.5,B,0.77,2,Neutral,2.4,2.8,5.0,3.6,2.4,5.0,1.6
20,Male,6.71,73.0,6.8,5.8,2.6,1.59,No,Offline,Average,Good,Yes,1,Middle,2.5,A,0.32,2,Neutral,1.3,2.8,2.7,3.0,4.5,3.9,3.3
19,Male,4.86,89.3,5.1,1.2,5.7,1.72,Yes,Hybrid,Poor,Excellent,Yes,1,Middle,2.1,A,0.67,1,Neutral,2.0,3.2,3.2,4.4,1.9,4.7,4.0
19,Female,2.45,86.9,7.7,4.2,3.8,1.81,No,Offline,Poor,Average,Yes,1,Middle,3.7,B,0.83,0,Positive,2.8,3.9,3.9,1.3,2.4,3.8,1.0
19,Female,4.52,77.9,6.5,6.9,1.3,1.83,No,Hybrid,Poor,Good,No,0,High,5.7,C,0.44,0,Positive,3.0,2.7,3.2,2.4,4.1,3.5,2.6
25,Female,6.31,79.0,7.4,5.0,5.0,1.55,No,Hybrid,Good,Excellent,No,3,Middle,4.0,A,0.36,2,Positive,4.4,3.5,4.1,3.6,3.5,5.0,4.2
23,Female,5.2,79.2,7.9,3.9,3.1,1.43,No,Offline,Good,Average,No,3,Low,5.2,A,0.81,0,Positive,5.0,1.4,3.8,3.2,1.9,5.0,2.3
22,Male,3.53,85.0,5.1,6.1,5.4,2.08,Yes,Offline,Average,Average,No,1,Middle,7.0,C,0.49,0,Positive,2.9,2.4,1.9,1.3,4.6,3.2,2.1
24,Female,6.5,78.1,5.1,2.3,4.0,1.24,No,Offline,Average,Good,Yes,3,Middle,4.1,A,0.32,0,Positive,3.4,3.6,1.9,2.8,4.5,3.3,3.1
19,Female,6.62,79.4,6.9,7.4,4.6,1.4,No,Offline,Good,Average,Yes,1,Low,4.5,A,0.48,0,Positive,2.5,1.6,3.8,2.3,1.6,3.8,3.1
22,Male,7.6,70.3,6.7,3.3,4.2,1.27,No,Hybrid,Average,Average,No,1,Low,6.4,A,0.26,2,Positive,2.3,2.3,2.4,2.9,3.8,5.0,2.6
21,Male,5.54,92.3,7.5,9.1,6.8,1.81,No,Online,Average,Excellent,Yes,1,Low,4.9,B,0.58,2,Positive,2.8,2.1,3.4,2.6,1.9,5.0,2.1
24,Male,8.17,72.4,5.6,4.6,1.4,1.8,No,Hybrid,Poor,Excellent,No,3,Middle,4.8,A,0.67,1,Positive,2.4,2.8,4.2,2.8,4.2,4.5,1.6
19,Female,3.61,78.4,8.0,4.7,2.5,2.31,Yes,Online,Poor,Good,No,0,Middle,5.3,B,0.21,1,Neutral,2.2,2.4,2.3,3.7,4.5,4.3,2.4
22,Female,4.18,80.7,7.5,7.0,3.7,2.22,Yes,Offline,Average,Good,Yes,2,Low,3.7,A,0.28,1,Neutral,2.5,2.3,2.0,2.0,3.5,4.2,2.7
25,Female,2.13,77.5,5.1,5.7,4.3,1.59,No,Hybrid,Average,Excellent,No,1,Middle,4.7,B,0.31,2,Negative,2.3,3.4,4.0,1.7,2.9,4.4,1.7
20,Non-Binary,4.92,68.6,9.8,4.3,2.3,1.71,No,Hybrid,Good,Good,Yes,5,Middle,5.6,A,0.74,1,Positive,3.0,2.5,3.6,4.0,2.3,5.0,3.9
17,Male,5.18,73.4,6.7,2.2,4.4,1.77,No,Hybrid,Good,Poor,No,2,High,3.9,A,0.54,0,Negative,3.1,2.1,5.0,3.5,3.3,4.2,2.7
21,Female,4.99,77.2,7.6,4.3,3.0,1.87,No,Hybrid,Average,Average,Yes,0,High,3.3,A,0.77,2,Positive,1.9,2.8,4.9,2.4,2.1,4.0,3.4
20,Female,2.41,59.5,8.1,7.1,2.7,1.72,Yes,Online,Average,Poor,Yes,0,High,4.9,C,0.77,0,Positive,3.4,2.0,4.6,2.8,4.1,4.6,1.3
22,Male,7.13,82.6,6.7,4.2,3.4,1.5,No,Online,Poor,Poor,No,3,High,4.3,A,0.14,0,Positive,2.9,3.7,5.0,2.8,1.9,4.6,1.3
27,Non-Binary,1.55,100.0,5.7,4.5,4.9,2.39,No,Offline,Good,Average,No,5,Middle,2.8,A,0.88,2,Neutral,2.8,4.1,3.6,2.9,2.3,3.7,3.4
21,Male,3.09,73.4,6.9,5.7,5.2,2.09,No,Offline,Average,Average,No,1,Middle,5.2,B,0.28,0,Neutral,3.3,1.8,3.0,2.3,3.4,5.0,2.6
21,Female,1.05,73.4,5.8,8.1,6.1,1.9,No,Offline,Average,Average,No,0,Middle,7.7,Fail,0.68,0,Positive,4.5,2.6,4.5,1.0,3.1,4.1,2.4
22,Female,7.17,81.7,6.4,2.3,5.5,1.57,Yes,Online,Average,Poor,No,3,Middle,2.9,A,0.79,1,Positive,2.9,1.4,4.0,3.5,3.6,3.9,3.6
18,Female,6.66,74.5,7.3,3.4,3.6,1.58,Yes,Offline,Average,Good,No,2,Low,1.4,A,0.12,2,Positive,2.1,3.6,2.3,5.0,3.2,4.8,4.1
19,Female,4.62,69.0,6.2,5.2,2.9,1.76,No,Hybrid,Average,Average,No,0,Middle,2.9,B,0.86,2,Negative,3.5,3.0,3.5,4.4,4.9,4.4,2.9
26,Male,5.69,79.3,7.8,5.0,3.8,1.95,No,Hybrid,Good,Good,No,3,Low,2.6,A,0.43,1,Positive,3.5,2.8,2.1,3.8,3.5,3.2,2.6
22,Female,2.45,74.6,7.7,4.5,4.5,1.64,No,Hybrid,Good,Poor,No,1,Low,2.8,A,0.62,1,Positive,3.3,2.8,3.6,4.1,4.1,5.0,3.6
17,Male,2.78,74.8,7.7,5.4,3.5,1.62,No,Hybrid,Average,Excellent,No,2,Low,6.3,C,0.68,2,Positive,3.0,1.9,4.2,2.7,2.8,4.2,2.3
19,Female,2.99,87.3,8.7,4.1,0.5,1.8,Yes,Offline,Poor,Excellent,No,1,High,7.3,A,0.25,2,Negative,1.9,2.2,3.6,3.3,2.3,4.4,1.8
23,Female,5.66,82.3,8.9,6.4,6.2,2.26,No,Offline,Good,Good,Yes,2,Low,3.1,A,0.75,2,Positive,1.9,1.8,4.4,2.9,2.8,5.0,2.7
23,Female,4.2,84.7,7.4,2.7,4.4,1.19,No,Hybrid,Average,Good,Yes,2,High,4.4,B,0.87,0,Negative,2.6,3.3,4.4,2.6,2.9,4.3,3.0
24,Male,5.36,92.4,7.0,4.7,2.2,1.33,No,Online,Good,Excellent,No,3,Low,3.1,A,0.51,2,Positive,2.0,1.6,3.1,2.4,2.9,3.9,2.2
19,Female,2.8,85.1,7.9,6.1,4.8,2.38,Yes,Hybrid,Average,Average,No,1,Middle,6.5,B,0.12,2,Positive,3.8,1.3,3.5,3.1,2.3,5.0,2.5
26,Female,2.22,88.1,8.2,3.8,4.7,1.95,No,Online,Poor,Excellent,No,1,Middle,5.8,B,0.42,2,Neutral,1.4,4.1,3.4,1.6,1.8,4.3,3.8
21,Female,5.87,80.1,5.1,5.7,1.3,2.27,Yes,Online,Poor,Good,Yes,3,Middle,3.5,A,0.69,1,Positive,2.9,2.8,3.9,2.7,2.4,4.8,2.2
23,Male,5.6,87.8,8.0,2.4,4.5,2.27,Yes,Online,Poor,Good,Yes,2,High,2.4,A,0.9,0,Positive,2.9,1.9,4.4,4.3,3.7,3.2,4.2
22,Male,5.91,94.7,7.1,7.1,4.6,1.9,No,Hybrid,Good,Average,Yes,1,Low,2.7,A,0.46,2,Neutral,3.6,3.2,2.2,4.3,3.3,4.6,3.5
18,Male,3.7,75.7,7.7,6.0,5.2,2.04,Yes,Hybrid,Good,Good,Yes,1,Low,4.3,A,0.21,2,Neutral,3.7,1.9,3.3,3.5,2.9,4.6,2.6
27,Female,5.56,83.0,9.6,8.5,3.3,1.95,Yes,Offline,Good,Good,No,0,Middle,4.1,A,0.73,2,Positive,2.2,1.7,3.0,1.9,3.8,5.0,3.2
18,Female,1.79,70.1,9.9,7.0,3.9,1.98,Yes,Offline,Average,Good,No,2,Middle,5.5,C,0.71,1,Positive,4.3,2.5,3.6,2.4,1.2,4.0,3.3
19,Non-Binary,2.74,78.0,5.4,2.5,4.7,1.92,Yes,Online,Average,Good,Yes,1,High,5.5,B,0.93,0,Positive,1.9,2.0,5.0,2.5,4.1,4.0,3.0
24,Male,5.67,79.6,7.9,4.1,4.4,1.56,No,Offline,Average,Poor,No,3,Middle,1.9,A,0.76,0,Neutral,3.9,3.4,5.0,3.3,4.4,4.6,2.9
22,Male,3.05,85.7,8.2,6.0,2.3,1.77,Yes,Hybrid,Average,Average,Yes,2,Middle,5.5,B,0.48,2,Neutral,3.6,2.1,3.0,3.4,2.6,5.0,3.4
24,Female,2.48,76.6,5.9,3.2,2.3,1.95,No,Offline,Poor,Good,No,0,Middle,6.2,C,0.31,1,Neutral,1.2,1.0,2.6,2.0,2.6,2.4,2.8
21,Female,3.06,94.3,7.3,7.0,2.6,1.49,Yes,Offline,Poor,Average,No,0,Middle,4.6,C,0.2,2,Positive,1.9,2.7,3.0,2.3,2.5,4.2,3.4
20,Female,8.44,95.2,8.5,6.5,3.1,1.87,Yes,Online,Average,Average,Yes,1,Middle,3.4,A,0.72,2,Positive,3.9,3.6,4.2,1.5,1.5,4.5,3.8
26,Female,4.13,88.4,7.3,6.9,4.1,1.9,Yes,Online,Poor,Average,No,1,Low,6.0,B,0.47,2,Neutral,3.2,3.5,1.8,2.3,3.1,4.1,2.9
17,Male,5.64,100.0,8.2,1.0,3.7,1.76,Yes,Online,Average,Average,No,3,Middle,2.3,A,0.78,0,Positive,3.1,2.3,3.7,3.9,1.0,5.0,4.3
25,Female,4.68,72.0,5.5,1.3,6.7,1.46,No,Hybrid,Average,Good,Yes,4,Low,8.4,B,0.65,1,Positive,1.0,3.7,4.6,2.9,3.1,3.8,2.3
19,Female,10.04,62.8,7.4,4.5,3.8,1.62,Yes,Online,Average,Poor,No,3,Middle,4.8,A,0.43,1,Neutral,2.8,2.5,3.3,2.5,3.0,4.6,4.1
24,Female,4.81,76.2,6.1,1.0,6.3,1.74,No,Offline,Poor,Excellent,Yes,2,Middle,3.8,A,0.93,2,Neutral,2.3,3.6,3.3,3.1,3.7,3.5,3.4
18,Male,7.21,72.2,8.9,4.4,5.5,1.54,No,Offline,Good,Good,No,3,Middle,3.6,A,0.76,0,Neutral,1.8,1.7,2.9,2.4,2.4,4.9,2.5
22,Male,6.99,71.5,5.1,8.4,2.4,1.5,Yes,Offline,Average,Good,No,4,Middle,5.2,A,0.68,0,Positive,3.7,1.7,2.8,5.0,3.8,4.2,1.5
25,Male,5.94,75.7,6.3,4.8,6.6,1.8,No,Online,Poor,Average,No,0,Low,4.0,B,0.61,2,Neutral,3.0,1.9,4.7,3.1,2.8,4.4,2.4
21,Female,5.08,85.7,5.9,5.4,5.8,1.65,Yes,Online,Good,Good,Yes,3,Low,3.8,B,0.89,2,Positive,2.1,1.2,4.1,3.9,3.8,3.2,3.4
23,Male,1.92,92.2,5.3,1.4,6.2,1.72,No,Online,Poor,Good,Yes,2,Low,7.5,B,0.61,2,Neutral,2.2,2.4,3.5,2.2,3.3,5.0,2.6
24,Male,6.23,77.7,9.0,7.4,4.2,1.83,No,Online,Average,Excellent,Yes,3,Low,3.1,A,0.41,2,Positive,3.1,2.4,4.1,2.2,3.8,4.5,2.9
23,Male,9.59,88.9,8.1,3.0,2.2,1.75,No,Online,Average,Good,Yes,3,Low,4.1,A,0.42,0,Positive,3.5,2.0,4.0,3.1,3.3,2.8,2.2
26,Female,6.2,80.3,7.0,5.3,3.3,1.88,Yes,Online,Poor,Good,Yes,1,High,3.3,B,0.79,1,Positive,3.7,2.7,4.3,3.4,2.7,5.0,1.7
20,Male,9.3,82.0,6.4,4.3,3.7,1.63,No,Hybrid,Average,Excellent,No,4,Middle,4.0,A,0.72,1,Positive,3.5,3.4,4.4,3.2,3.6,4.4,3.8
18,Female,6.59,94.3,6.5,3.1,4.1,1.27,No,Hybrid,Average,Average,No,2,Middle,4.9,A,0.75,0,Neutral,3.0,4.0,2.9,3.7,3.3,4.5,1.6
17,Male,7.0,80.8,6.1,5.3,3.9,1.77,No,Online,Good,Poor,No,2,Middle,6.5,A,0.25,0,Positive,2.2,4.1,3.3,3.3,3.3,3.6,3.0
19,Male,4.13,84.2,7.8,6.8,5.0,1.58,No,Offline,Good,Good,Yes,2,Middle,3.6,B,0.18,2,Neutral,3.3,3.1,3.2,3.0,2.0,3.3,2.6
18,Female,4.84,82.5,7.6,2.7,2.8,1.53,Yes,Offline,Poor,Poor,Yes,3,Low,2.2,A,0.37,1,Positive,2.0,2.1,2.0,2.9,3.8,5.0,2.5
21,Male,6.1,72.2,8.3,5.1,8.7,1.95,No,Offline,Average,Average,Yes,2,High,3.2,A,0.38,1,Positive,3.1,3.1,3.5,2.9,3.3,5.0,4.6
18,Male,7.44,89.2,7.4,2.8,3.7,2.24,Yes,Offline,Good,Good,Yes,2,High,3.0,A,0.87,0,Neutral,2.8,3.8,5.0,5.0,2.1,5.0,3.2
17,Male,2.99,100.0,7.3,3.8,5.2,1.76,No,Online,Average,Average,Yes,2,Low,4.6,B,0.3,2,Positive,3.8,2.2,3.6,1.9,3.2,3.5,3.6
17,Female,2.15,81.1,5.2,9.4,5.1,1.71,No,Online,Good,Good,Yes,0,Middle,6.6,C,0.47,1,Neutral,3.7,3.0,3.6,2.0,3.1,3.9,1.3
24,Female,4.87,90.2,8.3,5.3,4.3,1.93,No,Hybrid,Average,Excellent,No,1,Low,7.5,A,0.73,2,Positive,3.6,2.2,2.7,3.1,4.5,5.0,1.8
22,Male,4.88,94.3,7.7,3.8,3.1,1.59,Yes,Online,Good,Average,No,1,Low,3.0,A,0.48,1,Positive,3.5,3.0,4.9,2.9,2.3,3.7,3.7
20,Male,6.07,83.6,8.0,4.1,7.0,1.62,Yes,Online,Average,Average,No,4,Middle,1.0,A,0.31,2,Neutral,2.9,3.8,4.4,2.2,3.2,3.3,3.5
25,Non-Binary,8.63,83.2,9.3,7.5,3.5,1.68,No,Online,Average,Average,No,2,High,3.8,A,0.16,1,Positive,4.6,2.0,4.2,2.6,3.3,4.9,3.5
17,Female,3.95,78.4,6.5,6.4,4.8,2.1,Yes,Offline,Average,Average,Yes,0,Middle,5.3,B,0.63,0,Positive,3.6,2.3,3.5,2.3,1.6,4.5,2.1
28,Male,8.97,69.0,4.1,7.9,3.0,2.02,No,Online,Good,Poor,No,2,Middle,2.8,A,0.73,0,Positive,4.5,3.1,2.0,2.9,2.5,4.1,2.3
22,Female,6.28,76.6,6.9,5.4,4.9,2.08,No,Offline,Average,Poor,Yes,3,Middle,4.1,A,0.76,0,Positive,4.1,3.1,5.0,2.4,3.0,4.3,2.8
18,Female,5.16,87.1,8.4,6.9,5.2,1.45,No,Hybrid,Average,Good,Yes,0,Middle,3.8,A,0.88,1,Positive,2.6,1.0,5.0,2.5,1.0,3.9,2.4
22,Female,1.63,88.7,7.6,7.6,3.0,2.02,No,Hybrid,Average,Average,Yes,0,Middle,6.4,C,0.76,1,Positive,2.4,1.2,4.0,2.3,3.7,2.6,1.2
23,Male,8.18,72.3,7.7,3.0,5.6,2.39,No,Hybrid,Poor,Good,Yes,1,High,4.9,A,0.92,0,Neutral,3.5,2.8,3.3,2.8,3.0,3.7,2.2
20,Male,8.77,96.8,6.5,4.2,4.0,1.38,No,Offline,Poor,Excellent,No,1,Middle,3.6,A,0.33,2,Neutral,1.8,2.6,3.8,3.7,3.5,3.3,1.7
25,Male,6.1,65.0,7.6,4.8,1.7,1.4,No,Hybrid,Average,Good,No,3,Middle,5.6,B,0.95,0,Positive,2.6,2.1,4.1,3.2,3.8,5.0,2.0
18,Female,6.16,70.9,6.8,1.1,2.8,1.88,Yes,Hybrid,Poor,Good,No,2,Middle,1.0,A,0.7,1,Positive,2.3,5.0,5.0,3.7,2.5,4.7,5.0
19,Female,4.22,82.7,9.4,6.7,2.1,1.75,No,Online,Good,Average,Yes,2,High,2.2,A,0.75,2,Neutral,3.0,3.4,4.3,3.6,1.2,5.0,4.2
18,Male,1.12,70.5,7.3,3.0,2.0,1.78,No,Offline,Poor,Good,No,2,Middle,4.6,B,0.62,2,Neutral,1.0,1.0,3.7,3.6,1.0,3.0,2.8
19,Female,3.45,77.5,4.6,2.6,4.8,1.79,Yes,Online,Good,Average,No,1,Low,4.1,C,0.32,1,Positive,5.0,4.0,2.8,3.6,4.0,2.6,2.8
19,Female,2.1,85.9,5.3,4.0,4.8,2.14,No,Offline,Average,Poor,No,0,Middle,4.9,B,0.33,0,Negative,3.7,2.1,3.2,3.4,4.1,4.3,3.3
26,Non-Binary,2.25,71.1,6.4,5.0,3.3,1.79,No,Offline,Poor,Excellent,No,0,Middle,4.8,B,0.47,1,Neutral,4.0,2.6,2.7,3.0,2.8,4.1,1.6
17,Female,3.33,68.8,7.2,8.0,2.1,1.8,No,Online,Good,Average,No,2,High,3.6,A,0.7,0,Neutral,3.2,1.0,5.0,2.7,4.1,4.6,1.7
20,Non-Binary,3.87,87.2,8.8,5.1,4.0,1.08,No,Online,Average,Average,No,0,Middle,6.5,B,0.69,0,Positive,4.2,3.7,2.8,2.1,3.9,5.0,3.0
21,Male,6.12,95.7,8.3,8.3,5.3,1.8,No,Offline,Average,Excellent,No,3,Low,5.7,C,0.82,2,Positive,3.6,2.4,3.7,2.7,3.8,3.7,1.9
25,Female,7.75,80.4,6.2,6.8,4.3,2.22,No,Offline,Average,Excellent,Yes,2,Middle,2.2,A,0.61,2,Positive,3.8,3.6,4.1,4.4,3.6,4.9,2.9
29,Female,4.61,92.3,7.2,6.4,2.1,2.08,No,Offline,Average,Average,Yes,1,Middle,3.1,A,0.88,0,Positive,3.5,2.8,2.7,2.5,2.2,4.3,3.0
23,Male,6.69,64.6,7.5,5.6,5.1,1.55,No,Online,Average,Average,No,0,Middle,5.9,B,0.41,1,Neutral,4.4,2.3,3.1,3.2,5.0,4.1,2.8
28,Male,4.32,73.4,4.7,3.6,5.6,1.92,Yes,Offline,Poor,Good,No,2,Low,5.4,B,0.5,2,Positive,2.3,2.3,3.6,4.0,2.3,3.5,2.8
24,Non-Binary,4.4,91.7,10.0,5.7,4.3,0.9,No,Online,Average,Good,Yes,1,Low,6.7,B,0.93,1,Neutral,4.6,1.3,3.9,2.8,3.7,4.9,1.9
27,Male,5.74,86.8,6.1,6.8,0.7,1.87,No,Offline,Poor,Poor,No,2,Low,5.3,A,0.2,0,Positive,2.8,2.2,3.0,2.9,2.4,3.9,1.0
23,Female,3.74,80.1,8.2,3.1,4.1,2.24,Yes,Offline,Average,Good,Yes,1,Middle,3.1,A,0.38,1,Neutral,2.2,3.2,2.3,3.2,4.1,4.0,4.1
17,Male,5.54,70.0,7.8,8.3,4.1,1.9,No,Offline,Average,Excellent,Yes,2,Middle,6.4,A,0.88,1,Negative,3.4,1.0,3.0,2.4,2.7,5.0,1.7
20,Male,4.02,63.9,4.5,1.6,2.8,1.39,No,Online,Average,Average,Yes,1,High,6.6,A,0.7,1,Neutral,1.9,3.9,4.8,3.7,4.5,5.0,3.7
22,Male,3.23,89.0,8.9,5.3,1.8,1.46,Yes,Offline,Average,Excellent,No,1,Middle,2.1,B,0.8,2,Neutral,2.5,2.8,4.9,2.4,3.8,4.3,3.4
20,Male,3.64,89.5,8.7,6.2,5.1,1.5,Yes,Online,Poor,Excellent,Yes,1,Low,4.5,B,0.38,2,Neutral,2.7,2.3,4.3,2.2,5.0,4.1,2.1
19,Female,8.14,81.7,7.1,5.7,5.0,1.61,No,Offline,Average,Average,No,3,High,2.7,A,0.29,0,Positive,2.8,1.8,3.7,4.0,1.2,3.5,2.7
21,Female,5.52,86.0,9.6,4.3,3.1,1.12,Yes,Offline,Average,Good,Yes,2,High,3.1,A,0.51,1,Positive,4.0,1.9,4.6,2.6,3.3,5.0,2.8
26,Male,4.07,80.0,7.7,1.8,5.3,1.63,No,Offline,Average,Average,No,2,Middle,2.8,A,0.9,1,Neutral,3.8,3.1,2.8,4.6,3.6,5.0,3.9
17,Male,5.36,75.8,8.0,4.8,2.2,1.99,No,Hybrid,Good,Good,No,2,Middle,2.4,A,0.93,0,Positive,2.7,2.7,3.1,1.9,1.8,4.2,3.0
23,Male,3.44,74.2,8.6,5.2,2.6,1.52,No,Online,Good,Good,Yes,3,High,5.8,B,0.48,1,Neutral,3.4,1.0,3.6,1.1,4.4,5.0,2.1
23,Male,4.03,74.7,4.8,5.5,1.2,2.36,No,Hybrid,Average,Average,No,3,Low,2.1,A,0.81,2,Negative,5.0,4.5,3.7,2.5,1.6,2.9,4.5
27,Female,4.26,72.8,8.4,1.9,3.4,2.19,No,Online,Good,Good,No,3,High,3.5,A,0.78,1,Positive,1.8,2.4,3.9,3.7,2.3,4.6,3.2
26,Male,1.55,93.5,7.4,6.1,3.4,1.33,No,Hybrid,Good,Excellent,Yes,0,High,4.2,C,0.64,2,Neutral,2.0,3.5,3.9,1.2,3.6,4.6,3.2
23,Male,4.64,84.5,7.4,3.1,5.7,1.21,No,Online,Poor,Average,No,0,Middle,7.8,C,0.47,0,Positive,3.0,2.7,2.5,3.5,1.0,3.8,3.6
21,Female,5.87,81.1,5.2,5.2,4.2,1.74,No,Online,Poor,Average,Yes,4,Middle,3.6,A,0.54,0,Positive,5.0,3.1,3.2,3.2,2.5,3.0,2.6
19,Male,5.54,94.1,8.5,5.7,4.5,1.68,No,Online,Poor,Poor,Yes,1,Low,4.9,A,0.08,0,Positive,2.2,2.4,1.7,3.9,4.1,4.7,2.6
21,Male,4.68,86.7,7.6,5.8,1.6,2.04,No,Offline,Good,Good,No,2,High,4.6,A,0.49,0,Positive,2.4,2.3,5.0,2.8,2.1,5.0,1.5
23,Male,7.15,82.0,6.2,8.4,3.3,1.67,Yes,Offline,Average,Excellent,No,1,High,3.6,A,0.59,2,Positive,3.6,2.3,3.1,2.8,3.9,3.8,3.3
25,Female,3.3,83.1,7.1,6.0,4.1,1.5,Yes,Offline,Poor,Excellent,Yes,0,Middle,5.7,C,0.24,2,Positive,3.9,2.2,4.0,3.0,3.7,2.2,3.0
24,Female,7.24,86.3,8.7,6.4,5.4,1.96,Yes,Online,Poor,Good,Yes,3,Low,6.7,B,0.41,1,Neutral,3.0,3.4,3.2,3.5,1.8,3.3,3.8
18,Female,6.97,74.3,8.0,3.2,3.5,1.81,No,Hybrid,Poor,Good,No,3,Middle,2.6,A,0.38,2,Positive,3.2,1.9,4.0,3.6,1.6,4.4,3.4
22,Male,5.4,82.5,6.3,3.8,4.7,2.11,No,Hybrid,Good,Average,No,3,High,1.0,A,0.43,0,Neutral,3.0,2.8,4.0,2.3,2.9,3.8,3.9
20,Male,8.07,71.2,6.6,4.2,5.3,1.86,No,Hybrid,Average,Average,Yes,3,Middle,2.3,A,0.88,1,Positive,3.2,2.3,3.7,4.0,3.0,3.5,3.5
17,Female,3.37,75.1,10.0,2.5,3.1,1.86,Yes,Online,Good,Good,No,2,Low,1.9,A,0.84,2,Negative,1.5,3.6,3.4,4.0,3.5,5.0,4.2
19,Female,5.49,79.6,5.3,6.1,3.4,1.86,No,Offline,Poor,Good,Yes,1,Middle,5.7,A,0.54,1,Positive,3.2,1.0,4.6,1.8,1.9,3.7,2.3
18,Non-Binary,4.69,74.9,7.2,5.4,1.6,2.13,Yes,Hybrid,Poor,Good,Yes,2,Low,3.4,A,0.44,2,Neutral,3.0,3.6,2.6,2.1,3.4,2.9,2.9
24,Male,3.42,84.6,8.1,7.7,2.9,1.73,Yes,Online,Good,Excellent,No,1,High,6.9,C,0.79,2,Neutral,3.4,1.5,4.1,1.8,4.0,5.0,1.2
19,Male,4.33,84.5,8.6,5.9,3.6,1.58,No,Hybrid,Average,Good,No,4,Middle,4.4,A,0.53,1,Positive,2.5,3.1,5.0,3.4,2.8,4.3,2.6
19,Female,5.8,99.6,5.8,2.3,3.9,1.84,Yes,Offline,Poor,Good,Yes,1,Middle,3.9,A,0.47,0,Neutral,3.5,1.4,3.4,3.8,5.0,3.9,2.2
27,Female,5.8,82.4,8.5,5.4,6.6,1.84,Yes,Hybrid,Average,Average,No,1,Low,4.9,B,0.59,0,Positive,3.8,2.2,3.5,2.3,2.3,4.9,1.9
20,Female,6.26,85.9,7.5,1.9,4.4,1.97,Yes,Hybrid,Poor,Excellent,Yes,1,Low,6.0,A,0.09,2,Positive,5.0,2.8,1.4,3.8,3.2,3.2,3.6
17,Female,3.63,75.5,7.1,7.2,5.0,1.77,No,Offline,Poor,Good,No,3,Middle,5.0,B,0.48,0,Neutral,2.5,2.5,3.4,2.0,2.8,2.8,1.0
19,Female,4.78,80.8,9.5,6.8,5.0,1.98,No,Hybrid,Average,Excellent,Yes,3,High,6.2,B,0.68,2,Positive,2.0,2.8,4.1,2.4,2.1,5.0,2.4
18,Female,4.75,81.8,9.2,4.8,4.0,0.93,No,Offline,Poor,Good,Yes,1,Low,7.0,C,0.22,2,Positive,3.2,4.5,2.8,2.5,5.0,3.5,3.1
18,Female,3.65,91.0,8.1,2.0,0.8,2.11,No,Online,Poor,Good,Yes,3,Middle,3.5,A,0.44,1,Neutral,3.5,2.7,4.0,2.6,2.9,4.5,4.3
17,Non-Binary,4.95,83.2,7.8,8.8,4.8,2.19,Yes,Offline,Good,Good,No,1,Middle,5.0,B,0.67,1,Positive,3.1,2.7,3.8,1.3,2.4,4.3,2.0
22,Female,0.66,79.5,5.8,6.6,4.6,1.34,Yes,Hybrid,Average,Average,Yes,0,High,6.9,Fail,0.82,0,Neutral,3.1,2.1,3.7,2.6,1.9,4.8,2.8
18,Male,2.62,74.4,6.1,2.4,4.1,1.69,Yes,Offline,Average,Good,Yes,2,Middle,7.1,B,0.59,1,Positive,2.4,3.4,3.4,4.9,4.1,4.7,3.3
20,Male,3.97,82.0,6.2,2.8,3.4,1.31,No,Hybrid,Poor,Excellent,Yes,2,Low,2.7,A,0.44,2,Positive,1.4,1.8,3.7,3.1,4.3,3.9,3.3
25,Female,4.21,89.8,8.8,1.5,3.0,1.93,Yes,Hybrid,Average,Average,No,3,Middle,2.5,A,0.35,2,Positive,4.2,3.4,2.3,3.8,4.1,5.0,4.1
20,Male,6.28,68.5,5.1,6.7,4.8,1.52,No,Online,Good,Poor,Yes,3,High,3.9,B,0.59,0,Positive,4.6,1.7,3.9,3.3,2.8,4.7,1.5
26,Female,3.85,93.2,7.2,6.2,4.1,1.44,No,Hybrid,Average,Good,No,0,High,2.6,A,0.68,1,Positive,2.3,1.1,4.3,3.1,2.9,3.8,3.6
21,Male,8.37,81.6,5.0,4.6,2.5,1.68,No,Offline,Good,Average,Yes,2,Middle,2.6,A,0.53,2,Positive,2.4,2.7,4.9,2.9,3.3,5.0,4.0
20,Male,2.01,69.9,6.1,1.3,1.6,1.77,No,Online,Good,Good,No,1,High,6.8,B,0.19,0,Positive,1.4,3.4,5.0,2.9,1.7,4.3,4.1
23,Female,8.68,78.7,4.9,5.5,4.9,2.21,Yes,Offline,Average,Good,No,3,Low,4.6,A,0.46,0,Positive,2.6,2.4,3.8,3.3,2.1,3.5,2.6
17,Male,3.05,90.0,5.9,2.9,2.7,1.4,Yes,Offline,Average,Average,No,1,Middle,4.1,B,0.27,0,Negative,3.3,3.4,3.3,3.6,5.0,4.1,3.3
18,Male,2.66,90.5,8.7,2.2,2.9,1.54,Yes,Hybrid,Poor,Excellent,No,2,High,5.7,B,0.14,2,Neutral,2.4,4.6,4.7,3.2,4.1,3.9,3.3
22,Male,3.46,73.1,7.6,3.9,4.7,1.61,No,Hybrid,Poor,Good,No,1,Low,7.9,B,0.3,1,Negative,3.8,2.1,4.0,3.8,2.4,2.9,2.7
21,Female,3.71,78.6,8.0,4.6,2.0,1.95,No,Online,Average,Excellent,No,0,High,4.2,A,0.72,2,Neutral,2.1,3.4,4.6,3.1,2.2,4.9,2.3
24,Male,4.36,95.4,6.9,5.0,1.7,2.07,No,Online,Average,Good,Yes,3,Middle,6.0,A,0.3,2,Positive,3.6,2.2,4.2,3.9,3.8,4.9,3.2
26,Female,4.03,88.5,6.5,4.6,4.1,1.33,No,Offline,Good,Excellent,No,1,Middle,5.5,A,0.61,2,Positive,3.3,3.1,3.5,3.6,5.0,4.6,2.1
20,Male,5.87,98.4,7.3,8.6,2.5,1.96,No,Hybrid,Poor,Poor,No,2,Low,3.0,A,0.44,1,Positive,2.7,2.1,2.1,2.6,2.9,4.7,2.8
22,Female,6.52,91.3,8.1,7.3,5.8,1.74,Yes,Online,Good,Average,Yes,1,Middle,4.1,A,0.57,0,Positive,2.7,3.6,4.5,1.8,3.0,5.0,4.2
21,Male,2.82,78.5,5.5,5.8,2.8,2.09,No,Hybrid,Good,Poor,Yes,3,Middle,5.6,B,0.44,0,Negative,3.7,2.6,3.4,3.1,4.5,5.0,3.1
28,Male,7.44,83.7,7.9,10.0,2.3,1.78,Yes,Offline,Average,Good,No,2,Middle,2.4,A,0.8,1,Neutral,5.0,2.0,4.1,3.6,2.6,4.0,3.0
24,Male,5.46,75.1,7.0,5.2,5.2,1.55,No,Hybrid,Average,Excellent,No,1,Low,1.0,B,0.82,1,Positive,2.9,3.5,3.9,3.2,3.2,4.6,3.8
26,Male,4.96,84.0,8.7,9.6,4.5,1.53,No,Hybrid,Good,Good,Yes,2,High,4.4,C,0.56,2,Positive,4.0,2.4,4.9,2.3,3.1,4.4,2.7
19,Female,6.66,91.4,7.3,3.9,4.6,1.84,No,Offline,Good,Excellent,No,5,Low,1.0,A,0.57,2,Positive,4.6,3.4,2.9,3.4,1.7,3.6,2.4
24,Male,4.77,87.4,7.0,2.4,5.5,1.73,No,Online,Average,Average,Yes,3,High,2.6,A,0.3,1,Positive,2.3,4.1,2.4,3.3,3.6,2.7,3.9
19,Male,7.86,76.6,6.9,4.6,4.7,1.97,Yes,Hybrid,Poor,Average,Yes,2,Middle,1.4,A,0.57,2,Positive,2.1,3.0,4.0,3.6,1.6,5.0,3.8
19,Female,2.52,69.1,5.7,2.8,4.4,1.21,No,Hybrid,Good,Excellent,No,2,Middle,6.5,B,0.5,2,Neutral,3.0,4.3,4.8,3.8,2.7,4.4,1.3
26,Male,7.4,82.3,7.6,4.7,2.7,1.81,Yes,Hybrid,Poor,Good,No,0,Middle,2.5,A,0.32,0,Neutral,3.2,1.6,2.2,3.2,1.0,3.3,3.1
17,Male,4.01,58.7,5.7,4.1,4.8,1.74,No,Hybrid,Good,Good,No,2,Middle,5.3,B,0.9,1,Neutral,3.5,2.7,4.3,3.5,2.9,3.5,2.7
27,Female,6.43,79.8,7.6,6.5,3.3,1.86,Yes,Hybrid,Average,Average,No,4,High,4.7,A,0.59,0,Neutral,2.2,2.5,4.4,3.5,4.3,3.0,3.4
18,Female,4.06,94.8,7.9,4.5,7.5,1.58,No,Hybrid,Good,Excellent,No,2,High,4.9,A,0.65,2,Neutral,3.7,2.2,5.0,3.1,3.2,4.9,2.5
24,Male,8.3,80.9,7.1,6.4,6.7,2.38,No,Offline,Average,Good,Yes,2,Middle,1.3,A,0.49,1,Neutral,1.9,3.1,4.2,4.4,1.7,5.0,2.5
19,Male,5.74,63.7,8.4,7.9,6.3,1.47,No,Offline,Poor,Good,No,1,Middle,7.1,C,0.69,2,Negative,3.0,2.5,2.9,1.8,4.4,3.7,1.9
20,Non-Binary,6.47,79.7,6.9,1.9,3.3,1.9,Yes,Offline,Poor,Poor,Yes,1,Middle,5.3,B,0.47,1,Positive,3.3,1.5,4.0,2.7,1.9,3.5,3.2
19,Male,2.83,75.1,6.8,7.4,3.7,1.67,No,Offline,Good,Good,Yes,1,High,6.5,B,0.73,2,Neutral,1.6,3.4,4.4,1.7,2.4,3.4,3.0
22,Non-Binary,1.99,88.6,5.1,5.1,1.7,1.78,Yes,Offline,Good,Excellent,No,2,High,7.6,B,0.38,2,Neutral,3.4,3.5,4.2,2.2,4.4,4.8,2.2
20,Male,5.45,64.4,6.5,3.7,4.7,2.18,Yes,Offline,Average,Excellent,Yes,1,Middle,5.8,B,0.83,2,Negative,2.8,3.1,2.6,3.8,3.1,4.4,2.1
22,Female,8.01,81.9,7.2,8.5,3.9,1.64,No,Hybrid,Average,Poor,No,0,Middle,2.0,A,0.57,0,Positive,2.5,2.5,2.7,2.8,4.1,4.3,3.1
17,Male,5.3,74.3,9.5,6.0,3.8,2.2,Yes,Offline,Average,Average,Yes,3,Low,4.8,A,0.69,2,Neutral,3.3,1.6,2.7,2.5,3.0,5.0,1.9
17,Female,2.02,90.5,5.2,2.7,3.1,1.68,No,Online,Average,Good,Yes,3,High,2.9,B,0.65,0,Positive,1.5,2.3,5.0,4.0,4.1,2.9,1.8
18,Male,8.39,84.7,7.8,5.5,0.5,2.39,Yes,Hybrid,Average,Average,Yes,1,High,4.2,A,0.47,1,Neutral,3.4,1.0,4.0,3.4,3.0,2.9,2.3
20,Female,3.94,72.8,6.5,1.3,4.2,2.07,No,Hybrid,Poor,Good,No,0,High,3.3,A,0.88,0,Negative,1.8,2.7,3.6,3.7,2.9,2.9,4.1
24,Male,6.5,88.5,7.6,8.5,4.2,2.08,Yes,Hybrid,Poor,Average,Yes,3,Middle,3.9,A,0.55,0,Positive,3.4,2.1,4.0,2.7,4.7,3.3,2.4
25,Male,3.33,78.1,9.4,8.5,5.0,1.86,Yes,Offline,Good,Average,No,2,Middle,3.9,C,0.59,1,Neutral,3.1,2.6,4.0,3.7,3.6,5.0,2.9
19,Female,3.54,91.7,6.3,2.2,2.9,1.86,Yes,Hybrid,Poor,Good,No,3,Middle,1.3,A,0.65,1,Positive,4.5,2.2,4.3,3.6,2.3,3.3,3.5
21,Female,5.55,85.9,8.7,5.2,5.2,1.89,Yes,Hybrid,Good,Good,Yes,4,Middle,2.8,A,0.7,1,Positive,4.5,3.5,3.0,3.7,2.2,5.0,3.9
23,Female,0.68,88.9,5.1,3.5,7.2,1.71,No,Offline,Average,Good,No,1,Middle,6.2,D,0.84,2,Negative,3.8,3.0,4.3,2.2,4.7,5.0,3.7
19,Male,2.96,78.3,6.5,10.0,6.3,1.85,Yes,Hybrid,Average,Excellent,Yes,1,Middle,5.2,C,0.58,2,Negative,2.9,2.8,3.4,3.3,2.3,3.8,1.4
20,Female,4.11,77.5,7.4,9.2,3.1,1.85,No,Hybrid,Poor,Average,No,1,Low,7.4,B,0.32,0,Negative,3.0,2.8,2.5,2.8,3.4,4.0,2.1
21,Male,4.13,76.3,5.6,5.4,1.9,1.16,Yes,Online,Good,Good,Yes,1,Low,6.4,C,0.55,1,Neutral,1.9,2.8,4.6,2.2,3.8,3.7,2.1
18,Non-Binary,1.68,82.2,6.0,8.5,4.0,1.72,Yes,Hybrid,Poor,Average,Yes,0,Middle,7.8,D,0.83,0,Negative,1.2,2.5,5.0,2.1,2.0,4.1,1.0
17,Female,7.14,60.0,6.0,2.0,5.1,1.47,No,Online,Average,Good,Yes,2,High,3.1,A,0.95,2,Neutral,4.1,2.7,4.8,5.0,2.3,4.9,2.8
18,Male,4.49,95.8,10.0,2.7,2.9,2.34,Yes,Online,Good,Poor,No,2,Middle,1.6,A,0.65,0,Positive,2.6,3.0,3.4,4.5,3.2,5.0,3.8
22,Female,4.58,81.6,7.5,3.2,5.6,1.96,No,Offline,Average,Average,No,3,Middle,3.4,A,0.2,0,Negative,2.1,3.2,3.4,1.5,2.7,4.2,3.7
17,Female,1.11,81.5,7.1,1.0,7.8,1.4,Yes,Hybrid,Poor,Average,No,0,High,8.7,C,0.97,1,Negative,1.2,4.0,1.4,2.8,4.5,3.6,3.9
18,Male,4.71,66.4,7.7,7.2,5.0,1.92,No,Hybrid,Poor,Average,No,2,Middle,6.0,C,0.77,1,Neutral,3.1,2.5,5.0,2.6,3.3,3.6,3.1
20,Female,6.18,69.0,5.1,3.1,5.4,2.2,No,Hybrid,Poor,Excellent,Yes,1,Low,5.6,A,0.4,1,Positive,2.7,4.6,4.7,3.5,1.1,5.0,3.2
17,Male,6.58,69.9,7.5,3.3,4.2,1.94,No,Offline,Poor,Good,No,2,High,6.0,A,0.57,2,Positive,2.3,3.1,5.0,2.7,3.3,3.7,2.2
18,Female,6.07,87.1,7.1,7.6,3.2,1.5,No,Online,Average,Excellent,No,2,High,5.2,B,0.66,1,Positive,2.3,1.0,3.4,2.9,3.2,5.0,2.6
26,Male,4.71,72.8,7.2,4.0,1.8,1.42,No,Online,Good,Good,No,1,Middle,5.1,B,0.92,2,Positive,3.3,2.5,4.2,2.7,4.2,4.4,2.6
17,Male,4.39,72.5,7.0,5.9,3.6,1.95,No,Hybrid,Average,Average,Yes,0,Low,3.2,B,0.7,0,Neutral,3.0,1.9,4.8,3.9,1.9,2.9,2.9
22,Male,5.21,87.6,6.9,6.3,3.2,1.58,No,Online,Average,Average,Yes,1,High,4.3,B,0.2,0,Positive,1.3,2.3,2.3,2.7,5.0,4.3,2.2
20,Female,6.18,72.8,6.9,7.8,2.9,2.12,No,Online,Poor,Average,No,0,Middle,3.9,B,0.61,1,Neutral,2.1,1.4,4.0,1.4,2.5,2.8,1.8
22,Female,4.39,62.6,6.4,2.8,6.5,1.35,No,Online,Poor,Average,Yes,2,Low,6.1,C,0.33,0,Positive,3.9,1.7,2.8,4.2,4.0,3.5,3.7
22,Non-Binary,4.41,54.3,6.7,3.9,5.7,1.7,Yes,Offline,Average,Good,No,0,Low,3.3,C,0.79,2,Neutral,2.2,2.3,1.8,2.3,3.5,3.6,3.8
19,Male,5.61,79.8,5.2,4.4,3.7,1.43,Yes,Hybrid,Good,Good,No,4,High,3.1,A,0.8,0,Positive,3.9,3.1,4.8,4.0,4.5,4.4,1.0
24,Male,4.33,96.8,6.6,4.4,3.4,1.58,No,Offline,Good,Average,No,2,Low,4.8,A,0.4,0,Positive,3.0,3.2,3.5,1.9,2.1,4.2,3.4
21,Female,5.35,86.6,5.7,3.4,4.1,1.37,Yes,Offline,Good,Average,Yes,2,Middle,3.4,B,0.59,2,Positive,2.5,2.3,3.9,2.4,3.1,3.8,2.6
24,Female,5.1,85.5,6.4,5.7,4.0,2.39,No,Online,Average,Poor,Yes,0,Middle,3.1,B,0.83,0,Positive,2.6,3.2,3.1,1.6,3.0,4.8,3.6
20,Male,3.0,69.9,5.0,3.7,3.5,1.65,No,Hybrid,Poor,Average,Yes,1,Low,4.6,C,0.68,0,Neutral,3.6,2.5,4.7,3.0,2.6,3.3,1.0
28,Male,7.82,96.3,7.6,7.2,4.0,1.87,Yes,Online,Good,Average,No,2,Low,3.2,A,0.59,0,Positive,2.1,1.8,3.9,4.4,1.2,4.8,2.3
24,Female,6.17,74.6,7.7,1.9,5.3,1.81,No,Hybrid,Average,Good,No,1,Middle,1.0,A,0.49,0,Positive,1.7,2.9,4.1,2.4,4.2,4.5,3.9
27,Male,3.02,91.9,6.0,6.6,4.2,1.74,Yes,Hybrid,Poor,Average,No,0,Middle,5.1,C,0.5,2,Neutral,2.3,1.0,4.6,1.8,3.1,3.2,1.6
21,Female,2.93,100.0,5.0,1.7,6.1,1.44,No,Online,Average,Good,No,2,High,5.6,A,0.93,2,Positive,1.7,3.0,5.0,4.2,4.6,4.0,3.9
21,Female,3.85,87.1,8.2,6.1,4.6,1.92,No,Offline,Average,Average,Yes,2,Middle,4.7,A,0.48,2,Negative,1.9,1.3,3.1,3.9,1.0,4.0,1.6
23,Female,3.63,66.3,7.6,7.2,4.5,1.58,Yes,Hybrid,Average,Poor,No,1,Middle,5.9,B,0.86,1,Negative,1.9,2.0,4.6,2.7,2.7,4.3,3.1
25,Female,2.86,82.2,7.6,1.0,3.6,2.21,No,Hybrid,Poor,Excellent,Yes,2,Middle,1.2,A,0.21,1,Neutral,3.1,2.7,3.4,2.9,2.7,3.7,4.7
27,Male,5.25,74.3,7.8,4.0,5.8,1.81,No,Offline,Average,Good,No,2,Low,3.5,A,0.66,2,Positive,1.0,3.6,3.7,3.6,2.5,4.7,2.7
19,Female,4.16,79.9,7.3,2.1,5.0,2.14,No,Online,Poor,Average,No,2,Low,3.7,A,0.16,0,Neutral,3.1,2.4,3.5,3.3,2.9,4.5,3.3
24,Female,2.92,89.6,6.5,7.3,3.8,2.35,No,Online,Poor,Excellent,No,2,Middle,5.6,B,0.75,2,Positive,2.9,4.2,3.1,2.9,3.2,2.5,3.3
19,Male,7.84,97.6,8.5,5.8,3.0,1.58,Yes,Hybrid,Good,Poor,No,1,Low,5.9,A,0.71,0,Positive,3.7,2.0,1.4,3.4,2.6,4.1,2.5
21,Female,4.11,91.3,5.2,6.9,4.7,1.62,No,Online,Good,Average,Yes,0,Middle,6.5,B,0.33,0,Positive,3.3,2.1,3.2,2.2,3.2,3.6,2.5
18,Male,5.43,79.6,9.3,5.8,3.1,1.53,Yes,Online,Average,Good,No,1,High,3.8,B,0.93,2,Positive,3.3,2.8,3.0,2.2,2.4,4.4,2.8
20,Female,2.14,85.2,7.0,6.0,5.0,2.01,No,Hybrid,Poor,Good,Yes,2,Middle,4.7,C,0.78,2,Neutral,2.0,2.1,3.7,1.8,4.3,5.0,2.7
26,Male,2.6,74.0,6.9,5.6,4.1,1.92,Yes,Hybrid,Average,Average,No,3,Middle,6.4,A,0.47,2,Neutral,2.6,3.4,2.1,2.7,3.3,2.9,2.6
18,Female,2.78,83.9,5.4,2.2,6.1,1.56,No,Online,Average,Poor,No,2,High,4.7,B,0.86,0,Neutral,1.5,1.5,4.5,2.3,3.4,4.5,1.5
22,Male,6.63,78.4,7.0,3.7,2.7,1.56,No,Hybrid,Average,Excellent,Yes,4,High,1.8,A,0.15,1,Positive,4.2,3.0,3.5,4.3,1.7,5.0,3.4
22,Male,6.2,89.9,6.2,6.8,6.0,2.14,No,Offline,Average,Average,Yes,1,High,3.7,A,0.92,1,Neutral,4.3,1.9,4.4,2.2,3.6,3.8,2.5
18,Non-Binary,4.31,89.7,7.0,7.8,2.7,1.33,No,Online,Poor,Average,Yes,1,Middle,7.7,C,0.33,0,Positive,3.4,2.9,4.0,2.4,3.9,4.2,2.6
19,Female,4.18,83.8,8.8,3.5,3.0,1.77,No,Online,Good,Good,Yes,2,High,2.8,A,0.36,0,Neutral,1.8,2.9,4.8,1.1,4.0,5.0,3.3
21,Male,5.42,81.2,8.4,6.0,6.3,1.94,No,Offline,Poor,Excellent,No,2,High,3.6,A,0.14,2,Neutral,3.6,3.0,3.0,3.0,1.5,3.7,2.5
18,Male,3.06,77.9,6.9,6.7,4.3,1.74,Yes,Offline,Average,Poor,Yes,1,Middle,4.0,B,0.53,0,Neutral,2.5,3.2,3.9,2.8,3.8,3.5,3.3
24,Male,4.28,93.5,6.7,1.6,4.3,1.72,No,Online,Average,Good,No,2,Middle,5.4,A,0.22,0,Positive,1.3,4.4,3.6,4.1,3.6,5.0,3.6
28,Female,6.64,88.5,6.1,2.8,1.9,1.5,Yes,Hybrid,Average,Good,Yes,2,Low,4.2,A,0.73,1,Positive,2.6,3.4,2.4,3.8,3.0,3.5,2.9
19,Female,2.99,90.8,8.6,3.0,3.2,2.16,No,Online,Good,Good,No,2,Middle,5.6,A,0.57,2,Neutral,4.0,4.4,4.6,3.1,3.1,5.0,4.5
18,Female,6.04,76.6,5.5,8.4,2.6,1.68,Yes,Hybrid,Good,Good,No,2,Middle,7.2,B,0.2,0,Positive,2.8,1.3,2.5,2.7,3.0,3.6,1.5
20,Female,4.56,86.7,6.9,6.6,3.9,1.6,No,Online,Good,Excellent,Yes,1,Middle,3.1,C,0.61,2,Positive,3.1,2.2,3.2,2.3,2.5,5.0,2.4
23,Female,5.12,81.8,4.0,3.5,6.5,2.15,No,Offline,Good,Average,No,2,Low,2.8,A,0.36,1,Positive,1.8,2.4,2.9,3.5,1.8,2.6,2.5
19,Male,4.46,89.0,4.9,4.9,3.7,1.57,Yes,Hybrid,Good,Average,No,2,Middle,4.0,B,0.87,2,Positive,2.7,2.8,3.2,4.4,1.9,4.2,2.6
17,Male,6.44,100.0,7.5,5.9,1.6,1.3,No,Hybrid,Good,Excellent,Yes,4,Middle,4.0,A,0.32,2,Neutral,2.7,2.7,2.7,3.9,2.8,4.4,2.1
21,Female,6.48,88.9,6.5,7.3,3.4,2.02,No,Online,Average,Good,No,1,Middle,4.1,A,0.51,2,Neutral,2.0,1.9,4.1,3.3,3.1,4.1,2.4
27,Female,5.84,86.4,7.0,5.3,1.3,1.34,Yes,Hybrid,Average,Good,Yes,0,Middle,4.3,B,0.54,1,Neutral,3.2,3.6,2.7,3.1,5.0,5.0,2.5
20,Female,1.54,63.5,6.9,9.9,6.1,2.16,Yes,Online,Poor,Good,Yes,0,High,6.6,Fail,0.65,0,Neutral,2.7,1.0,5.0,1.8,3.7,4.1,1.3
20,Female,5.0,76.0,8.8,4.5,3.7,1.76,No,Offline,Poor,Good,No,2,Middle,5.6,A,0.45,0,Negative,3.5,3.7,2.8,4.0,3.0,2.8,3.2
27,Female,7.09,64.0,5.4,6.7,3.8,1.64,No,Offline,Average,Good,Yes,2,Middle,5.2,B,0.87,0,Positive,2.5,2.0,4.9,3.9,2.7,3.6,3.1
23,Female,2.76,75.1,10.0,4.5,4.4,1.57,No,Hybrid,Average,Excellent,No,2,Middle,5.7,B,0.73,1,Positive,3.1,3.1,4.4,3.5,2.7,4.4,4.1
23,Male,1.73,90.6,6.4,3.4,7.3,2.14,No,Online,Poor,Good,Yes,1,High,2.5,C,0.8,1,Neutral,2.2,1.9,3.4,4.2,3.3,5.0,2.6
21,Male,4.32,97.6,7.7,4.9,5.1,1.46,Yes,Offline,Poor,Average,Yes,1,Middle,6.0,A,0.82,2,Positive,1.4,2.9,3.2,3.5,2.4,3.9,3.0
28,Non-Binary,6.35,79.8,7.6,5.1,3.5,2.17,No,Hybrid,Poor,Good,No,3,High,4.1,A,0.2,0,Positive,4.1,2.9,4.2,4.7,3.2,3.8,3.3
23,Female,2.24,61.3,9.7,6.0,3.5,1.63,No,Offline,Poor,Good,No,1,Low,5.5,C,0.64,1,Negative,2.5,3.4,4.5,4.7,1.3,5.0,3.1
25,Male,5.41,93.1,6.4,5.2,3.3,1.55,No,Offline,Average,Good,No,1,Middle,3.2,B,0.78,1,Positive,2.1,3.4,4.1,1.9,3.1,5.0,3.2
23,Male,4.19,90.2,7.0,8.8,2.0,1.99,No,Offline,Average,Good,Yes,2,Low,3.5,B,0.42,0,Neutral,3.5,1.0,4.3,2.4,2.0,2.6,3.5
23,Male,4.67,77.9,6.1,4.4,1.5,1.55,No,Offline,Average,Average,No,2,Low,3.0,B,0.62,0,Neutral,3.0,2.8,4.6,2.5,1.5,3.7,2.8
19,Male,5.56,60.1,7.8,6.7,6.5,2.01,No,Online,Poor,Good,No,1,Middle,2.1,B,0.74,1,Positive,1.7,3.2,3.2,2.9,3.5,3.4,2.4
19,Female,4.4,91.6,7.7,3.9,5.0,2.08,No,Online,Average,Good,No,4,High,2.9,A,0.38,2,Positive,2.8,2.4,5.0,4.7,2.6,4.0,3.4
24,Male,3.63,79.2,5.2,3.1,3.9,1.95,No,Online,Average,Good,No,3,Middle,1.7,A,0.62,1,Negative,1.3,1.6,4.4,4.4,2.8,4.1,2.7
19,Female,5.09,82.2,4.3,4.8,4.4,1.86,No,Online,Good,Good,No,3,Middle,3.6,A,0.87,0,Neutral,2.3,2.8,3.4,3.4,1.9,5.0,2.4
21,Male,7.8,60.6,6.3,4.7,1.0,1.67,Yes,Online,Poor,Average,Yes,5,Middle,2.2,A,0.5,0,Positive,4.3,1.6,3.2,3.9,3.1,5.0,3.6
19,Female,5.94,72.4,7.7,3.8,2.9,1.52,No,Hybrid,Poor,Good,Yes,2,Low,4.9,A,0.2,0,Positive,1.9,2.4,4.1,2.9,3.3,3.7,3.2
24,Male,6.13,94.7,5.7,6.7,4.4,1.46,No,Offline,Average,Good,Yes,1,Middle,2.3,B,0.24,2,Positive,2.3,1.7,4.7,4.0,4.4,5.0,2.1
18,Female,2.93,70.7,5.1,2.4,4.4,1.42,No,Online,Average,Good,No,2,Middle,6.9,B,0.52,2,Positive,3.2,2.9,3.6,2.7,3.8,4.6,3.6
24,Female,3.74,86.4,6.6,8.5,3.2,2.21,No,Hybrid,Average,Good,Yes,1,Middle,5.8,B,0.95,2,Positive,1.9,3.1,5.0,2.9,3.2,5.0,1.4
22,Female,2.15,78.8,6.1,6.8,3.8,1.93,Yes,Hybrid,Good,Good,No,1,Middle,3.6,B,0.67,1,Neutral,2.3,2.9,5.0,1.8,3.2,5.0,3.9
18,Male,6.6,81.3,7.9,5.1,5.3,1.89,No,Online,Average,Average,Yes,1,Low,3.3,A,0.61,1,Positive,4.0,3.7,4.2,2.8,4.0,3.2,3.6
21,Male,6.75,86.6,7.1,3.6,6.7,2.39,Yes,Online,Poor,Good,No,3,Middle,2.8,A,0.61,2,Neutral,2.1,3.3,4.4,4.4,2.6,3.5,3.2
19,Male,5.63,72.2,6.8,3.9,4.8,1.84,No,Offline,Average,Poor,Yes,0,High,5.4,B,0.87,1,Positive,2.7,3.0,5.0,3.1,2.6,4.6,3.3
19,Male,6.32,81.5,6.0,4.1,6.5,1.56,Yes,Online,Average,Good,No,1,High,7.7,B,0.65,0,Positive,2.3,3.9,2.8,3.6,1.7,4.0,1.8
20,Female,3.95,81.0,6.1,5.2,2.1,1.52,Yes,Offline,Average,Average,Yes,1,Middle,6.8,B,0.99,0,Positive,2.5,1.5,3.8,2.6,1.8,4.7,2.6
17,Female,4.06,72.5,7.3,4.9,3.3,1.39,Yes,Online,Average,Poor,No,1,Middle,3.7,B,0.64,0,Positive,3.1,3.9,3.8,3.2,3.8,3.6,4.2
28,Female,7.17,83.2,7.8,6.0,3.7,1.55,No,Offline,Good,Good,No,1,Low,3.6,A,0.85,2,Neutral,3.0,3.0,3.5,3.3,3.2,5.0,2.7
17,Female,4.0,77.2,8.3,3.7,2.3,2.0,Yes,Offline,Average,Good,No,0,Middle,6.3,A,0.93,2,Positive,2.4,3.6,4.8,3.3,1.0,4.3,2.6
22,Male,6.81,67.8,7.4,5.3,4.9,1.58,No,Hybrid,Average,Good,Yes,2,High,4.4,A,0.73,1,Positive,2.9,2.2,4.4,3.6,3.8,4.5,3.0
20,Male,8.07,95.8,8.1,3.0,2.8,2.17,Yes,Offline,Average,Good,Yes,3,Middle,5.5,A,0.61,2,Neutral,3.9,2.4,4.4,5.0,2.2,5.0,2.8
22,Male,2.53,88.8,4.7,3.9,3.3,1.24,No,Offline,Poor,Good,No,1,High,6.7,C,0.51,0,Positive,2.9,2.9,3.9,2.4,3.4,3.7,2.2
20,Female,3.06,77.7,7.3,8.0,3.3,1.2,Yes,Hybrid,Good,Good,Yes,0,Middle,6.6,D,0.52,2,Neutral,3.0,1.3,4.9,4.4,3.2,5.0,1.0
22,Female,8.16,85.0,6.6,4.0,2.1,1.33,No,Online,Good,Good,Yes,1,Middle,3.4,A,0.58,1,Positive,2.3,2.5,4.0,3.4,3.8,4.3,3.1
23,Male,6.77,65.2,6.1,6.3,6.7,1.45,No,Hybrid,Good,Good,No,2,Low,2.2,A,0.64,1,Positive,3.5,2.2,3.4,2.6,1.7,2.9,2.0
23,Male,7.89,79.0,8.9,7.3,3.7,2.36,No,Hybrid,Average,Good,Yes,0,Middle,2.6,A,0.45,2,Positive,2.0,2.0,4.3,3.1,1.9,4.6,1.8
18,Female,8.14,82.3,7.3,1.0,5.1,1.92,No,Offline,Average,Good,Yes,0,High,2.7,A,0.48,1,Neutral,4.3,2.8,4.7,4.7,4.6,4.9,4.1
22,Female,4.24,84.2,6.1,5.1,4.1,1.8,No,Offline,Poor,Excellent,No,1,Middle,4.4,B,0.26,1,Positive,2.9,1.4,3.5,2.1,4.7,4.5,1.8
19,Female,8.82,68.7,8.5,7.1,2.9,1.89,No,Offline,Poor,Average,Yes,2,Low,3.9,A,0.76,0,Neutral,2.7,2.8,2.4,4.3,3.7,3.9,2.6
17,Male,7.57,78.6,6.7,8.9,4.3,1.96,Yes,Online,Good,Excellent,Yes,3,High,3.9,A,0.65,1,Positive,4.2,2.3,5.0,2.8,1.8,4.0,2.7
20,Male,6.87,83.2,5.8,5.2,3.4,1.66,No,Hybrid,Average,Poor,No,2,Middle,3.9,A,0.15,1,Neutral,3.7,1.8,1.9,1.5,2.5,5.0,3.0
20,Non-Binary,5.5,69.8,7.6,5.8,4.0,1.59,Yes,Online,Average,Average,Yes,2,Middle,6.6,C,0.49,1,Neutral,4.4,2.9,2.5,3.8,2.5,5.0,1.9
21,Female,4.15,99.5,7.5,5.6,6.8,1.83,Yes,Offline,Average,Average,No,1,Low,4.2,B,0.32,0,Positive,3.9,2.4,3.3,2.6,2.3,3.1,2.1
23,Male,3.35,75.0,5.8,3.9,2.2,1.46,No,Offline,Average,Good,Yes,2,Low,6.0,B,0.56,1,Positive,2.4,2.2,3.1,2.5,2.6,4.3,3.6
19,Female,2.02,61.9,8.5,6.7,0.5,1.99,No,Offline,Poor,Average,No,1,Low,6.8,B,0.0,1,Positive,2.5,3.0,2.9,2.9,3.4,4.7,3.5
19,Female,3.19,76.4,9.1,4.6,3.1,1.49,No,Offline,Average,Excellent,Yes,3,Middle,5.5,B,0.53,2,Negative,3.2,2.8,5.0,2.8,4.9,5.0,2.6
17,Male,3.33,93.0,8.2,1.2,3.5,1.39,Yes,Hybrid,Average,Excellent,Yes,2,Middle,3.2,A,0.28,1,Positive,2.7,4.4,3.8,2.7,2.2,5.0,4.2
23,Male,5.23,64.4,6.2,7.0,2.3,2.32,No,Hybrid,Good,Good,Yes,3,Middle,4.8,A,0.46,1,Neutral,4.0,1.9,3.0,2.4,3.0,4.9,3.1
21,Male,3.47,98.2,8.6,4.9,3.5,1.43,No,Offline,Good,Good,Yes,1,Middle,4.6,A,0.75,0,Positive,2.1,3.1,4.8,1.8,4.2,3.7,3.7
20,Male,1.37,88.8,8.5,7.3,4.5,1.85,No,Offline,Average,Excellent,No,1,Middle,5.6,B,0.73,1,Negative,2.9,3.6,2.8,2.3,3.1,4.5,2.0
23,Female,5.2,81.7,7.2,5.6,3.4,2.39,No,Hybrid,Good,Excellent,Yes,2,High,6.4,A,0.68,1,Neutral,2.6,2.7,3.7,3.6,5.0,4.9,1.8
21,Male,0.8,83.4,8.4,7.2,2.9,1.93,No,Online,Poor,Good,No,1,High,7.5,D,0.33,2,Positive,2.6,1.6,3.8,3.5,3.8,3.2,1.4
21,Female,4.17,94.7,6.1,4.3,4.6,2.27,Yes,Offline,Poor,Good,No,0,Middle,5.9,A,0.52,1,Neutral,3.0,2.4,3.2,1.8,3.7,3.0,2.8
21,Non-Binary,6.2,69.6,6.8,1.0,5.4,1.99,Yes,Offline,Average,Good,No,2,Low,3.4,A,0.25,2,Positive,2.6,4.4,3.8,4.1,3.7,3.3,4.0
22,Male,1.81,76.9,7.1,6.3,6.1,2.17,Yes,Online,Good,Good,Yes,0,Middle,4.9,C,0.49,2,Neutral,2.6,3.6,3.8,2.0,3.9,3.2,5.0
22,Male,2.45,74.9,6.7,1.0,3.3,1.78,No,Offline,Poor,Average,Yes,0,Low,6.7,B,0.1,2,Negative,1.9,2.9,3.2,3.6,3.5,4.3,3.8
19,Female,4.73,86.1,6.0,5.3,3.9,1.52,No,Offline,Poor,Good,No,0,High,4.4,C,0.3,2,Neutral,2.9,2.1,3.9,3.0,3.6,3.1,3.7
18,Female,7.49,74.4,4.7,5.9,6.8,1.93,No,Online,Good,Poor,No,1,Low,6.6,A,0.05,0,Positive,2.3,3.2,3.7,2.4,2.9,4.5,3.2
18,Female,4.59,75.2,8.3,3.6,4.7,1.87,No,Online,Poor,Average,No,0,Middle,6.9,B,0.25,0,Positive,2.3,2.3,2.5,2.9,4.1,3.7,3.3
22,Male,3.95,76.9,5.0,7.7,5.2,2.01,No,Offline,Poor,Good,Yes,1,Low,5.6,C,0.28,1,Neutral,2.9,2.4,1.7,2.7,3.6,5.0,1.6
25,Male,5.37,83.0,7.0,3.6,3.2,1.68,Yes,Offline,Average,Excellent,No,2,Middle,5.3,A,0.3,2,Positive,3.3,1.0,4.2,3.1,2.8,4.0,3.4
20,Female,1.37,88.0,8.3,3.8,6.1,1.6,No,Online,Average,Excellent,No,1,Low,6.2,B,0.1,1,Neutral,4.7,4.2,2.3,1.2,4.0,4.4,3.9
18,Non-Binary,1.84,72.3,6.4,7.7,2.0,1.89,Yes,Online,Average,Good,Yes,1,High,3.3,B,0.54,1,Neutral,2.3,2.5,3.2,1.9,2.8,4.0,1.6
23,Male,6.2,79.6,8.0,5.9,2.7,1.77,Yes,Offline,Average,Good,No,1,High,3.3,B,0.86,1,Positive,3.7,2.3,4.6,3.7,1.4,4.0,1.2
24,Female,6.42,80.0,9.6,6.9,5.6,1.65,Yes,Offline,Average,Average,Yes,3,Middle,4.8,B,0.92,2,Positive,2.7,2.8,4.4,3.7,3.4,3.6,3.0
25,Male,6.02,86.0,7.9,2.6,5.2,2.26,No,Hybrid,Average,Good,Yes,2,Middle,4.2,A,0.74,2,Positive,4.5,3.6,5.0,4.4,3.3,4.9,3.4
22,Non-Binary,5.11,95.1,8.6,1.4,4.7,2.11,Yes,Offline,Good,Poor,No,3,Middle,6.2,A,0.33,1,Positive,5.0,1.9,3.6,3.6,2.4,5.0,4.3
25,Female,5.74,74.2,8.2,5.6,2.2,1.64,Yes,Online,Average,Average,Yes,0,Middle,4.7,A,0.83,2,Positive,2.0,2.0,4.2,2.7,3.4,3.6,1.2
17,Male,1.35,71.6,8.3,6.3,5.3,1.75,Yes,Online,Average,Good,No,0,Low,4.4,D,0.61,2,Positive,3.1,2.2,3.0,2.6,1.6,4.5,2.2
18,Female,2.68,76.8,6.9,5.6,1.0,2.16,No,Hybrid,Average,Average,Yes,2,High,3.9,B,0.72,0,Negative,3.3,1.6,5.0,2.5,4.6,5.0,2.0
18,Male,4.06,79.8,8.1,6.6,3.9,1.86,No,Offline,Average,Poor,Yes,2,Low,5.2,A,0.36,1,Negative,4.4,2.2,4.3,1.6,2.0,5.0,1.1
23,Male,6.77,89.7,6.8,7.8,6.5,2.0,Yes,Hybrid,Average,Excellent,No,1,Low,1.0,A,0.25,2,Positive,2.1,2.0,1.5,2.2,4.4,4.7,3.0
17,Male,5.23,79.4,4.9,5.2,5.1,1.79,No,Online,Good,Average,No,0,Middle,1.9,A,0.39,0,Neutral,4.0,2.1,4.9,3.6,4.6,3.7,2.2
21,Male,4.91,88.0,9.2,6.4,5.4,2.08,Yes,Offline,Good,Poor,Yes,3,Low,3.6,A,0.14,1,Positive,3.0,2.1,2.5,2.7,5.0,5.0,1.7
21,Male,2.61,82.2,7.7,2.5,3.3,1.96,Yes,Offline,Average,Poor,Yes,3,Middle,5.6,A,0.68,0,Neutral,1.2,2.9,4.9,2.2,3.2,3.8,3.7
19,Female,5.1,96.4,7.4,7.0,3.8,2.12,Yes,Online,Average,Average,No,2,Low,4.4,B,0.46,0,Neutral,2.9,1.1,3.7,2.2,2.1,5.0,3.2
25,Female,5.61,83.2,6.7,5.5,4.8,1.65,Yes,Online,Average,Average,Yes,1,High,6.0,B,0.65,1,Neutral,3.7,3.3,5.0,3.4,3.7,4.3,2.1
18,Male,6.0,96.4,7.4,4.7,2.8,1.97,No,Offline,Average,Good,Yes,1,Middle,4.2,A,0.93,1,Positive,4.4,3.1,5.0,1.8,2.8,5.0,1.9
20,Female,4.6,91.0,3.6,4.7,4.9,1.68,Yes,Hybrid,Average,Average,Yes,1,Middle,5.7,C,0.26,0,Neutral,3.2,2.4,3.8,3.0,3.0,3.9,2.4
24,Female,8.93,66.7,5.7,8.0,7.2,1.76,Yes,Hybrid,Average,Excellent,Yes,1,Low,2.7,A,0.08,1,Positive,2.9,2.3,3.5,3.7,4.5,3.1,3.1
17,Non-Binary,2.56,80.3,7.9,2.4,5.9,1.62,No,Hybrid,Poor,Average,Yes,0,Low,6.4,B,0.65,2,Neutral,1.2,3.1,2.8,3.8,3.1,3.8,3.2
22,Female,6.67,74.6,6.2,4.2,4.0,1.81,Yes,Offline,Good,Good,Yes,4,Middle,1.8,A,0.47,0,Neutral,3.3,4.4,5.0,3.5,2.8,3.3,2.2
24,Male,2.33,73.8,6.3,5.7,7.0,2.13,No,Hybrid,Good,Good,Yes,0,Middle,5.0,C,0.56,0,Negative,2.4,2.1,3.1,1.0,2.6,3.5,1.1
26,Male,2.35,81.6,6.7,2.5,4.7,1.62,Yes,Hybrid,Average,Good,No,2,Middle,6.1,B,0.69,2,Positive,2.7,3.3,4.3,3.5,3.1,3.5,1.9
25,Female,6.31,68.7,5.4,4.4,4.8,2.13,No,Online,Average,Good,Yes,3,Middle,3.0,A,0.99,2,Positive,3.9,1.0,4.4,3.7,2.5,3.5,2.4
19,Male,4.1,87.3,5.4,1.0,3.5,1.97,No,Hybrid,Poor,Excellent,No,3,Low,1.5,A,0.74,1,Positive,3.5,3.6,4.1,4.7,2.8,4.1,3.3
22,Male,3.39,99.3,7.9,6.0,4.7,1.1,Yes,Online,Average,Average,No,1,High,2.4,C,0.51,2,Neutral,3.5,2.2,3.1,3.9,3.5,4.4,3.2
17,Male,4.99,99.2,8.9,5.9,6.2,2.01,No,Online,Average,Good,Yes,1,High,5.9,B,0.41,2,Positive,2.1,2.9,3.9,3.0,1.8,3.7,3.1
19,Male,10.0,83.2,7.2,9.1,6.4,1.81,No,Online,Poor,Excellent,No,1,Middle,5.0,A,0.5,2,Positive,1.6,2.3,3.0,2.5,2.4,4.1,1.7
18,Male,3.71,86.6,7.0,2.4,4.1,2.2,Yes,Offline,Average,Poor,Yes,0,High,2.9,A,0.37,0,Positive,2.3,3.1,2.3,3.7,3.0,3.8,3.0
19,Female,4.26,73.2,6.2,4.8,4.2,1.9,Yes,Hybrid,Average,Poor,Yes,2,High,2.5,B,0.85,1,Negative,1.7,2.9,4.0,3.8,4.7,3.2,3.5
25,Male,7.38,84.7,6.9,4.6,5.1,1.81,No,Online,Poor,Average,Yes,2,Low,3.2,A,0.87,1,Positive,4.1,3.4,5.0,3.6,3.4,4.5,3.0
20,Female,3.81,76.0,9.4,8.1,3.7,2.01,Yes,Offline,Good,Good,No,1,Low,5.6,A,0.94,0,Negative,3.2,2.1,3.4,2.3,3.8,4.4,1.0
21,Female,9.72,79.4,6.9,4.0,4.3,1.85,No,Online,Poor,Average,No,2,Middle,2.2,A,0.55,1,Positive,4.9,2.6,4.2,5.0,3.1,4.5,3.5
20,Male,2.38,81.5,8.0,6.5,3.8,2.01,Yes,Online,Average,Average,Yes,1,Middle,6.8,B,0.4,1,Positive,3.4,3.3,4.1,1.7,3.4,5.0,1.1
20,Male,4.51,86.2,6.2,1.0,1.9,2.13,Yes,Online,Good,Good,Yes,2,Middle,1.3,A,0.65,1,Positive,4.4,3.5,4.7,3.2,3.0,4.5,4.0
27,Male,6.9,79.0,8.5,6.8,4.2,2.07,Yes,Offline,Poor,Good,No,4,Middle,1.9,A,0.48,1,Positive,3.4,1.9,3.8,3.5,3.1,5.0,2.5
19,Male,4.49,95.8,7.2,3.5,3.8,2.39,Yes,Hybrid,Poor,Average,Yes,3,Middle,4.4,A,0.22,1,Positive,4.1,3.3,4.1,3.0,1.5,4.0,3.5
22,Male,3.96,76.6,7.4,3.8,6.2,1.41,Yes,Hybrid,Average,Average,Yes,2,Middle,6.7,B,0.6,1,Neutral,3.0,2.7,4.3,3.3,2.6,4.2,2.6
20,Male,2.13,90.3,7.1,6.9,1.4,1.78,Yes,Offline,Poor,Good,No,1,Low,7.7,C,0.28,0,Negative,4.3,1.4,4.6,3.1,3.4,3.1,1.9
17,Female,4.68,83.8,5.9,4.4,4.6,2.15,No,Offline,Average,Excellent,No,3,Middle,5.4,A,0.54,1,Positive,3.9,3.2,3.0,2.2,4.1,5.0,2.1
21,Female,6.66,77.7,5.6,4.6,2.8,1.98,No,Offline,Poor,Good,Yes,1,High,6.1,A,0.58,0,Positive,1.6,2.5,5.0,3.0,3.6,4.4,3.0
24,Male,4.41,92.4,7.8,4.3,3.2,2.39,Yes,Hybrid,Poor,Good,Yes,3,High,4.4,A,0.95,1,Positive,3.9,1.4,4.9,4.4,2.0,4.7,2.5
18,Male,2.96,83.7,8.0,5.5,4.0,1.44,No,Offline,Average,Average,No,1,Low,4.5,C,0.76,2,Neutral,3.7,1.6,3.3,2.9,3.5,3.8,2.7
17,Female,7.6,74.1,7.4,6.5,4.2,1.47,Yes,Offline,Good,Average,Yes,1,Low,5.5,A,0.32,1,Positive,1.1,3.0,3.2,3.2,3.4,5.0,3.1
18,Female,6.63,89.5,6.0,4.8,5.4,1.63,Yes,Offline,Average,Good,No,2,Middle,6.0,A,0.7,0,Neutral,2.9,3.0,5.0,3.0,3.5,4.0,2.4
23,Female,6.09,72.8,7.4,3.6,4.1,1.64,No,Online,Average,Excellent,No,2,High,4.9,A,0.84,2,Positive,4.1,2.8,4.4,4.1,3.2,4.8,3.2
23,Female,4.5,81.9,8.6,3.1,2.6,1.45,No,Offline,Average,Good,No,4,High,4.7,A,0.37,0,Positive,1.0,3.4,4.7,2.6,1.1,4.6,3.7
21,Male,3.22,68.9,7.8,5.0,3.6,1.67,Yes,Hybrid,Average,Excellent,Yes,1,Middle,7.8,C,0.59,2,Positive,3.7,3.2,4.1,3.5,1.6,4.5,3.0
21,Male,7.22,84.8,5.4,5.3,6.6,1.79,No,Offline,Average,Excellent,Yes,3,Low,5.3,B,0.33,2,Neutral,3.4,3.3,4.4,3.0,2.2,3.7,3.5
25,Female,5.06,55.8,7.0,7.3,6.7,1.52,No,Offline,Good,Poor,Yes,2,Middle,6.0,C,0.55,0,Positive,3.1,3.0,3.6,2.1,2.0,4.0,2.0
23,Male,4.18,68.5,6.8,5.8,3.4,1.13,Yes,Online,Average,Poor,No,1,High,7.1,C,0.74,0,Negative,5.0,2.1,5.0,1.9,3.5,3.9,1.7
24,Non-Binary,4.56,76.0,7.6,1.1,1.0,1.92,No,Online,Poor,Average,No,2,High,4.1,A,0.85,1,Neutral,3.7,1.5,4.1,3.5,1.0,4.9,3.5
24,Female,5.7,85.1,7.6,6.4,2.4,2.08,No,Online,Average,Average,Yes,0,Middle,5.2,A,0.98,1,Neutral,2.5,2.1,4.5,3.0,4.6,5.0,3.2
22,Female,6.61,71.4,5.8,1.0,1.9,1.67,No,Hybrid,Good,Average,No,1,Middle,3.3,A,0.85,1,Positive,2.7,5.0,3.1,3.2,4.8,5.0,4.0
20,Male,4.88,91.8,6.4,5.2,3.1,1.93,Yes,Online,Average,Excellent,No,2,Middle,6.4,B,0.86,2,Positive,3.9,3.3,3.3,2.5,3.4,5.0,1.9
25,Female,4.16,77.8,5.5,6.1,5.7,1.95,No,Hybrid,Poor,Poor,Yes,1,High,6.3,B,0.61,1,Neutral,3.6,2.2,4.2,1.2,2.9,2.8,1.6
26,Female,2.66,77.3,6.1,4.9,3.5,1.73,No,Offline,Average,Average,Yes,1,Middle,6.2,C,0.32,2,Positive,2.7,2.4,3.4,2.4,1.9,4.5,1.0
17,Male,4.36,62.6,7.7,4.2,2.9,1.67,Yes,Offline,Average,Average,Yes,0,Middle,4.0,B,0.18,1,Negative,4.0,3.9,1.9,5.0,2.3,3.6,3.8
17,Male,4.49,90.0,6.3,5.8,3.4,1.92,Yes,Offline,Poor,Excellent,Yes,3,Middle,5.8,A,0.83,1,Positive,2.0,1.7,4.3,1.2,3.3,3.8,1.5
27,Female,5.55,75.2,6.9,7.3,3.8,1.88,No,Hybrid,Good,Good,No,3,High,1.9,A,0.83,0,Positive,3.9,2.9,4.6,3.1,3.2,4.7,3.7
19,Female,4.87,77.3,6.2,4.9,1.2,1.4,Yes,Offline,Good,Excellent,No,1,Middle,2.1,A,0.74,2,Positive,2.5,1.6,3.2,3.4,4.2,4.3,1.9
25,Male,3.84,84.0,6.8,4.6,3.3,1.34,Yes,Online,Average,Excellent,Yes,1,Middle,5.4,B,0.86,2,Neutral,3.7,3.7,5.0,2.6,2.6,5.0,3.5
20,Male,4.68,91.1,5.2,3.7,6.2,1.8,No,Online,Average,Good,Yes,4,Middle,1.0,A,0.56,0,Neutral,4.8,2.9,3.8,3.3,2.5,3.0,2.1
18,Female,6.15,80.1,7.5,3.3,6.0,2.17,No,Hybrid,Good,Average,Yes,3,Middle,6.6,A,0.62,0,Positive,1.1,3.8,3.0,2.9,4.4,2.9,2.8
18,Female,4.71,91.3,6.6,3.6,5.7,2.11,Yes,Offline,Average,Average,No,1,Low,4.4,A,0.8,2,Positive,2.6,2.6,4.5,2.7,2.3,3.4,4.3
18,Female,4.56,80.5,7.7,9.3,4.1,2.3,Yes,Online,Average,Average,No,2,Middle,7.7,C,0.7,1,Negative,1.0,3.7,2.2,2.8,2.7,4.2,1.1
19,Female,4.41,76.9,7.1,4.2,6.1,1.27,No,Online,Average,Good,No,3,Middle,7.7,B,0.87,2,Negative,3.6,3.1,2.7,1.1,3.9,4.9,1.8
21,Male,4.25,84.0,5.9,6.2,3.0,1.83,No,Hybrid,Good,Poor,No,2,High,4.5,B,0.36,1,Neutral,4.2,3.0,2.6,2.4,4.3,4.7,3.1
23,Female,5.59,100.0,8.3,6.5,3.7,2.11,Yes,Offline,Average,Poor,Yes,3,High,6.1,A,0.8,0,Positive,2.3,3.4,4.6,3.2,2.7,5.0,2.4
28,Male,6.13,87.1,8.4,5.8,2.5,2.06,No,Offline,Good,Good,No,2,Middle,2.1,A,0.39,1,Positive,3.4,4.0,4.1,3.0,1.4,3.2,3.9
20,Female,4.33,74.4,7.5,4.1,4.5,1.41,Yes,Offline,Poor,Good,No,2,High,5.5,B,0.82,0,Neutral,3.3,2.7,3.6,4.0,5.0,4.7,3.7
21,Female,4.53,88.4,7.4,6.5,3.9,1.67,No,Offline,Good,Good,Yes,2,Middle,2.7,A,0.53,2,Neutral,3.4,2.6,4.1,2.9,2.1,5.0,3.0
21,Male,5.68,88.5,7.4,6.1,4.3,1.04,No,Online,Average,Average,No,1,Middle,6.3,B,0.87,1,Neutral,3.7,2.9,5.0,3.2,3.4,4.3,2.5
21,Male,6.41,77.6,6.5,4.5,1.6,1.3,No,Online,Good,Excellent,Yes,2,Low,5.4,A,0.26,2,Positive,3.6,3.8,2.6,3.7,3.7,4.5,2.3
21,Female,7.64,86.3,6.4,7.4,4.4,2.11,No,Online,Average,Good,No,2,Low,3.2,A,0.32,2,Neutral,2.5,3.1,1.9,2.4,2.8,4.8,2.6
17,Male,2.27,85.4,8.0,7.1,4.6,1.97,Yes,Offline,Average,Average,No,1,High,6.2,C,0.79,0,Negative,2.6,1.0,5.0,2.7,2.2,5.0,1.9
17,Male,6.6,66.6,6.6,4.1,5.2,1.91,No,Hybrid,Good,Good,No,3,High,5.2,A,0.36,1,Neutral,1.5,1.8,4.0,4.9,1.9,4.4,2.6
18,Female,3.96,90.0,6.9,7.6,3.7,1.93,No,Online,Average,Excellent,No,4,Middle,4.0,A,0.52,2,Positive,1.0,2.9,2.6,1.0,3.8,4.8,2.1
18,Male,6.15,66.5,5.7,7.5,6.4,1.83,Yes,Hybrid,Average,Poor,Yes,0,Middle,9.2,C,0.72,0,Neutral,3.0,3.7,3.5,2.1,1.3,3.3,2.3
23,Female,6.73,87.3,10.0,7.8,5.8,1.75,No,Online,Good,Average,No,4,Middle,3.3,A,0.54,1,Positive,4.7,1.9,1.5,3.3,3.1,5.0,3.0
19,Male,8.56,73.1,8.0,3.4,2.4,1.59,No,Online,Good,Good,Yes,2,High,5.9,A,0.8,2,Neutral,2.0,3.5,3.4,3.7,2.9,5.0,4.0
25,Female,3.92,76.1,6.5,1.0,4.0,2.18,No,Offline,Good,Average,No,3,Low,5.4,A,0.85,0,Positive,2.4,3.0,3.9,3.4,3.4,4.2,3.9
26,Male,6.94,80.8,9.6,7.1,2.2,1.59,No,Online,Good,Excellent,Yes,3,Middle,1.3,A,0.66,2,Neutral,3.1,2.6,4.1,3.3,2.8,5.0,2.7
28,Male,0.13,76.7,6.3,5.8,5.8,2.05,Yes,Offline,Good,Average,No,2,High,8.1,C,0.29,2,Negative,2.7,2.0,2.2,1.2,3.8,5.0,1.3
26,Female,5.03,86.1,7.9,2.5,3.0,1.82,Yes,Hybrid,Average,Good,Yes,1,High,5.3,A,0.49,0,Positive,3.0,2.7,4.4,2.8,3.0,4.8,3.5
19,Female,0.57,85.3,5.2,1.4,0.8,1.69,No,Hybrid,Average,Good,Yes,1,Low,4.9,B,0.39,0,Neutral,3.4,3.2,2.9,3.1,2.9,3.3,3.6
21,Male,3.51,99.4,7.5,4.5,5.5,1.83,No,Offline,Good,Good,Yes,2,High,4.7,A,0.77,0,Positive,3.2,3.0,4.6,2.5,1.5,3.9,3.8
18,Male,2.7,75.3,8.5,1.4,4.5,2.08,No,Offline,Average,Average,No,2,Middle,4.9,A,0.38,1,Positive,2.0,4.5,4.8,2.1,3.3,3.9,3.4
24,Female,2.04,79.5,4.9,5.4,4.2,1.63,Yes,Offline,Average,Average,Yes,2,Low,7.9,C,0.07,2,Positive,1.9,2.0,3.6,2.1,3.4,4.0,1.0
25,Female,4.87,84.1,6.7,7.3,2.7,1.41,No,Hybrid,Good,Poor,Yes,2,High,3.8,B,0.92,0,Positive,3.2,3.6,4.5,2.9,3.0,4.6,1.7
25,Non-Binary,2.74,76.3,4.6,5.0,0.5,1.65,Yes,Offline,Good,Average,Yes,0,Middle,7.6,B,0.42,0,Negative,1.6,3.3,3.3,4.0,3.4,5.0,1.9
20,Non-Binary,2.63,72.2,6.9,5.0,6.2,1.5,Yes,Offline,Average,Average,Yes,0,Low,4.9,D,0.57,0,Neutral,4.1,2.2,2.7,2.4,2.6,2.5,3.5
23,Female,3.33,77.8,5.5,3.4,6.5,1.56,Yes,Offline,Average,Excellent,Yes,0,Middle,3.6,C,0.67,2,Neutral,3.3,2.4,2.7,3.2,1.0,3.7,2.6
18,Male,3.87,81.2,6.9,2.8,3.4,1.27,No,Online,Good,Average,No,1,High,5.9,B,0.48,2,Negative,4.1,2.1,3.2,2.3,2.6,5.0,4.4
17,Female,5.92,100.0,6.5,5.4,3.6,1.87,No,Online,Average,Good,Yes,3,Low,6.0,A,0.37,1,Positive,3.5,2.0,3.9,1.5,2.3,4.1,1.1
23,Female,4.02,63.1,7.9,6.3,0.8,1.81,No,Online,Average,Good,No,2,Middle,3.5,A,0.77,1,Neutral,2.9,1.3,3.8,1.8,3.3,4.8,3.6
20,Male,3.06,79.4,5.0,3.6,2.3,1.78,Yes,Online,Average,Good,Yes,1,Low,1.6,B,0.33,2,Negative,4.0,3.0,1.7,2.8,1.9,3.0,3.9
29,Male,1.52,66.0,7.7,4.3,9.6,1.36,Yes,Hybrid,Poor,Excellent,Yes,0,Middle,5.2,Fail,0.38,2,Negative,3.0,2.5,3.0,3.1,4.1,4.3,3.6
18,Male,6.04,100.0,6.0,4.7,4.1,2.24,No,Online,Poor,Average,No,2,Low,4.4,A,0.68,2,Positive,2.6,2.2,4.7,2.7,3.4,3.1,3.0
25,Male,5.46,78.4,7.9,4.0,4.5,1.53,Yes,Offline,Poor,Excellent,Yes,2,Middle,4.3,A,0.72,2,Positive,1.3,3.9,3.7,3.2,3.7,4.5,3.8
21,Male,6.11,89.1,6.0,5.3,5.0,2.18,Yes,Offline,Average,Good,Yes,3,Low,5.8,A,0.36,1,Neutral,2.9,2.8,1.9,3.5,2.8,4.2,1.7
24,Female,3.57,61.2,8.3,2.5,5.2,2.08,No,Hybrid,Good,Excellent,Yes,4,Middle,4.7,B,0.66,2,Negative,2.2,3.4,4.2,1.4,3.2,4.2,3.5
24,Female,7.27,85.3,8.0,5.9,1.1,1.87,Yes,Hybrid,Average,Good,Yes,2,Middle,2.5,A,0.67,0,Positive,2.3,3.4,4.1,4.0,3.5,3.8,2.4
26,Female,5.99,84.5,8.5,5.9,2.4,2.22,Yes,Offline,Average,Good,No,3,Middle,4.4,A,0.15,0,Neutral,2.5,1.7,2.7,2.4,2.2,5.0,2.6
19,Male,9.38,87.5,6.4,5.3,2.8,1.81,Yes,Hybrid,Good,Average,No,1,Middle,5.0,A,0.22,1,Positive,3.5,2.6,3.7,4.3,3.4,4.4,3.0
26,Male,4.17,94.8,8.1,1.0,0.8,2.08,No,Online,Good,Poor,No,2,Low,5.5,A,0.68,0,Positive,2.0,4.2,3.9,4.0,1.8,5.0,3.4
18,Female,6.55,87.7,5.2,5.1,1.3,1.15,No,Hybrid,Average,Good,Yes,1,High,4.7,B,0.29,0,Neutral,1.7,1.6,3.8,4.3,4.5,4.0,2.5
18,Male,8.1,99.1,7.2,3.1,2.1,1.8,Yes,Online,Average,Excellent,Yes,1,Middle,4.1,A,0.95,2,Positive,1.2,3.3,5.0,4.1,2.6,4.6,3.3
20,Female,4.44,82.4,7.8,5.2,6.2,2.0,No,Online,Poor,Good,Yes,1,Middle,6.1,B,0.44,0,Positive,3.4,3.9,3.9,3.3,3.2,4.5,2.8
24,Non-Binary,4.85,69.3,7.5,5.7,0.5,1.93,Yes,Hybrid,Good,Average,No,2,Middle,3.0,A,1.0,2,Neutral,3.7,1.2,4.2,4.0,2.4,5.0,3.1
21,Male,3.92,87.3,8.3,2.2,5.4,2.19,No,Hybrid,Average,Excellent,No,2,Low,4.7,A,0.35,2,Positive,2.5,4.4,3.3,2.6,1.9,4.9,4.0
24,Male,4.37,87.1,5.8,7.8,3.5,1.81,No,Online,Poor,Good,Yes,4,High,4.9,B,0.84,0,Neutral,2.5,3.0,4.6,2.7,4.3,4.2,2.4
23,Male,6.49,73.6,7.7,5.9,1.9,2.23,No,Offline,Poor,Average,No,3,Low,3.5,A,0.36,2,Positive,3.9,2.8,3.6,3.2,3.3,3.9,3.4
19,Non-Binary,5.31,83.6,6.4,7.2,3.8,2.01,Yes,Hybrid,Average,Poor,Yes,4,Middle,3.6,A,0.58,1,Neutral,2.8,3.3,3.7,3.9,1.0,4.7,3.5
26,Female,2.83,82.7,5.0,6.3,5.7,2.39,No,Online,Average,Average,No,2,Middle,6.1,C,0.6,0,Neutral,3.4,2.9,5.0,2.1,1.5,4.0,3.0
17,Female,9.78,72.9,7.0,6.1,2.5,1.79,No,Hybrid,Average,Excellent,Yes,1,High,6.9,A,0.69,2,Neutral,3.2,1.8,3.3,4.5,2.9,5.0,3.7
25,Male,3.5,70.7,5.3,5.7,2.7,1.99,No,Offline,Good,Excellent,No,2,Middle,3.9,B,0.72,2,Positive,2.0,2.3,4.7,2.7,3.6,4.7,2.9
19,Non-Binary,7.21,97.7,6.9,3.2,4.2,2.1,No,Online,Poor,Average,Yes,2,Middle,2.9,A,0.4,1,Positive,3.4,3.0,3.1,3.2,3.0,4.1,2.3
21,Male,5.03,83.9,5.0,5.7,4.0,2.04,Yes,Hybrid,Average,Average,No,2,Middle,5.7,A,0.56,1,Positive,3.2,3.1,3.8,3.9,3.4,3.8,2.3
20,Male,6.27,85.6,5.6,6.1,4.0,2.16,No,Hybrid,Average,Good,Yes,1,Low,4.6,A,0.57,0,Positive,2.4,2.0,4.5,2.9,1.9,4.5,2.8
18,Female,6.07,93.5,7.1,4.3,3.4,1.79,No,Offline,Good,Excellent,Yes,2,Low,4.8,A,0.47,2,Positive,2.7,3.0,3.9,2.8,4.9,5.0,2.7
20,Female,6.53,69.4,7.5,7.7,3.6,2.14,No,Offline,Average,Good,Yes,3,Low,2.0,A,0.38,0,Positive,1.6,2.4,3.3,2.2,2.8,4.9,2.9
18,Male,6.52,76.1,5.3,7.1,4.3,1.8,No,Offline,Average,Good,No,2,Low,4.3,A,0.8,0,Positive,3.8,2.6,3.7,3.8,3.3,3.3,2.3
19,Male,8.35,84.6,7.1,5.1,3.1,1.4,Yes,Hybrid,Poor,Average,No,3,Low,4.7,A,0.64,2,Positive,3.2,3.3,2.5,3.9,1.8,4.0,3.6
18,Male,3.61,91.9,5.3,4.1,3.5,1.86,Yes,Offline,Poor,Good,Yes,1,Middle,3.8,B,0.37,2,Neutral,3.1,2.5,4.8,2.3,2.9,4.7,3.4
21,Male,2.36,84.5,7.3,6.6,2.6,1.95,Yes,Online,Average,Average,No,2,High,6.0,B,0.28,2,Negative,3.1,1.8,3.8,2.5,4.4,3.7,2.2
24,Male,1.66,80.4,7.0,9.4,3.8,1.49,No,Hybrid,Poor,Excellent,No,0,High,7.2,Fail,0.28,1,Negative,3.4,2.0,4.2,1.9,3.4,5.0,2.2
21,Non-Binary,0.91,80.9,7.2,7.9,2.5,1.53,No,Hybrid,Average,Average,Yes,1,Middle,6.1,D,0.82,0,Neutral,1.5,1.1,5.0,2.6,1.8,4.7,1.7
25,Female,5.93,80.7,5.9,2.5,1.4,1.56,No,Offline,Good,Excellent,Yes,0,Middle,5.8,A,0.88,2,Neutral,5.0,3.5,3.9,4.6,3.9,4.2,2.2
22,Female,1.49,87.3,7.4,3.1,4.4,1.59,No,Offline,Average,Average,No,2,High,7.2,C,0.27,0,Neutral,3.7,3.4,2.7,2.2,2.0,5.0,3.6
23,Female,1.76,62.0,6.9,4.0,1.6,1.53,No,Hybrid,Good,Excellent,No,2,High,5.0,B,0.51,2,Positive,3.4,3.1,3.4,1.8,1.0,4.1,3.0
22,Female,5.41,97.6,5.5,6.9,5.4,1.49,No,Online,Good,Average,Yes,1,Middle,5.0,A,0.56,0,Positive,4.8,1.4,2.7,3.7,3.0,4.7,2.7
20,Female,4.36,70.6,6.9,7.0,3.9,1.9,No,Offline,Average,Good,Yes,1,Middle,7.4,C,0.44,1,Neutral,3.4,1.7,5.0,2.7,1.1,4.2,2.0
23,Female,5.1,80.9,6.4,3.6,7.6,1.42,Yes,Hybrid,Good,Good,Yes,2,High,4.3,B,0.66,2,Neutral,4.9,4.3,3.8,3.7,3.3,4.6,3.4
17,Male,1.47,85.9,8.2,5.4,3.0,1.84,Yes,Offline,Good,Poor,No,2,Low,6.3,C,0.4,0,Negative,5.0,2.5,1.6,2.2,1.0,4.6,2.9
25,Female,2.38,69.2,5.8,3.4,3.2,1.52,No,Hybrid,Average,Excellent,Yes,0,Low,4.6,B,0.28,1,Positive,4.4,3.6,1.9,2.6,2.3,2.9,2.3
24,Female,1.86,70.1,7.2,3.0,2.5,1.93,No,Hybrid,Average,Good,No,1,High,4.6,C,0.35,0,Neutral,3.0,5.0,5.0,1.9,4.3,4.2,3.2
19,Female,4.85,79.3,8.0,5.2,4.2,1.48,No,Hybrid,Poor,Good,Yes,1,Middle,4.7,B,0.61,1,Neutral,2.9,2.5,4.1,3.8,3.9,4.3,2.3
23,Non-Binary,4.81,77.6,6.7,4.4,5.7,1.98,Yes,Offline,Poor,Excellent,Yes,2,Low,3.5,B,0.53,2,Negative,2.6,3.2,4.2,3.2,3.7,4.3,2.1
17,Male,5.68,83.0,6.1,4.8,1.3,1.68,No,Offline,Average,Excellent,Yes,0,Middle,4.7,A,0.24,2,Neutral,3.8,2.7,2.2,3.8,3.7,5.0,2.9
19,Female,7.31,78.9,5.8,9.1,5.2,2.1,Yes,Offline,Poor,Good,No,4,High,3.1,A,0.2,2,Neutral,2.0,2.7,4.6,3.3,4.2,5.0,2.0
17,Male,11.75,85.8,5.1,1.0,3.9,1.62,No,Hybrid,Average,Excellent,Yes,1,High,1.6,A,0.52,2,Positive,2.8,3.8,2.9,4.5,1.4,3.6,3.9
24,Female,3.85,84.1,7.7,5.6,3.6,1.77,Yes,Online,Average,Poor,No,3,Middle,5.3,A,0.69,1,Neutral,1.0,3.1,3.7,3.4,5.0,4.2,3.6
23,Male,6.28,72.6,9.6,5.0,4.4,2.13,No,Offline,Good,Average,Yes,2,Low,4.9,A,0.39,1,Positive,2.0,3.9,3.5,3.6,3.1,5.0,3.7
24,Male,6.69,78.1,7.4,6.0,3.0,2.32,No,Hybrid,Average,Good,No,1,Middle,3.3,A,0.56,1,Positive,3.1,2.0,3.8,3.6,1.9,5.0,2.9
17,Male,4.68,83.2,6.7,7.2,3.9,2.11,Yes,Online,Poor,Average,Yes,2,High,5.4,B,0.41,0,Neutral,3.6,2.6,4.1,1.5,2.5,5.0,1.9
21,Female,2.92,70.1,7.1,7.6,2.5,1.92,Yes,Online,Average,Good,No,2,Low,4.7,C,0.37,1,Negative,4.0,2.3,2.5,1.0,2.2,4.6,2.4
23,Male,6.61,65.3,5.2,4.7,3.7,2.15,No,Hybrid,Average,Average,No,0,Middle,3.6,A,0.53,2,Positive,3.1,2.0,3.5,2.1,4.4,3.3,3.5
18,Female,6.67,75.9,5.9,6.7,5.9,1.71,Yes,Online,Average,Good,Yes,2,Middle,6.2,C,0.25,1,Neutral,2.4,2.6,2.4,4.6,3.9,3.0,1.8
22,Male,6.01,75.3,7.8,3.7,5.6,1.87,Yes,Online,Average,Excellent,Yes,2,Low,5.2,A,0.64,1,Neutral,2.4,3.9,4.8,3.0,4.0,3.4,3.9
18,Female,3.47,67.0,7.0,4.8,2.8,2.17,No,Online,Average,Good,No,3,High,3.0,A,0.51,2,Positive,2.3,1.6,3.9,2.0,4.2,4.9,2.3
18,Female,0.49,69.8,7.8,3.3,3.2,1.58,Yes,Online,Average,Excellent,Yes,0,Low,5.2,C,0.9,2,Neutral,5.0,3.8,2.9,3.8,4.1,4.8,2.6
21,Male,2.84,97.5,5.7,6.1,4.0,2.05,Yes,Hybrid,Good,Good,No,1,High,5.6,A,0.38,0,Neutral,2.6,2.9,5.0,2.9,3.0,5.0,3.6
22,Male,7.29,85.6,8.5,5.5,3.5,1.81,No,Offline,Poor,Average,Yes,1,Middle,4.4,A,0.79,2,Positive,3.4,3.4,3.6,2.7,3.7,5.0,2.5
18,Female,7.27,80.8,6.4,3.2,1.0,2.09,Yes,Hybrid,Poor,Average,No,3,Middle,4.3,A,1.0,0,Positive,2.8,3.0,5.0,2.3,4.2,4.6,2.9
18,Female,2.89,95.8,7.2,6.1,3.5,1.71,Yes,Online,Average,Average,No,2,High,6.7,B,0.7,0,Positive,3.6,5.0,3.8,2.6,3.8,4.8,2.6
19,Female,5.41,96.2,6.2,6.4,7.2,2.12,No,Offline,Average,Excellent,Yes,3,Middle,6.5,A,0.41,2,Positive,2.0,2.9,3.7,2.5,3.0,4.9,2.2
19,Male,7.49,78.3,8.1,5.9,4.9,1.92,Yes,Hybrid,Good,Poor,No,2,Middle,4.8,A,0.55,0,Neutral,2.5,2.8,4.4,3.9,3.3,3.9,2.1
19,Female,7.55,100.0,7.1,3.2,5.1,1.86,Yes,Offline,Good,Average,Yes,3,High,3.4,A,0.97,0,Neutral,3.5,3.1,4.4,4.7,3.6,5.0,3.0
20,Non-Binary,3.08,70.2,6.7,7.9,3.9,2.02,No,Online,Average,Excellent,Yes,3,Middle,6.0,B,0.75,1,Positive,2.3,1.7,4.5,3.0,1.5,4.3,3.1
22,Male,4.55,60.3,5.8,7.9,4.6,2.39,No,Offline,Average,Good,Yes,0,Middle,3.3,B,0.23,2,Negative,3.7,2.1,4.4,2.2,2.1,4.9,2.6
20,Male,4.79,71.4,5.9,8.2,2.5,2.07,Yes,Hybrid,Poor,Average,No,0,Middle,6.4,B,0.3,0,Neutral,3.5,1.9,2.6,2.5,2.9,4.2,2.9
24,Male,2.73,87.6,6.6,5.9,5.2,1.89,No,Offline,Average,Average,Yes,3,High,4.1,B,0.92,1,Positive,3.0,3.1,3.0,3.4,4.8,5.0,3.1
23,Female,8.38,84.3,9.4,5.3,2.4,1.58,Yes,Online,Average,Excellent,No,1,Middle,3.4,A,0.14,1,Positive,2.8,3.5,2.9,3.1,2.5,5.0,2.0
18,Female,1.41,100.0,5.7,2.0,4.0,2.2,No,Online,Poor,Excellent,No,0,Low,3.6,B,0.39,2,Positive,2.8,4.1,4.1,2.8,5.0,4.3,3.3
17,Male,5.74,99.1,8.3,5.5,4.7,1.84,Yes,Online,Good,Average,Yes,2,High,4.4,A,0.93,0,Positive,3.8,2.4,4.1,4.8,1.7,5.0,3.1
25,Male,6.96,81.9,5.2,4.3,5.4,1.96,Yes,Online,Good,Good,No,1,Middle,4.1,A,0.68,1,Positive,3.5,1.8,5.0,2.8,3.1,5.0,3.9
17,Male,5.83,72.3,9.7,8.8,5.5,1.41,Yes,Online,Good,Excellent,Yes,1,Middle,6.1,B,0.89,2,Positive,4.6,2.8,4.7,3.2,4.9,5.0,2.8
18,Male,6.41,68.8,5.8,3.5,2.1,1.72,No,Online,Average,Good,No,1,Low,4.1,A,0.61,0,Positive,1.8,2.3,4.1,3.6,3.3,3.0,3.0
17,Male,0.47,89.1,7.9,8.2,3.8,1.9,Yes,Online,Average,Excellent,Yes,0,High,6.1,C,0.49,2,Neutral,1.6,3.2,3.9,1.7,2.4,5.0,2.9
22,Non-Binary,5.04,71.8,6.0,1.0,3.4,1.96,Yes,Online,Good,Good,No,3,High,2.5,A,0.67,2,Neutral,2.6,3.8,3.6,3.7,3.6,4.2,3.9
22,Male,5.54,81.7,6.4,6.1,3.6,1.27,No,Hybrid,Average,Excellent,No,1,Middle,4.0,B,0.34,1,Positive,2.8,3.1,3.3,1.6,2.1,5.0,2.4
28,Male,5.51,77.7,6.8,2.9,3.3,1.75,No,Online,Poor,Average,No,2,Middle,1.7,A,0.64,0,Neutral,2.9,2.6,3.9,4.0,3.4,4.3,3.4
25,Female,2.32,86.1,5.8,5.0,3.5,1.94,No,Hybrid,Good,Average,Yes,2,Middle,7.0,B,0.62,0,Neutral,4.5,2.5,3.8,2.0,1.1,4.1,1.3
20,Female,4.48,100.0,5.6,5.4,5.7,1.46,Yes,Online,Average,Good,Yes,2,Middle,5.5,C,0.08,2,Positive,3.3,2.3,3.3,3.0,2.8,4.7,3.7
20,Female,3.31,83.2,6.0,3.1,4.9,1.71,Yes,Online,Good,Good,Yes,3,Middle,7.1,B,0.29,2,Positive,3.2,3.9,3.2,2.6,2.7,5.0,3.4
19,Male,7.73,99.3,7.3,3.5,0.8,1.25,No,Offline,Average,Excellent,Yes,2,Low,3.9,A,0.1,2,Positive,2.4,2.2,2.6,3.5,3.0,4.2,3.2
18,Male,3.65,77.8,5.7,4.3,3.8,1.97,Yes,Hybrid,Average,Poor,Yes,3,High,1.8,B,0.76,0,Negative,2.9,3.6,5.0,2.4,3.8,3.1,3.6
18,Female,4.69,67.5,8.1,3.3,3.8,1.4,Yes,Hybrid,Average,Excellent,No,3,Low,3.1,A,0.8,2,Positive,3.1,3.7,2.9,3.1,3.5,4.9,4.7
18,Female,4.6,90.5,6.7,6.4,3.6,1.69,Yes,Hybrid,Average,Average,No,0,Middle,4.6,B,0.28,1,Positive,2.9,2.4,3.3,1.7,2.7,4.3,3.5
18,Male,4.54,50.8,4.4,3.9,6.9,1.41,Yes,Hybrid,Average,Good,Yes,0,Middle,5.8,C,0.07,1,Neutral,3.2,4.3,4.6,4.9,3.6,3.5,3.3
19,Female,8.34,86.5,8.9,4.7,6.0,1.77,Yes,Hybrid,Poor,Poor,Yes,1,Low,5.0,A,0.66,0,Positive,3.4,3.2,3.5,3.5,5.0,3.4,3.3
19,Female,7.86,73.7,7.3,3.0,1.5,1.92,Yes,Offline,Poor,Good,No,4,Middle,4.0,A,0.5,1,Positive,3.9,1.4,4.5,5.0,1.5,3.1,2.8
27,Male,5.72,75.5,6.9,4.8,5.7,1.73,Yes,Hybrid,Average,Good,No,2,High,3.5,A,0.89,0,Positive,3.9,3.1,4.0,2.9,2.4,4.8,2.8
21,Female,4.3,68.7,4.4,4.6,0.8,1.65,Yes,Online,Average,Average,Yes,0,Middle,3.0,A,0.37,2,Neutral,3.4,2.0,2.6,2.8,4.7,3.8,2.1
28,Female,4.09,79.9,5.6,6.8,4.1,2.02,Yes,Offline,Average,Average,Yes,1,Low,4.9,C,0.54,1,Positive,4.3,2.2,5.0,1.9,1.9,3.1,1.0
20,Male,1.26,70.7,4.9,8.4,2.2,1.72,No,Online,Average,Good,No,0,Middle,7.6,D,0.31,2,Neutral,3.3,3.1,2.6,2.6,1.6,5.0,2.3
20,Female,5.12,69.9,5.4,3.7,4.8,1.56,No,Offline,Average,Excellent,No,0,High,6.1,B,1.0,2,Neutral,2.2,2.3,4.6,2.5,1.7,4.3,2.0
19,Female,5.6,80.1,6.9,5.4,1.0,1.7,Yes,Online,Average,Average,Yes,2,Middle,2.4,A,0.89,0,Positive,1.4,3.5,5.0,2.3,2.4,4.8,4.2
18,Female,4.63,90.5,7.4,4.6,4.3,1.86,Yes,Offline,Poor,Average,No,2,Middle,6.0,B,0.82,1,Positive,4.4,2.8,3.1,3.1,3.1,4.4,3.2
18,Male,3.13,83.6,8.6,4.6,5.4,1.5,Yes,Hybrid,Average,Average,No,2,Middle,6.3,C,0.49,1,Neutral,2.4,2.6,4.3,2.8,1.5,4.6,1.6
26,Male,7.34,84.3,6.8,6.5,5.3,1.94,Yes,Online,Average,Excellent,Yes,3,High,2.5,A,0.67,2,Positive,3.9,1.5,4.7,2.7,3.8,2.6,2.8
28,Female,6.52,66.7,6.7,6.0,5.8,2.13,Yes,Offline,Average,Average,No,1,Middle,4.5,A,0.12,0,Positive,4.5,1.8,3.3,3.5,4.3,4.2,2.8
17,Male,5.3,83.9,6.6,4.9,3.4,1.89,Yes,Offline,Average,Poor,Yes,2,Middle,4.3,A,0.38,0,Positive,2.1,3.5,5.0,1.4,3.0,5.0,4.3
18,Male,8.13,77.8,7.8,2.1,3.7,1.74,No,Hybrid,Good,Good,No,3,Middle,1.8,A,0.36,0,Neutral,2.2,2.8,3.8,3.5,2.3,4.6,4.2
20,Male,5.49,83.4,8.5,4.6,1.6,1.4,No,Offline,Poor,Good,No,2,Low,1.9,A,0.66,2,Neutral,3.9,2.6,3.7,2.1,3.9,3.4,3.0
18,Male,8.62,78.3,5.4,9.0,3.2,2.04,Yes,Hybrid,Average,Average,Yes,2,Middle,4.7,A,0.71,2,Positive,3.4,2.1,3.2,2.9,2.9,4.0,2.1
20,Non-Binary,4.63,69.0,5.3,5.4,4.9,1.94,Yes,Offline,Poor,Excellent,No,0,Low,4.1,B,0.68,2,Neutral,2.7,3.1,3.6,4.1,2.5,5.0,1.9
18,Male,5.3,81.4,5.1,5.8,5.6,1.85,No,Hybrid,Poor,Good,No,1,Middle,6.0,A,0.59,0,Neutral,3.3,4.1,4.4,1.4,2.8,3.9,3.1
20,Non-Binary,3.81,64.4,6.9,2.3,2.9,1.81,No,Offline,Poor,Good,No,1,Middle,6.9,A,0.64,1,Neutral,3.7,3.7,4.6,3.6,2.0,2.5,3.1
19,Male,6.81,87.3,8.8,3.9,5.3,2.03,No,Online,Average,Average,Yes,0,High,4.9,A,0.66,2,Positive,3.9,5.0,4.8,3.2,2.5,3.8,3.2
20,Female,4.04,97.2,7.3,1.0,6.1,1.22,No,Offline,Good,Excellent,Yes,3,Low,5.0,A,0.6,2,Positive,4.5,3.9,2.0,3.0,4.0,3.2,4.3
18,Male,5.81,89.9,7.8,4.7,3.5,2.29,No,Online,Good,Average,No,1,Middle,2.1,A,0.41,1,Neutral,2.4,1.9,3.6,3.9,3.9,4.5,1.8
20,Female,5.26,62.8,6.2,5.2,4.7,1.9,Yes,Hybrid,Good,Average,No,2,Middle,2.7,B,0.36,2,Positive,4.2,2.8,2.8,1.5,3.4,5.0,3.2
28,Female,3.52,72.0,7.3,6.5,2.6,1.6,No,Hybrid,Poor,Average,No,1,Low,5.4,C,0.54,2,Positive,5.0,4.4,2.1,1.8,4.2,4.1,3.2
19,Male,9.4,82.1,6.3,6.1,3.1,1.86,Yes,Hybrid,Average,Good,Yes,2,Low,2.0,A,0.13,1,Positive,3.5,4.0,2.4,2.7,3.7,3.5,2.3
25,Female,7.19,75.8,7.3,6.8,5.7,1.9,No,Hybrid,Good,Good,Yes,3,Middle,4.4,A,0.66,0,Positive,4.5,3.4,3.5,1.8,4.2,5.0,2.0
24,Male,4.54,78.3,6.5,8.0,3.4,1.41,Yes,Online,Good,Good,Yes,2,Middle,3.5,B,0.81,0,Negative,2.8,1.0,3.2,2.9,2.8,3.4,3.1
27,Female,6.7,83.0,7.1,6.0,6.3,1.39,Yes,Hybrid,Average,Average,No,1,High,5.7,C,0.46,2,Positive,3.2,3.8,4.0,3.2,4.3,4.6,2.0
24,Non-Binary,5.71,68.0,8.5,6.5,2.3,1.59,No,Offline,Good,Good,No,2,High,3.4,A,0.75,2,Positive,3.5,2.1,5.0,3.3,4.1,3.9,3.3
22,Female,4.15,83.1,5.7,2.4,4.3,2.31,No,Online,Good,Good,No,3,High,5.1,A,0.86,0,Negative,3.2,3.4,4.9,3.8,3.9,5.0,3.3
25,Female,8.67,85.2,7.3,4.3,3.0,2.31,Yes,Offline,Poor,Average,Yes,2,Low,4.1,A,0.14,2,Positive,2.3,2.9,2.6,4.6,2.8,3.9,2.1
17,Male,6.68,87.3,6.7,6.6,2.2,1.39,No,Online,Good,Excellent,Yes,3,Middle,3.7,A,0.36,1,Positive,1.9,2.3,4.3,3.4,2.0,4.0,3.3
21,Male,6.24,68.0,5.4,4.5,5.9,1.77,Yes,Online,Poor,Average,No,0,Middle,3.2,B,0.32,2,Positive,4.0,2.8,2.9,3.0,2.6,3.6,2.8
28,Male,6.07,82.8,8.1,2.6,4.4,1.31,Yes,Offline,Poor,Good,No,2,Middle,4.4,A,0.42,2,Positive,3.9,2.8,5.0,4.0,2.1,4.1,3.3
23,Female,6.37,80.6,8.4,6.8,2.1,1.04,No,Online,Poor,Poor,No,0,High,2.3,B,0.77,0,Positive,1.3,1.0,4.5,2.8,1.4,3.6,2.3
27,Female,6.56,87.6,7.5,2.6,3.7,2.14,No,Offline,Poor,Good,Yes,2,Middle,5.2,A,0.81,1,Positive,3.7,2.1,4.9,4.5,2.7,2.3,3.3
24,Male,5.54,62.6,6.9,4.9,2.7,1.89,No,Online,Poor,Excellent,Yes,2,Middle,5.9,B,0.21,2,Neutral,3.4,3.3,2.9,4.0,3.2,4.3,3.4
25,Female,5.44,69.4,7.2,8.0,6.0,1.8,No,Online,Good,Excellent,Yes,3,Low,5.8,B,0.4,2,Positive,2.5,3.4,3.1,2.0,3.2,5.0,1.0
23,Male,5.3,70.5,7.8,4.1,4.3,2.12,Yes,Online,Average,Average,No,1,High,2.0,A,0.19,1,Neutral,3.4,3.0,3.7,2.0,5.0,5.0,4.0
23,Male,2.06,85.8,8.8,5.0,4.5,1.64,No,Hybrid,Average,Good,Yes,1,High,5.6,B,0.97,2,Neutral,2.1,3.3,4.5,2.0,2.1,5.0,3.1
21,Female,4.7,69.6,6.5,2.6,4.2,1.93,Yes,Online,Good,Poor,No,2,Middle,3.2,A,0.94,0,Positive,2.6,2.9,3.9,4.5,1.4,5.0,2.9
26,Male,7.49,61.1,8.0,9.6,4.2,1.72,No,Hybrid,Average,Excellent,No,1,Middle,4.4,A,0.45,2,Positive,2.2,1.9,2.5,4.5,3.8,5.0,2.1
24,Female,8.12,69.8,7.3,4.3,3.5,2.02,No,Offline,Good,Good,Yes,3,Low,2.7,A,0.14,0,Positive,3.9,2.4,2.4,2.3,4.6,5.0,4.2
24,Male,5.46,85.6,5.9,1.8,1.9,2.07,No,Hybrid,Average,Average,Yes,2,Low,3.5,A,0.35,1,Positive,2.7,2.1,2.2,4.5,3.7,3.8,3.0
22,Female,3.48,99.0,7.4,2.2,6.6,1.37,No,Offline,Good,Average,No,2,Middle,1.8,A,0.16,0,Neutral,2.5,3.6,1.8,2.6,3.4,3.6,4.4
19,Male,7.08,93.2,6.6,4.3,4.6,1.48,No,Offline,Good,Excellent,Yes,3,Low,3.5,A,0.51,1,Positive,2.3,2.7,3.6,3.1,3.3,5.0,3.9
17,Male,3.46,86.5,7.6,7.2,5.5,1.84,No,Online,Good,Good,Yes,1,High,2.3,B,0.57,0,Neutral,3.7,3.3,3.4,3.5,1.9,3.7,3.5
26,Female,3.02,65.1,6.6,4.8,4.2,1.61,No,Hybrid,Average,Average,No,0,High,7.6,B,0.78,2,Positive,3.6,3.2,5.0,3.1,4.1,4.2,2.6
22,Female,2.28,82.3,6.2,2.9,4.4,1.57,Yes,Offline,Average,Average,No,0,Middle,6.3,C,0.53,2,Positive,2.6,3.5,3.1,3.8,3.5,3.9,4.2
19,Male,1.0,79.9,6.2,2.1,3.1,1.66,No,Online,Good,Average,No,0,Middle,5.2,B,0.31,1,Neutral,3.4,3.2,2.7,2.5,2.0,4.6,3.9
18,Male,8.79,86.1,6.8,7.5,4.1,1.21,Yes,Online,Average,Good,Yes,2,Middle,5.1,A,0.33,0,Positive,1.0,1.3,4.4,4.2,1.7,4.5,2.0
24,Female,5.13,78.2,7.8,3.0,4.6,2.01,Yes,Online,Poor,Excellent,No,3,Low,1.6,A,0.26,2,Positive,2.2,2.2,3.6,3.2,3.4,4.3,3.7
24,Male,1.28,83.9,7.3,3.6,3.2,1.35,No,Online,Good,Excellent,Yes,0,Low,5.1,C,0.53,2,Neutral,4.2,2.7,4.3,2.7,2.1,4.0,3.6
24,Female,3.42,68.5,7.2,4.0,3.5,1.34,Yes,Offline,Average,Good,Yes,0,Middle,6.6,C,0.65,1,Negative,2.8,3.7,3.7,3.4,3.0,3.6,3.1
22,Female,1.65,77.4,6.2,3.8,5.6,1.18,Yes,Online,Average,Excellent,Yes,0,High,6.4,C,0.7,2,Neutral,1.9,3.5,2.8,2.4,3.4,4.0,3.2
20,Male,6.73,73.8,5.8,4.9,2.8,1.98,No,Online,Average,Good,Yes,1,High,3.2,A,0.89,2,Neutral,4.8,4.8,5.0,5.0,2.1,4.4,2.8
19,Male,3.72,92.8,7.9,4.6,3.3,1.71,Yes,Offline,Good,Average,No,2,High,5.0,A,0.58,2,Positive,1.4,1.9,4.9,2.2,3.6,4.9,3.6
17,Female,3.51,57.9,6.9,4.0,3.8,2.15,Yes,Online,Good,Excellent,No,3,Middle,4.1,A,0.49,2,Neutral,1.8,3.6,3.4,3.6,3.1,3.5,3.3
24,Male,6.27,64.0,6.7,7.4,3.4,1.77,Yes,Hybrid,Good,Average,No,0,High,5.1,A,0.9,2,Positive,2.1,1.6,5.0,2.6,3.2,4.6,2.4
18,Female,8.2,82.1,5.6,6.0,4.9,1.6,No,Offline,Average,Average,No,3,Middle,4.0,A,0.64,2,Positive,2.3,3.4,4.4,4.1,2.3,3.8,3.0
22,Male,3.46,75.1,9.1,2.4,2.5,1.5,No,Hybrid,Good,Excellent,Yes,1,Low,3.0,A,0.14,2,Negative,4.4,3.3,3.0,3.4,2.6,4.9,3.3
21,Female,4.87,97.7,6.9,5.2,3.8,1.87,No,Offline,Average,Average,Yes,2,Middle,4.1,A,0.78,0,Positive,2.8,1.5,4.6,3.7,4.9,4.8,2.6
21,Male,3.03,83.1,6.7,5.7,3.3,2.16,No,Online,Average,Good,No,2,High,1.0,A,0.25,2,Neutral,5.0,2.6,2.9,1.9,4.4,4.5,2.2
26,Female,6.81,79.5,8.2,7.7,4.4,1.78,No,Online,Average,Excellent,No,2,Low,2.8,A,0.48,1,Neutral,1.1,3.5,3.5,3.0,1.6,4.4,3.3
17,Male,5.46,72.2,6.5,1.0,4.9,2.13,No,Hybrid,Average,Good,No,4,Middle,3.9,A,0.66,1,Neutral,4.0,3.4,2.7,3.5,3.8,4.1,4.0
24,Male,5.21,82.5,7.5,5.6,7.7,1.71,No,Offline,Average,Poor,Yes,2,Middle,4.7,A,0.47,0,Positive,2.6,3.0,3.8,2.5,2.1,2.9,3.6
17,Female,3.35,86.7,8.1,4.7,5.2,2.02,No,Hybrid,Average,Average,No,3,Low,5.1,A,0.28,0,Positive,2.6,3.4,3.3,2.6,2.8,4.8,2.8
17,Male,7.91,77.0,7.1,2.3,3.9,1.81,No,Online,Good,Average,Yes,3,Low,2.3,A,0.51,0,Positive,2.5,2.8,3.6,3.7,1.7,4.8,2.8
20,Male,4.37,79.5,7.5,5.3,1.5,2.09,Yes,Hybrid,Average,Good,Yes,3,Middle,3.0,A,0.78,1,Neutral,2.7,4.0,3.9,3.0,2.7,3.4,2.7
17,Male,7.3,82.0,7.1,6.0,3.8,1.41,No,Online,Good,Good,Yes,3,High,5.4,A,0.4,2,Positive,3.9,2.9,3.0,3.0,2.7,5.0,2.6
24,Male,7.39,51.7,6.4,5.2,2.9,1.63,Yes,Offline,Good,Good,Yes,3,High,3.2,A,0.5,0,Negative,2.3,3.7,5.0,2.6,2.0,4.6,4.3
21,Female,2.68,57.4,7.7,6.1,3.6,1.56,No,Offline,Average,Good,Yes,2,High,6.1,C,1.0,0,Negative,3.0,2.9,3.7,3.2,2.2,4.7,1.5
17,Female,4.57,86.1,8.1,4.4,4.6,2.29,No,Offline,Average,Good,Yes,2,Low,5.2,A,0.32,2,Positive,4.1,2.9,2.2,3.0,2.7,5.0,3.0
17,Male,5.46,86.4,8.0,4.1,4.8,1.39,No,Online,Good,Good,No,4,Low,4.1,A,0.46,0,Positive,1.0,2.4,3.3,3.0,3.6,5.0,1.9
22,Female,2.82,82.5,6.3,6.0,4.8,1.46,No,Hybrid,Average,Excellent,No,2,Low,5.1,B,0.59,2,Neutral,5.0,3.2,3.4,2.5,2.6,4.6,2.2
24,Female,4.77,80.9,8.2,5.3,3.7,1.51,No,Offline,Average,Average,No,1,High,3.9,A,0.27,1,Positive,4.2,2.4,3.9,3.1,3.4,3.9,2.2
20,Female,5.59,84.6,5.8,1.0,3.9,1.86,No,Online,Good,Excellent,No,2,Low,3.3,A,0.38,1,Neutral,3.5,3.0,3.9,2.5,1.1,4.2,3.2
21,Male,1.69,72.7,5.9,4.1,6.1,1.69,Yes,Hybrid,Average,Good,No,1,Middle,6.0,C,0.58,2,Neutral,3.4,1.1,2.9,1.0,2.4,3.8,2.7
24,Female,4.36,73.8,5.3,6.6,4.2,1.53,Yes,Online,Good,Average,Yes,1,Low,2.6,B,0.37,2,Positive,3.3,1.8,4.4,4.1,2.4,4.8,2.3
22,Female,5.6,84.7,6.9,4.7,2.1,1.55,No,Offline,Good,Average,Yes,3,Low,3.4,A,0.1,1,Neutral,2.4,2.2,2.6,3.1,3.2,5.0,1.7
19,Female,4.04,68.7,7.0,5.0,5.2,1.99,No,Offline,Poor,Average,No,2,Low,5.6,B,0.33,0,Neutral,3.9,2.7,1.8,3.0,3.4,3.8,2.3
22,Male,3.79,80.1,5.7,3.0,4.5,1.58,No,Online,Good,Good,No,0,Middle,5.1,B,0.66,2,Neutral,2.8,3.5,4.3,3.9,2.2,3.9,3.0
22,Male,2.17,84.3,6.5,5.5,2.7,1.89,No,Online,Average,Average,Yes,2,Low,7.6,C,0.42,0,Neutral,2.0,2.2,3.2,1.8,3.7,4.5,2.3
23,Female,4.99,71.9,6.6,7.3,2.7,1.45,No,Online,Good,Excellent,No,0,Low,6.6,C,0.53,2,Positive,4.3,1.9,3.6,1.9,3.7,4.1,2.1
22,Male,5.36,93.6,8.3,6.0,3.6,2.07,No,Online,Poor,Good,Yes,1,Middle,4.7,A,0.63,0,Positive,2.1,3.7,4.6,3.3,3.5,3.9,2.4
27,Female,4.75,85.3,7.5,2.5,0.7,2.07,No,Online,Poor,Excellent,Yes,1,Middle,4.3,A,0.39,1,Positive,3.9,3.9,4.7,3.7,2.4,5.0,3.8
18,Male,7.66,81.0,6.3,7.3,6.6,1.79,Yes,Online,Average,Poor,Yes,3,Middle,3.2,A,0.53,1,Neutral,2.8,2.2,2.9,3.0,1.8,3.3,1.7
27,Female,4.97,72.9,5.4,3.4,6.7,1.4,Yes,Offline,Average,Average,Yes,0,High,6.6,C,0.48,2,Neutral,3.6,2.6,1.9,3.4,3.8,4.1,3.2
21,Female,4.12,91.5,5.5,6.5,3.4,1.64,No,Offline,Average,Poor,Yes,1,Middle,5.4,B,0.3,0,Neutral,2.1,1.6,3.1,3.2,3.2,5.0,1.0
22,Female,8.41,73.9,9.2,7.0,2.2,1.76,No,Online,Poor,Average,No,2,Low,3.3,A,0.55,0,Positive,2.0,2.8,2.9,1.6,3.1,2.8,3.9
18,Female,6.35,96.3,7.0,6.1,3.0,1.75,No,Hybrid,Good,Excellent,Yes,0,Middle,3.0,A,0.3,2,Positive,3.8,3.8,3.2,2.8,2.6,4.3,4.0
20,Female,7.15,98.2,8.1,2.9,1.0,1.78,No,Online,Good,Poor,Yes,2,Middle,3.5,A,0.37,1,Positive,4.5,2.7,2.1,3.7,2.8,5.0,1.9
23,Male,7.54,77.9,7.6,1.6,5.0,1.72,No,Offline,Poor,Good,Yes,1,High,5.8,A,0.83,0,Positive,4.2,3.4,4.0,2.1,1.9,5.0,3.4
23,Female,3.95,91.4,7.8,4.3,2.3,2.17,Yes,Offline,Good,Average,No,2,High,4.0,A,0.44,0,Positive,3.3,3.2,3.2,2.7,4.5,3.9,3.1
17,Male,3.05,100.0,6.8,2.4,2.8,1.66,Yes,Offline,Average,Good,No,2,High,4.3,A,0.24,2,Positive,1.9,2.6,2.8,2.9,3.2,4.1,3.9
21,Female,8.27,87.3,5.9,5.6,4.7,1.99,Yes,Hybrid,Poor,Excellent,Yes,3,Middle,4.1,A,0.67,1,Neutral,1.0,1.8,2.4,2.2,3.3,3.3,2.4
18,Male,1.2,81.1,5.6,10.0,4.9,1.6,No,Offline,Good,Good,Yes,1,Low,7.3,D,0.5,0,Positive,4.9,1.0,3.0,3.4,1.0,5.0,2.2
29,Female,3.93,90.6,8.1,4.5,2.4,2.01,No,Hybrid,Poor,Good,Yes,3,High,4.6,A,0.97,1,Neutral,2.5,3.8,5.0,2.9,2.2,4.0,3.8
25,Female,8.16,79.7,4.9,7.7,3.1,1.4,No,Online,Poor,Average,No,1,Middle,4.3,B,0.55,1,Neutral,4.3,2.1,3.4,4.8,3.2,3.1,1.6
17,Male,3.67,85.8,5.6,6.6,4.5,1.41,No,Offline,Good,Excellent,Yes,1,High,4.0,B,0.65,2,Neutral,3.6,3.4,2.5,1.3,2.8,4.4,3.1
25,Male,6.48,69.8,7.8,1.6,4.3,2.38,No,Offline,Average,Good,Yes,2,High,5.2,A,0.53,2,Positive,1.0,3.4,5.0,2.9,2.4,4.9,3.6
26,Non-Binary,3.4,76.8,6.4,5.5,4.5,1.53,Yes,Hybrid,Poor,Good,Yes,0,Middle,5.6,C,0.22,2,Neutral,2.8,4.2,1.8,1.4,3.0,5.0,3.2
20,Male,9.71,85.0,7.6,1.7,4.2,1.98,Yes,Online,Average,Good,Yes,1,Middle,6.2,A,0.86,1,Positive,3.5,2.2,4.0,4.8,2.3,3.6,3.1
23,Male,4.84,82.5,6.9,7.3,1.8,1.7,No,Offline,Poor,Excellent,No,1,Middle,5.7,C,0.44,2,Positive,1.3,3.2,3.1,3.1,2.9,4.8,3.0
20,Male,6.62,79.8,7.8,2.9,4.2,2.24,No,Offline,Average,Good,Yes,2,Low,4.1,A,0.64,1,Positive,2.6,2.8,3.0,4.1,2.4,4.7,3.5
22,Non-Binary,2.35,72.6,7.2,4.2,3.6,2.39,Yes,Online,Good,Good,Yes,2,Middle,5.9,B,0.6,0,Neutral,1.9,1.7,3.3,1.8,4.0,5.0,2.8
20,Non-Binary,6.47,73.1,5.3,4.8,6.3,1.5,Yes,Offline,Poor,Good,No,2,Middle,3.8,B,0.81,1,Positive,4.4,2.3,4.6,4.6,2.5,2.8,2.7
19,Female,6.37,85.0,8.5,5.3,2.8,2.08,No,Hybrid,Average,Average,No,0,Low,4.9,A,0.61,1,Positive,2.2,1.0,3.4,4.6,2.8,4.0,2.2
20,Female,4.09,80.5,6.2,5.8,5.7,2.1,Yes,Offline,Average,Good,Yes,3,Middle,4.1,A,0.85,2,Negative,3.4,1.2,4.9,3.9,2.5,3.6,1.8
18,Male,6.37,86.1,7.6,5.2,5.8,1.92,Yes,Offline,Poor,Good,No,2,Middle,4.3,A,0.6,1,Positive,2.2,3.2,5.0,2.5,3.0,3.6,3.4
24,Non-Binary,4.59,77.9,7.1,4.0,5.4,1.27,No,Online,Average,Good,No,2,High,3.7,B,0.63,1,Neutral,2.3,2.8,4.8,4.4,5.0,5.0,3.1
20,Male,5.8,76.4,7.3,2.7,4.9,1.53,Yes,Offline,Average,Good,Yes,3,High,2.8,A,0.3,0,Positive,2.8,3.6,4.3,4.2,4.9,4.8,3.2
20,Male,4.0,72.8,4.3,3.8,5.5,1.79,No,Hybrid,Average,Average,No,2,Low,1.4,A,0.23,1,Negative,3.1,3.2,2.8,3.0,4.1,3.5,3.4
25,Male,4.1,89.3,6.5,1.3,5.3,1.93,Yes,Offline,Good,Good,Yes,3,High,3.5,A,0.53,2,Positive,3.0,3.3,4.8,2.7,3.6,3.0,3.9
21,Female,2.56,76.7,9.2,5.5,5.1,1.71,No,Hybrid,Poor,Excellent,Yes,0,Middle,4.7,C,0.3,1,Negative,1.3,3.4,3.7,2.5,2.7,4.0,3.2
21,Female,5.89,72.7,8.2,2.5,5.6,2.2,No,Hybrid,Average,Excellent,Yes,2,Middle,2.3,A,0.77,2,Neutral,3.9,2.0,3.5,4.6,3.2,3.7,2.3
27,Male,4.59,91.7,6.1,2.6,4.3,1.04,Yes,Online,Average,Average,No,2,High,4.5,B,0.36,1,Positive,4.5,3.9,3.8,3.9,3.1,5.0,2.9
25,Non-Binary,3.62,74.0,8.7,3.6,2.9,1.7,Yes,Online,Average,Good,No,1,Middle,5.3,B,0.91,1,Positive,3.2,2.8,3.8,2.6,3.5,3.9,4.2
18,Male,8.29,87.6,8.4,6.1,6.3,1.7,Yes,Online,Poor,Excellent,Yes,2,Middle,4.8,A,0.37,1,Positive,2.9,2.6,4.2,3.5,2.2,4.8,3.3
21,Male,5.05,93.0,7.6,4.0,2.3,1.68,Yes,Online,Average,Good,Yes,4,Middle,5.2,B,0.51,0,Neutral,4.1,4.0,2.4,2.3,2.2,5.0,2.7
28,Male,4.73,94.3,6.8,7.4,4.7,1.74,Yes,Online,Average,Good,No,2,High,5.5,B,0.21,1,Neutral,3.6,1.3,3.6,2.7,2.4,4.5,1.9
20,Female,3.57,62.8,7.5,1.2,5.7,2.14,Yes,Online,Average,Excellent,No,2,Middle,4.8,A,0.65,2,Positive,3.0,3.8,4.6,2.0,2.1,3.8,3.4
20,Female,6.87,75.4,6.8,4.9,4.8,1.8,No,Online,Poor,Good,No,1,High,4.6,A,0.4,1,Positive,2.6,1.9,4.9,3.0,2.5,3.5,1.0
18,Male,5.32,83.5,8.7,3.9,2.5,1.62,Yes,Online,Good,Good,Yes,0,Middle,4.2,A,0.52,0,Positive,3.0,4.0,3.5,4.4,3.7,5.0,4.8
18,Female,3.37,79.5,7.1,5.6,3.2,1.61,No,Online,Average,Poor,No,1,Middle,6.8,C,0.18,0,Neutral,1.2,4.1,4.0,4.2,3.0,5.0,2.8
23,Male,4.52,74.7,7.7,3.8,1.6,1.58,Yes,Online,Poor,Poor,Yes,3,Middle,5.3,A,0.4,0,Negative,3.3,3.5,4.6,2.9,3.1,5.0,3.6
24,Female,6.17,96.6,6.2,3.4,4.3,2.2,Yes,Hybrid,Poor,Poor,No,2,Middle,1.5,A,0.64,1,Positive,4.5,3.8,3.7,4.0,3.8,3.1,5.0
27,Non-Binary,5.23,72.5,9.3,9.9,6.3,1.96,Yes,Online,Average,Excellent,Yes,1,Middle,5.3,C,0.53,2,Neutral,1.0,1.0,5.0,5.0,2.2,5.0,3.1
24,Male,7.34,64.3,8.5,4.9,1.8,1.08,No,Offline,Good,Good,Yes,4,Middle,1.0,A,0.19,1,Positive,1.0,2.2,3.0,5.0,3.6,5.0,3.7
19,Female,7.06,74.7,6.4,1.7,3.1,1.63,No,Online,Good,Good,Yes,4,Low,1.1,A,0.5,0,Positive,3.9,3.2,2.2,3.6,4.5,4.6,4.1
17,Female,9.39,69.6,9.7,3.1,2.6,1.48,No,Hybrid,Poor,Excellent,No,3,Low,3.0,A,0.52,2,Neutral,5.0,3.3,2.7,3.1,3.3,5.0,4.8
28,Male,3.72,77.3,6.5,3.8,5.1,1.46,No,Online,Good,Good,No,1,Low,5.4,C,0.29,2,Positive,5.0,2.6,3.0,3.1,1.9,5.0,2.1
20,Female,4.93,73.9,5.2,2.7,3.2,1.82,No,Hybrid,Average,Good,No,1,High,3.0,A,0.65,2,Positive,2.8,2.7,4.9,5.0,2.4,4.5,2.9
19,Female,4.54,72.9,5.6,5.6,5.6,1.86,Yes,Offline,Good,Average,Yes,1,High,1.8,B,0.64,1,Positive,3.7,2.1,2.9,2.1,2.0,4.0,1.6
25,Male,4.54,63.0,7.4,3.1,5.3,2.19,No,Online,Average,Excellent,No,2,High,5.1,A,0.85,2,Negative,4.3,3.1,4.4,1.7,2.0,3.5,3.7
22,Male,5.16,100.0,7.4,8.1,6.7,1.82,No,Online,Good,Average,Yes,1,High,3.2,A,0.46,1,Neutral,1.6,1.6,5.0,3.2,2.8,3.2,2.4
19,Male,4.33,77.3,6.5,3.9,5.8,1.65,No,Online,Poor,Poor,No,2,Low,5.2,B,0.6,0,Positive,1.2,1.4,3.2,3.3,2.9,3.1,3.5
25,Female,6.81,68.8,7.2,5.4,4.1,1.88,Yes,Hybrid,Poor,Average,No,4,Middle,2.8,A,0.65,1,Positive,2.8,1.0,4.3,3.5,1.8,5.0,3.1
29,Female,2.58,73.2,6.0,4.8,2.9,1.72,No,Hybrid,Good,Average,No,3,High,3.5,A,0.32,1,Positive,2.1,3.2,3.8,2.7,3.0,4.1,2.6
18,Female,5.14,69.5,6.8,4.4,4.8,1.9,No,Online,Average,Average,No,2,High,5.2,B,0.72,0,Negative,3.3,2.9,4.3,3.1,3.0,5.0,3.6
25,Male,6.28,86.3,6.8,4.3,3.0,1.74,No,Hybrid,Average,Good,No,3,Low,3.1,A,0.44,0,Positive,2.7,2.8,2.4,2.4,3.0,4.3,3.3
20,Male,7.02,72.9,6.9,3.0,3.4,1.8,No,Online,Average,Average,No,1,Middle,4.1,A,0.15,0,Positive,4.9,3.8,2.2,4.1,4.2,4.0,3.6
21,Male,5.0,68.0,5.6,5.4,3.4,2.14,Yes,Offline,Poor,Good,Yes,3,Low,5.0,B,0.11,2,Negative,3.7,1.4,3.0,3.1,2.4,4.7,3.0
26,Female,5.65,85.0,6.0,6.7,5.4,1.43,No,Offline,Poor,Poor,No,0,Middle,2.1,A,0.56,1,Positive,2.9,2.4,4.3,4.7,1.3,3.8,2.3
28,Non-Binary,5.15,78.2,6.6,3.3,3.3,1.56,No,Online,Poor,Average,No,3,Middle,5.2,B,0.66,2,Positive,1.0,4.1,4.3,3.1,3.0,3.8,3.2
19,Female,6.02,100.0,5.4,6.1,4.2,1.98,Yes,Hybrid,Average,Good,No,2,High,2.9,A,0.71,2,Positive,3.5,2.3,4.9,3.2,4.0,4.1,2.1
19,Male,4.69,64.4,6.4,2.9,2.4,2.39,Yes,Online,Average,Excellent,No,2,Middle,1.9,A,0.74,1,Negative,3.3,2.9,4.4,2.1,1.1,3.9,3.9
18,Female,6.46,56.1,8.4,4.8,3.7,1.9,Yes,Hybrid,Good,Excellent,Yes,2,Middle,3.2,A,0.54,2,Positive,2.8,3.6,3.6,2.4,2.9,5.0,3.5
21,Female,7.72,84.2,8.6,6.9,2.6,1.64,Yes,Hybrid,Poor,Excellent,Yes,1,Middle,4.9,A,0.41,2,Positive,2.5,2.3,3.0,3.8,3.0,3.8,2.8
17,Male,9.18,75.4,6.5,1.6,6.0,1.84,No,Hybrid,Average,Good,No,1,High,1.4,A,0.86,1,Positive,2.5,1.8,5.0,5.0,2.3,4.7,3.6
20,Female,4.38,91.3,7.1,8.1,1.6,2.19,No,Offline,Poor,Good,Yes,0,Middle,5.2,A,0.87,2,Positive,4.5,2.2,3.5,2.7,1.4,5.0,2.3
17,Male,6.72,76.1,8.6,3.8,4.2,1.53,Yes,Online,Average,Good,No,3,Middle,4.4,A,0.59,0,Neutral,4.4,2.4,3.8,3.3,4.7,5.0,1.8
20,Male,5.59,88.9,8.0,9.1,4.4,1.98,Yes,Offline,Average,Good,No,3,Middle,4.4,A,0.76,1,Positive,2.7,1.1,2.2,1.2,2.8,4.7,1.7
17,Male,5.9,69.6,7.1,6.2,5.6,1.49,Yes,Offline,Average,Average,Yes,0,Middle,4.8,B,0.77,2,Negative,3.5,3.7,5.0,3.2,2.1,3.7,2.9
24,Male,4.17,86.8,6.6,5.5,4.1,1.84,No,Offline,Average,Good,Yes,3,Low,4.0,B,0.6,2,Positive,3.5,2.8,3.1,3.9,4.1,3.8,2.5
19,Male,5.29,66.0,9.7,2.0,8.0,1.67,No,Offline,Average,Average,No,2,High,5.5,B,0.94,2,Positive,1.8,4.0,2.8,3.1,1.6,5.0,3.6
19,Male,6.18,55.4,7.8,1.0,4.8,1.73,Yes,Offline,Average,Good,Yes,3,Low,3.0,A,0.46,1,Neutral,2.3,2.1,4.6,3.4,2.3,3.2,4.1
25,Male,5.12,68.5,5.4,7.0,5.1,2.13,No,Hybrid,Average,Good,Yes,0,Low,2.9,B,0.31,0,Neutral,4.4,2.2,3.1,2.0,1.4,5.0,3.2
23,Female,4.27,70.4,5.0,4.7,5.0,1.48,No,Online,Average,Average,Yes,2,Middle,5.4,C,0.8,1,Negative,2.0,3.5,4.0,3.8,1.9,3.9,1.9
19,Non-Binary,7.49,92.8,7.8,8.2,4.1,2.24,No,Offline,Average,Average,Yes,3,Middle,4.6,A,0.33,0,Neutral,2.5,2.6,5.0,3.0,2.2,5.0,3.1
17,Female,5.32,77.2,6.6,5.6,6.2,2.19,Yes,Online,Good,Poor,Yes,3,Middle,5.3,B,0.68,0,Positive,2.8,3.7,3.5,2.8,3.4,4.0,3.5
23,Male,4.61,85.4,8.7,4.4,3.4,1.47,No,Offline,Average,Excellent,No,3,Low,6.9,A,0.14,2,Positive,2.8,2.5,4.2,3.7,3.9,4.5,3.4
20,Male,5.11,85.5,5.0,3.6,2.2,1.75,No,Offline,Poor,Average,Yes,3,Low,3.8,A,0.76,1,Positive,2.1,3.1,2.6,2.8,4.0,3.1,3.6
23,Male,4.64,59.1,5.4,7.9,5.8,1.43,No,Offline,Average,Average,Yes,0,High,7.3,Fail,0.22,2,Positive,2.7,2.5,4.1,1.6,2.6,3.0,2.9
20,Male,3.58,87.6,7.2,6.5,5.5,1.97,No,Offline,Average,Excellent,No,1,Middle,4.4,B,0.9,2,Neutral,1.1,2.8,4.5,2.8,4.1,5.0,2.2
20,Female,6.09,75.3,5.7,4.2,2.6,1.56,No,Offline,Average,Good,No,1,High,2.9,A,0.84,1,Positive,3.7,3.0,5.0,3.2,1.7,4.1,2.9
20,Female,4.6,84.4,8.5,4.9,7.1,1.83,Yes,Hybrid,Poor,Average,Yes,2,Middle,4.3,B,0.35,1,Positive,2.9,2.4,2.6,3.1,4.4,5.0,2.8
23,Female,2.6,83.0,7.7,6.1,4.7,2.14,Yes,Hybrid,Average,Average,No,1,High,4.2,C,0.43,0,Positive,1.6,3.2,2.5,3.7,2.9,4.8,2.5
25,Female,7.05,75.3,8.6,1.0,3.6,1.49,Yes,Online,Good,Average,No,3,Middle,1.0,A,0.94,0,Neutral,2.4,3.9,5.0,4.5,3.9,4.0,4.9
17,Male,4.37,85.7,3.7,8.8,4.6,1.58,No,Online,Average,Average,No,1,Middle,5.5,D,0.65,2,Positive,1.0,2.4,4.8,1.5,3.4,3.8,2.3
21,Male,2.19,68.3,4.9,5.6,5.5,1.79,No,Hybrid,Average,Poor,No,0,High,6.0,C,0.65,0,Positive,1.9,2.1,4.0,2.5,3.1,3.2,2.5
17,Female,4.88,65.5,8.0,7.9,1.9,1.9,Yes,Online,Good,Good,No,3,Low,5.6,B,0.65,1,Neutral,1.3,2.1,4.1,2.3,4.0,5.0,1.9
21,Male,3.63,89.4,5.4,3.6,6.4,1.81,No,Hybrid,Average,Excellent,Yes,2,Middle,3.8,B,0.44,1,Neutral,5.0,1.7,3.1,2.8,2.6,3.5,3.4
25,Male,5.39,72.9,8.3,1.5,3.6,1.61,No,Online,Average,Good,No,2,Middle,2.5,A,0.6,0,Neutral,3.3,2.9,3.9,2.7,4.0,4.3,3.4
20,Male,2.68,78.7,5.7,1.0,5.2,1.97,No,Hybrid,Average,Good,No,2,Middle,6.2,B,0.79,0,Neutral,3.1,3.4,3.3,3.0,2.7,4.2,2.0
26,Male,4.19,84.1,9.7,3.2,3.1,1.55,Yes,Offline,Good,Average,No,2,Middle,1.5,A,0.17,1,Positive,2.1,3.8,3.2,2.6,5.0,4.1,3.2
22,Male,1.77,89.5,6.7,4.4,5.2,1.99,No,Hybrid,Poor,Average,Yes,2,Middle,4.3,B,0.26,2,Neutral,3.3,2.3,2.3,2.3,1.8,3.8,3.6
26,Female,2.28,72.2,6.9,5.5,2.2,1.77,No,Hybrid,Good,Excellent,Yes,1,Low,6.8,C,0.36,1,Neutral,3.2,2.3,4.8,2.6,3.5,5.0,2.3
23,Female,5.17,72.8,8.2,6.9,2.2,1.71,No,Hybrid,Poor,Poor,No,3,Low,2.8,A,0.45,0,Neutral,3.8,3.2,3.2,2.6,3.3,4.7,2.7
18,Male,3.87,91.2,7.6,5.5,3.4,1.86,No,Offline,Good,Excellent,Yes,2,High,1.8,A,0.51,1,Positive,2.5,3.7,3.4,1.5,3.9,5.0,4.9
19,Male,7.99,75.4,6.8,8.4,3.1,1.68,No,Online,Average,Good,Yes,2,High,6.4,A,0.31,0,Positive,2.4,2.1,2.9,2.6,2.2,3.4,2.4
20,Female,3.53,84.8,10.0,8.2,4.2,1.48,Yes,Online,Average,Excellent,No,1,Low,7.3,C,0.24,2,Neutral,2.4,2.8,4.6,1.9,2.6,4.5,3.3
18,Male,5.31,82.8,6.5,4.1,2.8,1.35,No,Online,Good,Average,Yes,5,Low,5.4,A,0.34,0,Neutral,2.8,2.2,3.2,3.8,2.0,3.9,1.8
21,Male,2.46,78.4,5.4,9.2,1.7,1.68,No,Hybrid,Average,Average,Yes,0,Low,5.7,C,0.69,1,Positive,3.2,2.3,4.9,2.3,3.4,4.5,2.3
21,Male,7.92,82.6,8.4,4.4,4.3,1.5,Yes,Offline,Poor,Good,No,2,Low,4.8,A,0.46,2,Neutral,4.3,2.8,3.5,4.2,4.4,2.9,2.6
27,Male,5.06,80.5,7.3,5.9,4.8,1.93,No,Offline,Good,Good,No,2,Middle,1.0,A,0.54,0,Neutral,4.3,1.8,4.3,3.2,2.9,5.0,3.8
20,Female,1.96,76.2,6.3,6.7,3.5,2.08,No,Hybrid,Good,Average,No,1,Low,3.8,B,0.33,1,Negative,2.8,2.7,3.4,2.4,3.8,5.0,1.6
24,Female,5.44,98.4,6.4,5.3,6.4,1.19,No,Online,Average,Excellent,No,2,High,6.2,B,0.49,1,Positive,5.0,2.3,2.9,3.1,5.0,4.6,1.7
26,Male,4.01,89.5,7.3,4.0,3.3,2.37,No,Hybrid,Average,Poor,Yes,3,Middle,2.1,A,0.4,0,Positive,3.5,4.3,4.8,4.0,3.0,4.1,4.5
25,Male,9.23,74.4,8.4,2.7,4.2,1.97,Yes,Offline,Good,Poor,No,2,Low,3.4,A,0.75,0,Neutral,3.6,2.6,4.0,5.0,1.0,5.0,2.5
19,Male,7.14,75.5,8.0,7.2,2.6,2.12,Yes,Hybrid,Poor,Good,Yes,3,Middle,4.1,A,0.5,1,Positive,3.8,1.1,3.2,3.4,3.2,3.8,3.4
21,Male,3.44,67.7,4.9,3.3,3.5,1.6,Yes,Online,Average,Good,Yes,2,Middle,4.5,C,0.51,1,Neutral,4.3,3.1,3.7,3.5,4.1,4.1,4.0
20,Non-Binary,6.39,79.3,6.9,5.6,3.2,1.92,Yes,Offline,Average,Excellent,No,2,Low,3.9,A,0.5,2,Positive,4.0,3.2,3.7,2.3,2.0,4.7,3.1
20,Female,5.94,71.1,6.6,4.1,5.9,2.01,No,Offline,Average,Good,Yes,1,Middle,3.9,A,0.84,2,Neutral,2.4,2.7,3.7,3.1,2.3,3.4,2.4
20,Female,4.3,80.3,7.9,7.2,2.4,1.61,No,Hybrid,Good,Poor,No,3,Low,4.5,A,0.58,0,Negative,2.7,2.8,2.8,2.5,2.0,5.0,3.1
24,Female,4.34,72.3,5.6,5.4,1.0,1.93,No,Online,Average,Good,Yes,2,Low,3.6,A,0.25,1,Neutral,1.7,3.3,2.2,2.5,3.6,4.4,3.5
20,Female,4.49,67.6,6.8,2.6,3.2,1.77,No,Online,Good,Average,Yes,2,Low,3.1,A,0.08,0,Positive,3.6,2.8,2.7,4.8,2.3,5.0,3.8
21,Female,3.07,71.6,7.6,4.9,5.0,1.95,Yes,Hybrid,Poor,Good,No,1,High,5.9,B,0.92,0,Negative,4.0,4.8,5.0,3.0,4.6,3.9,2.0
28,Male,5.57,80.9,7.0,1.0,4.5,2.01,Yes,Hybrid,Poor,Good,No,3,Middle,4.5,A,0.13,0,Neutral,4.0,3.2,2.7,3.6,3.9,4.1,3.3
17,Male,4.01,84.9,7.4,7.0,4.5,1.79,Yes,Online,Good,Poor,Yes,3,Middle,3.9,A,0.43,0,Neutral,3.3,4.0,3.1,1.5,4.9,4.9,2.9
21,Female,4.81,82.5,9.2,9.4,3.8,2.01,No,Online,Average,Good,No,1,High,5.0,B,0.68,2,Positive,3.7,2.9,4.0,2.9,3.4,4.7,2.2
24,Male,4.29,78.9,8.2,5.6,5.7,2.02,Yes,Hybrid,Average,Good,Yes,1,Low,4.6,A,0.73,2,Negative,1.4,4.0,3.4,3.3,4.0,5.0,3.5
18,Non-Binary,3.57,86.4,5.2,4.7,5.9,1.18,No,Hybrid,Poor,Good,Yes,2,High,7.0,C,0.42,2,Positive,2.6,3.4,4.1,2.3,3.8,3.7,1.5
22,Female,8.81,83.1,8.7,7.0,3.1,1.99,Yes,Offline,Average,Good,Yes,3,Middle,4.1,A,0.63,2,Positive,2.5,2.8,3.7,3.0,2.3,3.9,2.2
19,Female,5.58,100.0,8.3,2.9,6.0,1.86,No,Hybrid,Poor,Average,Yes,3,Middle,3.7,A,0.3,1,Positive,4.5,2.5,3.0,3.0,3.9,3.8,3.3
25,Male,6.33,82.8,5.7,3.7,5.0,1.58,Yes,Offline,Good,Average,Yes,0,High,3.3,A,0.47,2,Positive,3.4,2.6,4.1,3.7,3.8,3.7,1.9
19,Female,10.32,79.7,6.9,6.4,4.5,1.27,Yes,Hybrid,Average,Average,No,2,Middle,5.5,A,0.53,2,Neutral,3.3,1.8,4.5,3.4,2.1,4.4,1.7
19,Male,4.92,84.7,6.5,2.8,5.4,2.13,Yes,Online,Average,Average,No,2,High,1.9,A,0.5,1,Positive,1.7,3.4,4.6,2.5,1.1,5.0,4.0
22,Non-Binary,3.61,80.2,8.1,1.0,3.3,1.89,No,Offline,Poor,Good,Yes,1,High,3.7,A,0.93,1,Positive,1.7,4.3,4.2,5.0,3.1,4.3,5.0
18,Male,1.63,82.4,6.1,7.1,1.6,2.28,No,Hybrid,Average,Excellent,No,2,Low,4.8,C,0.53,1,Negative,2.8,2.6,4.0,2.4,3.2,3.3,3.5
19,Female,2.19,76.4,6.8,3.9,4.5,1.8,Yes,Offline,Good,Good,Yes,2,Low,2.2,B,0.63,0,Negative,3.8,3.4,3.6,1.8,2.0,4.5,3.6
20,Female,6.25,66.4,8.1,2.8,7.8,1.96,No,Hybrid,Poor,Good,Yes,3,Low,4.0,A,0.78,2,Negative,2.1,4.1,3.3,2.6,3.4,4.4,4.0
20,Male,2.27,93.0,6.3,7.8,4.4,1.89,Yes,Hybrid,Average,Good,Yes,2,Low,5.1,C,0.44,0,Positive,4.5,1.9,1.7,2.8,3.3,5.0,1.2
21,Male,0.96,64.3,6.5,4.9,4.7,1.44,Yes,Offline,Average,Average,Yes,0,Middle,6.5,D,0.61,1,Negative,2.2,3.3,4.1,1.6,3.4,5.0,2.6
22,Non-Binary,5.08,70.6,8.3,7.5,4.3,1.93,No,Online,Average,Excellent,No,1,Low,4.5,B,0.66,1,Neutral,3.5,3.4,3.5,2.2,2.3,4.7,1.7
21,Male,4.85,87.3,6.3,5.6,2.3,2.17,Yes,Offline,Good,Excellent,Yes,2,Middle,5.2,A,0.9,1,Positive,2.3,3.4,4.9,1.9,3.3,5.0,3.4
22,Female,8.33,92.3,10.0,4.0,2.9,2.39,Yes,Offline,Poor,Good,No,1,High,5.3,A,0.45,1,Positive,4.3,4.1,5.0,3.2,3.6,3.5,4.2
19,Male,2.14,80.7,6.6,8.7,1.6,1.64,No,Hybrid,Good,Average,No,2,High,3.9,C,0.27,2,Negative,4.9,3.2,3.0,2.6,4.3,4.5,1.2
18,Female,7.02,74.5,4.8,1.0,5.2,1.71,No,Offline,Poor,Good,No,2,Low,6.6,A,0.54,0,Positive,3.6,2.6,2.3,4.0,1.4,4.9,2.6
23,Female,0.41,78.5,8.2,7.6,5.1,1.8,Yes,Hybrid,Average,Average,No,2,Low,5.2,C,0.59,0,Negative,2.4,2.1,2.5,1.4,5.0,4.1,2.3
25,Male,7.53,79.8,7.2,5.0,2.0,1.77,No,Offline,Poor,Good,Yes,1,Low,5.0,A,0.07,2,Neutral,2.1,3.2,3.2,2.2,4.4,2.8,2.7
19,Male,5.56,76.8,7.6,7.6,8.6,2.09,No,Offline,Average,Excellent,Yes,3,High,5.2,B,0.8,1,Positive,2.3,2.4,4.1,1.8,3.3,3.8,1.2
20,Female,3.13,69.9,8.0,3.6,4.0,1.83,Yes,Offline,Poor,Average,No,3,Middle,5.6,C,0.12,2,Positive,2.5,1.2,3.4,2.6,3.4,4.8,3.2
21,Male,7.43,78.6,9.4,3.6,3.8,2.19,No,Online,Good,Excellent,Yes,2,High,5.0,A,0.59,2,Positive,2.4,1.1,4.0,3.7,1.4,4.4,3.2
21,Male,5.34,73.6,8.4,4.6,5.6,1.12,No,Offline,Average,Excellent,Yes,2,High,7.0,B,0.77,2,Positive,4.3,1.2,5.0,3.6,2.7,3.5,2.6
22,Female,6.18,81.6,6.2,8.7,4.0,1.87,Yes,Offline,Average,Excellent,No,1,High,5.7,B,0.4,2,Positive,3.1,3.0,3.9,1.8,4.0,3.2,1.2
17,Male,5.08,79.1,8.4,7.0,0.5,2.05,Yes,Hybrid,Average,Good,Yes,4,Low,3.0,A,0.66,1,Positive,3.6,2.8,2.6,3.1,2.7,5.0,1.3
23,Male,7.27,73.1,7.4,3.9,5.9,2.38,Yes,Online,Average,Average,No,2,Middle,3.3,A,0.6,1,Positive,1.8,2.7,3.1,3.8,2.4,5.0,2.9
17,Female,6.31,93.8,5.6,3.2,5.5,1.86,Yes,Offline,Average,Good,Yes,1,High,2.5,A,0.62,1,Positive,2.7,2.6,5.0,3.8,3.0,4.1,3.0
21,Male,3.13,68.5,6.4,8.0,6.4,1.64,Yes,Offline,Average,Good,No,0,Low,6.6,C,0.63,1,Negative,3.6,3.0,3.1,1.0,3.3,4.1,1.7
24,Male,3.28,69.7,9.3,7.2,3.0,1.76,No,Online,Good,Average,No,1,Middle,6.1,B,0.62,1,Neutral,2.6,3.0,4.4,2.5,2.4,5.0,1.5
20,Male,3.35,93.8,6.2,4.3,4.7,1.03,Yes,Offline,Poor,Good,Yes,1,Middle,4.6,B,0.83,1,Positive,3.3,1.6,4.2,2.6,3.2,2.1,2.7
18,Female,6.56,82.4,8.1,4.7,3.1,1.67,Yes,Online,Average,Good,No,3,Middle,5.8,A,0.68,0,Positive,2.6,2.0,4.7,3.2,3.4,4.5,2.8
28,Female,6.22,81.0,6.8,8.0,4.3,2.1,Yes,Hybrid,Poor,Poor,No,2,High,5.3,A,0.77,0,Positive,4.2,2.0,5.0,4.2,2.2,4.6,1.1
25,Female,5.57,71.6,7.7,1.0,4.2,1.86,Yes,Offline,Average,Average,No,3,Middle,6.2,A,0.16,0,Positive,3.0,2.9,2.6,2.4,2.0,4.7,3.0
24,Male,4.56,62.8,5.7,6.7,3.7,2.02,No,Offline,Average,Poor,No,1,High,4.0,B,0.82,0,Neutral,2.4,2.3,5.0,4.3,3.1,4.5,2.9
20,Male,3.87,73.7,6.7,2.8,3.1,1.7,No,Offline,Average,Good,No,1,Middle,4.4,B,0.48,0,Neutral,3.3,2.6,2.8,1.2,3.0,4.1,4.0
18,Male,5.7,50.7,4.9,5.5,3.7,2.08,Yes,Hybrid,Average,Good,Yes,2,Middle,4.7,B,0.4,2,Neutral,3.3,2.0,4.4,2.9,2.4,2.5,3.6
26,Male,6.65,92.7,9.2,7.1,4.6,1.5,Yes,Online,Average,Poor,Yes,0,High,7.6,A,0.33,1,Positive,4.0,2.7,3.4,3.5,3.2,4.2,1.2
21,Female,6.54,81.2,7.4,1.3,4.4,1.47,No,Online,Poor,Excellent,No,2,High,4.1,A,0.46,2,Positive,1.8,3.6,2.0,3.0,3.5,4.6,4.9
25,Male,8.24,65.5,5.5,7.9,2.9,2.29,No,Offline,Good,Poor,Yes,2,High,5.7,A,0.61,0,Positive,2.1,1.0,5.0,3.4,2.2,4.8,2.9
20,Male,8.43,70.0,6.7,9.1,5.7,2.27,Yes,Online,Average,Good,Yes,4,High,5.3,A,0.42,1,Positive,3.2,1.6,3.8,2.4,2.7,4.6,1.8
20,Male,4.3,87.9,7.8,3.1,4.2,2.13,Yes,Offline,Average,Good,Yes,2,Middle,3.4,A,0.78,2,Positive,2.5,1.5,4.7,3.4,3.2,5.0,4.7
28,Female,10.03,74.9,6.7,4.3,2.5,1.53,No,Online,Good,Good,No,2,Low,4.3,A,0.38,0,Positive,3.2,4.1,3.0,3.9,4.3,5.0,2.8
21,Female,8.0,92.5,5.5,4.9,1.6,1.67,No,Hybrid,Average,Poor,No,3,Low,4.4,A,0.57,0,Positive,3.2,2.8,4.3,3.5,3.3,4.9,3.8
18,Female,5.62,83.6,5.3,6.6,4.4,1.81,Yes,Online,Average,Excellent,No,0,Low,6.3,B,0.61,2,Positive,2.1,2.2,2.9,4.1,3.6,4.6,1.8
19,Female,5.76,80.7,7.6,7.1,4.7,1.78,Yes,Offline,Average,Excellent,No,2,Middle,3.9,A,0.62,2,Positive,3.3,2.8,3.4,3.7,2.1,5.0,2.3
21,Female,6.12,94.1,7.8,4.9,2.5,1.47,No,Offline,Good,Good,No,2,Low,2.8,A,0.51,0,Positive,2.5,3.6,4.0,2.8,4.8,5.0,2.9
17,Male,4.01,87.5,3.9,5.9,2.5,1.62,No,Online,Average,Good,No,2,Low,6.3,B,0.44,1,Positive,1.4,1.1,3.2,3.3,2.0,3.8,1.1
21,Male,3.71,83.8,6.1,4.6,5.2,2.21,Yes,Hybrid,Poor,Poor,Yes,2,Low,3.5,B,0.6,0,Positive,3.0,2.1,2.7,3.1,3.7,4.9,2.1
20,Female,5.13,71.5,6.2,6.3,3.4,1.58,No,Offline,Good,Good,Yes,2,Middle,4.5,A,0.44,1,Neutral,2.6,2.6,4.0,2.2,3.1,5.0,2.5
24,Female,4.31,100.0,6.9,2.4,3.7,1.31,Yes,Online,Average,Good,No,1,Low,5.7,A,0.35,1,Positive,2.4,2.2,3.5,3.1,2.6,4.7,3.3
20,Female,1.44,80.5,7.8,5.7,4.5,1.92,No,Online,Good,Good,Yes,2,Middle,5.8,B,0.45,1,Positive,3.1,2.1,3.5,3.1,2.5,5.0,3.7
28,Female,6.28,74.3,8.3,8.1,1.3,1.43,Yes,Offline,Good,Good,No,2,Middle,3.7,B,0.79,0,Neutral,3.5,1.0,3.5,2.1,3.6,4.8,2.6
18,Female,1.27,81.6,6.4,6.5,5.2,2.19,Yes,Hybrid,Poor,Good,No,0,Middle,4.3,C,0.65,2,Negative,2.4,1.8,3.8,1.9,2.1,3.2,1.8
22,Female,5.7,82.2,5.8,7.1,4.0,1.41,No,Offline,Good,Average,No,0,High,6.5,B,0.22,0,Neutral,3.9,1.8,4.4,3.6,2.7,5.0,2.5
18,Female,4.34,84.6,6.0,4.0,3.1,2.02,Yes,Hybrid,Average,Average,Yes,2,Low,3.9,A,0.6,0,Positive,2.1,4.2,3.2,3.9,1.7,5.0,3.5
23,Female,3.78,93.4,8.6,3.8,1.9,1.74,No,Hybrid,Average,Average,Yes,1,High,2.6,A,0.29,0,Neutral,2.4,3.4,2.3,3.2,2.7,3.0,3.9
29,Male,6.54,82.9,6.8,5.6,3.6,1.84,No,Hybrid,Good,Poor,No,4,Middle,5.9,A,0.53,0,Neutral,4.5,1.6,3.6,2.7,3.6,4.1,1.4
24,Female,3.41,87.6,8.0,3.6,6.0,1.93,Yes,Hybrid,Good,Good,Yes,1,Low,5.6,A,0.75,0,Neutral,2.2,2.5,3.7,3.4,3.1,5.0,2.7
21,Female,3.12,82.9,7.5,2.1,3.7,1.76,No,Hybrid,Poor,Good,No,2,Middle,2.7,C,0.53,1,Positive,3.0,3.4,3.9,1.8,1.8,2.7,4.1
21,Male,5.61,82.6,9.6,7.0,3.2,1.39,Yes,Online,Average,Good,No,1,High,9.2,A,0.17,2,Positive,2.2,1.8,3.8,2.0,2.9,5.0,1.4
24,Female,5.46,90.6,5.1,5.5,4.0,1.94,No,Offline,Good,Good,No,2,Middle,2.7,A,0.79,1,Neutral,4.4,2.1,4.6,4.2,5.0,5.0,2.1
26,Female,3.64,60.9,6.5,3.5,3.6,1.46,Yes,Hybrid,Average,Good,No,0,Middle,7.0,A,0.81,2,Positive,2.2,4.3,4.0,4.1,1.6,3.1,3.4
28,Male,3.51,51.2,6.4,6.0,5.5,1.85,No,Offline,Average,Average,Yes,1,High,9.2,A,0.59,0,Neutral,4.7,1.6,4.0,2.1,3.2,4.8,2.1
20,Female,3.57,80.3,8.6,8.4,3.7,0.95,Yes,Hybrid,Poor,Average,No,0,High,7.8,D,0.56,0,Neutral,4.1,3.9,4.3,1.3,4.0,3.9,2.5
29,Male,5.67,67.2,6.7,4.6,4.6,2.38,No,Offline,Average,Average,Yes,2,Middle,3.9,A,0.76,0,Neutral,3.4,1.8,2.5,2.2,1.7,4.1,2.7
18,Non-Binary,5.88,64.1,7.8,4.4,4.3,1.47,No,Hybrid,Average,Good,Yes,2,High,1.7,B,0.29,0,Neutral,3.9,1.2,3.4,2.8,2.5,3.3,4.1
19,Female,6.63,85.9,4.1,7.5,3.3,1.77,Yes,Online,Average,Average,No,2,High,7.2,B,0.45,0,Positive,5.0,3.7,3.6,3.1,4.1,4.2,1.4
18,Male,4.8,74.6,6.6,1.4,3.1,1.23,No,Hybrid,Poor,Poor,No,4,Middle,5.1,A,0.39,0,Positive,2.5,3.5,3.4,2.9,2.1,4.3,2.4
19,Male,3.23,78.5,8.2,5.0,2.6,1.64,No,Hybrid,Poor,Good,No,1,Middle,2.3,B,1.0,0,Neutral,3.2,2.6,3.3,2.5,3.6,3.9,2.5
23,Female,6.43,81.7,8.2,4.0,4.2,1.96,No,Online,Good,Excellent,Yes,2,High,5.9,A,0.65,2,Positive,3.0,3.2,4.3,3.2,3.7,5.0,3.7
25,Male,10.22,71.3,6.5,1.4,2.8,1.31,Yes,Offline,Poor,Good,No,0,Low,4.4,B,0.86,0,Neutral,2.2,2.1,3.6,5.0,2.2,5.0,3.4
24,Male,8.2,85.7,5.8,6.7,3.0,2.2,Yes,Offline,Poor,Good,Yes,2,Low,3.1,A,0.73,0,Positive,2.6,2.0,2.4,2.7,3.0,3.7,3.5
22,Female,3.0,76.4,6.4,4.5,3.9,1.68,No,Offline,Good,Good,No,2,Low,3.7,B,0.57,0,Negative,3.3,3.6,3.0,2.8,5.0,3.6,4.5
21,Male,6.53,73.1,6.8,6.3,3.8,1.37,No,Offline,Good,Good,No,1,Low,4.6,A,0.16,2,Positive,5.0,2.0,3.0,4.9,2.5,3.0,2.9
23,Male,4.77,74.7,9.0,6.5,4.6,1.83,Yes,Offline,Poor,Good,Yes,2,Low,6.3,B,0.19,2,Neutral,1.9,2.0,4.0,2.8,4.3,5.0,2.4
20,Female,4.81,91.9,6.3,5.8,6.2,1.84,No,Offline,Average,Excellent,Yes,1,High,3.7,B,0.77,1,Positive,3.0,3.6,5.0,2.8,3.7,4.0,2.7
24,Female,4.49,78.5,7.6,3.4,5.1,2.17,Yes,Offline,Good,Average,Yes,1,High,3.8,A,0.74,1,Positive,2.6,2.9,4.2,3.0,3.1,4.8,4.1
22,Female,3.4,84.6,8.4,4.6,4.7,2.11,No,Offline,Poor,Average,No,2,Low,9.4,B,0.5,2,Neutral,3.6,3.1,4.4,2.9,3.3,3.8,1.7
23,Female,2.02,73.2,6.6,4.7,2.6,1.76,No,Hybrid,Average,Average,No,1,Middle,6.2,C,0.55,0,Neutral,3.6,1.7,4.7,2.6,4.0,3.8,2.3
21,Male,5.89,75.7,5.6,6.3,4.0,1.74,No,Hybrid,Poor,Good,No,2,Middle,5.4,A,0.17,2,Neutral,1.7,2.6,3.8,3.3,2.4,4.3,2.5
25,Male,3.01,68.5,6.4,4.9,2.2,1.85,No,Offline,Poor,Excellent,No,0,Middle,3.8,B,0.28,2,Positive,3.2,3.9,2.7,4.0,3.0,3.8,3.1
19,Male,3.94,83.6,7.2,6.2,4.5,1.21,Yes,Offline,Average,Average,No,0,Low,4.3,D,0.63,0,Neutral,1.0,1.1,4.1,2.4,1.0,3.1,2.9
20,Female,4.26,79.7,7.3,3.9,5.7,1.97,Yes,Offline,Good,Average,No,2,Middle,6.0,A,0.46,2,Neutral,4.1,2.1,3.1,2.8,5.0,4.9,2.7
24,Female,5.21,76.2,6.5,6.7,1.7,1.18,No,Offline,Good,Excellent,No,1,Middle,7.1,C,0.7,2,Positive,1.3,3.5,4.7,4.1,2.8,3.8,1.0
21,Female,4.16,94.9,8.1,4.1,4.7,1.68,No,Offline,Poor,Good,Yes,3,Middle,7.1,B,0.58,2,Positive,2.1,3.2,3.6,2.7,3.7,4.8,1.8
25,Female,4.73,76.8,5.4,1.8,1.8,1.79,No,Offline,Poor,Good,No,2,Middle,4.3,B,0.51,2,Positive,3.4,2.6,3.6,3.3,3.7,3.4,2.6
20,Female,4.18,86.5,6.4,4.5,4.3,1.77,Yes,Offline,Poor,Excellent,No,3,Low,5.9,A,0.21,1,Positive,2.3,2.8,3.6,3.1,3.2,3.3,3.2
20,Male,5.53,92.5,6.8,5.0,5.4,2.07,No,Hybrid,Average,Good,Yes,2,High,1.0,A,0.5,0,Neutral,3.4,2.5,5.0,2.8,2.5,3.8,2.6
25,Male,5.73,75.1,6.9,5.2,5.7,1.66,No,Offline,Average,Good,No,0,High,5.4,B,0.55,2,Positive,4.8,1.0,4.5,3.3,1.8,3.0,3.2
21,Male,7.93,89.4,5.8,1.6,4.7,1.47,Yes,Hybrid,Average,Poor,No,1,Middle,5.6,A,0.65,0,Positive,4.1,3.3,5.0,3.1,1.6,4.7,3.4
21,Male,6.14,83.8,7.1,6.1,7.0,2.14,Yes,Online,Average,Average,Yes,2,High,2.7,A,0.44,0,Positive,2.5,1.3,3.2,1.7,2.1,5.0,2.4
20,Female,3.9,86.8,6.8,5.4,3.0,1.9,No,Hybrid,Poor,Good,Yes,1,Middle,6.0,B,0.78,2,Neutral,2.8,2.9,3.6,1.7,3.4,4.5,2.8
19,Male,6.15,99.8,6.4,4.9,4.9,1.68,Yes,Online,Good,Good,No,2,Middle,3.8,A,0.89,2,Positive,1.8,1.5,4.0,4.2,3.8,4.6,2.6
22,Female,6.85,71.6,7.1,6.6,5.4,1.63,No,Hybrid,Poor,Excellent,No,2,Middle,4.7,B,0.34,1,Positive,4.1,3.2,3.0,4.8,2.7,4.0,3.3
18,Female,3.91,68.0,7.7,5.1,3.5,1.46,No,Online,Poor,Excellent,No,2,Middle,3.9,A,0.91,1,Positive,3.5,2.7,5.0,1.6,3.1,3.8,4.3
25,Male,3.95,90.9,7.8,2.3,3.7,2.19,No,Hybrid,Average,Excellent,No,3,High,6.3,A,0.71,2,Neutral,2.2,2.2,3.8,3.4,3.0,3.6,2.8
24,Male,0.58,63.7,6.6,2.1,3.7,2.36,No,Hybrid,Average,Average,Yes,1,High,3.9,B,0.45,0,Negative,3.3,2.2,3.4,3.4,2.2,5.0,3.2
18,Male,7.99,72.0,7.5,6.7,5.8,2.39,No,Offline,Average,Excellent,Yes,2,Middle,3.4,A,0.3,2,Positive,1.4,1.9,2.2,2.6,3.6,4.0,3.0
23,Male,5.33,79.4,10.0,1.1,3.9,2.1,No,Online,Good,Good,Yes,3,Low,2.1,A,0.79,1,Positive,3.4,3.3,3.7,4.2,3.9,5.0,4.5
22,Female,7.71,83.0,8.0,7.3,4.5,1.89,No,Hybrid,Good,Average,No,2,Middle,3.2,A,0.22,0,Neutral,4.3,2.2,4.4,3.7,1.0,5.0,2.1
18,Male,2.02,80.2,8.8,2.6,1.0,1.76,No,Offline,Average,Good,No,3,High,4.1,A,0.64,0,Positive,3.7,3.3,4.7,3.0,4.2,4.4,4.6
19,Female,0.4,73.8,6.5,3.3,4.7,1.4,No,Online,Average,Poor,Yes,2,Low,6.2,B,0.52,1,Negative,3.3,3.1,5.0,3.3,2.3,4.5,2.7
20,Female,5.66,76.3,8.3,6.4,4.4,1.73,Yes,Offline,Poor,Average,No,0,Middle,4.5,C,0.51,0,Neutral,4.1,3.3,4.7,2.9,4.0,5.0,2.6
23,Female,3.38,83.6,8.0,3.5,4.8,1.86,No,Offline,Poor,Excellent,No,1,High,5.6,B,0.81,2,Neutral,2.6,4.7,5.0,3.9,3.4,3.8,2.3
22,Female,5.38,64.4,5.9,2.3,3.2,1.76,No,Online,Average,Good,Yes,2,Low,5.2,A,0.34,2,Positive,1.0,3.0,4.9,3.8,3.2,5.0,3.7
21,Male,3.51,81.4,7.0,4.0,4.4,0.98,No,Hybrid,Poor,Average,No,3,High,3.8,B,0.52,1,Neutral,4.4,2.8,4.6,3.5,2.6,3.8,3.1
23,Male,6.67,48.9,6.7,3.3,4.1,2.13,Yes,Hybrid,Average,Good,No,2,Low,3.4,A,0.58,1,Negative,3.9,3.3,2.4,4.9,1.7,5.0,4.4
23,Male,4.4,78.9,6.6,5.7,5.5,2.18,No,Online,Poor,Excellent,Yes,1,Middle,4.0,A,0.6,2,Neutral,3.3,2.0,4.4,2.6,1.6,4.5,2.7
22,Male,4.73,83.8,6.0,2.8,4.9,1.59,No,Online,Poor,Good,No,2,High,5.1,B,0.89,1,Neutral,3.1,2.0,4.9,2.9,1.0,5.0,2.5
24,Female,6.01,68.9,7.7,4.2,3.5,2.07,No,Hybrid,Good,Average,Yes,2,Middle,3.2,A,0.35,2,Negative,3.8,2.2,3.4,3.5,3.1,3.5,2.5
20,Female,4.17,73.0,7.1,3.3,0.5,1.16,No,Offline,Poor,Average,Yes,2,Low,4.3,B,0.62,0,Neutral,3.8,3.0,2.9,2.4,2.7,3.6,3.1
25,Male,4.3,87.0,8.1,2.2,5.2,1.61,Yes,Online,Average,Average,Yes,2,High,3.4,A,0.62,1,Positive,2.8,3.4,4.7,1.8,4.0,3.7,4.6
22,Male,7.52,93.5,5.1,3.2,1.8,1.63,Yes,Online,Poor,Excellent,No,3,Low,6.7,A,0.57,2,Positive,4.3,4.6,3.3,2.4,3.3,3.7,2.8
24,Male,4.88,66.9,7.9,7.7,4.4,1.66,No,Hybrid,Good,Good,Yes,0,Middle,5.0,B,0.55,2,Neutral,3.8,1.0,3.4,3.3,3.1,5.0,1.9
21,Female,5.5,82.3,6.3,4.7,3.4,1.49,No,Offline,Poor,Good,No,1,Middle,7.1,B,0.75,1,Positive,2.4,3.0,5.0,2.7,2.3,2.5,2.2
19,Female,6.05,83.9,8.2,2.4,3.2,1.84,No,Offline,Average,Good,No,2,Middle,6.0,A,0.55,1,Positive,5.0,2.9,5.0,2.3,3.6,4.9,3.1
21,Female,5.28,67.7,7.2,3.2,0.5,0.9,No,Offline,Average,Excellent,No,3,Middle,2.6,B,0.72,2,Neutral,2.2,3.9,2.7,2.9,2.0,4.4,3.8
20,Female,6.08,80.8,7.0,5.8,0.7,1.62,Yes,Hybrid,Average,Good,No,2,Middle,3.5,A,0.66,1,Positive,1.1,1.6,5.0,2.4,2.9,4.2,2.6
23,Male,8.84,86.3,5.7,6.0,2.7,1.44,No,Online,Average,Good,Yes,1,Low,5.9,A,0.42,0,Neutral,1.7,3.2,3.6,2.7,4.5,4.0,3.3
21,Male,7.22,90.3,6.8,5.1,5.4,2.16,Yes,Offline,Poor,Average,No,1,Middle,4.0,A,0.92,1,Neutral,4.2,2.3,4.9,3.1,3.5,3.1,2.6
24,Male,2.29,87.6,4.6,4.0,5.5,1.59,Yes,Hybrid,Good,Poor,Yes,3,Low,4.4,B,0.59,1,Negative,4.2,3.6,4.4,3.6,1.7,5.0,2.8
22,Male,0.72,96.0,6.7,5.4,3.5,2.24,No,Offline,Good,Excellent,No,2,Low,6.2,B,0.31,1,Positive,2.0,2.6,4.3,2.7,2.7,2.9,2.4
23,Female,3.35,100.0,6.9,3.9,2.6,2.01,No,Offline,Poor,Excellent,No,3,Middle,5.7,A,0.6,2,Neutral,2.4,3.6,4.7,2.7,2.0,4.0,4.1
19,Female,0.4,69.6,6.5,7.0,2.9,2.39,Yes,Hybrid,Average,Excellent,No,0,Middle,6.3,D,0.34,1,Neutral,2.4,2.7,2.9,2.3,3.6,4.5,2.5
28,Female,1.39,82.2,7.0,5.4,2.7,1.89,No,Hybrid,Good,Excellent,Yes,2,Middle,5.6,C,0.73,1,Positive,3.9,1.9,4.6,3.0,3.1,5.0,1.8
24,Female,3.0,64.0,6.9,5.9,3.3,1.83,Yes,Offline,Poor,Excellent,No,0,Middle,1.3,B,0.83,2,Neutral,1.8,1.0,5.0,2.9,4.2,4.9,2.5
24,Male,3.16,73.4,7.9,6.8,5.0,1.59,No,Hybrid,Poor,Good,Yes,1,Middle,6.8,D,0.34,1,Neutral,4.0,3.7,4.6,2.8,4.4,4.3,1.7
20,Male,5.41,70.7,7.2,4.6,2.6,1.89,No,Online,Poor,Excellent,Yes,2,Middle,2.8,A,0.15,2,Negative,3.2,2.6,2.4,2.9,2.2,5.0,3.3
21,Female,5.96,84.1,8.7,5.6,4.0,2.39,Yes,Offline,Average,Good,Yes,2,Middle,2.3,A,0.18,0,Positive,2.5,3.7,4.0,4.7,3.5,3.9,2.0
18,Female,9.36,100.0,6.3,4.0,3.5,1.43,No,Online,Average,Average,Yes,3,High,3.1,A,0.94,0,Positive,2.6,2.8,5.0,3.8,2.1,5.0,3.9
21,Male,3.65,65.2,7.5,9.1,2.9,1.96,No,Online,Average,Average,No,1,Middle,5.0,C,0.56,1,Neutral,2.8,2.9,3.1,2.6,3.8,3.9,3.2
18,Female,3.86,85.1,7.9,5.8,2.2,2.17,No,Hybrid,Good,Excellent,No,2,High,4.1,A,0.71,1,Positive,2.8,1.8,4.9,2.3,3.5,4.1,1.7
21,Female,5.49,74.9,7.1,4.7,2.4,1.65,No,Offline,Good,Average,Yes,2,Low,3.3,A,0.41,1,Positive,2.3,2.9,3.1,3.8,3.3,5.0,2.7
22,Male,7.22,88.9,7.3,7.6,3.8,1.9,No,Online,Average,Excellent,No,1,High,4.0,A,0.45,2,Positive,5.0,4.8,3.4,3.9,2.7,3.9,3.2
20,Female,4.54,86.8,8.8,4.2,1.6,1.49,Yes,Offline,Good,Poor,Yes,3,Middle,3.7,A,0.19,1,Positive,3.6,2.1,2.6,3.5,3.0,1.7,2.5
21,Male,3.27,70.7,7.5,6.0,3.8,1.82,No,Hybrid,Good,Average,No,1,Middle,6.4,B,0.84,1,Positive,3.9,3.1,3.9,3.4,1.3,5.0,1.0
25,Female,1.1,71.3,7.0,4.8,5.7,1.87,Yes,Offline,Average,Average,No,2,High,5.2,C,0.32,1,Neutral,3.2,2.7,4.5,3.3,4.1,4.2,4.3
18,Female,6.71,61.5,7.8,4.7,2.5,1.89,No,Hybrid,Average,Poor,No,2,Low,6.0,A,0.55,0,Positive,3.3,3.1,1.3,4.2,1.0,5.0,1.9
24,Non-Binary,4.59,68.3,5.7,6.1,5.8,2.01,No,Hybrid,Good,Average,Yes,3,Middle,6.3,B,0.92,2,Neutral,2.7,2.6,3.1,2.8,4.3,4.9,1.6
18,Male,8.13,84.6,7.0,4.8,4.4,1.13,No,Offline,Average,Average,No,0,Low,6.2,A,0.4,2,Positive,4.1,1.3,2.8,4.1,1.7,4.6,2.5
17,Male,8.65,89.9,6.2,1.5,2.6,1.16,Yes,Online,Poor,Excellent,Yes,3,Middle,3.9,A,0.31,2,Neutral,3.1,3.6,4.5,4.0,4.1,4.6,4.1
18,Male,8.81,84.1,7.9,4.1,2.0,0.9,Yes,Hybrid,Average,Poor,No,3,High,3.7,A,0.83,0,Positive,2.3,3.2,4.3,3.9,2.6,4.1,3.8
23,Male,5.96,71.4,6.5,2.7,4.3,2.33,Yes,Hybrid,Average,Average,No,4,Middle,2.7,A,0.4,2,Neutral,1.0,4.4,4.7,3.2,2.9,5.0,3.0
20,Female,6.78,82.7,7.7,4.5,4.0,1.43,Yes,Offline,Average,Poor,No,0,Middle,7.5,B,0.31,0,Positive,2.1,1.8,3.1,2.3,2.7,4.5,2.9
25,Female,2.39,64.3,6.8,4.8,1.8,1.18,No,Hybrid,Good,Good,Yes,0,Middle,7.1,C,0.29,1,Negative,2.8,3.0,2.1,3.3,2.0,4.3,2.0
21,Male,5.89,68.9,7.6,5.1,6.4,1.98,No,Online,Poor,Good,No,2,Low,3.3,B,0.3,1,Neutral,3.1,1.8,1.9,2.6,2.2,4.7,1.5
17,Male,4.33,86.1,8.2,8.6,4.5,2.02,No,Hybrid,Poor,Good,No,2,Middle,5.9,B,0.18,1,Neutral,1.8,3.0,2.8,2.9,5.0,4.6,3.5
23,Male,7.1,84.9,5.0,4.1,1.6,1.72,No,Offline,Average,Average,No,3,Middle,2.2,A,0.12,2,Positive,1.0,3.5,1.8,4.3,1.8,3.7,3.9
18,Male,3.97,79.2,8.4,5.8,4.5,1.77,Yes,Offline,Average,Average,No,1,Middle,5.0,B,0.16,2,Neutral,5.0,2.4,3.4,2.6,3.5,5.0,3.0
24,Male,4.59,80.3,5.7,3.6,5.9,1.39,No,Hybrid,Average,Good,No,3,Middle,6.2,B,0.53,0,Positive,3.0,1.9,5.0,4.2,2.3,3.7,3.6
18,Male,3.39,71.6,7.2,5.3,4.0,1.84,No,Offline,Good,Excellent,No,4,Low,7.3,B,0.08,2,Neutral,2.7,2.7,1.7,2.5,3.9,5.0,1.8
20,Female,8.65,94.1,8.0,3.8,1.5,2.04,Yes,Offline,Average,Average,Yes,2,Middle,4.6,A,0.12,0,Positive,3.2,3.4,4.0,3.6,3.0,3.2,2.3
23,Male,5.26,91.3,7.8,4.8,3.4,1.95,No,Online,Average,Good,No,3,High,3.3,A,0.52,2,Neutral,1.9,3.6,5.0,2.9,3.7,4.6,2.3
27,Female,3.05,70.1,9.9,2.3,5.8,2.39,Yes,Hybrid,Poor,Average,Yes,2,Low,4.2,A,0.68,2,Neutral,4.1,2.1,3.3,2.9,3.4,3.9,3.6
20,Female,4.26,90.3,6.3,2.0,2.0,0.9,No,Offline,Average,Average,No,2,Middle,7.0,C,0.48,2,Positive,2.5,2.4,3.4,3.2,2.2,3.4,3.6
24,Male,2.48,53.5,7.3,6.6,2.6,1.55,Yes,Online,Good,Good,No,1,Middle,7.8,D,0.49,1,Neutral,2.3,1.7,2.5,2.3,2.6,3.8,1.0
18,Female,7.41,88.1,6.7,4.1,2.3,1.58,Yes,Hybrid,Good,Good,Yes,1,High,3.9,A,0.36,2,Positive,2.4,2.7,2.6,5.0,2.8,3.6,2.7
24,Female,7.46,92.5,5.4,9.2,6.0,1.83,No,Hybrid,Average,Average,No,1,Middle,1.6,B,0.53,2,Neutral,2.3,1.6,3.9,2.1,2.5,4.3,2.6
22,Female,5.34,78.0,7.4,4.9,5.1,1.43,No,Online,Poor,Average,No,1,Middle,1.0,B,0.59,0,Positive,1.9,3.4,5.0,4.2,2.0,4.6,4.4
18,Male,5.61,83.0,4.5,2.9,5.4,1.55,No,Offline,Good,Excellent,No,5,High,4.4,A,0.74,2,Neutral,3.4,3.5,3.8,3.4,4.2,4.7,2.7
19,Male,2.16,68.9,7.8,3.9,1.3,1.86,No,Hybrid,Good,Excellent,Yes,3,Middle,2.2,A,0.52,2,Negative,3.6,3.5,4.3,2.5,3.5,4.1,4.8
18,Female,8.12,75.3,5.9,10.0,7.8,1.95,No,Online,Average,Excellent,Yes,0,Middle,4.6,C,0.63,2,Neutral,1.7,3.0,3.0,3.4,2.6,4.2,2.8
20,Female,4.93,96.9,8.2,4.1,3.8,1.44,No,Online,Good,Good,No,2,Middle,3.1,A,0.09,0,Positive,2.7,1.7,2.6,3.7,2.0,5.0,2.4
19,Male,9.09,90.8,5.7,8.8,4.2,1.68,Yes,Hybrid,Average,Good,Yes,3,Middle,6.8,A,0.15,2,Positive,3.1,2.1,2.3,2.6,2.8,5.0,1.8
22,Male,3.88,88.5,7.5,2.9,2.9,1.68,Yes,Online,Poor,Average,No,2,Low,4.8,B,0.57,2,Positive,2.5,3.2,2.8,4.5,1.5,5.0,2.8
29,Male,5.96,75.8,7.9,4.8,4.7,1.63,Yes,Offline,Poor,Poor,Yes,3,Middle,5.1,A,0.44,0,Positive,3.8,2.1,3.7,2.4,3.4,3.7,2.4
17,Male,6.76,72.7,9.4,2.7,1.2,2.02,No,Online,Good,Good,Yes,2,Middle,4.2,A,0.69,2,Positive,4.6,3.1,2.4,4.0,2.6,5.0,4.7
21,Female,6.6,85.3,7.0,5.3,2.8,1.45,Yes,Online,Average,Good,No,2,Middle,1.0,A,0.27,0,Positive,3.5,3.0,3.3,2.6,2.5,3.7,3.4
21,Male,4.8,70.3,4.7,6.0,3.3,1.87,Yes,Offline,Good,Average,Yes,1,High,4.8,C,0.63,0,Positive,3.0,2.2,2.3,2.2,4.2,3.3,2.9
26,Male,7.17,74.3,8.7,9.5,4.6,1.62,No,Online,Average,Excellent,No,1,Low,1.9,A,0.82,2,Positive,2.2,2.1,3.4,3.6,2.4,3.8,3.0
21,Female,5.8,81.8,9.2,9.6,4.9,1.68,Yes,Online,Good,Average,No,1,Low,6.3,A,0.48,1,Positive,1.5,1.8,2.3,2.4,4.6,5.0,3.2
21,Male,5.07,100.0,5.8,6.2,0.7,1.75,Yes,Online,Poor,Average,No,2,High,1.5,A,0.71,0,Positive,2.2,3.1,5.0,3.5,2.0,3.8,2.8
21,Female,2.97,66.9,8.1,3.5,3.7,2.29,No,Hybrid,Good,Average,Yes,3,Middle,2.9,A,0.55,1,Neutral,3.7,3.7,3.9,2.4,2.0,5.0,3.7
19,Female,7.57,83.1,6.7,5.7,6.3,1.67,No,Online,Poor,Good,No,3,High,3.2,A,0.32,1,Neutral,2.0,3.1,3.6,2.0,2.7,1.9,3.2
17,Male,5.09,71.6,5.5,4.9,4.5,1.71,No,Online,Poor,Poor,Yes,2,Low,3.2,B,0.43,0,Negative,4.2,3.9,2.1,3.5,3.0,3.9,1.9
20,Female,5.98,87.6,8.1,6.2,3.6,1.55,No,Offline,Average,Average,No,4,High,3.6,A,0.23,2,Positive,2.6,1.0,3.6,3.4,2.2,3.8,1.0
17,Female,4.9,87.8,7.8,4.9,2.3,1.72,No,Hybrid,Good,Good,Yes,1,High,4.0,A,0.99,2,Positive,1.9,2.4,4.3,2.7,4.5,3.0,2.6
21,Male,5.71,70.8,9.0,1.0,4.3,1.59,Yes,Online,Average,Good,Yes,3,Low,4.4,A,0.65,2,Neutral,3.2,2.4,3.8,4.1,3.4,4.2,4.9
19,Male,4.29,97.8,6.7,4.9,1.5,1.96,No,Hybrid,Average,Good,No,3,Low,5.0,A,0.58,1,Neutral,2.1,4.0,3.3,2.7,2.0,4.0,1.8
21,Female,10.11,67.9,5.8,2.4,4.8,1.36,No,Hybrid,Average,Average,No,2,Middle,4.0,A,0.56,1,Positive,3.9,2.1,3.1,5.0,2.5,5.0,3.9
18,Female,8.62,67.9,6.4,3.8,3.1,1.91,Yes,Online,Poor,Good,Yes,2,Low,4.1,A,0.9,2,Positive,2.2,4.1,3.9,4.8,3.3,3.4,3.3
26,Female,6.37,75.1,4.5,3.7,6.4,1.9,Yes,Hybrid,Good,Good,No,1,High,6.5,B,0.15,0,Positive,1.0,2.7,2.3,3.1,2.8,3.6,1.0
25,Male,5.59,91.1,6.9,3.9,4.3,1.14,Yes,Online,Average,Average,No,4,Middle,1.3,A,0.23,0,Positive,2.5,2.3,1.0,3.3,2.2,4.1,3.8
18,Female,6.36,81.1,6.5,4.7,2.9,1.21,No,Online,Poor,Excellent,Yes,2,High,5.4,B,0.84,1,Positive,1.4,3.0,3.6,4.8,4.0,5.0,1.8
20,Male,3.34,89.3,7.6,3.8,3.1,1.76,No,Offline,Average,Good,Yes,1,High,4.0,C,0.75,1,Neutral,3.8,4.5,3.0,3.3,4.8,5.0,4.1
22,Female,6.21,89.2,8.3,4.7,2.9,1.61,Yes,Online,Poor,Average,Yes,2,Middle,2.7,A,0.49,2,Positive,4.0,2.1,4.7,3.6,2.9,3.9,2.4
18,Female,4.84,67.1,7.8,7.0,4.1,1.68,No,Online,Poor,Excellent,Yes,1,Middle,5.3,B,0.9,1,Positive,2.4,2.7,5.0,3.3,3.4,3.4,2.4
20,Female,4.19,66.6,7.9,4.4,3.4,2.13,No,Offline,Average,Excellent,Yes,0,Low,5.1,B,0.6,2,Neutral,4.6,3.1,4.2,4.2,4.2,4.7,3.3
19,Female,3.67,85.9,8.4,6.7,3.4,1.34,Yes,Offline,Good,Excellent,Yes,2,Middle,5.9,B,0.98,2,Negative,2.2,1.7,4.2,2.1,2.3,4.4,2.0
26,Female,3.68,78.5,9.8,6.5,5.9,1.37,Yes,Online,Poor,Good,No,1,High,4.9,C,0.87,1,Negative,2.7,2.0,3.5,3.4,4.8,5.0,1.4
25,Female,5.97,85.5,7.9,7.7,3.4,2.05,No,Online,Good,Average,Yes,2,Low,6.4,A,0.57,0,Positive,1.9,1.9,3.4,2.9,1.8,5.0,2.3
21,Male,5.06,88.9,5.7,8.8,0.7,1.77,No,Offline,Average,Average,No,1,Middle,4.1,B,0.43,1,Positive,1.3,2.3,2.7,3.3,3.4,3.5,2.4
21,Female,3.45,87.9,6.7,6.7,7.6,1.9,No,Hybrid,Poor,Good,No,1,High,4.3,B,0.81,2,Neutral,3.4,1.3,3.7,2.2,2.3,3.9,2.2
26,Female,5.84,87.3,7.4,4.6,2.8,1.17,Yes,Offline,Poor,Excellent,No,1,Middle,3.1,B,0.43,2,Positive,4.5,2.8,2.9,4.1,1.8,4.0,2.4
26,Male,5.3,82.9,6.1,5.2,2.2,1.64,No,Offline,Poor,Good,No,1,Middle,2.4,B,0.39,2,Positive,2.5,1.8,4.3,2.3,2.4,3.6,2.4
27,Female,4.83,79.7,4.7,3.0,4.1,1.83,Yes,Hybrid,Average,Excellent,Yes,0,High,2.7,B,0.54,1,Positive,3.0,2.9,3.8,2.1,2.6,4.1,4.8
18,Male,7.89,98.6,5.2,4.4,3.3,2.3,Yes,Offline,Good,Average,Yes,2,Low,4.6,A,0.77,0,Positive,1.8,1.9,1.4,4.1,2.4,3.9,2.1
18,Female,4.5,85.3,7.5,7.1,2.0,1.88,No,Offline,Good,Good,No,2,High,4.8,A,0.69,0,Positive,2.4,3.5,3.4,3.4,4.0,5.0,3.3
22,Female,2.38,90.5,7.3,8.3,3.2,2.16,No,Hybrid,Average,Excellent,Yes,3,High,2.7,A,0.74,2,Neutral,1.5,2.5,4.2,2.3,3.0,5.0,2.1
21,Male,5.31,96.8,6.3,6.9,4.1,2.15,No,Offline,Average,Good,Yes,2,Low,2.1,A,0.64,2,Neutral,4.5,1.8,3.7,4.4,3.7,5.0,3.1
17,Female,3.06,84.7,8.5,5.0,4.6,2.11,Yes,Offline,Average,Excellent,No,2,Middle,3.1,A,0.81,1,Negative,1.8,4.1,2.7,2.5,3.7,3.9,3.6
17,Male,6.66,84.4,4.7,6.5,3.4,1.84,No,Hybrid,Poor,Good,Yes,1,Middle,3.8,A,0.49,2,Neutral,3.0,1.3,4.3,4.2,2.9,3.7,3.0
25,Female,6.14,75.8,7.2,2.7,3.8,1.9,No,Offline,Good,Good,No,3,Low,4.0,A,0.64,2,Positive,4.6,3.1,4.5,2.9,1.8,4.8,2.5
25,Male,4.4,66.1,7.5,9.1,5.3,2.1,No,Offline,Average,Good,No,2,Middle,3.8,B,0.59,2,Negative,3.1,2.5,4.2,2.5,3.8,4.9,4.4
20,Male,6.0,78.7,8.5,4.5,5.5,1.9,No,Hybrid,Average,Excellent,No,2,Middle,3.7,A,0.75,1,Positive,2.9,2.6,4.0,4.2,2.2,3.9,2.9
25,Male,4.22,82.1,8.3,4.7,1.4,1.53,Yes,Offline,Poor,Good,No,0,High,6.7,B,0.55,1,Positive,3.3,2.7,4.5,4.1,4.5,3.7,1.4
22,Male,4.11,69.2,6.8,3.6,4.8,2.1,Yes,Hybrid,Good,Average,Yes,1,Middle,1.7,A,0.44,1,Neutral,1.7,2.4,4.0,2.6,4.0,4.5,3.4
24,Female,1.51,93.2,5.1,3.2,2.9,1.99,No,Hybrid,Average,Good,No,1,High,4.3,A,0.24,1,Positive,1.2,2.3,2.8,1.7,3.0,3.6,2.3
20,Female,0.9,88.2,5.5,8.0,2.3,1.61,No,Offline,Good,Good,Yes,2,Low,6.5,C,0.36,0,Negative,3.2,3.0,4.1,2.0,1.0,5.0,2.0
18,Male,4.2,88.6,7.7,7.9,4.7,1.65,No,Offline,Poor,Poor,No,1,Low,4.2,C,0.33,1,Positive,3.1,2.4,4.2,3.2,3.3,5.0,1.6
20,Male,8.46,76.6,6.9,3.6,4.1,2.26,No,Online,Average,Good,Yes,1,High,4.3,A,0.64,1,Neutral,3.3,3.2,2.6,2.8,5.0,5.0,2.9
20,Male,2.66,95.0,6.9,6.2,5.5,1.73,No,Hybrid,Average,Average,No,1,High,4.3,C,0.22,1,Neutral,1.0,3.1,2.3,3.2,2.8,4.7,3.4
21,Female,4.85,100.0,8.7,8.2,1.5,1.68,Yes,Hybrid,Good,Good,No,1,Low,4.9,A,0.15,0,Positive,1.7,1.8,3.2,4.5,2.4,5.0,1.9
18,Female,3.71,68.7,6.1,1.0,2.9,1.74,Yes,Offline,Average,Excellent,Yes,1,Middle,4.7,B,0.36,2,Positive,3.1,2.8,3.8,2.2,3.0,4.2,2.2
29,Male,6.02,98.4,7.8,1.0,4.7,1.75,Yes,Hybrid,Average,Good,Yes,3,Middle,1.6,A,0.91,2,Positive,2.8,2.8,5.0,1.8,3.5,5.0,4.0
19,Female,3.38,84.5,5.7,6.4,3.9,1.9,No,Hybrid,Good,Excellent,Yes,3,Middle,5.3,A,0.41,1,Neutral,3.9,2.6,4.4,1.2,3.9,2.9,2.0
18,Male,4.79,88.1,8.2,5.0,4.4,1.8,Yes,Online,Poor,Average,Yes,3,High,3.3,B,0.58,1,Positive,3.3,4.3,4.6,4.3,2.8,4.5,3.8
21,Female,5.79,65.3,10.0,7.7,5.7,1.9,No,Online,Average,Excellent,Yes,2,Middle,3.3,A,0.45,2,Neutral,4.2,2.4,3.6,2.4,2.2,5.0,2.8
21,Female,4.01,88.3,10.0,7.8,3.8,1.72,Yes,Offline,Good,Average,No,2,Low,6.5,C,0.65,2,Neutral,4.1,1.0,2.7,1.9,4.8,4.3,2.4
20,Female,4.7,79.3,8.7,3.1,0.5,0.96,Yes,Online,Poor,Poor,No,0,Middle,4.5,C,0.84,0,Positive,3.6,3.3,4.9,2.8,1.3,5.0,3.4
24,Female,4.58,78.5,7.5,4.8,3.9,1.68,Yes,Hybrid,Poor,Excellent,No,2,Middle,3.4,A,0.33,1,Positive,2.9,3.1,4.1,3.4,4.0,3.3,2.2
21,Female,6.02,77.1,7.1,5.5,2.9,1.61,No,Hybrid,Poor,Good,No,1,High,6.3,B,0.36,1,Positive,3.3,3.5,4.7,4.1,3.6,2.9,2.8
22,Female,6.22,77.6,7.1,3.1,4.9,1.37,Yes,Online,Average,Average,Yes,2,Middle,1.2,B,0.73,2,Positive,3.4,4.1,2.8,4.5,3.9,5.0,3.5
23,Female,6.46,77.2,7.6,6.7,2.5,1.81,Yes,Online,Poor,Excellent,Yes,0,High,6.8,B,0.35,1,Neutral,4.2,4.8,4.8,3.9,2.3,4.3,2.5
17,Male,5.84,80.4,9.7,6.5,4.4,2.28,No,Offline,Poor,Good,No,2,High,1.3,A,0.45,1,Neutral,2.6,2.5,4.9,2.9,2.0,4.5,3.6
21,Male,3.05,90.3,5.5,5.2,4.7,1.38,Yes,Online,Good,Excellent,No,1,Low,5.6,D,0.45,2,Neutral,3.4,2.9,2.5,2.7,3.1,4.3,2.5
25,Male,4.19,75.1,6.6,5.5,4.8,1.73,No,Offline,Poor,Good,Yes,0,High,5.9,C,0.79,0,Neutral,1.6,2.9,4.5,2.0,2.2,4.8,1.9
17,Female,6.0,100.0,5.4,3.3,5.7,1.94,No,Hybrid,Average,Good,Yes,1,Middle,5.1,A,0.82,2,Positive,2.6,2.7,4.5,4.6,2.0,3.3,1.7
20,Male,5.09,73.5,6.8,7.5,0.5,1.62,Yes,Offline,Good,Good,Yes,0,Middle,6.3,C,0.51,0,Positive,3.2,2.2,4.6,3.2,2.4,5.0,2.5
26,Male,6.68,80.5,6.3,7.9,2.5,2.13,Yes,Offline,Good,Average,Yes,5,Middle,3.9,A,0.41,0,Positive,3.4,1.7,3.4,3.0,3.0,3.5,3.0
20,Male,2.53,82.9,7.1,8.4,3.1,1.84,No,Offline,Average,Good,Yes,1,High,4.7,C,0.5,2,Positive,3.6,1.9,3.8,1.2,3.7,4.1,1.1
20,Male,3.26,77.3,5.8,5.2,3.0,1.59,No,Offline,Poor,Good,No,1,Middle,7.4,B,0.53,1,Neutral,2.3,2.6,3.7,1.0,1.9,4.3,2.2
28,Female,3.35,75.1,6.7,3.8,3.4,1.55,No,Hybrid,Good,Poor,No,1,Middle,6.0,B,0.05,0,Positive,3.1,3.3,2.3,2.0,4.8,4.4,3.1
18,Female,5.57,50.8,6.3,6.0,4.7,1.65,No,Hybrid,Good,Average,Yes,2,Middle,6.3,B,0.13,0,Neutral,2.5,2.9,3.3,3.4,1.0,4.8,3.1
17,Female,3.75,93.5,5.5,6.0,3.7,1.96,Yes,Hybrid,Poor,Average,No,1,Middle,3.9,B,0.78,1,Positive,4.8,1.7,4.5,2.2,3.7,4.4,2.3
25,Female,3.25,69.4,7.1,5.7,6.3,1.68,No,Offline,Average,Excellent,Yes,0,High,2.9,D,0.9,2,Neutral,1.5,1.6,5.0,3.9,4.1,4.6,1.6
25,Female,5.65,69.5,8.9,1.0,5.3,2.0,Yes,Online,Average,Good,No,2,High,5.4,A,0.61,1,Neutral,5.0,3.0,3.9,2.8,4.3,4.2,2.8
21,Female,4.19,61.6,5.2,6.0,5.2,1.83,No,Offline,Good,Good,No,0,Low,6.3,C,0.26,1,Positive,3.7,3.9,3.7,2.8,2.8,3.5,2.0
21,Male,2.89,79.1,4.0,6.0,4.4,1.49,No,Offline,Average,Excellent,No,0,Middle,6.8,D,0.42,1,Neutral,1.0,2.9,3.8,2.8,2.6,3.6,2.0
24,Female,5.79,69.6,7.3,7.3,1.7,1.8,No,Offline,Average,Good,Yes,2,Middle,3.0,A,0.66,0,Neutral,2.5,2.5,3.9,1.2,4.9,5.0,1.2
23,Male,4.77,76.6,6.6,1.0,4.2,2.04,No,Hybrid,Average,Excellent,Yes,1,Middle,3.0,A,0.85,2,Neutral,3.2,3.9,5.0,4.4,1.1,3.5,4.3
19,Male,5.93,91.8,6.9,7.6,3.6,1.8,No,Online,Average,Average,No,5,High,2.7,A,0.28,0,Positive,3.0,1.4,4.0,2.6,2.4,3.6,2.5
17,Female,6.08,93.3,7.1,2.5,4.4,1.5,No,Online,Average,Average,Yes,3,Low,3.6,A,0.59,1,Positive,1.4,3.7,3.4,1.2,2.0,2.6,2.6
21,Male,3.82,89.0,6.0,5.8,3.5,2.21,Yes,Online,Average,Good,Yes,1,High,1.7,A,0.59,1,Neutral,1.8,2.2,4.2,2.5,3.9,3.9,2.9
25,Male,4.41,82.0,6.0,5.6,5.6,1.8,No,Hybrid,Good,Good,Yes,0,Middle,4.9,A,0.41,2,Neutral,3.1,1.4,3.6,3.8,3.0,4.4,2.2
25,Male,4.73,85.5,7.1,6.6,4.2,1.87,No,Online,Average,Excellent,No,1,Middle,8.1,B,0.31,1,Neutral,1.6,2.4,3.3,2.0,1.5,3.6,2.3
27,Male,6.28,78.2,5.2,5.0,4.6,1.85,No,Online,Good,Good,Yes,3,Middle,2.9,A,0.28,0,Positive,3.8,3.6,4.1,2.0,2.2,3.4,3.1
25,Male,4.9,83.4,5.9,5.8,5.7,2.05,Yes,Offline,Average,Average,No,2,Low,1.6,A,0.8,2,Positive,2.7,2.8,3.8,1.7,2.6,3.6,1.7
22,Male,6.99,78.7,6.3,5.7,6.2,2.23,No,Offline,Average,Good,Yes,2,Middle,3.7,A,0.69,2,Positive,3.6,2.6,4.9,3.0,3.6,3.3,2.9
20,Female,3.91,66.7,7.5,8.1,3.7,1.58,Yes,Hybrid,Good,Good,Yes,0,Middle,5.8,B,0.65,0,Neutral,1.9,1.7,3.8,3.1,1.5,4.1,1.6
24,Female,4.97,96.4,8.7,2.9,2.0,1.66,No,Hybrid,Good,Average,No,1,Middle,4.9,A,0.56,2,Positive,1.6,2.9,5.0,3.7,4.8,5.0,3.3
23,Male,7.47,72.8,6.7,4.0,3.1,1.43,Yes,Online,Average,Good,Yes,2,Middle,6.2,A,0.6,1,Positive,4.0,4.6,3.8,2.0,3.3,4.3,2.2
21,Female,2.28,68.5,6.1,4.2,3.4,2.14,Yes,Online,Average,Excellent,No,0,Middle,6.8,C,0.26,2,Positive,2.9,3.5,3.5,2.2,3.6,3.6,2.9
18,Male,2.54,78.5,7.5,6.9,4.7,1.57,No,Offline,Average,Excellent,No,0,Low,4.1,D,0.79,2,Neutral,1.3,2.5,3.3,2.9,3.3,3.6,2.4
26,Male,6.3,94.2,5.4,5.0,5.1,1.26,No,Offline,Average,Good,No,3,Middle,2.1,A,0.59,1,Positive,2.2,2.0,4.1,2.4,3.8,4.7,1.9
20,Male,6.42,81.0,5.8,2.4,4.2,2.39,Yes,Online,Average,Average,No,1,High,4.3,A,0.76,1,Positive,3.2,1.5,5.0,3.4,1.0,2.0,1.1
20,Female,6.86,72.1,6.5,1.6,1.8,1.43,No,Offline,Average,Poor,Yes,3,Middle,3.1,A,0.84,0,Positive,1.5,2.3,4.2,2.6,4.5,5.0,2.3
22,Male,6.6,76.9,6.9,3.5,1.3,1.27,No,Hybrid,Poor,Good,No,3,Middle,6.2,A,0.41,1,Positive,1.0,2.7,4.3,3.5,4.3,5.0,2.6
22,Female,6.96,97.3,6.8,1.0,2.4,2.03,No,Offline,Poor,Good,No,1,Low,2.2,A,0.49,2,Positive,1.5,2.6,3.2,4.2,3.5,3.7,4.1
19,Female,4.02,66.4,4.8,4.7,2.5,1.69,Yes,Hybrid,Average,Average,Yes,0,Low,7.0,C,0.29,1,Positive,3.8,1.6,1.0,4.3,4.9,3.4,1.6
24,Female,5.01,69.3,7.2,4.7,3.1,2.02,Yes,Hybrid,Average,Average,Yes,4,Middle,2.4,A,0.6,0,Negative,1.3,2.7,5.0,3.2,2.0,5.0,2.5
19,Female,6.05,62.6,7.4,5.1,5.8,2.12,Yes,Online,Average,Excellent,Yes,1,Middle,3.9,A,0.48,1,Negative,4.0,1.6,4.1,3.5,2.1,4.9,3.3
18,Female,2.65,82.6,6.1,7.9,5.6,2.03,No,Hybrid,Average,Excellent,Yes,1,High,4.5,C,0.42,1,Neutral,3.3,2.6,5.0,2.4,2.9,2.9,1.9
20,Male,2.54,75.6,8.6,3.5,3.5,1.83,No,Offline,Average,Good,No,4,Middle,4.5,A,0.35,0,Neutral,2.3,3.6,3.6,2.5,2.3,4.4,2.9
23,Male,3.84,83.6,6.3,4.4,3.3,1.65,No,Online,Good,Average,Yes,3,Low,6.1,B,0.34,2,Neutral,4.2,4.2,3.0,3.1,3.1,3.7,4.2
27,Female,6.87,84.7,7.0,6.3,5.0,1.67,Yes,Hybrid,Poor,Average,No,2,Middle,5.1,B,0.71,0,Positive,1.6,1.7,3.9,4.6,4.1,3.7,2.5
24,Female,6.43,76.3,6.9,3.4,3.2,2.29,Yes,Online,Average,Average,Yes,3,Middle,7.0,A,0.28,2,Positive,2.4,2.5,4.1,3.3,3.3,3.7,3.4
26,Male,2.49,88.0,7.3,4.0,4.0,1.27,Yes,Offline,Good,Good,Yes,1,Middle,3.9,B,0.81,0,Positive,2.9,2.0,3.9,1.9,3.3,5.0,3.2
18,Male,3.89,79.4,5.8,4.6,4.8,1.92,No,Offline,Average,Average,Yes,3,High,4.8,B,0.28,0,Positive,2.5,3.6,3.3,3.4,1.9,4.6,2.3
17,Male,3.91,78.9,7.1,5.9,2.4,0.94,No,Hybrid,Average,Excellent,Yes,0,Low,6.9,C,0.08,2,Negative,3.0,1.9,2.2,1.8,2.9,4.9,2.8
21,Male,5.11,88.5,6.0,9.2,4.3,1.58,Yes,Offline,Good,Excellent,No,1,High,3.9,C,0.56,2,Positive,3.6,1.7,4.1,3.2,2.9,3.5,1.2
19,Male,5.34,83.5,5.8,5.2,4.1,1.46,No,Hybrid,Good,Average,No,0,Middle,3.9,A,0.71,2,Neutral,2.4,2.7,4.8,2.1,2.7,4.0,3.9
24,Female,4.97,61.6,8.4,4.2,3.2,1.65,No,Offline,Average,Good,Yes,2,Middle,5.8,B,0.23,1,Positive,4.5,2.0,3.7,4.6,4.1,3.3,2.8
22,Female,3.2,54.1,5.3,4.7,2.0,1.96,No,Online,Good,Good,No,2,High,5.5,A,0.88,2,Positive,2.1,3.8,4.6,3.0,3.4,3.3,3.5
28,Female,7.06,92.0,6.5,5.1,5.2,1.73,Yes,Hybrid,Good,Excellent,No,3,High,5.7,A,0.44,2,Positive,2.7,1.7,3.8,3.0,2.0,5.0,2.3
19,Female,6.95,73.8,5.0,2.7,3.8,1.79,No,Online,Average,Excellent,No,3,Low,2.9,A,0.12,1,Neutral,3.4,3.2,2.0,4.2,3.0,3.8,2.3
21,Female,2.96,73.1,6.1,7.5,3.5,1.63,No,Hybrid,Average,Poor,No,1,Middle,5.2,B,0.75,0,Positive,2.8,1.6,4.4,2.8,3.9,3.9,1.4
21,Male,4.64,84.4,5.9,6.5,5.4,1.51,No,Offline,Average,Average,No,1,Middle,2.5,B,0.22,1,Positive,1.6,2.1,2.8,3.2,3.3,5.0,2.8
19,Male,7.0,91.9,8.7,7.0,4.8,1.51,Yes,Online,Good,Good,No,2,Middle,3.0,A,0.61,0,Neutral,3.0,2.5,4.0,3.1,3.3,5.0,1.8
22,Female,5.63,76.9,6.1,4.2,3.9,1.77,No,Online,Average,Good,Yes,1,Middle,3.9,A,0.28,0,Positive,2.0,2.1,4.5,3.1,2.2,4.9,3.5
20,Female,5.86,88.0,5.4,5.4,3.9,2.01,No,Offline,Poor,Average,Yes,2,Middle,6.0,A,0.89,1,Positive,4.7,1.0,4.0,4.3,3.9,3.6,1.3
20,Male,4.12,66.8,4.2,5.2,1.6,1.44,No,Hybrid,Poor,Good,No,2,Low,7.1,C,0.6,1,Neutral,4.4,3.6,2.7,2.7,1.8,3.4,2.4
20,Non-Binary,7.68,63.4,6.7,3.9,5.7,1.87,No,Offline,Average,Good,No,1,Middle,4.0,A,0.23,2,Positive,3.1,1.4,3.9,3.4,2.9,4.2,1.6
17,Male,2.9,57.2,6.5,6.4,5.2,2.24,No,Offline,Good,Average,No,1,Low,5.9,B,0.44,0,Neutral,2.7,2.1,3.8,2.9,3.2,4.2,2.0
21,Male,6.72,84.3,7.1,3.5,1.7,1.74,No,Offline,Average,Excellent,No,1,Middle,5.0,A,0.78,1,Positive,4.1,3.0,3.2,3.8,3.6,3.8,4.7
20,Male,8.34,74.6,6.2,8.5,4.1,1.93,No,Offline,Average,Poor,Yes,5,Middle,4.9,A,0.39,0,Positive,4.2,2.2,2.8,2.2,3.0,2.4,2.0
17,Male,3.54,79.1,6.2,6.5,2.9,1.91,No,Online,Average,Good,No,2,Middle,4.0,B,0.47,2,Neutral,3.5,2.6,4.0,3.9,2.9,4.2,2.3
19,Female,7.53,91.5,6.0,5.7,5.0,1.76,Yes,Offline,Poor,Good,No,3,Middle,2.5,A,0.96,2,Neutral,4.4,2.5,5.0,2.3,1.6,5.0,3.2
19,Female,6.57,64.0,4.3,9.0,4.5,1.65,No,Hybrid,Poor,Average,No,2,Low,5.2,C,0.31,1,Neutral,3.4,2.3,3.8,1.7,2.7,3.0,2.3
20,Male,3.76,100.0,9.2,2.3,3.1,2.22,Yes,Offline,Poor,Good,No,3,High,3.0,A,0.47,2,Positive,3.1,3.5,3.5,4.7,3.9,4.3,3.7
18,Female,5.28,80.4,6.6,4.0,6.0,1.75,No,Offline,Average,Good,Yes,2,Middle,5.3,B,0.41,2,Positive,3.3,4.0,4.9,3.2,3.6,4.4,3.6
21,Female,7.68,58.6,7.2,7.7,3.2,1.81,No,Hybrid,Average,Excellent,Yes,2,Middle,6.3,A,0.85,2,Positive,2.4,1.9,3.7,3.3,2.9,5.0,1.9
23,Female,4.14,91.1,7.7,2.5,2.2,2.14,No,Online,Average,Average,No,1,High,4.2,A,0.38,0,Neutral,3.8,4.1,4.9,2.9,3.8,5.0,3.1
22,Female,4.14,99.9,8.7,7.4,3.3,1.79,No,Hybrid,Average,Good,Yes,3,High,1.0,A,0.5,1,Neutral,2.8,2.2,5.0,2.3,3.5,4.3,2.6
24,Male,1.42,78.7,6.8,6.5,0.7,1.59,Yes,Offline,Poor,Good,No,0,Low,6.5,Fail,0.69,2,Neutral,3.3,3.0,4.3,3.1,5.0,3.1,1.7
20,Female,1.82,72.7,3.7,8.7,1.9,2.01,No,Offline,Average,Good,Yes,1,Middle,6.6,D,0.43,2,Neutral,2.7,2.4,3.0,2.5,2.6,4.7,1.0
21,Male,4.25,91.1,8.5,7.1,4.4,1.93,No,Offline,Good,Excellent,Yes,2,Middle,2.3,B,0.89,2,Positive,3.4,1.7,5.0,3.1,2.8,5.0,2.0
24,Female,4.73,89.1,6.5,4.9,1.1,1.81,Yes,Offline,Average,Poor,No,3,Low,3.7,A,0.32,0,Positive,3.2,1.6,4.9,2.1,2.5,4.2,3.7
20,Male,6.11,57.2,5.8,7.7,7.2,1.57,Yes,Online,Poor,Average,No,1,Low,7.2,D,0.41,1,Neutral,4.0,2.7,4.4,2.7,3.1,3.9,2.2
23,Female,6.65,78.5,7.8,2.9,2.7,1.54,Yes,Online,Poor,Good,No,0,Middle,5.9,A,0.74,1,Positive,2.4,2.1,3.1,4.2,2.3,5.0,2.4
20,Female,8.72,81.9,5.0,4.5,5.4,2.13,No,Offline,Average,Average,Yes,2,Middle,6.1,A,0.82,2,Positive,2.4,2.0,3.0,2.2,3.1,3.4,2.5
20,Male,6.33,64.4,6.7,7.3,2.3,2.03,No,Offline,Poor,Excellent,No,0,High,3.0,B,0.72,2,Neutral,3.7,2.1,4.7,2.3,3.7,4.2,3.1
23,Male,10.56,76.6,6.8,5.2,5.7,1.92,No,Offline,Average,Good,No,2,Low,3.7,A,0.47,0,Neutral,4.7,3.6,2.3,4.6,4.6,3.0,3.4
18,Female,6.45,69.8,7.7,1.0,0.6,2.16,No,Hybrid,Average,Good,No,2,High,3.9,A,0.58,2,Positive,2.7,4.4,4.3,3.0,3.5,4.4,2.5
20,Female,7.58,78.7,6.2,7.6,5.2,1.71,No,Offline,Average,Excellent,No,3,High,3.1,A,0.77,2,Neutral,3.6,1.2,4.3,2.6,4.7,4.2,4.0
19,Male,3.47,89.6,5.5,4.6,5.9,1.87,No,Offline,Average,Good,No,2,Middle,5.0,B,0.84,2,Positive,2.1,1.0,3.4,3.7,2.3,3.4,1.0
20,Female,5.88,94.4,5.7,5.9,5.0,1.68,No,Hybrid,Good,Good,Yes,1,Middle,4.0,A,0.52,0,Positive,2.5,2.5,4.5,3.5,4.3,3.6,3.5
19,Male,6.85,78.0,7.1,8.6,4.4,1.8,No,Hybrid,Poor,Poor,Yes,3,Middle,5.5,B,0.16,1,Neutral,3.0,1.7,2.5,3.4,2.9,3.5,2.3
21,Male,6.84,79.1,5.5,5.7,5.9,1.63,No,Offline,Average,Average,No,2,Middle,6.1,A,0.26,0,Positive,3.3,4.0,4.1,3.7,1.0,2.9,3.5
24,Male,4.17,71.3,7.1,7.7,4.9,2.27,Yes,Offline,Poor,Average,No,0,Middle,5.8,C,0.74,2,Negative,3.2,2.9,3.9,2.9,1.0,2.9,1.9
24,Male,4.94,76.9,8.4,5.6,6.4,1.67,No,Offline,Poor,Good,No,2,Middle,4.4,B,0.61,2,Neutral,2.8,2.0,3.9,3.0,3.1,4.6,2.4
20,Female,2.62,96.1,6.7,2.2,4.7,2.13,Yes,Hybrid,Good,Good,Yes,4,High,2.2,A,0.46,1,Neutral,1.5,2.1,3.9,2.1,1.5,5.0,2.5
28,Non-Binary,5.66,79.0,6.2,7.1,6.4,1.8,No,Offline,Average,Average,No,2,Low,7.8,B,0.33,1,Positive,1.7,2.8,3.1,2.6,3.0,4.8,1.0
22,Male,3.01,66.3,5.4,5.8,3.1,1.93,No,Offline,Good,Good,Yes,2,Middle,6.1,B,0.89,0,Negative,4.3,2.1,5.0,2.4,3.2,5.0,2.2
20,Female,6.87,73.3,8.8,7.3,3.2,1.48,Yes,Offline,Average,Average,No,5,High,4.3,A,0.82,0,Positive,2.6,1.7,2.5,1.8,3.1,5.0,2.6
24,Male,5.5,77.8,10.0,4.6,4.4,1.8,No,Offline,Average,Excellent,Yes,2,Middle,3.4,A,0.65,1,Neutral,3.0,3.0,5.0,2.8,2.4,4.6,3.1
23,Female,6.38,84.6,8.1,4.1,3.3,1.51,Yes,Hybrid,Average,Poor,No,1,Low,6.4,A,0.71,0,Positive,3.2,2.0,1.8,3.2,5.0,5.0,1.7
23,Male,6.15,69.5,9.4,6.8,4.5,2.01,Yes,Online,Good,Excellent,Yes,2,Middle,3.3,A,0.65,2,Positive,5.0,2.7,4.9,4.1,3.3,4.7,2.4
18,Female,5.88,89.8,5.8,1.0,3.5,2.03,Yes,Hybrid,Average,Good,No,4,Middle,1.3,A,0.46,0,Neutral,2.7,3.7,3.6,2.4,3.7,5.0,3.4
21,Female,6.58,84.3,6.9,9.4,1.6,2.1,Yes,Hybrid,Average,Good,Yes,1,Middle,4.0,A,0.66,2,Neutral,4.0,1.0,4.4,2.8,3.9,4.9,1.0
25,Male,5.16,75.5,6.1,2.6,3.5,1.83,Yes,Offline,Poor,Average,No,4,Low,2.1,A,0.53,2,Negative,2.0,3.4,3.3,3.8,1.5,5.0,4.4
21,Female,1.93,83.6,8.6,6.4,4.5,1.91,No,Offline,Poor,Excellent,No,0,Low,5.0,B,0.82,2,Positive,2.5,2.5,3.7,2.9,3.8,3.5,2.7
23,Male,7.45,95.0,5.0,6.2,3.2,1.76,Yes,Hybrid,Good,Average,No,2,High,6.2,A,0.79,1,Positive,3.5,1.0,4.4,4.2,3.8,4.1,2.7
22,Male,3.62,69.8,7.7,6.3,2.8,1.66,Yes,Hybrid,Average,Good,Yes,1,Low,3.0,C,0.69,2,Neutral,3.6,2.7,3.8,1.7,2.5,4.7,3.4
24,Male,6.78,77.4,5.3,9.8,4.9,2.08,Yes,Hybrid,Poor,Excellent,Yes,1,High,3.0,B,0.58,1,Positive,3.4,1.5,3.4,2.3,3.5,4.8,2.0
19,Male,6.06,85.6,6.4,4.1,2.7,1.75,Yes,Online,Good,Excellent,No,2,Middle,5.0,A,0.64,2,Positive,3.0,2.6,2.7,3.9,3.5,3.8,5.0
21,Male,5.75,80.8,7.2,7.2,7.2,1.99,Yes,Offline,Good,Good,Yes,3,High,3.2,A,0.77,2,Positive,2.9,2.9,1.9,2.6,3.8,5.0,3.1
18,Male,5.33,69.1,6.7,5.8,6.1,2.29,Yes,Offline,Good,Excellent,Yes,3,Low,4.8,A,0.69,2,Neutral,4.3,2.3,3.6,3.1,4.3,5.0,3.1
23,Male,5.56,75.6,7.0,6.0,6.1,1.31,No,Offline,Good,Good,No,0,High,5.4,B,0.84,2,Positive,4.5,3.9,5.0,3.9,3.6,4.3,1.9
23,Male,5.41,92.2,7.3,7.9,4.9,1.44,No,Online,Average,Average,No,2,Low,5.6,A,0.68,1,Neutral,2.9,1.0,2.1,3.5,2.3,2.8,3.2
17,Female,5.06,81.6,8.3,4.6,6.0,1.81,Yes,Online,Average,Good,Yes,1,Low,4.4,C,0.51,0,Positive,3.0,2.9,4.9,3.6,2.5,5.0,3.1
22,Female,4.79,75.1,6.6,4.0,1.9,1.76,No,Offline,Average,Average,Yes,2,Low,1.0,A,0.5,0,Positive,2.7,2.2,3.6,4.2,2.9,4.2,3.1
20,Male,5.59,74.5,7.6,3.7,3.9,2.23,No,Offline,Average,Average,No,2,Low,4.7,A,0.6,1,Positive,2.5,2.4,3.5,2.8,2.3,3.8,2.7
18,Male,6.17,72.4,6.6,4.7,4.7,1.59,Yes,Offline,Average,Good,No,0,Middle,2.3,B,0.69,1,Neutral,3.8,2.0,4.6,3.1,2.0,3.8,2.9
20,Male,4.2,70.0,8.9,2.2,3.7,1.75,No,Hybrid,Average,Good,Yes,4,High,5.3,A,0.41,1,Positive,2.8,3.7,3.6,3.4,3.0,4.9,4.4
18,Female,5.48,93.7,6.8,2.1,5.4,1.45,Yes,Offline,Average,Poor,Yes,3,Middle,3.7,A,0.56,0,Neutral,3.2,2.1,3.2,2.9,1.5,4.4,4.4
20,Female,2.46,77.1,6.8,5.5,4.3,1.98,No,Offline,Poor,Excellent,No,1,Middle,5.3,C,0.2,2,Neutral,3.4,3.9,2.0,3.6,2.4,3.7,2.3
20,Male,3.46,90.0,6.9,6.2,2.1,1.51,No,Hybrid,Average,Average,Yes,1,High,6.2,B,0.71,0,Negative,1.0,3.2,4.2,3.1,3.2,4.8,3.2
23,Male,1.72,78.4,7.5,5.1,3.4,1.27,No,Online,Average,Excellent,No,0,High,3.2,C,0.51,2,Neutral,2.4,2.2,3.8,2.9,4.0,4.2,3.6
24,Male,4.5,85.4,8.2,4.6,7.1,1.77,No,Online,Good,Excellent,No,0,Low,3.5,A,0.31,2,Positive,3.1,2.5,2.9,2.0,2.9,3.5,3.9
22,Male,5.73,82.1,7.5,2.7,3.5,1.86,No,Offline,Poor,Excellent,No,3,Low,4.4,A,0.46,2,Neutral,3.7,3.8,4.2,2.6,1.7,4.7,4.1
17,Female,6.34,88.6,7.1,5.5,5.2,2.2,No,Offline,Poor,Excellent,No,3,Low,3.9,A,0.18,1,Neutral,4.5,2.8,2.7,2.4,2.9,3.4,3.2
26,Female,2.44,96.7,5.9,5.1,5.4,1.4,Yes,Offline,Average,Average,Yes,1,Middle,4.7,C,0.26,1,Neutral,3.0,3.8,4.2,1.0,2.4,3.9,2.3
23,Male,6.56,81.2,7.0,8.3,3.0,1.73,No,Offline,Good,Good,Yes,2,Middle,3.0,A,0.42,0,Neutral,1.5,2.1,2.4,2.9,3.0,4.1,1.3
17,Female,3.05,66.1,8.9,6.4,5.9,1.8,No,Offline,Poor,Average,No,1,Middle,7.9,C,0.33,2,Negative,3.5,3.3,4.4,1.0,3.9,4.3,1.7
24,Male,4.23,86.0,7.1,3.3,3.6,2.06,Yes,Hybrid,Average,Average,No,1,Middle,5.6,A,0.65,0,Positive,2.9,3.6,5.0,3.0,2.9,3.6,3.5
19,Male,4.05,98.3,8.6,3.0,5.6,1.65,No,Online,Good,Good,Yes,1,Middle,3.3,A,0.17,0,Positive,5.0,3.6,3.4,4.3,3.2,4.8,3.4
21,Female,8.0,86.2,6.4,4.9,3.4,1.49,No,Hybrid,Average,Poor,Yes,2,Middle,5.6,A,0.52,0,Positive,4.2,2.6,3.8,3.8,3.8,5.0,2.0
21,Female,5.34,78.6,8.2,7.4,5.3,2.39,No,Online,Average,Excellent,Yes,3,Middle,5.2,A,0.25,1,Positive,1.7,2.8,4.1,2.2,3.9,5.0,3.2
20,Male,8.99,81.7,9.0,2.7,4.8,2.02,No,Offline,Average,Excellent,Yes,3,Low,4.6,A,0.84,1,Neutral,2.3,2.7,4.3,4.0,2.4,3.9,3.2
25,Male,6.88,62.5,7.0,6.6,3.6,1.96,Yes,Online,Good,Average,No,2,Middle,4.7,A,0.35,0,Neutral,4.5,1.9,3.1,3.9,3.5,5.0,1.7
20,Female,4.53,71.5,5.5,2.2,4.4,1.43,Yes,Offline,Good,Good,No,1,Middle,2.3,A,0.5,0,Positive,3.1,3.3,3.8,3.6,2.9,5.0,2.9
17,Female,5.78,85.4,7.1,1.5,6.3,1.9,Yes,Online,Poor,Good,Yes,2,High,6.9,B,0.85,1,Neutral,3.6,3.8,5.0,3.0,2.6,4.1,3.2
26,Male,7.59,94.9,6.8,4.2,5.2,2.14,No,Offline,Good,Excellent,Yes,4,High,5.7,A,0.26,2,Positive,2.7,2.9,3.2,3.7,1.0,4.3,3.2
26,Male,3.37,97.7,4.8,2.9,3.5,2.16,Yes,Hybrid,Average,Good,Yes,1,High,3.8,A,0.77,0,Positive,4.8,2.0,4.8,3.1,4.4,3.0,3.6
23,Male,4.1,78.4,6.6,2.0,2.8,1.76,Yes,Online,Average,Average,Yes,3,Low,4.4,A,0.85,0,Positive,3.1,3.0,4.3,2.4,5.0,5.0,2.4
21,Female,4.95,74.5,6.2,6.1,3.4,1.52,No,Online,Good,Good,Yes,3,Low,4.6,B,0.47,1,Positive,3.8,2.8,3.4,3.7,2.3,5.0,2.2
18,Female,4.41,71.0,8.5,1.0,5.3,2.12,No,Online,Average,Good,Yes,2,High,2.5,A,0.36,2,Positive,1.6,4.6,4.9,1.5,3.5,4.4,4.8
24,Male,4.53,70.6,6.8,4.1,4.0,1.68,Yes,Offline,Good,Excellent,Yes,1,High,5.0,A,0.31,2,Negative,1.8,3.6,5.0,3.2,2.6,4.2,2.9
17,Female,8.25,73.6,8.4,5.8,4.4,1.71,No,Hybrid,Average,Average,No,2,High,3.1,A,0.76,2,Neutral,5.0,3.5,5.0,3.3,3.8,3.9,2.9
17,Female,5.31,67.0,6.5,7.2,2.7,1.32,Yes,Offline,Poor,Poor,No,1,Middle,6.6,D,0.49,0,Neutral,1.8,1.0,4.5,2.2,3.1,2.1,1.5
21,Male,4.42,91.7,7.2,4.5,6.4,2.06,No,Offline,Average,Excellent,Yes,2,Middle,4.8,B,0.11,1,Positive,3.6,4.3,4.5,2.3,4.5,3.5,2.8
18,Male,4.28,61.2,4.3,2.7,2.4,2.08,Yes,Online,Average,Excellent,No,3,High,6.2,C,0.66,2,Neutral,3.9,3.5,3.3,5.0,3.3,4.1,3.5
17,Female,2.46,94.6,5.8,6.0,6.0,2.08,No,Offline,Average,Excellent,No,1,Low,7.5,C,0.55,2,Negative,3.3,1.7,1.9,2.0,1.0,3.9,1.7
20,Female,6.55,90.0,7.8,2.8,5.8,1.65,No,Offline,Average,Good,No,1,Middle,4.2,A,0.4,1,Positive,4.0,2.1,1.2,3.3,1.0,2.4,2.4
18,Female,3.83,74.3,5.5,9.4,1.8,1.4,No,Online,Poor,Good,No,0,Middle,7.2,C,0.74,0,Negative,1.2,1.6,3.5,2.4,2.7,4.9,1.5
18,Female,11.78,82.8,9.9,4.1,6.3,1.26,No,Offline,Average,Good,No,3,Middle,1.0,A,0.09,1,Positive,4.2,2.2,4.7,4.0,1.0,3.8,3.1
17,Male,5.89,76.2,5.2,7.2,4.5,1.81,No,Hybrid,Average,Poor,No,2,Middle,6.0,C,0.72,0,Positive,1.0,2.6,4.2,2.3,3.1,4.3,2.2
19,Male,3.92,94.7,7.5,9.2,3.0,1.98,No,Online,Average,Good,Yes,2,Middle,4.5,B,0.79,2,Positive,3.9,1.6,3.3,1.7,3.1,5.0,1.2
23,Female,2.72,88.6,6.4,6.7,3.3,1.81,Yes,Online,Average,Poor,No,0,Middle,6.0,C,0.85,0,Neutral,5.0,2.7,5.0,2.2,2.0,4.1,2.4
24,Male,4.13,88.2,6.0,7.7,5.3,1.89,Yes,Online,Average,Average,No,0,Middle,4.6,C,0.8,0,Positive,4.3,2.2,3.3,3.4,3.6,4.7,2.1
20,Female,5.78,70.2,5.1,3.3,4.9,2.13,No,Hybrid,Poor,Excellent,No,3,Low,5.3,A,0.46,1,Positive,3.1,3.8,2.6,3.5,3.3,4.4,2.9
21,Female,3.9,89.6,5.7,7.0,6.0,1.36,No,Hybrid,Good,Average,No,4,Middle,6.4,C,0.59,1,Positive,2.8,2.4,3.2,3.9,3.2,3.5,1.0
17,Female,6.22,74.4,5.6,5.5,3.3,1.75,No,Hybrid,Average,Excellent,Yes,2,High,2.3,A,0.39,1,Neutral,3.0,1.4,4.6,4.1,4.0,4.4,2.9
17,Male,6.33,88.4,7.9,7.5,3.3,1.75,No,Online,Average,Average,No,2,Middle,3.1,A,0.42,1,Neutral,1.9,1.5,2.5,3.8,3.3,3.5,2.3
19,Female,6.08,96.3,7.0,2.5,4.6,1.84,No,Offline,Average,Average,Yes,2,Middle,5.0,A,0.5,2,Positive,2.8,3.6,4.2,3.9,2.0,3.7,3.0
21,Female,5.99,77.3,5.9,4.0,2.7,1.89,No,Online,Average,Good,No,1,Middle,3.8,A,0.65,0,Positive,1.5,4.1,2.8,3.6,2.7,3.9,3.3
23,Female,5.04,70.1,6.6,5.9,5.7,1.66,No,Offline,Poor,Good,No,2,Low,4.6,B,0.09,2,Neutral,2.1,3.0,3.4,3.5,2.3,3.2,2.9
22,Female,3.77,77.7,5.5,6.7,6.1,2.2,Yes,Hybrid,Good,Good,No,2,Middle,3.7,A,0.55,2,Neutral,3.9,4.2,4.3,3.4,1.0,3.9,2.7
20,Male,2.67,97.0,6.3,2.8,3.3,2.23,Yes,Hybrid,Poor,Excellent,No,0,Low,5.7,A,0.62,1,Neutral,3.8,1.5,3.1,2.0,4.0,3.5,2.0
18,Male,1.95,68.4,7.3,3.0,2.8,2.27,No,Online,Average,Poor,Yes,4,Middle,4.3,A,0.87,0,Negative,3.4,3.2,3.9,3.3,4.2,4.5,2.8
24,Male,4.16,79.8,5.5,3.9,3.1,1.9,Yes,Online,Average,Excellent,No,3,Middle,2.1,A,0.68,2,Neutral,3.2,1.7,2.1,2.8,3.5,4.4,2.7
20,Male,6.29,77.9,6.1,6.2,6.6,1.67,No,Offline,Good,Average,Yes,2,Low,2.8,A,0.21,2,Positive,1.3,3.1,3.3,3.0,2.3,5.0,3.8
23,Female,5.0,93.9,5.9,4.0,8.8,1.44,No,Online,Poor,Excellent,No,1,Middle,4.8,B,0.64,2,Positive,2.6,3.9,3.8,3.5,2.3,3.8,4.4
21,Female,3.04,71.1,6.7,4.8,3.7,1.76,No,Offline,Average,Good,Yes,1,High,5.2,C,0.75,1,Positive,2.9,1.6,3.3,1.5,3.4,4.4,2.4
23,Female,6.73,74.8,9.4,9.2,4.4,1.78,No,Hybrid,Poor,Excellent,Yes,2,Middle,1.1,B,0.59,1,Positive,1.4,3.0,5.0,4.0,2.5,5.0,3.2
25,Female,3.16,72.8,8.1,7.1,5.4,1.99,No,Hybrid,Poor,Good,No,1,High,4.4,C,0.58,2,Positive,1.6,3.9,4.2,2.2,4.1,3.9,3.3
26,Male,2.79,81.9,8.0,4.2,3.9,1.31,Yes,Hybrid,Average,Average,No,3,High,4.3,B,0.73,1,Negative,4.0,2.2,4.1,2.4,4.9,5.0,3.3
21,Non-Binary,3.14,70.2,5.9,1.1,2.6,1.71,Yes,Online,Average,Excellent,Yes,3,High,4.5,B,0.72,2,Neutral,3.3,4.7,5.0,3.8,2.7,5.0,3.6
21,Male,3.74,73.6,6.8,10.0,3.2,2.08,No,Online,Poor,Average,No,3,High,6.2,B,1.0,2,Negative,1.8,1.3,2.9,2.4,4.6,3.9,2.1
19,Male,4.84,67.3,7.3,2.9,3.3,2.03,Yes,Hybrid,Average,Average,No,1,Middle,1.0,A,0.89,1,Positive,4.4,3.2,3.4,2.4,4.0,3.2,3.9
26,Female,2.65,83.9,6.3,3.9,3.1,1.76,No,Online,Poor,Excellent,Yes,0,Middle,4.7,C,0.66,2,Negative,4.0,5.0,3.5,4.1,2.7,3.7,3.4
20,Female,1.94,79.0,7.5,4.2,1.7,1.87,Yes,Offline,Good,Average,No,2,High,5.6,B,0.58,1,Positive,2.9,2.5,2.3,1.8,2.4,3.4,3.5
18,Female,5.81,82.8,8.0,4.4,3.3,2.06,No,Online,Average,Average,Yes,2,Middle,2.5,A,0.21,1,Positive,1.7,2.6,3.0,3.2,3.5,4.6,2.9
20,Male,5.48,62.1,4.5,6.1,4.5,1.28,No,Online,Poor,Good,No,0,Low,4.1,C,0.57,2,Neutral,4.6,2.5,1.7,1.7,2.9,5.0,1.6
18,Female,5.89,89.7,7.7,10.0,6.0,2.21,Yes,Hybrid,Average,Excellent,Yes,3,Low,2.4,A,0.42,2,Positive,4.7,1.7,2.2,4.2,3.2,4.2,2.0
21,Male,6.41,80.7,6.6,3.4,7.5,2.39,No,Online,Good,Average,No,3,Middle,4.9,A,0.79,0,Positive,4.2,4.5,4.3,4.0,4.6,5.0,3.1
21,Male,5.09,95.3,7.3,5.1,5.9,1.43,No,Online,Average,Good,Yes,3,Middle,3.7,A,0.34,0,Positive,4.1,2.9,3.3,2.8,2.3,4.2,2.1
20,Female,8.35,96.6,5.3,3.5,1.3,1.73,Yes,Offline,Good,Good,Yes,2,Low,3.1,A,0.62,2,Positive,2.9,4.5,3.7,3.8,2.2,5.0,3.3
17,Female,4.6,73.3,7.5,8.5,5.5,1.48,No,Offline,Good,Excellent,No,1,High,7.0,C,0.91,1,Negative,3.1,3.0,3.5,1.6,3.2,3.8,2.9
26,Female,4.88,80.8,7.8,6.1,6.8,1.26,No,Online,Poor,Excellent,No,2,Middle,5.4,B,0.67,1,Positive,4.4,1.7,3.6,3.6,2.8,4.1,1.2
24,Female,7.46,74.1,5.3,7.1,3.5,2.23,Yes,Offline,Average,Good,No,2,Middle,2.5,B,0.72,1,Neutral,3.2,3.2,3.6,1.9,3.1,3.0,2.8
24,Female,5.73,79.9,7.3,5.3,2.0,2.06,No,Online,Poor,Good,No,1,Low,4.3,A,0.71,2,Positive,2.2,2.6,2.0,3.7,3.0,5.0,2.3
20,Female,4.69,84.2,6.0,7.7,3.9,2.27,Yes,Offline,Poor,Good,No,1,Low,2.2,A,0.92,0,Neutral,2.1,2.4,4.5,1.8,2.0,3.9,2.2
23,Female,4.96,78.5,6.4,3.8,2.1,1.98,No,Hybrid,Average,Average,No,3,Low,5.8,A,0.47,0,Positive,4.1,4.4,4.6,4.4,2.3,4.7,3.8
21,Female,2.77,76.5,5.5,5.9,3.1,1.7,No,Offline,Average,Good,Yes,0,Middle,6.8,B,0.25,0,Neutral,5.0,2.2,4.4,2.0,2.8,4.5,1.7
19,Non-Binary,6.25,95.4,6.0,8.5,5.6,1.58,Yes,Hybrid,Good,Excellent,Yes,0,High,4.3,B,0.28,2,Positive,3.5,2.2,2.2,2.8,2.6,3.3,2.2
18,Non-Binary,4.58,63.6,7.4,4.9,4.1,1.83,Yes,Offline,Good,Good,Yes,2,Middle,5.9,B,0.22,1,Negative,5.0,4.1,4.1,4.3,2.8,3.7,3.1
20,Male,5.82,80.1,5.9,3.8,4.0,1.46,No,Hybrid,Average,Poor,No,3,Middle,4.1,B,0.41,1,Positive,1.0,2.8,3.1,3.7,3.2,4.7,2.5
18,Female,7.5,71.4,6.9,3.1,3.2,1.03,Yes,Offline,Average,Good,Yes,0,High,3.6,A,0.74,1,Neutral,1.8,3.3,5.0,4.2,2.9,4.6,3.4
29,Female,6.45,72.9,6.7,4.0,5.4,2.21,Yes,Hybrid,Average,Good,No,2,Low,3.4,A,0.5,0,Positive,2.5,2.7,3.3,3.4,2.0,4.6,4.0
17,Male,5.49,76.9,6.3,8.8,4.4,1.95,No,Hybrid,Good,Good,Yes,3,Low,3.7,A,0.53,2,Positive,1.0,2.0,4.4,2.3,2.8,5.0,2.0
20,Female,5.72,81.9,6.5,5.8,4.6,2.29,No,Hybrid,Average,Good,Yes,0,High,3.7,A,0.54,1,Neutral,2.8,2.1,3.0,3.3,4.3,4.1,3.3
20,Male,5.24,68.1,8.6,2.3,3.6,2.06,No,Hybrid,Average,Good,Yes,2,Low,3.3,A,0.92,0,Positive,4.2,2.1,3.9,3.6,5.0,4.2,4.0
19,Female,8.18,90.6,7.1,3.6,4.1,1.58,Yes,Online,Average,Average,No,1,Middle,4.1,A,0.65,0,Neutral,1.0,2.4,5.0,4.3,4.4,3.2,3.2
21,Female,1.41,76.3,10.0,5.2,3.1,1.53,Yes,Offline,Poor,Excellent,Yes,0,Low,5.8,C,0.78,2,Neutral,3.9,3.0,2.5,3.6,1.4,5.0,2.3
18,Male,4.14,76.5,9.7,6.6,5.7,1.58,No,Offline,Poor,Good,No,1,Low,6.2,A,0.52,1,Neutral,1.8,1.7,3.6,2.5,1.9,4.5,2.5
24,Male,3.46,68.9,5.9,4.8,3.9,2.09,Yes,Offline,Average,Average,No,0,Middle,2.2,B,0.65,0,Positive,2.2,2.6,4.5,2.4,1.6,2.9,3.6
20,Female,5.79,81.6,6.7,2.5,4.2,2.08,Yes,Hybrid,Poor,Average,No,1,Low,6.7,A,0.51,0,Neutral,2.9,3.9,3.0,2.9,4.3,3.1,4.0
22,Male,4.65,66.0,7.4,3.2,6.8,1.81,Yes,Offline,Good,Excellent,No,1,Low,4.1,B,0.15,1,Neutral,2.9,3.1,2.3,3.5,4.2,4.6,3.1
23,Male,5.18,73.3,7.1,4.5,3.0,1.59,No,Offline,Average,Excellent,No,4,Middle,4.6,B,0.53,2,Positive,4.0,4.6,4.9,3.9,3.3,4.5,3.3
25,Male,8.63,87.4,7.0,2.3,2.1,1.8,No,Offline,Average,Good,No,3,Middle,5.3,A,0.47,1,Positive,2.8,3.7,4.0,3.8,5.0,5.0,3.2
24,Female,5.52,89.7,5.3,7.4,4.2,1.86,No,Online,Poor,Poor,Yes,3,High,5.0,A,0.56,0,Positive,3.7,1.0,5.0,3.1,2.7,4.3,3.0
22,Female,6.62,67.5,7.6,8.9,3.6,1.5,No,Offline,Good,Poor,No,2,High,5.4,B,0.47,0,Neutral,4.1,1.4,3.7,2.4,3.2,3.7,2.6
20,Female,4.25,62.9,5.6,6.5,5.3,1.62,No,Offline,Poor,Average,Yes,0,Middle,8.3,D,0.27,0,Neutral,3.1,1.0,3.7,3.1,3.3,3.9,1.9
21,Male,3.72,100.0,6.8,5.1,2.4,1.96,No,Online,Good,Good,Yes,3,Middle,3.3,A,0.33,0,Positive,5.0,2.6,2.6,2.3,1.7,4.4,3.5
23,Female,3.1,82.4,6.9,2.4,2.7,2.04,Yes,Hybrid,Average,Good,Yes,3,Middle,5.3,A,0.25,1,Negative,2.4,4.2,4.3,3.5,1.8,4.2,3.4
25,Female,7.7,79.0,5.2,6.8,3.9,1.85,Yes,Online,Average,Good,No,3,Middle,1.8,A,0.45,1,Positive,2.2,2.7,2.9,3.0,2.8,4.9,3.0
18,Male,2.93,73.6,8.1,3.9,4.1,1.73,Yes,Online,Good,Good,Yes,2,Low,4.5,A,0.02,2,Neutral,2.2,2.3,3.3,1.2,1.2,5.0,2.7
20,Female,4.12,77.1,10.0,2.4,4.0,2.04,Yes,Offline,Poor,Poor,No,3,Middle,4.8,A,0.41,1,Negative,5.0,4.5,3.3,3.5,2.3,5.0,3.7
24,Female,9.35,73.4,6.7,8.0,1.5,1.59,No,Offline,Good,Average,No,4,High,5.7,A,0.76,1,Positive,3.8,1.6,4.3,3.7,4.2,4.8,2.7
20,Female,5.74,75.3,6.9,6.4,7.4,2.09,Yes,Offline,Poor,Average,No,2,Middle,5.9,B,0.62,1,Positive,4.2,3.1,3.9,2.7,2.7,4.6,3.0
20,Male,5.09,64.3,7.3,6.7,3.6,1.37,Yes,Online,Average,Average,Yes,0,Middle,5.9,C,0.56,1,Neutral,3.7,1.9,3.8,1.5,4.3,4.5,2.8
20,Male,4.59,79.7,7.5,4.2,0.5,1.68,No,Hybrid,Good,Poor,No,2,Low,3.2,A,0.44,0,Positive,2.9,3.2,3.4,3.5,3.8,4.3,1.6
22,Male,2.85,76.7,6.4,4.2,4.3,1.43,Yes,Offline,Average,Good,Yes,0,High,5.7,C,0.73,0,Negative,3.2,2.5,3.1,2.7,3.5,3.3,2.2
29,Male,5.73,73.6,6.3,8.4,2.8,1.6,No,Offline,Average,Excellent,Yes,3,Low,5.1,C,0.82,1,Positive,2.0,1.3,4.2,2.6,4.7,3.3,1.6
21,Female,6.95,72.1,6.2,3.3,5.6,2.13,No,Hybrid,Average,Good,Yes,4,High,1.8,A,0.21,2,Positive,5.0,1.7,3.2,3.8,2.8,4.6,2.9
19,Male,3.34,71.0,7.8,1.4,2.9,1.73,No,Offline,Poor,Excellent,No,2,Low,6.7,A,0.41,2,Neutral,2.9,3.7,3.8,4.1,2.8,4.5,3.3
18,Female,4.1,85.6,8.4,9.2,4.0,1.18,Yes,Online,Average,Good,No,2,High,7.8,C,0.66,2,Neutral,2.1,2.8,4.7,1.5,2.6,5.0,1.3
17,Male,8.14,76.8,6.3,7.8,4.5,2.08,No,Offline,Poor,Good,No,3,Middle,4.1,A,0.44,1,Positive,1.5,2.8,2.9,2.4,2.7,4.6,1.5
21,Male,4.32,68.6,6.8,7.0,5.0,1.31,No,Hybrid,Poor,Average,No,0,Middle,6.9,C,0.25,1,Negative,4.7,2.5,2.3,3.3,1.0,5.0,2.3
21,Female,6.43,82.1,7.8,4.1,3.1,1.98,Yes,Online,Average,Excellent,No,3,High,4.9,A,0.54,2,Positive,4.0,1.6,4.4,4.6,2.6,4.8,2.8
19,Male,9.32,79.3,8.7,4.5,3.7,1.7,No,Online,Average,Average,Yes,2,Low,2.4,A,0.64,0,Positive,3.5,2.9,3.5,4.7,5.0,4.3,2.6
23,Female,3.4,76.2,4.9,4.4,4.9,1.61,Yes,Offline,Average,Average,Yes,2,Middle,6.1,B,0.97,2,Neutral,1.1,2.9,4.4,2.8,2.5,2.9,2.3
23,Male,4.87,91.4,7.6,5.0,1.5,1.77,No,Online,Poor,Average,No,1,High,5.4,A,0.85,1,Positive,3.4,4.4,4.0,2.5,3.7,4.4,2.1
19,Male,3.31,90.4,6.6,4.9,5.3,2.11,No,Offline,Poor,Excellent,No,1,Middle,3.9,B,0.63,2,Neutral,2.7,2.4,3.6,3.8,2.7,3.4,2.8
20,Female,0.8,84.5,4.8,6.2,3.3,1.58,No,Offline,Good,Excellent,No,2,Middle,3.3,C,0.56,2,Neutral,2.5,2.3,3.1,3.3,2.0,3.8,2.1
29,Female,7.5,90.7,8.7,4.1,5.8,2.24,No,Offline,Good,Good,No,4,Low,2.5,A,0.77,0,Positive,4.4,3.1,3.8,3.3,3.5,4.6,3.7
20,Male,6.16,97.8,5.6,5.0,3.6,1.93,No,Online,Average,Good,No,4,Middle,3.7,A,0.64,0,Neutral,1.7,2.7,3.4,4.0,1.5,4.5,2.3
23,Male,4.49,77.2,9.1,4.6,5.4,1.65,No,Offline,Average,Good,No,4,Low,2.5,A,0.61,1,Positive,1.6,2.7,1.8,3.9,4.6,4.8,3.5
20,Female,5.88,81.7,8.5,6.3,4.7,2.02,No,Offline,Average,Excellent,Yes,3,Middle,3.3,A,0.34,2,Positive,1.3,1.6,3.5,2.1,3.5,5.0,2.3
24,Non-Binary,3.91,70.4,6.6,4.0,5.1,1.89,No,Hybrid,Good,Good,No,3,Middle,2.5,A,0.33,0,Positive,2.1,3.2,3.6,2.1,2.5,4.2,3.3
23,Female,2.3,78.0,7.5,3.0,3.3,1.9,No,Online,Good,Excellent,Yes,1,Middle,4.5,B,0.55,2,Positive,1.6,2.9,5.0,2.9,3.4,3.6,2.6
22,Male,3.82,69.5,7.9,6.1,4.5,2.39,No,Offline,Average,Average,Yes,1,Low,3.4,A,0.13,2,Neutral,3.9,1.5,2.1,1.5,2.4,3.5,2.3
25,Non-Binary,3.59,82.3,7.4,5.8,3.4,1.69,Yes,Hybrid,Good,Average,Yes,0,Middle,4.6,B,0.35,1,Positive,2.1,2.2,3.5,2.3,2.8,3.3,2.3
26,Male,3.13,70.6,7.0,5.3,5.5,1.82,No,Online,Good,Excellent,No,1,Middle,5.3,B,0.66,2,Neutral,3.2,1.7,4.8,2.7,4.0,5.0,2.4
21,Male,7.03,80.7,8.7,7.0,5.1,1.69,No,Hybrid,Average,Average,No,0,Middle,2.4,A,0.59,0,Positive,2.4,2.4,4.0,2.9,3.6,5.0,3.2
19,Female,3.4,74.1,7.9,2.2,5.2,1.97,Yes,Hybrid,Average,Excellent,No,3,Middle,5.0,B,0.5,2,Neutral,4.0,4.3,4.3,1.8,4.4,3.9,4.0
20,Male,2.94,69.2,6.7,5.9,3.5,2.16,No,Offline,Average,Good,No,1,Low,4.1,B,0.04,1,Positive,3.7,2.0,3.0,3.1,3.8,3.9,3.6
23,Male,5.35,83.7,5.6,4.9,1.5,1.74,No,Hybrid,Average,Excellent,Yes,0,High,4.3,A,0.54,2,Neutral,3.1,2.7,4.1,2.8,3.4,4.4,3.1
22,Male,5.88,60.9,8.1,1.9,4.8,1.23,Yes,Hybrid,Average,Average,No,1,Middle,4.3,B,0.89,0,Neutral,4.6,3.2,4.2,2.3,1.6,3.6,2.7
18,Male,8.14,94.8,8.0,5.5,2.6,2.05,Yes,Offline,Good,Good,No,4,Middle,4.7,A,0.75,1,Neutral,2.4,3.8,4.3,3.8,2.3,4.1,3.3
17,Female,5.52,81.3,6.8,6.0,4.0,1.49,No,Hybrid,Good,Good,No,2,Low,4.2,A,0.18,2,Neutral,2.6,2.6,3.9,3.1,2.7,4.8,2.9
23,Female,2.4,69.3,8.6,4.6,5.0,1.56,No,Offline,Average,Good,Yes,0,Middle,7.7,C,0.96,1,Neutral,3.2,1.9,5.0,3.3,1.0,5.0,2.3
19,Male,3.3,75.5,8.2,5.9,2.8,2.11,No,Hybrid,Good,Good,No,1,Low,3.4,A,0.37,0,Neutral,3.6,4.6,1.9,2.6,2.7,4.5,2.1
21,Female,6.8,73.3,9.1,5.2,3.7,2.16,Yes,Online,Good,Excellent,Yes,0,High,3.0,A,0.72,1,Neutral,1.1,3.5,3.5,3.4,3.1,3.7,2.3
23,Female,3.75,76.5,6.7,3.1,4.4,1.98,No,Offline,Good,Good,No,2,Middle,6.1,B,0.54,1,Neutral,4.2,1.1,4.9,3.4,3.6,4.5,1.0
21,Female,5.9,89.5,6.6,6.3,1.8,2.26,Yes,Offline,Average,Average,No,2,Low,4.4,A,0.46,2,Positive,2.4,2.8,4.2,2.5,1.4,4.0,2.5
18,Male,8.53,83.2,5.7,10.0,4.5,1.92,No,Offline,Good,Excellent,No,2,Low,4.8,A,0.19,1,Positive,3.7,2.9,3.1,3.0,2.2,4.0,2.4
18,Non-Binary,2.21,70.0,4.7,1.0,1.5,2.19,Yes,Offline,Average,Average,Yes,1,High,4.1,A,0.27,0,Neutral,2.2,3.4,3.8,3.9,2.7,4.3,3.3
19,Female,2.14,65.4,8.4,1.9,4.5,2.2,No,Offline,Average,Average,Yes,2,High,2.0,A,0.37,0,Positive,4.3,3.5,4.3,4.0,4.9,4.7,4.9
19,Male,4.6,80.2,6.2,5.0,6.6,1.43,Yes,Hybrid,Average,Average,Yes,0,Low,8.1,B,0.29,1,Neutral,4.0,2.7,3.5,4.5,4.3,3.0,2.7
21,Male,4.93,87.1,4.4,2.9,3.1,2.23,No,Online,Good,Excellent,No,3,High,2.7,A,0.46,1,Neutral,4.0,2.7,3.4,3.9,2.4,3.4,3.1
21,Male,6.67,63.3,6.8,7.5,5.6,1.6,Yes,Online,Average,Average,No,0,Low,3.6,B,0.5,0,Positive,3.4,1.4,2.1,2.1,3.8,4.5,1.6
19,Female,1.93,84.9,7.1,3.7,5.8,1.96,No,Offline,Good,Average,No,2,Middle,4.4,A,0.82,0,Neutral,2.8,2.6,3.4,3.3,1.9,4.8,2.3
17,Male,6.13,82.0,6.4,8.3,0.5,1.74,Yes,Offline,Poor,Excellent,No,2,Middle,3.3,B,0.9,2,Neutral,1.3,1.0,4.1,2.6,1.6,4.1,2.0
18,Female,4.52,83.3,7.4,5.5,6.4,1.87,Yes,Online,Poor,Excellent,Yes,2,High,4.3,B,0.69,1,Positive,3.1,4.1,4.2,4.1,2.3,4.1,3.9
28,Male,1.77,100.0,8.5,6.0,4.6,1.81,Yes,Hybrid,Good,Average,Yes,2,Middle,5.3,B,0.88,0,Neutral,4.2,2.6,3.6,1.6,3.0,5.0,2.2
21,Female,4.51,83.4,6.5,4.2,0.5,1.5,No,Hybrid,Average,Good,Yes,4,Middle,3.4,A,0.88,1,Positive,3.8,1.8,5.0,4.2,3.1,4.1,3.0
25,Male,5.9,92.8,6.6,4.5,1.9,1.58,No,Online,Good,Excellent,No,2,Middle,3.8,A,0.38,2,Positive,2.3,2.9,2.8,4.6,4.5,4.9,4.9
24,Female,8.39,80.7,8.2,6.6,4.4,1.55,Yes,Online,Poor,Poor,No,2,Middle,6.5,A,0.28,1,Positive,5.0,3.5,2.6,3.8,1.6,3.3,3.6
21,Female,3.78,94.9,8.0,1.5,1.3,1.48,No,Hybrid,Poor,Excellent,No,2,Low,3.8,A,0.64,1,Positive,4.1,3.8,3.4,4.7,4.2,3.7,3.3
23,Male,6.32,75.5,6.4,6.0,3.0,1.27,Yes,Online,Good,Good,Yes,1,Middle,3.3,B,0.4,1,Neutral,2.2,1.8,2.7,4.2,4.8,4.8,2.8
18,Male,2.46,80.2,7.1,4.1,5.3,1.65,Yes,Online,Average,Good,Yes,0,Middle,6.7,B,0.86,2,Negative,2.4,2.6,5.0,2.8,4.5,5.0,2.4
23,Male,7.01,81.9,7.6,1.0,3.8,1.49,No,Online,Average,Good,Yes,2,Middle,2.8,A,0.54,0,Neutral,2.0,4.0,3.7,2.9,4.7,3.8,4.7
19,Female,5.16,84.4,9.5,7.4,5.8,2.14,No,Online,Poor,Good,No,2,Middle,4.2,A,0.7,1,Positive,2.9,1.8,5.0,2.1,2.5,3.3,3.0
24,Female,7.98,80.1,7.0,6.4,2.8,1.52,No,Online,Average,Poor,No,2,Middle,2.7,A,0.87,0,Positive,4.6,2.8,5.0,2.2,4.0,4.0,1.7
18,Male,2.42,63.6,7.3,2.3,1.7,2.04,Yes,Online,Average,Good,Yes,2,Middle,3.7,A,0.55,0,Neutral,3.5,2.7,3.5,3.7,4.4,4.4,2.4
24,Male,2.81,85.5,8.0,5.0,3.9,1.7,No,Offline,Poor,Poor,Yes,2,Middle,5.1,B,0.37,0,Positive,4.7,2.7,2.9,2.2,3.3,3.8,3.0
18,Male,1.74,84.9,8.3,6.9,5.1,1.5,No,Offline,Good,Good,No,1,High,5.4,C,0.71,2,Negative,4.6,3.4,4.6,1.9,2.8,5.0,3.4
25,Female,8.37,95.9,7.1,3.3,4.1,1.86,No,Online,Average,Average,No,2,High,3.8,A,0.28,0,Positive,4.4,2.5,4.9,4.3,1.6,4.1,2.4
19,Female,4.1,74.5,9.4,3.6,4.9,1.8,No,Hybrid,Poor,Excellent,Yes,1,High,5.1,A,0.6,1,Positive,4.7,1.6,3.1,3.5,5.0,4.2,2.9
22,Female,1.51,86.2,6.7,3.8,4.8,2.08,Yes,Hybrid,Average,Average,No,0,Middle,5.2,A,0.65,0,Neutral,3.0,4.7,2.1,2.3,1.9,4.9,2.2
21,Male,3.56,96.2,7.1,4.4,4.9,1.95,No,Online,Poor,Good,Yes,4,Low,2.4,A,0.49,1,Neutral,3.2,2.6,3.0,3.3,4.4,4.6,3.3
20,Male,6.59,82.8,5.8,4.2,3.5,2.05,Yes,Hybrid,Poor,Good,No,1,High,3.2,A,0.74,2,Positive,1.6,3.1,3.6,4.8,2.3,5.0,3.1
22,Non-Binary,6.2,70.3,5.5,3.9,2.4,2.13,Yes,Offline,Good,Good,Yes,1,Low,5.2,A,0.38,2,Neutral,3.6,4.6,4.1,4.3,4.1,4.0,3.6
26,Male,5.8,67.9,6.8,4.9,3.7,1.79,No,Hybrid,Average,Good,Yes,2,High,2.4,A,0.76,2,Neutral,3.2,3.2,3.4,3.1,2.2,4.7,4.3
17,Female,2.44,73.7,7.7,3.8,2.3,1.76,No,Offline,Good,Good,Yes,1,High,5.4,B,0.78,1,Neutral,5.0,2.9,4.8,3.5,3.1,5.0,4.4
26,Male,4.64,83.1,9.0,6.5,6.4,2.13,No,Online,Poor,Poor,Yes,3,Middle,6.3,B,0.87,0,Positive,2.6,2.6,3.6,1.7,3.6,5.0,2.2
22,Male,1.19,68.2,5.6,5.8,3.2,2.19,Yes,Offline,Good,Average,No,0,Middle,3.7,C,0.56,1,Neutral,2.0,4.2,3.1,2.1,3.6,4.1,2.6
24,Female,2.09,86.5,6.5,10.0,3.1,1.59,No,Hybrid,Average,Good,No,3,Middle,6.1,D,0.5,2,Neutral,1.5,2.7,4.1,1.7,1.5,5.0,2.3
20,Non-Binary,6.11,68.3,8.2,2.9,1.0,1.86,No,Hybrid,Average,Excellent,No,2,Middle,5.3,A,0.88,1,Positive,4.4,2.7,3.0,4.0,2.1,5.0,2.9
21,Non-Binary,6.68,84.8,8.1,1.7,4.9,2.21,No,Online,Poor,Poor,No,4,High,4.1,A,0.59,0,Neutral,3.2,4.0,5.0,2.6,2.5,5.0,4.1
25,Male,4.53,87.7,7.2,4.9,6.5,2.02,Yes,Hybrid,Average,Poor,Yes,2,Low,4.0,B,0.51,1,Positive,2.7,2.3,3.6,3.6,3.6,3.9,3.0
20,Male,1.49,72.2,7.3,8.6,5.5,1.58,No,Offline,Good,Average,Yes,1,High,7.3,C,0.43,0,Neutral,3.2,2.4,3.2,1.0,4.1,4.7,2.2
21,Female,3.13,94.7,7.6,6.3,2.5,1.34,No,Offline,Average,Good,No,2,Middle,7.8,C,0.92,1,Neutral,1.7,3.1,5.0,4.9,2.2,4.3,1.9
17,Female,4.24,76.1,6.3,3.3,3.6,1.21,No,Online,Average,Average,No,2,Low,4.1,B,0.66,2,Negative,1.7,2.4,5.0,2.0,2.7,3.4,1.9
18,Female,8.02,56.1,8.9,8.8,4.4,1.7,No,Online,Good,Excellent,Yes,3,Middle,6.7,A,0.79,2,Neutral,4.7,1.8,2.3,2.8,1.0,5.0,3.2
22,Male,3.74,79.1,7.5,5.2,3.8,1.55,Yes,Online,Average,Poor,Yes,4,Middle,1.5,A,0.94,0,Negative,3.2,2.3,3.9,4.5,2.6,4.6,4.9
23,Female,2.16,84.1,6.4,5.5,3.3,1.52,Yes,Online,Poor,Average,No,0,Low,3.5,C,0.48,2,Neutral,3.4,1.7,3.0,3.3,4.0,4.1,1.5
22,Female,2.7,75.1,8.0,4.9,3.9,1.66,No,Hybrid,Average,Average,Yes,0,Low,4.9,C,0.84,0,Neutral,3.0,2.8,3.1,4.0,3.4,4.5,3.2
18,Female,3.31,86.1,7.8,5.1,4.1,2.14,Yes,Online,Average,Good,No,1,Low,4.3,B,0.84,2,Neutral,2.4,2.7,4.9,3.0,2.0,4.4,2.7
20,Female,3.92,94.1,5.7,5.0,6.4,1.93,Yes,Online,Good,Good,No,4,High,3.8,A,0.52,2,Neutral,2.4,3.0,3.3,4.2,3.3,4.5,2.3
20,Male,4.47,83.0,6.1,3.9,2.7,1.64,Yes,Online,Good,Average,Yes,3,Low,3.5,A,0.7,2,Positive,2.0,3.2,3.4,4.0,1.9,4.5,2.9
21,Non-Binary,8.79,84.9,7.3,2.8,4.8,2.2,No,Offline,Average,Excellent,Yes,2,Middle,2.3,A,0.93,2,Positive,4.1,2.7,4.0,4.8,2.2,3.8,3.5
25,Female,3.84,90.4,8.3,1.0,2.2,2.12,Yes,Online,Average,Average,No,0,Low,3.2,A,0.44,2,Positive,3.5,4.0,1.2,3.1,4.5,4.5,4.2
24,Female,0.85,80.4,7.8,8.6,3.2,1.91,No,Offline,Good,Good,Yes,1,Middle,4.8,C,0.76,0,Negative,2.5,2.3,4.7,2.1,3.0,4.9,2.6
18,Female,6.93,88.2,6.4,5.9,4.7,1.97,No,Online,Poor,Good,Yes,1,Middle,5.1,A,0.33,2,Positive,3.7,1.4,4.9,3.0,2.9,2.9,2.8
25,Female,3.47,78.4,7.2,6.2,2.7,1.83,No,Hybrid,Good,Average,No,1,High,4.6,B,0.97,1,Negative,2.2,2.8,3.9,2.9,3.5,3.9,2.2
21,Female,3.49,69.0,9.0,6.1,4.6,2.25,Yes,Offline,Poor,Excellent,No,0,Middle,4.9,B,0.53,2,Negative,4.0,2.1,4.2,1.3,3.6,3.2,2.5
23,Male,3.86,83.0,5.1,4.2,4.3,1.1,Yes,Online,Average,Excellent,Yes,0,Middle,4.9,B,0.51,2,Neutral,2.2,1.0,3.9,3.6,3.4,3.8,3.2
18,Male,5.56,73.4,9.3,6.6,4.4,1.77,Yes,Online,Poor,Average,No,3,Middle,6.5,B,0.52,0,Neutral,3.2,4.0,4.4,3.7,3.9,4.3,2.8
22,Male,5.21,78.8,5.4,3.8,1.7,2.04,No,Online,Average,Good,No,2,Middle,2.9,A,0.35,2,Neutral,2.3,1.4,4.9,3.4,1.0,3.3,2.3
19,Male,5.85,79.5,7.3,3.3,6.6,1.9,Yes,Online,Poor,Average,Yes,4,Low,1.9,A,0.66,2,Neutral,4.5,2.3,3.5,3.6,3.3,5.0,4.4
20,Male,4.3,82.6,6.9,5.8,7.0,1.75,Yes,Hybrid,Poor,Good,Yes,1,Middle,3.8,B,0.58,1,Neutral,4.4,2.4,2.6,3.1,4.0,1.3,2.9
17,Male,5.07,58.7,3.9,4.7,4.9,2.06,No,Offline,Good,Average,No,1,Low,3.5,A,0.19,2,Neutral,3.7,2.9,5.0,3.2,3.4,4.3,2.9
18,Male,2.86,79.6,10.0,5.4,2.7,1.67,Yes,Offline,Average,Excellent,Yes,1,High,6.2,C,0.62,1,Negative,2.9,2.8,4.1,3.8,1.8,3.6,2.4
18,Male,2.9,69.1,7.2,5.8,2.9,1.62,Yes,Online,Average,Average,No,0,Middle,7.4,C,0.46,0,Positive,2.5,2.3,2.8,2.5,3.3,3.8,2.3
19,Male,3.77,70.0,9.3,6.0,4.1,1.37,No,Offline,Average,Poor,No,1,Middle,8.1,C,0.65,1,Neutral,3.2,1.3,3.5,3.6,3.5,4.6,2.9
18,Male,4.07,91.4,5.5,8.0,4.8,1.36,No,Hybrid,Good,Average,No,1,Middle,7.1,C,0.95,1,Positive,2.3,2.7,4.1,2.6,2.8,3.5,1.1
23,Female,1.65,68.2,6.2,4.9,4.8,1.32,Yes,Hybrid,Good,Average,No,0,High,4.7,C,0.72,0,Neutral,3.9,1.9,3.3,2.4,4.0,4.5,2.0
17,Female,2.61,93.1,6.9,6.3,4.2,1.81,No,Online,Average,Good,No,0,Middle,3.7,A,0.35,2,Neutral,2.8,3.0,2.7,4.3,2.2,3.1,3.3
22,Male,7.32,72.6,6.2,6.9,5.6,1.86,Yes,Hybrid,Average,Average,Yes,2,Middle,1.0,A,0.37,1,Neutral,3.1,2.9,4.4,2.4,2.9,4.1,2.8
18,Female,7.19,89.0,7.7,9.4,5.2,1.23,No,Online,Average,Good,Yes,2,Middle,4.4,B,0.86,1,Positive,3.2,2.1,4.4,2.2,4.2,3.8,2.9
26,Female,8.07,86.2,8.3,3.0,4.0,1.58,No,Offline,Average,Average,No,2,Low,2.5,A,0.53,0,Neutral,4.5,2.2,4.1,4.1,2.5,5.0,4.3
26,Male,7.16,74.9,6.1,5.8,6.5,1.19,No,Offline,Poor,Good,No,2,Low,1.0,A,0.17,2,Positive,3.0,2.3,3.6,2.3,2.6,4.6,3.2
19,Female,6.66,89.5,5.7,2.7,5.5,1.97,No,Online,Good,Good,No,4,Low,6.5,A,0.13,0,Neutral,4.8,4.6,2.0,2.6,2.0,5.0,2.6
22,Female,8.28,51.3,6.7,6.7,5.4,1.41,No,Offline,Average,Excellent,Yes,1,High,4.2,B,0.7,2,Neutral,3.9,2.4,4.2,4.1,2.4,5.0,2.3
17,Female,6.19,81.9,8.0,3.8,4.2,1.58,Yes,Online,Good,Excellent,No,2,High,1.0,A,0.92,1,Neutral,3.9,1.7,5.0,4.4,2.6,3.9,3.7
26,Male,4.32,78.2,7.6,7.6,4.0,1.56,No,Hybrid,Average,Excellent,Yes,1,Low,4.7,B,0.16,2,Neutral,2.4,2.9,3.0,2.1,2.9,3.9,3.8
21,Female,4.39,87.2,7.5,3.3,4.4,2.0,Yes,Offline,Poor,Good,Yes,1,Low,6.6,A,0.71,0,Positive,1.8,2.4,4.5,2.3,3.5,5.0,3.0
17,Male,5.59,74.9,5.8,3.9,5.9,1.91,No,Online,Average,Average,Yes,0,Middle,7.6,B,0.59,1,Positive,3.1,3.9,4.3,3.5,4.3,4.0,1.8
20,Female,5.78,83.3,7.4,9.0,5.7,1.62,No,Offline,Average,Good,Yes,1,Middle,4.1,A,0.54,0,Positive,1.9,1.0,3.0,2.5,3.1,4.6,1.4
17,Non-Binary,4.68,77.2,6.1,5.8,3.1,1.47,Yes,Hybrid,Average,Excellent,No,1,High,6.4,C,0.84,2,Neutral,1.2,2.9,5.0,1.9,3.7,4.2,1.4
20,Female,4.31,86.3,6.5,6.0,2.4,1.95,Yes,Hybrid,Average,Poor,Yes,2,Middle,6.3,B,0.17,0,Positive,2.5,4.2,4.6,3.5,2.8,5.0,3.4
22,Female,4.88,88.1,7.9,8.7,4.6,2.04,Yes,Online,Average,Good,Yes,3,High,4.2,B,0.56,1,Positive,1.4,2.8,4.1,2.3,3.0,4.6,2.4
21,Male,3.43,66.5,5.1,6.9,6.1,1.42,No,Online,Good,Average,Yes,0,Low,6.9,C,0.19,0,Neutral,4.0,3.0,4.0,3.0,2.5,4.0,2.8
20,Non-Binary,9.3,98.5,6.9,7.1,4.6,2.18,Yes,Online,Average,Good,No,3,Middle,5.5,A,0.74,2,Positive,1.9,1.8,4.1,3.3,2.7,5.0,1.3
18,Female,5.97,79.3,6.0,7.6,1.6,2.02,No,Offline,Average,Good,No,2,High,2.4,A,0.6,1,Positive,1.4,1.5,4.2,2.8,3.0,3.3,2.1
19,Male,1.12,100.0,7.1,5.4,4.8,2.1,No,Online,Poor,Good,No,2,Low,6.5,A,0.68,0,Neutral,2.5,2.3,3.3,1.1,2.9,3.6,3.0
18,Female,6.68,74.3,5.9,7.1,3.5,1.49,No,Hybrid,Average,Good,Yes,0,Middle,3.2,B,0.05,1,Positive,3.6,2.9,2.3,4.6,2.7,3.1,2.6
24,Male,3.39,80.5,4.7,1.0,2.4,1.81,No,Offline,Average,Excellent,No,1,Middle,3.0,A,0.4,1,Neutral,2.6,3.2,3.0,3.6,1.6,3.9,3.0
18,Male,4.56,94.3,6.4,5.6,3.7,2.03,Yes,Offline,Average,Good,Yes,1,Middle,3.9,A,0.87,1,Neutral,3.8,1.4,3.2,3.0,3.3,4.7,2.4
22,Female,5.01,76.9,7.5,2.9,4.3,1.77,No,Offline,Poor,Excellent,Yes,2,Middle,5.8,B,0.58,1,Neutral,3.6,3.6,4.9,3.6,2.7,3.9,2.6
20,Male,6.72,90.2,6.4,2.6,4.7,1.74,Yes,Hybrid,Average,Average,No,2,High,4.8,A,0.38,1,Positive,3.3,3.2,3.9,2.3,2.8,3.7,3.7
19,Female,4.92,77.5,7.7,5.3,4.5,1.74,No,Online,Average,Good,No,1,High,3.3,A,0.42,1,Neutral,2.4,3.0,5.0,3.1,3.1,3.5,3.8
22,Male,5.55,81.3,9.0,2.3,2.5,1.81,Yes,Hybrid,Poor,Good,Yes,2,High,4.3,A,0.97,1,Neutral,3.4,2.9,2.7,2.4,3.8,4.7,4.1
20,Male,4.74,79.0,5.2,3.4,1.8,1.89,Yes,Hybrid,Poor,Average,Yes,0,Middle,5.9,A,0.53,2,Positive,1.0,3.0,2.8,2.9,2.1,4.0,2.3
20,Non-Binary,9.49,82.3,6.8,4.9,2.9,1.63,No,Online,Average,Average,Yes,1,High,3.5,A,0.51,0,Positive,2.9,3.2,3.6,3.5,2.8,4.7,3.5
22,Male,4.92,100.0,7.7,3.2,5.8,2.39,No,Offline,Good,Good,Yes,1,Middle,3.0,A,0.87,2,Positive,4.2,2.7,5.0,3.7,1.0,4.3,3.1
21,Female,3.28,73.5,8.3,2.6,6.5,1.77,Yes,Offline,Good,Good,No,2,Middle,3.8,B,0.36,0,Neutral,2.4,2.4,3.7,3.0,3.5,5.0,2.7
19,Female,2.48,83.0,8.0,1.1,5.9,1.61,No,Hybrid,Average,Good,Yes,2,Low,6.8,C,0.49,1,Positive,3.3,2.2,3.4,2.3,4.5,4.0,3.3
21,Female,5.03,76.9,7.6,5.7,3.8,1.44,No,Online,Average,Average,No,1,Middle,3.3,B,0.51,0,Positive,1.2,2.6,2.2,4.2,3.9,4.9,3.0
22,Female,4.14,80.7,6.2,5.8,6.3,1.62,Yes,Online,Good,Average,No,2,Middle,2.8,B,0.64,0,Neutral,3.7,2.8,4.6,1.9,2.0,4.7,3.2
17,Female,5.35,80.2,5.5,4.7,3.9,1.8,No,Offline,Average,Good,No,2,Low,3.6,A,0.9,1,Positive,2.7,3.5,3.9,3.6,2.5,4.1,3.1
21,Male,5.85,81.3,6.1,7.2,5.6,1.79,No,Hybrid,Poor,Average,No,2,Middle,4.5,B,0.15,1,Positive,2.7,3.0,5.0,3.4,3.1,3.3,1.8
17,Female,2.77,85.5,5.1,5.7,4.3,1.73,No,Online,Poor,Average,No,0,High,7.4,C,0.63,1,Neutral,2.7,2.6,2.1,2.8,1.0,2.5,3.0
18,Male,5.14,100.0,7.4,6.0,2.1,2.39,No,Hybrid,Average,Poor,No,2,Middle,1.7,A,0.37,0,Positive,3.3,2.8,3.4,3.1,2.5,3.6,2.5
21,Female,3.6,65.7,7.6,6.1,5.9,1.64,No,Offline,Average,Poor,Yes,1,Middle,6.4,C,0.69,0,Neutral,2.6,4.0,2.9,3.2,3.0,4.2,3.1
25,Female,3.65,78.2,7.5,7.0,5.1,2.04,Yes,Online,Good,Average,No,1,High,7.6,C,0.87,1,Neutral,3.1,3.0,3.4,2.3,2.4,5.0,1.0
25,Female,3.17,85.0,7.8,6.9,3.9,1.76,No,Offline,Good,Poor,Yes,1,Low,3.0,A,0.66,0,Positive,1.8,2.7,3.0,3.2,4.1,4.8,2.1
17,Female,4.54,93.2,7.2,4.5,4.4,2.07,Yes,Hybrid,Poor,Average,Yes,2,High,4.3,A,0.34,2,Positive,2.6,2.0,5.0,2.8,2.0,3.9,3.1
20,Female,3.62,67.1,5.7,5.9,2.1,1.9,No,Hybrid,Good,Good,Yes,3,High,2.3,C,0.59,0,Neutral,3.3,2.2,4.2,3.3,2.3,4.7,3.0
22,Female,3.65,100.0,6.8,4.8,6.7,2.39,No,Offline,Good,Poor,No,2,Middle,5.3,A,0.25,0,Neutral,2.8,1.5,3.1,3.3,4.7,4.4,2.9
18,Female,4.31,87.0,8.1,7.4,3.1,1.76,Yes,Online,Average,Good,No,2,Low,6.2,B,0.12,0,Neutral,3.3,2.6,2.7,2.8,4.6,5.0,2.6
23,Male,2.49,100.0,7.5,5.1,3.8,1.77,Yes,Online,Average,Excellent,Yes,3,Low,4.8,B,0.16,2,Positive,3.6,2.1,3.3,1.3,4.8,5.0,3.2
23,Male,7.55,89.1,6.8,4.4,0.5,1.71,No,Online,Good,Good,No,2,Middle,1.6,A,0.81,0,Neutral,3.6,2.0,3.6,4.0,2.3,3.5,2.7
25,Female,6.23,81.1,7.2,6.5,2.8,2.13,No,Hybrid,Average,Average,No,2,Middle,4.9,A,0.47,2,Neutral,3.7,2.8,3.9,2.5,2.8,4.5,1.4
17,Female,4.27,74.2,7.7,8.0,4.7,2.05,No,Hybrid,Average,Excellent,Yes,3,Middle,3.4,A,0.77,1,Positive,1.0,3.1,4.2,2.8,1.3,4.3,2.6
19,Male,5.58,83.3,7.4,8.3,4.3,1.79,Yes,Offline,Average,Average,Yes,3,Middle,1.0,B,0.55,0,Neutral,1.8,1.7,3.7,3.3,2.3,4.3,2.7
24,Male,3.19,83.0,5.3,9.5,5.3,1.6,No,Offline,Average,Poor,Yes,0,Middle,7.8,D,0.89,0,Neutral,4.8,1.8,4.5,1.9,3.5,5.0,1.5
22,Male,5.2,65.8,8.2,1.0,5.0,1.36,No,Hybrid,Good,Excellent,No,0,Middle,7.3,C,0.31,2,Neutral,4.0,3.1,2.8,2.5,2.6,4.8,4.3
25,Non-Binary,2.05,81.3,6.2,4.4,2.6,1.69,No,Online,Average,Excellent,Yes,0,High,7.8,C,0.78,2,Positive,2.6,4.0,4.1,3.0,4.2,2.6,1.2
17,Female,4.87,77.1,8.5,3.6,2.5,1.93,No,Hybrid,Average,Good,Yes,2,Middle,1.8,A,0.74,0,Neutral,3.6,2.0,2.8,2.9,3.1,5.0,3.2
22,Male,5.23,84.3,8.1,6.2,5.1,1.5,Yes,Hybrid,Average,Good,No,1,High,1.0,A,0.67,0,Neutral,2.4,1.0,2.6,4.1,3.0,5.0,3.4
21,Male,4.29,68.6,5.7,4.4,1.4,1.58,No,Online,Good,Good,No,2,Low,3.7,A,0.19,0,Negative,3.6,3.2,4.2,1.9,2.1,4.1,3.6
17,Male,6.41,71.1,7.4,8.9,5.2,1.21,No,Offline,Average,Average,No,1,Middle,5.9,B,0.32,0,Positive,2.0,1.0,4.2,3.0,3.8,4.4,1.1
21,Male,3.43,75.3,8.5,5.4,4.2,1.89,No,Hybrid,Good,Average,Yes,3,Middle,3.0,B,0.5,0,Negative,3.4,1.9,4.9,2.6,2.1,4.1,2.9
22,Male,5.24,83.1,7.9,3.1,3.1,1.42,No,Online,Average,Good,No,3,High,1.4,A,0.81,0,Positive,2.8,4.6,5.0,3.3,3.4,5.0,2.0
18,Female,6.07,73.0,8.2,3.3,6.0,1.47,No,Online,Average,Excellent,Yes,2,Middle,6.3,B,0.97,2,Positive,3.7,2.9,3.6,4.3,3.0,4.4,3.9
19,Non-Binary,6.01,60.9,7.0,5.7,2.9,2.17,No,Hybrid,Average,Poor,Yes,2,Middle,2.9,A,0.16,1,Neutral,5.0,2.9,1.4,3.4,3.4,5.0,2.9
22,Male,4.95,66.6,5.9,2.2,1.9,1.72,Yes,Online,Average,Good,No,2,Middle,5.5,B,0.52,0,Neutral,3.1,3.9,3.1,3.5,4.5,3.8,2.7
21,Male,8.2,89.0,9.5,2.0,4.6,1.89,No,Online,Average,Poor,No,2,Low,4.0,A,0.3,0,Neutral,1.1,2.0,3.6,3.8,4.3,5.0,2.7
25,Male,6.52,86.8,8.0,4.9,3.1,2.23,No,Offline,Average,Good,Yes,1,Low,3.7,A,0.59,1,Positive,3.2,3.0,3.6,3.4,3.0,5.0,2.4
20,Male,6.25,77.8,5.9,6.0,5.2,1.45,Yes,Offline,Average,Good,No,2,Middle,5.5,C,0.48,0,Neutral,2.9,1.2,3.7,1.7,3.4,3.7,2.0
19,Male,3.6,85.6,5.6,4.5,5.1,1.82,Yes,Offline,Good,Good,No,1,High,5.2,C,0.82,1,Positive,1.0,2.2,4.0,2.7,4.3,3.1,3.1
28,Male,5.14,71.5,8.6,7.5,3.8,2.35,No,Online,Poor,Poor,No,1,Low,3.2,A,0.58,1,Neutral,2.2,2.3,2.4,2.3,2.0,4.5,2.2
26,Male,3.96,75.5,6.8,7.4,4.2,1.89,No,Online,Average,Good,No,2,Middle,3.1,B,0.59,0,Positive,3.7,1.6,5.0,2.6,3.6,4.6,4.0
17,Female,8.95,76.4,6.2,2.7,4.6,2.01,No,Hybrid,Good,Good,No,2,High,4.6,A,0.78,2,Positive,4.0,3.0,4.9,4.1,4.0,5.0,3.6
24,Female,5.72,91.7,7.2,7.3,5.3,1.63,No,Hybrid,Average,Poor,No,0,Middle,6.2,A,0.55,0,Positive,4.1,3.1,4.2,2.8,3.9,5.0,3.0
18,Female,3.53,80.6,7.4,9.7,4.5,2.33,Yes,Offline,Good,Average,No,0,High,3.5,A,0.54,2,Neutral,4.6,1.4,2.7,2.3,4.1,5.0,1.0
17,Male,6.66,69.6,4.5,3.6,5.4,1.83,Yes,Offline,Poor,Good,No,1,Middle,7.1,A,0.79,2,Positive,2.7,3.4,3.9,3.3,3.4,2.6,1.6
19,Female,7.13,77.6,5.0,1.0,6.0,1.91,No,Hybrid,Good,Good,No,3,Middle,4.1,A,0.7,0,Positive,2.0,2.5,4.4,2.3,2.5,4.9,2.6
19,Non-Binary,3.89,73.9,5.5,4.6,5.2,1.56,No,Online,Average,Average,Yes,2,Low,5.7,B,0.47,2,Neutral,1.4,3.7,5.0,1.1,1.6,4.3,3.2
24,Male,5.33,89.5,6.6,6.2,3.7,1.64,No,Offline,Good,Good,Yes,3,High,5.3,B,0.69,1,Positive,3.0,3.1,5.0,2.8,4.6,4.8,2.4
23,Male,9.81,85.5,7.8,7.0,2.0,1.55,Yes,Offline,Average,Excellent,Yes,3,High,4.8,A,0.4,2,Neutral,2.4,3.0,3.6,2.2,3.9,3.9,1.5
28,Female,5.08,84.0,9.3,4.0,2.8,1.81,Yes,Online,Average,Poor,No,2,High,2.7,A,0.87,1,Positive,2.1,3.6,5.0,5.0,3.4,3.7,5.0
23,Male,5.68,73.6,6.7,9.1,3.0,1.84,No,Offline,Average,Good,Yes,3,Low,5.3,B,0.32,2,Positive,1.3,3.8,3.5,2.5,2.6,4.0,2.1
20,Male,11.03,88.5,5.5,6.2,1.6,2.33,No,Hybrid,Average,Poor,Yes,3,High,5.1,A,0.4,0,Neutral,2.6,2.8,4.6,5.0,3.9,5.0,2.6
23,Female,4.99,85.9,6.0,5.6,5.1,1.86,No,Hybrid,Poor,Poor,Yes,2,High,3.4,A,0.37,0,Positive,2.2,1.9,3.6,1.9,2.7,2.8,1.4
29,Female,2.72,64.0,7.1,6.0,5.0,2.04,No,Hybrid,Poor,Average,Yes,1,Middle,5.8,C,0.75,1,Positive,2.3,3.1,4.1,3.2,2.6,4.7,2.9
23,Male,3.17,78.8,6.6,5.3,4.7,2.22,No,Offline,Good,Good,No,1,Middle,3.1,A,0.72,2,Neutral,4.7,2.9,3.2,2.5,3.4,5.0,3.4
23,Female,5.27,83.2,9.6,5.2,4.8,2.06,No,Online,Average,Excellent,Yes,2,High,2.7,A,0.28,2,Positive,3.0,2.9,3.5,1.8,5.0,5.0,1.9
26,Female,6.5,81.6,7.5,3.5,5.8,1.73,No,Hybrid,Average,Average,Yes,0,Middle,4.0,B,0.66,0,Positive,2.8,3.2,5.0,3.6,1.1,3.2,3.8
18,Male,3.31,81.9,5.7,6.2,4.9,2.2,Yes,Hybrid,Average,Good,No,1,Low,3.6,B,0.42,1,Positive,3.8,1.2,3.5,1.9,2.9,4.5,2.6
23,Female,1.06,83.4,8.1,2.4,4.8,1.79,Yes,Online,Average,Good,No,3,High,5.4,C,0.97,0,Negative,2.5,2.4,3.3,3.6,2.8,5.0,4.0
25,Male,6.1,88.9,5.1,5.7,5.4,1.93,No,Hybrid,Average,Average,Yes,2,Middle,4.9,B,0.18,2,Neutral,3.5,1.5,2.9,2.8,2.5,3.5,1.0
27,Male,4.58,88.6,8.1,4.3,2.5,2.02,Yes,Offline,Average,Good,Yes,2,High,4.5,A,0.37,1,Positive,3.7,4.7,4.4,2.3,4.0,5.0,4.1
19,Female,4.03,81.2,7.4,5.3,0.6,1.87,No,Online,Poor,Good,No,2,Middle,3.9,B,0.89,1,Positive,2.0,4.3,2.6,3.6,4.5,3.9,3.6
21,Male,3.28,70.2,7.6,1.9,1.7,1.71,Yes,Hybrid,Good,Excellent,Yes,2,Low,3.5,B,0.66,1,Positive,2.7,5.0,4.3,4.7,3.9,5.0,2.8
23,Male,7.15,57.8,5.2,6.7,4.1,1.56,No,Offline,Average,Excellent,No,1,Middle,4.9,A,0.55,2,Positive,1.5,3.9,4.7,3.0,2.2,3.5,2.8
19,Male,4.67,69.4,7.4,3.8,3.2,1.95,No,Online,Average,Average,Yes,2,Middle,3.3,A,0.64,1,Neutral,1.9,2.9,4.2,3.2,3.6,3.9,3.4
22,Female,2.45,76.7,7.5,6.2,4.8,1.43,Yes,Online,Good,Good,Yes,0,Low,7.1,C,0.52,0,Negative,2.3,1.7,2.9,2.2,3.6,5.0,1.8
19,Female,3.06,83.7,7.5,5.7,6.4,2.33,Yes,Offline,Poor,Average,Yes,1,Middle,4.2,B,0.22,1,Negative,3.3,2.7,1.9,1.9,2.7,4.3,3.0
20,Male,4.11,99.7,6.2,1.0,4.8,1.67,Yes,Offline,Good,Good,Yes,2,Low,3.9,A,0.9,0,Positive,1.9,4.8,2.9,3.5,3.0,3.9,4.1
20,Female,2.17,87.3,7.5,1.0,3.3,1.7,Yes,Online,Average,Excellent,No,2,Middle,5.7,B,0.53,2,Positive,3.1,3.6,5.0,3.4,4.5,5.0,4.1
21,Male,3.98,66.9,7.6,8.4,4.3,2.02,No,Online,Average,Poor,No,1,High,1.0,A,0.11,0,Neutral,2.7,2.3,3.4,1.1,1.1,5.0,2.3
20,Female,7.21,85.5,5.2,7.0,4.1,1.49,Yes,Online,Average,Good,No,1,Middle,6.0,B,0.52,0,Positive,2.7,2.6,4.8,1.9,4.8,2.6,1.6
21,Male,6.63,73.3,5.7,7.7,4.5,2.33,Yes,Offline,Average,Good,No,1,Middle,6.6,B,0.39,0,Positive,3.8,2.4,3.3,2.1,2.4,3.6,1.8
19,Female,6.92,70.5,6.7,7.0,4.5,1.58,No,Offline,Average,Good,No,2,Middle,3.8,A,0.79,1,Neutral,4.7,2.4,3.4,2.3,2.9,5.0,1.3
18,Non-Binary,6.89,75.8,7.6,7.1,2.5,1.48,No,Hybrid,Poor,Average,No,1,Middle,4.5,A,0.79,0,Positive,1.4,2.1,4.0,2.5,2.9,3.6,2.5
17,Female,5.28,88.9,6.6,4.7,5.0,2.06,No,Online,Good,Excellent,No,2,Middle,2.2,A,0.69,2,Positive,3.5,3.9,5.0,4.7,2.5,3.2,3.2
18,Male,5.71,77.6,7.9,7.8,3.5,2.19,No,Offline,Good,Good,Yes,3,High,3.9,A,0.53,2,Positive,5.0,1.6,4.6,3.1,2.2,5.0,2.1
22,Female,1.63,86.8,6.9,9.7,5.2,2.05,Yes,Offline,Good,Average,Yes,2,High,10.0,C,0.61,1,Positive,4.0,2.2,3.2,1.7,3.1,3.7,1.5
24,Male,6.45,78.9,7.7,6.6,3.2,2.07,No,Online,Average,Poor,No,0,Middle,1.0,A,0.95,1,Neutral,3.6,2.2,3.6,3.2,1.4,2.9,1.9
18,Female,6.2,74.8,4.9,2.8,5.7,1.7,No,Hybrid,Average,Good,No,2,High,3.9,B,0.69,1,Positive,1.2,2.2,3.0,3.6,2.7,1.8,2.2
18,Male,5.45,80.4,7.1,3.0,6.7,1.92,No,Offline,Poor,Poor,No,2,High,5.2,A,0.45,0,Neutral,4.2,2.6,5.0,3.2,3.8,3.8,3.2
23,Male,5.43,97.2,9.0,1.0,4.7,1.55,Yes,Offline,Good,Average,No,2,Low,5.5,A,0.21,0,Neutral,4.7,2.6,3.2,3.7,3.0,5.0,3.8
19,Male,2.9,79.4,5.7,6.1,2.8,1.97,No,Offline,Average,Good,No,1,Middle,2.5,B,0.5,0,Neutral,3.7,1.6,4.0,2.1,2.6,4.3,3.1
27,Male,4.07,90.9,7.0,4.5,5.2,1.77,No,Offline,Good,Good,No,2,High,3.0,A,0.67,0,Neutral,3.9,3.1,4.6,2.6,3.3,5.0,3.3
23,Female,1.94,93.7,7.3,4.5,6.3,1.34,Yes,Offline,Average,Good,No,1,High,5.3,C,0.81,0,Positive,4.0,4.0,4.3,2.5,4.3,4.2,1.8
19,Female,4.06,94.6,6.5,4.6,4.7,1.5,No,Hybrid,Good,Average,Yes,1,Middle,3.8,B,0.36,1,Positive,3.7,2.0,2.9,3.1,4.1,3.3,2.1
19,Female,4.49,82.4,5.7,3.0,3.5,1.8,No,Offline,Good,Good,No,4,Middle,3.3,A,0.92,0,Neutral,3.8,2.6,2.4,3.2,1.5,5.0,3.6
21,Female,3.74,89.2,9.5,5.5,4.7,1.64,No,Online,Poor,Excellent,No,2,Middle,3.2,C,0.93,1,Positive,1.4,2.5,4.4,2.0,3.9,5.0,3.8
17,Female,7.23,83.8,7.3,6.2,4.5,2.08,No,Hybrid,Average,Average,No,2,Low,3.5,A,0.18,2,Neutral,5.0,2.8,5.0,4.1,3.1,5.0,1.9
18,Male,3.37,67.2,7.1,5.1,4.7,1.28,Yes,Online,Average,Good,No,0,High,4.7,C,0.65,1,Negative,4.0,3.0,3.3,2.5,2.1,3.4,2.3
18,Male,5.63,74.2,8.3,4.5,5.4,1.79,No,Offline,Average,Excellent,Yes,3,High,3.7,A,0.58,2,Positive,3.9,3.3,2.5,2.5,2.8,3.9,3.2
24,Male,5.38,75.8,7.0,7.5,4.1,1.76,No,Offline,Average,Good,Yes,2,Middle,4.5,C,0.4,2,Positive,3.4,1.4,3.3,4.8,2.9,4.7,3.0
21,Male,4.65,98.1,5.8,2.7,3.7,2.08,No,Offline,Poor,Good,No,1,Low,3.8,A,0.67,2,Positive,1.1,1.8,3.9,1.5,2.3,2.5,3.0
17,Male,6.07,69.5,5.4,3.4,5.5,2.33,No,Offline,Average,Average,Yes,2,High,1.9,A,0.79,0,Neutral,1.0,2.3,3.4,3.6,4.0,3.4,2.3
22,Male,5.75,70.1,8.6,7.1,3.0,1.67,No,Online,Average,Good,No,2,Middle,5.9,B,0.41,1,Positive,3.5,1.9,3.0,2.6,4.7,4.5,1.5
20,Male,4.26,85.9,7.5,4.6,2.8,2.15,No,Online,Good,Good,Yes,3,Low,3.8,A,0.27,2,Neutral,3.0,2.4,2.0,4.2,2.4,5.0,3.1
21,Male,7.53,85.6,5.6,5.5,2.8,2.16,Yes,Offline,Good,Good,No,2,Low,3.6,A,0.53,2,Positive,3.8,1.8,3.5,4.5,2.1,3.3,1.9
19,Female,4.72,79.8,7.0,1.5,2.7,1.41,No,Offline,Good,Excellent,Yes,2,Low,3.2,A,0.46,2,Neutral,2.7,3.3,3.7,3.9,3.0,4.8,3.2
21,Male,6.2,68.6,5.4,4.2,1.0,1.6,Yes,Hybrid,Poor,Poor,No,2,Middle,4.4,B,0.7,0,Neutral,2.6,3.1,3.6,3.5,4.0,4.3,1.3
28,Female,2.99,48.9,7.4,5.1,3.9,1.81,No,Hybrid,Average,Poor,No,2,Middle,6.1,C,0.62,1,Negative,2.7,3.4,3.0,1.9,1.0,5.0,2.1
17,Female,3.23,95.4,8.7,3.6,3.5,2.11,No,Offline,Poor,Poor,No,2,Low,4.6,A,0.63,0,Positive,2.5,2.3,4.1,3.9,3.1,4.9,4.3
19,Female,5.33,75.8,6.7,4.6,4.5,1.55,No,Offline,Average,Good,No,1,High,3.2,A,0.79,0,Positive,1.9,2.9,5.0,3.0,3.7,2.8,3.2
19,Male,9.46,83.6,7.5,6.8,5.8,1.62,No,Online,Poor,Average,No,2,High,2.8,A,0.53,0,Neutral,1.8,3.3,3.9,4.6,2.6,4.9,2.4
19,Male,2.55,73.8,7.5,1.0,2.4,2.3,No,Online,Average,Good,Yes,3,Low,4.0,A,0.71,0,Neutral,3.5,2.0,4.0,3.4,3.5,4.0,3.8
20,Male,2.7,69.6,5.6,7.9,3.8,1.69,No,Online,Average,Average,Yes,0,Low,5.4,D,0.75,0,Positive,3.6,1.8,4.5,1.9,2.9,5.0,1.0
24,Male,3.52,74.4,7.6,6.5,4.2,1.8,No,Offline,Average,Good,Yes,2,Middle,5.5,C,0.32,0,Neutral,1.0,1.5,2.7,3.1,3.7,5.0,1.0
26,Male,4.15,92.5,8.2,4.6,6.5,1.61,No,Online,Average,Average,No,3,Low,2.0,A,0.67,1,Neutral,2.8,3.0,2.3,2.9,4.2,4.3,3.2
19,Female,5.13,87.5,8.0,4.6,5.1,1.5,No,Online,Good,Excellent,Yes,2,Low,5.7,A,0.38,1,Positive,2.8,4.3,4.0,2.9,3.3,4.4,3.9
21,Female,7.01,100.0,6.3,3.9,0.8,1.67,Yes,Online,Good,Good,No,2,Middle,2.5,A,0.33,2,Positive,3.5,2.4,5.0,3.5,3.8,4.2,2.8
22,Female,4.68,71.4,8.0,2.9,5.4,1.63,No,Offline,Good,Excellent,Yes,0,High,6.5,B,0.87,2,Positive,3.5,4.1,2.6,3.9,1.2,5.0,3.0
21,Male,6.15,75.9,6.8,4.9,4.4,1.37,Yes,Offline,Good,Good,No,3,High,4.4,B,0.3,2,Neutral,3.7,3.6,5.0,3.6,1.9,4.7,3.5
20,Male,5.05,79.6,7.6,3.3,3.9,2.39,No,Offline,Poor,Average,No,2,High,5.0,A,0.96,2,Positive,2.7,3.1,4.5,2.6,2.9,3.9,3.9
18,Female,3.9,89.4,8.6,5.8,3.9,1.33,Yes,Hybrid,Average,Average,No,1,Middle,3.7,B,0.5,0,Neutral,2.3,2.3,4.6,3.8,1.9,4.3,3.1
21,Male,4.07,93.2,6.6,2.6,4.8,1.71,No,Online,Good,Excellent,Yes,2,Middle,1.0,A,0.81,1,Positive,1.3,2.7,2.9,2.4,2.6,4.0,3.2
20,Female,5.96,70.2,5.5,6.6,2.7,1.89,Yes,Offline,Good,Good,Yes,2,Middle,2.2,B,0.75,1,Neutral,2.9,3.9,3.5,2.9,3.3,5.0,3.8
24,Female,5.36,79.3,5.9,5.8,3.3,1.28,Yes,Online,Poor,Poor,Yes,0,Middle,9.6,C,0.45,0,Positive,1.4,2.0,4.5,2.6,2.9,3.6,1.9
23,Male,7.58,72.1,8.0,2.7,4.9,1.64,No,Offline,Good,Good,Yes,1,Middle,2.5,A,0.51,2,Positive,2.3,3.4,4.6,4.4,3.6,4.9,3.0
18,Male,5.4,71.0,5.4,4.4,5.8,1.42,No,Hybrid,Good,Good,No,1,Middle,7.3,C,0.59,0,Positive,1.6,2.2,3.5,2.9,4.1,3.9,3.5
18,Male,4.79,88.0,6.0,1.0,2.6,2.28,Yes,Hybrid,Average,Average,Yes,2,Low,1.8,A,0.24,0,Positive,4.4,2.1,3.0,4.5,3.6,4.8,3.4
25,Male,2.82,79.5,6.0,7.2,4.7,1.56,No,Offline,Poor,Average,Yes,1,Low,6.4,C,0.44,2,Neutral,1.7,1.8,2.9,3.1,3.1,5.0,1.6
21,Male,3.55,84.4,5.0,4.0,5.4,1.54,No,Online,Average,Excellent,No,1,High,5.6,B,0.45,1,Positive,2.1,4.1,2.8,2.5,2.5,4.3,2.6
25,Male,5.73,91.1,7.9,6.0,2.9,2.11,Yes,Offline,Poor,Poor,No,4,Middle,8.0,A,0.71,0,Neutral,3.6,3.6,4.1,3.8,4.4,4.2,2.9
17,Male,5.64,87.5,6.8,1.4,4.3,1.95,No,Offline,Poor,Average,Yes,2,Middle,3.8,A,0.41,2,Neutral,4.1,2.9,3.5,4.9,3.1,4.7,3.0
21,Female,8.22,100.0,7.4,5.9,5.9,1.65,No,Online,Average,Average,Yes,3,Middle,2.8,A,0.49,0,Neutral,2.3,4.8,3.3,3.8,1.2,5.0,3.4
21,Female,3.83,90.7,6.2,6.2,2.5,1.69,No,Hybrid,Average,Average,Yes,1,Middle,5.6,B,0.47,2,Positive,4.5,3.7,2.5,3.0,3.9,3.4,2.6
25,Male,6.29,81.5,7.0,8.5,2.9,1.74,No,Hybrid,Average,Good,No,4,Low,2.9,A,0.43,0,Neutral,2.7,1.7,3.1,2.9,3.6,4.0,2.5
18,Female,4.9,75.0,8.5,3.6,2.4,1.78,No,Online,Good,Poor,No,1,Low,4.8,A,0.56,0,Positive,4.2,2.7,3.6,3.7,3.1,4.0,2.7
19,Female,1.04,82.1,5.5,5.2,5.1,1.8,No,Online,Good,Average,No,0,Middle,5.8,C,0.6,0,Neutral,3.0,2.5,4.3,2.2,3.3,4.4,2.6
20,Female,2.81,88.4,5.1,2.5,3.1,2.1,No,Hybrid,Good,Excellent,Yes,2,Low,3.1,A,0.65,2,Positive,1.7,2.6,3.7,2.5,2.2,3.5,4.2
25,Female,5.54,82.7,7.8,3.0,4.5,2.12,No,Offline,Poor,Average,No,2,Middle,4.4,A,0.89,2,Positive,2.1,3.5,2.8,4.1,2.5,5.0,3.6
26,Male,4.35,70.0,6.3,4.9,6.2,1.81,No,Online,Good,Average,Yes,0,Low,5.3,B,0.76,1,Negative,2.9,3.0,3.5,3.6,2.5,4.3,2.8
29,Male,3.76,76.7,7.1,6.2,3.3,1.64,No,Hybrid,Good,Good,No,4,Low,5.6,B,0.94,1,Neutral,4.1,3.0,4.8,2.5,4.4,5.0,2.3
27,Female,7.18,71.0,5.9,3.6,3.1,2.08,Yes,Offline,Average,Good,No,3,High,5.9,A,0.45,2,Neutral,3.5,3.4,3.4,3.7,2.5,5.0,1.8
17,Female,4.62,100.0,7.5,9.3,7.6,1.44,Yes,Offline,Average,Excellent,Yes,0,High,5.4,C,0.75,2,Positive,4.3,2.4,2.5,2.5,2.0,4.9,2.9
17,Female,5.61,89.6,8.6,6.6,5.7,1.89,Yes,Online,Poor,Average,Yes,4,Middle,3.5,A,0.59,0,Positive,2.3,1.8,3.4,4.2,3.4,4.8,2.2
18,Non-Binary,6.53,68.2,5.6,2.7,3.0,1.93,Yes,Online,Average,Excellent,No,3,Low,1.6,A,0.61,1,Neutral,1.4,3.0,3.0,2.8,1.4,3.6,2.1
20,Female,4.17,78.6,7.7,4.3,5.3,1.76,No,Hybrid,Average,Good,Yes,2,Low,4.8,A,0.62,2,Positive,3.6,2.8,4.5,3.3,2.6,3.5,2.9
24,Male,6.3,87.5,8.0,6.5,1.6,2.01,Yes,Online,Good,Good,Yes,4,High,2.9,A,0.4,0,Positive,3.4,2.4,4.5,3.3,3.6,5.0,2.8
25,Male,3.13,83.8,8.5,4.5,3.4,1.56,Yes,Offline,Average,Poor,No,3,Low,4.3,A,0.49,0,Positive,2.8,3.4,5.0,3.6,2.7,4.7,2.4
18,Male,2.57,77.5,5.9,8.4,3.6,1.7,No,Online,Good,Poor,No,1,High,7.4,C,0.22,1,Neutral,2.5,2.2,3.9,1.8,2.3,5.0,1.7
22,Female,7.2,54.5,5.2,8.3,5.6,1.73,No,Online,Average,Good,No,0,Middle,5.3,D,0.75,1,Neutral,2.6,3.4,5.0,2.8,1.6,4.3,2.7
26,Female,7.57,93.5,7.8,7.4,3.1,1.58,Yes,Offline,Good,Excellent,Yes,2,Middle,2.9,A,0.3,2,Positive,2.2,2.3,5.0,3.9,2.2,4.1,2.8
21,Female,6.46,71.4,5.2,5.6,2.1,1.49,No,Hybrid,Poor,Good,Yes,1,Middle,6.3,B,0.39,2,Positive,3.3,3.9,4.1,2.6,3.0,3.6,2.4
18,Female,3.59,91.3,6.8,5.7,2.7,1.55,Yes,Hybrid,Average,Average,Yes,3,Middle,5.6,B,0.42,1,Positive,3.6,2.5,4.5,3.5,2.9,3.4,2.9
20,Female,4.39,90.1,7.0,7.0,4.8,2.0,Yes,Hybrid,Average,Poor,No,0,Middle,4.9,A,0.66,0,Positive,4.3,2.7,4.8,2.2,4.0,4.2,2.6
20,Female,3.25,75.9,6.0,7.4,1.6,2.01,No,Offline,Poor,Good,Yes,3,Middle,4.3,B,0.74,1,Negative,3.0,2.6,4.6,1.9,2.6,2.8,2.2
21,Female,3.24,78.0,8.6,3.5,5.5,1.93,No,Offline,Good,Good,No,2,High,1.2,A,0.31,1,Negative,3.3,1.8,3.0,3.3,1.0,4.1,3.3
20,Male,5.3,81.5,8.3,3.9,3.9,1.81,No,Offline,Average,Average,Yes,2,Low,3.2,A,0.03,2,Positive,1.3,1.7,2.7,3.2,4.0,5.0,2.3
17,Female,4.14,77.2,7.7,2.6,5.7,2.15,No,Offline,Good,Poor,Yes,2,Middle,2.4,A,0.73,0,Neutral,3.1,3.3,3.8,3.5,4.6,3.9,2.5
29,Female,7.27,79.0,8.4,4.4,2.6,2.28,Yes,Offline,Average,Good,Yes,2,Middle,4.5,A,0.84,0,Positive,3.6,1.9,5.0,4.1,1.3,5.0,3.1
21,Male,2.03,77.6,7.0,3.8,3.2,2.07,Yes,Offline,Good,Good,No,2,Middle,5.0,B,0.78,1,Positive,2.2,3.3,4.5,3.7,3.7,3.8,3.7
21,Male,4.04,97.6,7.1,5.0,3.3,2.05,No,Online,Good,Good,No,2,Low,2.6,A,0.73,2,Positive,4.4,4.0,3.8,2.2,4.8,4.7,2.9
27,Female,2.69,89.3,7.5,6.7,4.4,1.7,Yes,Hybrid,Average,Excellent,No,0,High,4.6,B,0.52,2,Neutral,2.2,1.8,2.9,2.4,2.4,4.2,2.3
18,Male,2.52,68.7,7.5,4.0,1.8,1.44,Yes,Offline,Good,Good,Yes,1,Middle,5.8,B,0.75,0,Neutral,3.3,2.7,3.5,2.9,3.4,5.0,2.8
18,Male,8.65,68.5,6.4,5.9,3.0,1.96,No,Offline,Average,Average,Yes,1,High,3.4,A,0.95,0,Positive,3.2,1.0,4.0,4.3,3.5,4.3,2.3
24,Male,8.06,84.0,6.5,5.2,4.4,1.37,No,Online,Average,Good,Yes,1,High,3.1,A,0.3,2,Positive,2.1,1.1,5.0,3.5,2.8,3.7,3.3
19,Female,5.84,87.4,9.3,7.1,2.6,1.69,No,Hybrid,Poor,Excellent,No,1,Low,6.9,A,0.94,2,Positive,2.8,2.9,3.7,2.1,4.7,5.0,1.5
24,Female,6.05,78.4,8.0,4.0,6.5,1.52,No,Online,Average,Excellent,Yes,2,Low,2.8,A,0.64,2,Positive,3.1,2.9,2.8,3.2,2.1,3.4,4.7
19,Male,6.19,57.2,5.0,2.2,6.6,1.77,Yes,Online,Good,Excellent,Yes,2,High,5.1,A,0.51,2,Neutral,3.1,2.5,4.2,3.0,5.0,3.7,2.5
17,Male,5.1,95.4,7.8,4.4,3.3,1.46,No,Online,Poor,Average,Yes,2,Middle,4.9,A,0.93,1,Neutral,1.5,1.0,4.5,2.9,5.0,3.0,3.0
21,Non-Binary,0.59,66.2,8.0,1.0,4.8,1.76,No,Offline,Average,Good,No,3,Low,2.5,B,0.38,2,Neutral,3.4,3.0,3.1,2.5,3.2,3.7,3.7
18,Female,0.65,80.4,8.6,4.4,4.5,1.72,No,Online,Good,Excellent,Yes,3,High,4.9,C,0.66,2,Neutral,4.0,2.9,5.0,2.0,5.0,4.8,3.0
23,Female,6.11,74.0,7.1,3.2,4.2,1.24,Yes,Offline,Good,Good,Yes,2,Middle,4.9,A,0.48,0,Positive,3.9,4.1,4.7,4.1,2.6,3.2,2.7
22,Male,0.04,73.3,5.7,5.7,3.0,1.27,Yes,Offline,Average,Average,Yes,0,Middle,8.0,Fail,0.24,0,Negative,3.8,2.4,2.8,1.1,1.8,4.7,2.2
26,Male,7.72,68.4,5.3,6.8,1.3,1.84,No,Hybrid,Good,Excellent,Yes,3,Middle,2.1,A,0.8,1,Positive,2.0,4.6,3.4,3.8,3.9,5.0,3.5
24,Male,6.58,70.5,7.4,5.4,3.4,1.6,Yes,Online,Poor,Good,No,2,High,5.1,B,0.52,0,Neutral,3.7,2.3,2.7,4.4,3.8,5.0,2.7
18,Female,5.59,87.8,6.8,5.1,1.6,2.04,Yes,Offline,Average,Average,No,3,Low,2.7,A,0.73,0,Positive,1.5,1.8,5.0,3.7,2.9,2.9,1.8
24,Male,5.71,98.8,7.9,3.5,6.4,2.07,No,Hybrid,Average,Average,Yes,2,Middle,4.9,A,0.65,0,Positive,2.8,4.3,3.3,3.2,4.7,4.3,2.9
22,Male,6.35,81.1,6.9,7.0,4.4,1.82,Yes,Offline,Average,Good,No,2,Middle,7.8,A,0.91,2,Positive,1.9,3.6,4.2,3.6,2.4,4.7,1.0
22,Male,3.81,83.6,7.9,5.3,3.9,2.39,Yes,Hybrid,Average,Good,Yes,2,High,4.0,A,0.75,2,Negative,4.0,3.8,3.9,1.9,4.6,5.0,2.6
24,Male,8.55,86.0,6.8,4.9,5.4,1.87,Yes,Online,Good,Poor,Yes,3,High,4.4,A,0.34,1,Positive,3.1,4.2,2.7,3.5,3.4,4.6,2.3
21,Female,4.47,88.3,7.3,5.4,3.4,1.71,Yes,Hybrid,Poor,Good,No,1,Middle,4.5,B,0.49,1,Positive,1.0,3.2,4.9,2.4,3.4,3.5,3.7
21,Male,3.19,75.1,6.6,4.6,4.5,1.77,Yes,Hybrid,Poor,Good,No,2,Middle,3.8,C,0.27,2,Neutral,2.7,2.3,3.9,3.0,2.8,4.4,3.4
22,Female,8.57,89.1,6.6,2.3,2.4,1.94,No,Hybrid,Average,Good,No,1,Middle,5.8,A,0.94,2,Positive,1.6,1.6,4.0,3.7,3.8,4.8,4.4
19,Female,5.25,78.0,6.2,4.8,2.7,1.62,No,Hybrid,Poor,Average,Yes,2,Middle,4.2,B,0.69,1,Positive,2.4,2.7,2.3,2.3,2.3,4.4,3.5
18,Male,5.63,75.8,5.4,6.8,2.5,2.01,Yes,Hybrid,Good,Good,No,0,High,3.7,A,0.69,1,Positive,2.7,1.7,4.1,2.3,2.2,4.9,1.0
22,Female,7.31,49.9,7.3,6.1,3.0,2.1,Yes,Offline,Average,Poor,Yes,2,Middle,6.3,A,0.19,0,Neutral,3.7,2.5,3.8,2.5,3.0,5.0,2.2
19,Non-Binary,9.25,79.3,7.2,1.4,3.5,1.83,No,Hybrid,Poor,Average,No,1,High,3.8,A,0.47,2,Positive,3.9,1.6,3.0,3.4,3.0,4.0,2.0
17,Non-Binary,4.91,64.8,7.5,4.4,5.7,1.01,No,Online,Poor,Average,Yes,0,Middle,7.6,C,0.22,2,Negative,1.6,1.5,4.2,3.2,2.5,3.3,2.8
17,Male,5.19,84.0,4.6,3.8,4.5,1.86,Yes,Offline,Average,Excellent,No,0,Low,5.4,B,0.77,2,Positive,2.7,3.3,4.8,3.9,2.9,4.0,3.4
22,Male,2.27,83.3,7.4,2.6,5.2,1.6,No,Offline,Average,Average,Yes,0,High,4.7,C,0.49,0,Neutral,2.6,3.4,4.4,3.4,1.7,3.7,3.2
20,Male,5.04,67.5,5.8,7.3,3.5,1.7,No,Hybrid,Good,Poor,No,2,Low,4.9,B,0.54,1,Negative,1.7,2.0,2.6,1.8,3.5,5.0,2.0
23,Female,8.24,79.8,5.7,2.7,3.3,1.95,Yes,Offline,Average,Average,No,2,Middle,2.3,A,0.76,1,Positive,2.7,1.8,3.4,3.3,1.0,5.0,3.5
20,Female,3.48,76.5,5.9,4.7,3.9,1.83,No,Online,Average,Good,Yes,0,Middle,6.9,C,0.65,1,Positive,3.9,2.9,4.3,2.1,3.4,4.7,3.2
21,Female,3.21,75.0,6.8,8.2,5.0,1.5,No,Offline,Poor,Excellent,No,1,High,8.7,D,0.66,2,Positive,1.9,1.9,5.0,1.1,2.7,3.0,1.3
20,Male,1.67,85.5,4.8,3.2,3.9,2.07,Yes,Offline,Average,Excellent,No,0,Low,5.1,B,0.29,2,Positive,3.9,2.6,2.7,1.0,3.0,4.5,1.6
22,Male,2.47,83.5,7.8,9.7,5.7,2.19,No,Offline,Average,Average,Yes,2,High,7.3,B,0.7,1,Positive,1.6,3.0,4.2,1.0,2.8,5.0,1.0
20,Female,2.4,74.1,6.7,1.7,3.7,1.8,No,Hybrid,Good,Average,Yes,1,High,4.8,B,0.22,2,Neutral,4.6,4.4,3.1,3.4,1.8,4.2,2.7
27,Female,5.0,62.8,6.9,2.2,4.5,1.75,No,Hybrid,Average,Average,No,1,Low,5.6,A,0.44,0,Positive,3.0,3.6,3.0,3.3,2.4,4.2,3.4
26,Female,5.54,86.2,7.1,7.6,2.6,2.01,No,Offline,Average,Good,Yes,2,High,7.9,A,0.23,2,Positive,2.2,2.7,4.8,2.9,2.4,4.4,2.6
24,Male,1.03,66.4,7.0,5.3,5.4,1.85,No,Hybrid,Average,Poor,No,1,Middle,9.6,C,0.73,0,Negative,3.6,3.8,3.9,2.5,2.5,4.6,2.7
26,Male,5.81,73.7,7.4,4.4,2.9,1.64,Yes,Offline,Average,Average,Yes,1,Low,3.3,A,0.49,1,Positive,5.0,2.8,2.4,4.9,3.9,3.9,3.2
20,Male,7.51,79.3,6.4,6.5,5.5,1.7,No,Offline,Average,Good,Yes,2,High,4.7,A,0.74,2,Positive,4.4,2.0,3.0,3.5,3.2,5.0,2.6
21,Male,6.64,86.4,6.7,2.9,5.2,1.78,No,Hybrid,Average,Average,No,1,Middle,2.4,A,0.72,2,Positive,2.9,3.1,3.8,4.1,1.9,5.0,2.8
23,Male,3.5,84.1,5.1,5.5,6.9,1.6,No,Hybrid,Good,Poor,No,0,Middle,7.6,D,0.35,0,Neutral,4.3,3.3,4.8,3.9,2.7,3.4,1.7
23,Male,6.59,75.8,4.5,4.8,5.2,1.87,No,Hybrid,Good,Average,Yes,2,Middle,4.8,A,0.28,1,Positive,5.0,3.0,2.5,3.6,3.7,4.3,2.2
25,Male,3.98,84.9,7.6,4.9,3.7,1.68,No,Offline,Poor,Average,No,4,Low,3.0,A,0.84,2,Negative,2.6,1.0,4.3,4.4,2.1,4.0,1.2
23,Male,2.8,81.9,7.0,4.1,4.4,2.13,No,Offline,Average,Good,Yes,0,Middle,6.6,B,0.92,2,Negative,3.2,3.7,4.9,3.0,5.0,3.6,2.7
29,Male,2.22,97.7,7.0,5.6,2.3,1.61,Yes,Online,Poor,Excellent,No,1,Low,5.4,C,0.92,2,Neutral,2.2,3.0,2.7,2.5,3.5,5.0,2.7
20,Female,2.06,81.8,6.7,2.1,7.1,1.44,Yes,Offline,Poor,Average,No,1,Low,4.4,B,0.2,0,Neutral,2.6,3.5,2.2,4.0,3.6,4.2,2.8
24,Male,4.32,77.8,6.1,6.4,6.2,2.24,Yes,Online,Average,Average,Yes,1,High,5.7,B,0.65,2,Neutral,2.7,3.2,3.7,2.7,3.1,4.0,2.7
23,Female,6.15,66.2,7.8,5.3,2.0,1.27,No,Online,Average,Excellent,Yes,3,High,3.3,A,0.78,2,Positive,2.6,2.5,4.9,2.0,3.3,3.6,2.7
23,Female,1.45,77.6,6.9,4.8,3.9,2.03,Yes,Offline,Average,Excellent,Yes,0,Middle,5.1,B,0.3,2,Positive,4.2,3.0,1.7,3.1,2.3,4.4,1.8
19,Female,1.03,69.0,5.3,4.0,3.2,2.13,No,Online,Average,Average,Yes,0,Low,9.1,D,0.53,2,Negative,1.1,3.6,4.6,1.6,2.8,4.1,2.2
24,Female,7.27,61.1,7.6,4.8,5.2,1.88,No,Hybrid,Average,Good,Yes,3,Middle,2.9,A,0.5,2,Neutral,3.0,3.2,2.8,2.7,2.8,5.0,4.0
25,Male,3.11,71.4,9.1,6.6,6.4,2.0,No,Hybrid,Good,Poor,No,3,High,5.3,A,0.42,0,Positive,2.9,1.8,3.4,3.1,4.0,5.0,1.6
19,Female,9.33,89.3,6.2,6.9,3.3,1.81,No,Hybrid,Average,Good,Yes,3,Low,3.1,A,0.1,1,Positive,2.5,2.3,1.0,4.5,4.5,5.0,2.2
22,Female,5.74,89.7,7.6,4.1,3.0,1.99,No,Offline,Average,Excellent,No,1,Low,2.2,A,0.69,2,Positive,3.8,2.4,3.1,2.7,4.6,4.5,1.9
20,Female,2.18,79.0,7.5,4.5,5.9,1.8,No,Online,Good,Good,No,1,High,4.4,B,0.55,2,Neutral,3.8,2.7,5.0,3.0,2.9,5.0,2.6
28,Male,6.8,69.4,6.6,7.7,3.8,1.83,No,Hybrid,Average,Good,No,3,Middle,8.6,B,0.88,2,Neutral,3.0,3.4,3.3,3.0,2.6,4.7,3.0
21,Male,6.98,74.4,8.2,4.2,2.9,1.49,Yes,Hybrid,Poor,Average,Yes,4,Low,4.7,A,0.72,0,Positive,3.3,3.7,5.0,2.2,3.2,5.0,3.1
19,Male,1.62,64.6,6.1,5.2,5.9,1.89,No,Online,Average,Good,Yes,1,Low,6.5,C,0.66,2,Neutral,3.0,3.4,2.1,2.3,1.8,3.3,1.7
20,Female,4.47,84.9,8.5,6.0,5.4,1.85,Yes,Online,Average,Good,No,1,High,4.3,B,0.51,1,Neutral,3.6,1.6,3.2,3.7,4.6,5.0,2.0
22,Female,7.67,86.6,4.8,1.0,5.6,1.99,Yes,Offline,Average,Good,Yes,4,Middle,3.1,A,0.66,0,Positive,4.6,3.0,3.9,3.9,5.0,3.6,3.1
17,Male,1.98,74.5,7.4,3.5,2.5,2.39,No,Online,Average,Poor,No,2,Low,1.9,A,0.77,0,Neutral,4.1,1.0,4.0,2.0,1.0,4.4,2.2
22,Female,5.81,76.7,8.1,8.4,2.1,2.01,Yes,Offline,Poor,Good,Yes,1,High,7.7,B,0.26,2,Positive,5.0,2.3,4.0,3.8,2.4,4.9,2.4
26,Female,5.64,77.6,6.8,4.9,4.1,1.56,No,Offline,Average,Good,No,1,High,4.6,A,0.65,2,Positive,3.8,2.5,2.9,2.0,1.0,4.0,3.5
25,Male,8.8,71.3,7.2,4.1,3.3,1.28,No,Online,Poor,Average,No,1,Low,4.5,A,0.07,0,Positive,1.2,2.6,4.2,2.9,2.3,3.6,2.5
17,Female,7.56,83.0,5.3,6.0,3.5,1.87,Yes,Offline,Average,Average,No,5,Middle,4.6,A,0.23,2,Positive,3.6,3.5,3.2,3.6,3.1,5.0,2.4
29,Female,4.19,68.0,8.2,5.9,4.0,1.89,No,Hybrid,Average,Average,Yes,3,Low,7.5,B,0.64,1,Negative,2.3,2.1,4.4,3.1,1.1,4.5,3.1
23,Male,2.16,73.3,7.6,2.7,3.4,2.3,No,Offline,Good,Good,Yes,2,Middle,4.0,A,0.37,1,Positive,4.3,3.5,2.9,2.4,3.9,5.0,3.3
18,Female,4.28,90.0,8.1,3.7,7.3,1.9,Yes,Hybrid,Average,Good,No,3,Middle,4.5,B,0.66,1,Positive,2.7,4.1,4.2,2.0,1.4,4.9,4.7
17,Male,5.16,73.2,8.0,6.5,2.0,1.91,Yes,Hybrid,Average,Excellent,Yes,3,Middle,6.6,A,0.45,2,Neutral,1.7,2.6,3.3,3.6,5.0,4.7,2.6
18,Female,4.92,84.1,4.9,3.7,5.2,1.88,Yes,Online,Average,Average,Yes,2,Middle,4.2,B,0.62,2,Positive,3.3,3.8,4.8,2.5,2.7,3.9,3.2
24,Female,4.11,89.7,7.1,7.3,5.8,1.71,Yes,Offline,Average,Excellent,No,1,Middle,2.0,B,0.72,1,Positive,2.7,3.0,4.5,1.6,4.0,5.0,3.3
17,Female,3.1,86.2,5.7,1.0,5.2,1.67,Yes,Online,Poor,Good,No,1,Middle,2.4,B,1.0,0,Negative,3.4,2.9,4.6,2.6,2.3,4.6,3.5
19,Male,7.46,88.9,8.6,5.8,5.2,1.74,No,Hybrid,Good,Average,Yes,2,Low,3.4,A,0.23,1,Positive,3.4,2.9,3.1,3.3,3.2,4.6,2.6
23,Male,4.21,82.4,8.3,8.9,4.0,1.61,Yes,Online,Average,Poor,No,0,High,6.4,C,0.3,0,Neutral,3.4,3.6,2.2,2.2,4.6,3.6,1.8
22,Male,3.5,89.7,7.4,4.9,4.3,1.71,Yes,Offline,Average,Average,No,1,Low,6.4,B,0.39,0,Negative,3.4,2.7,4.6,2.3,2.3,3.4,2.4
24,Female,5.39,79.5,3.0,3.6,3.6,1.85,Yes,Online,Average,Excellent,Yes,2,Middle,2.5,A,0.64,1,Positive,3.9,2.8,5.0,3.2,3.1,4.1,2.1
23,Male,5.24,67.6,8.5,3.8,0.5,1.62,No,Offline,Average,Average,No,3,Low,3.4,A,0.5,1,Positive,3.2,3.0,3.6,3.9,3.5,5.0,3.1
17,Female,4.94,78.4,8.1,5.8,5.0,1.87,No,Offline,Average,Average,No,2,Middle,2.3,A,0.23,0,Negative,2.9,5.0,2.8,3.4,1.9,3.3,2.9
25,Male,7.33,76.7,4.6,4.8,5.2,2.01,Yes,Offline,Good,Average,No,3,Low,5.0,A,0.72,2,Positive,2.7,2.3,3.4,4.7,1.3,2.5,1.0
19,Male,2.98,63.8,4.4,6.2,2.8,2.28,No,Online,Average,Excellent,Yes,0,Low,6.9,B,0.58,2,Negative,2.6,2.4,4.6,2.3,2.8,2.8,2.8
21,Male,5.49,83.8,9.9,5.1,5.8,1.67,No,Offline,Good,Average,No,3,Middle,6.5,A,0.93,0,Positive,2.7,2.6,3.9,3.8,3.0,5.0,2.4
22,Non-Binary,6.98,87.6,4.7,2.3,3.4,2.37,No,Offline,Poor,Average,Yes,1,Middle,4.6,A,0.37,0,Positive,3.9,2.8,4.9,4.2,3.9,4.2,2.8
18,Female,4.08,66.2,6.6,5.4,5.8,1.76,No,Hybrid,Poor,Good,Yes,1,Middle,7.9,B,0.45,2,Neutral,4.3,2.7,4.0,2.5,4.3,3.8,1.8
28,Male,5.27,69.5,4.7,2.1,3.0,1.43,No,Offline,Poor,Good,No,2,Low,3.7,B,0.53,2,Negative,3.8,2.0,2.5,4.7,1.6,2.6,3.4
21,Male,6.26,75.9,7.4,6.1,6.0,1.36,No,Offline,Poor,Good,Yes,1,Low,5.9,C,0.36,1,Positive,3.3,2.0,4.1,4.9,2.1,4.1,2.3
17,Female,6.01,74.0,8.1,5.5,3.9,2.01,No,Online,Average,Good,Yes,2,Middle,1.9,A,0.71,0,Neutral,3.1,2.0,4.7,3.1,2.4,4.1,3.4
26,Male,5.02,91.8,5.6,2.4,7.2,1.71,No,Hybrid,Good,Excellent,Yes,1,Low,5.2,A,0.6,2,Positive,3.2,2.2,2.9,3.4,1.3,3.8,3.2
22,Female,2.56,74.5,8.2,7.6,5.8,2.29,No,Hybrid,Good,Excellent,Yes,0,Low,5.7,B,0.1,1,Negative,3.3,3.0,3.1,2.8,4.0,5.0,1.8
23,Female,3.22,82.7,5.0,5.5,7.1,1.47,No,Online,Average,Good,No,2,Low,1.9,C,0.28,2,Positive,2.4,3.4,2.0,2.1,4.2,2.1,2.7
21,Female,5.02,67.9,4.8,4.4,5.6,1.68,No,Online,Poor,Average,Yes,1,Low,6.1,B,0.36,2,Positive,2.3,3.4,3.3,3.8,4.8,4.5,2.1
24,Female,4.41,76.0,6.7,5.7,4.4,1.59,Yes,Online,Average,Good,No,1,Low,6.2,B,0.56,0,Neutral,3.1,2.4,4.0,4.2,1.7,3.3,1.6
17,Female,4.39,84.6,8.5,5.4,7.8,1.57,No,Online,Good,Average,Yes,1,Middle,3.1,A,0.1,1,Positive,2.1,2.1,2.7,3.5,2.1,5.0,2.8
19,Female,3.95,71.6,6.9,1.0,5.8,1.47,No,Hybrid,Good,Average,No,3,Low,4.1,A,0.49,2,Neutral,2.2,3.6,4.1,3.1,2.9,2.7,3.3
21,Female,1.58,54.7,6.5,6.6,0.8,2.05,No,Offline,Good,Excellent,No,0,High,3.1,B,0.39,1,Neutral,2.3,2.2,3.7,2.6,4.5,4.3,3.4
17,Female,6.2,83.7,7.2,4.8,2.9,2.15,Yes,Offline,Poor,Excellent,Yes,3,Low,3.1,A,0.49,2,Positive,4.2,1.7,2.9,3.5,2.1,3.9,3.9
23,Male,2.92,84.1,8.5,7.7,8.2,2.11,No,Offline,Average,Good,No,0,High,7.7,B,0.71,0,Neutral,4.5,3.7,5.0,1.3,3.2,5.0,1.4
20,Male,8.09,87.4,7.8,5.2,4.6,1.73,No,Online,Good,Excellent,No,3,High,2.5,A,0.53,1,Neutral,3.0,1.1,4.9,4.2,2.8,5.0,1.8
19,Male,10.47,91.0,6.0,5.2,5.0,1.27,Yes,Offline,Average,Excellent,No,2,Low,3.4,A,0.54,2,Positive,3.1,3.8,1.3,3.6,2.5,5.0,3.8
17,Female,6.55,70.7,8.9,6.6,1.4,1.7,No,Offline,Good,Good,Yes,1,Low,1.9,A,0.61,1,Positive,3.7,1.7,4.7,4.3,3.2,4.9,3.9
23,Female,5.92,68.9,6.0,6.7,1.6,1.59,No,Offline,Average,Good,No,4,Low,4.3,A,0.42,2,Neutral,2.1,2.1,3.4,4.1,2.7,5.0,1.7
24,Male,3.76,59.2,8.3,1.0,2.7,2.11,Yes,Hybrid,Average,Good,Yes,2,Middle,4.4,A,0.5,2,Neutral,3.1,3.5,4.0,4.6,2.6,3.8,3.2
20,Male,3.07,84.2,7.0,3.0,1.0,1.85,No,Offline,Poor,Average,Yes,1,Middle,5.8,B,0.7,1,Neutral,5.0,4.2,3.6,3.3,3.5,2.7,2.7
21,Male,4.2,78.3,6.2,5.2,4.1,1.89,No,Online,Poor,Average,No,2,Middle,5.9,B,0.57,1,Neutral,2.9,2.4,2.9,3.5,3.2,5.0,2.6
19,Female,6.99,75.9,8.2,6.5,4.1,2.12,Yes,Hybrid,Good,Good,Yes,1,Middle,5.5,A,0.43,0,Neutral,2.9,2.0,4.9,4.0,3.7,5.0,3.0
22,Female,5.07,96.4,6.8,2.8,2.3,1.31,No,Hybrid,Average,Average,No,0,Low,2.9,A,0.66,0,Positive,2.9,4.8,3.4,4.8,2.6,3.4,2.8
17,Female,1.81,78.6,6.7,6.7,2.9,1.89,Yes,Hybrid,Average,Average,No,2,High,3.5,B,0.18,1,Negative,2.8,3.2,3.2,2.1,2.8,4.7,2.2
21,Male,6.58,78.9,8.4,4.4,4.3,1.87,No,Offline,Poor,Average,No,2,Middle,2.6,A,0.58,1,Positive,3.4,3.8,2.5,3.0,2.1,3.7,2.9
22,Female,4.02,74.7,6.5,3.9,1.5,1.67,Yes,Online,Poor,Average,Yes,3,High,2.4,B,0.41,2,Neutral,3.3,4.6,4.5,1.8,3.3,4.6,2.5
26,Male,6.62,84.9,7.3,8.0,2.9,1.87,Yes,Offline,Poor,Excellent,No,2,Middle,4.7,B,0.19,2,Positive,1.0,2.7,2.4,2.7,3.3,3.8,1.2
20,Female,5.02,73.8,9.3,8.4,4.2,1.59,No,Hybrid,Average,Good,No,0,Middle,4.4,B,0.59,2,Neutral,3.6,2.7,2.9,2.6,2.6,4.6,3.4
23,Male,3.46,87.6,6.6,1.7,3.1,1.88,Yes,Online,Average,Good,Yes,3,High,4.7,A,0.69,2,Neutral,2.0,3.4,5.0,2.3,3.7,4.3,3.1
22,Female,4.1,95.0,8.9,4.7,5.1,1.69,No,Offline,Good,Excellent,Yes,2,Middle,1.5,A,0.1,2,Positive,3.7,3.9,1.0,3.3,1.9,5.0,3.6
26,Male,6.45,74.5,7.6,5.7,2.7,1.55,No,Hybrid,Average,Excellent,No,1,Middle,4.1,A,0.69,2,Neutral,3.0,2.3,2.8,4.1,3.6,5.0,2.5
20,Male,3.88,91.3,6.3,5.3,5.6,1.33,No,Hybrid,Poor,Good,No,0,Middle,7.3,C,0.19,1,Positive,3.1,2.1,3.9,2.2,4.2,3.7,1.8
19,Non-Binary,7.63,60.1,7.5,5.8,4.4,1.74,Yes,Offline,Good,Excellent,No,1,High,4.2,A,0.83,2,Positive,3.2,3.3,5.0,3.7,3.0,3.6,3.2
25,Male,3.46,79.2,6.4,6.4,6.1,1.99,No,Online,Average,Good,No,1,High,2.8,C,0.2,1,Neutral,2.5,2.6,2.4,2.4,2.1,3.7,3.5
17,Male,7.82,79.2,6.4,3.9,5.4,1.44,No,Hybrid,Average,Average,Yes,2,Middle,3.4,A,0.54,0,Positive,2.4,2.9,5.0,3.9,2.8,4.8,2.8
18,Female,2.4,79.2,7.7,5.6,4.9,1.65,No,Online,Poor,Average,Yes,1,Low,4.4,C,0.5,0,Neutral,3.7,2.0,4.0,3.1,2.8,3.2,2.0
18,Female,2.88,88.3,5.0,8.9,1.7,1.86,Yes,Online,Average,Good,Yes,0,Middle,5.9,C,0.75,2,Neutral,2.5,1.0,3.3,1.8,2.7,5.0,1.9
24,Male,6.17,100.0,5.7,6.2,1.5,1.96,No,Hybrid,Average,Good,No,1,High,3.6,A,0.68,1,Positive,1.9,1.3,4.9,2.8,2.2,2.9,3.0
17,Female,7.95,96.1,7.9,4.3,5.8,1.49,No,Offline,Average,Good,Yes,1,Middle,6.3,A,0.36,0,Positive,3.5,3.6,3.8,2.9,3.6,3.7,2.0
25,Female,4.42,88.3,6.3,2.4,3.1,1.55,No,Offline,Average,Good,Yes,5,High,4.1,A,0.74,2,Positive,3.4,2.1,4.0,2.8,2.7,2.9,3.5
20,Male,6.56,79.6,9.6,3.7,2.5,1.87,Yes,Hybrid,Poor,Poor,Yes,2,Middle,4.0,A,0.83,0,Neutral,3.0,3.7,4.6,3.9,3.4,4.7,4.7
17,Male,3.18,72.9,3.0,6.1,3.6,1.83,Yes,Hybrid,Good,Poor,No,3,High,4.6,B,0.4,1,Neutral,3.2,4.7,3.3,2.7,3.9,3.4,2.5
20,Male,3.02,80.5,6.7,6.4,4.8,1.65,No,Hybrid,Average,Good,No,3,Low,5.5,B,0.53,2,Neutral,3.1,3.5,4.1,1.6,2.7,4.5,3.0
18,Female,5.04,76.1,4.6,9.3,4.6,1.61,No,Offline,Poor,Average,Yes,0,Middle,6.7,D,0.49,2,Neutral,3.6,2.4,3.2,1.8,4.0,4.0,1.3
22,Male,9.21,71.8,5.4,7.2,6.3,1.58,No,Hybrid,Good,Good,No,2,Middle,5.1,A,0.31,0,Positive,3.8,2.7,3.9,3.6,1.2,4.8,2.4
22,Male,4.47,82.5,8.9,3.8,1.5,2.08,No,Offline,Poor,Good,Yes,2,Middle,3.1,A,0.53,2,Neutral,3.5,2.0,3.1,4.4,2.8,3.3,4.0
21,Female,1.85,92.7,7.5,4.8,4.1,1.86,Yes,Offline,Average,Good,Yes,3,Middle,7.5,C,1.0,2,Neutral,3.9,3.5,4.1,2.1,1.0,4.2,2.6
17,Female,0.14,68.3,7.1,4.4,3.1,2.29,No,Online,Poor,Average,Yes,1,High,7.3,D,0.76,0,Neutral,4.6,4.8,3.4,1.4,1.0,5.0,2.8
22,Male,4.82,93.6,7.1,5.7,3.7,1.98,No,Offline,Good,Good,Yes,1,High,3.6,A,0.79,2,Positive,3.5,1.5,3.3,2.4,1.0,3.9,2.6
24,Female,6.17,83.9,6.0,8.0,4.9,1.95,Yes,Online,Poor,Excellent,Yes,1,High,6.6,C,0.39,1,Positive,2.9,2.6,5.0,2.8,4.4,3.3,2.0
23,Male,4.26,100.0,6.7,3.0,3.4,1.68,Yes,Offline,Poor,Excellent,No,3,Low,4.5,A,0.24,2,Positive,1.4,2.9,4.0,2.5,2.2,3.8,3.5
24,Male,5.29,73.8,7.6,7.0,4.6,1.68,No,Hybrid,Good,Excellent,No,1,Low,5.5,A,0.5,2,Positive,1.7,3.0,4.7,3.0,2.1,5.0,3.0
19,Female,3.43,90.7,5.5,6.0,2.2,1.71,No,Offline,Poor,Good,No,1,Middle,6.3,C,0.86,1,Neutral,3.4,2.5,4.6,3.1,2.6,3.3,1.7
25,Female,7.43,67.6,6.7,6.6,5.8,2.04,No,Offline,Poor,Average,No,4,High,3.0,A,0.55,0,Neutral,2.7,3.9,5.0,3.2,1.4,4.2,2.9
19,Male,5.94,71.8,5.0,2.2,2.2,1.53,No,Online,Poor,Good,No,1,Low,4.3,A,0.41,2,Positive,2.5,3.4,2.6,3.5,3.7,4.0,3.1
17,Female,2.21,80.7,3.4,1.3,4.4,1.65,Yes,Online,Average,Excellent,Yes,0,Middle,4.4,B,0.29,1,Negative,3.6,4.0,3.8,3.9,3.5,4.5,3.2
24,Female,3.73,81.6,6.3,5.4,3.9,1.9,Yes,Hybrid,Average,Average,No,2,Middle,7.2,C,0.28,2,Neutral,3.7,3.5,1.4,3.5,3.0,4.9,1.8
26,Male,7.33,87.1,5.4,5.2,3.5,1.12,No,Hybrid,Average,Average,No,2,Middle,5.6,A,0.71,0,Positive,3.3,2.8,4.2,2.9,2.8,2.8,2.5
22,Female,4.87,67.9,5.4,8.1,4.8,1.84,No,Online,Poor,Average,No,0,Middle,6.0,B,0.66,1,Negative,2.6,1.9,3.0,2.5,2.4,4.1,2.2
19,Male,0.28,77.0,6.7,6.2,3.1,1.37,Yes,Hybrid,Good,Good,Yes,1,Middle,8.8,D,0.59,0,Negative,5.0,2.5,3.6,3.5,3.1,4.2,2.4
19,Non-Binary,4.14,76.5,7.1,6.0,4.1,1.59,No,Online,Good,Good,Yes,2,Low,6.2,B,0.4,1,Positive,2.9,3.3,2.0,3.0,2.6,3.5,2.1
21,Female,3.92,78.9,7.6,6.0,6.0,1.93,Yes,Hybrid,Good,Poor,No,2,Low,4.1,B,0.61,0,Positive,3.9,3.7,2.8,3.6,1.3,5.0,3.3
25,Male,0.7,87.6,8.9,5.5,6.0,1.77,No,Offline,Poor,Excellent,No,1,High,7.7,D,0.88,2,Neutral,2.8,2.5,5.0,1.8,3.6,3.3,3.2
18,Male,5.81,95.6,5.0,2.0,4.4,1.62,No,Hybrid,Average,Good,Yes,4,Middle,1.6,A,0.42,0,Positive,2.0,4.0,4.2,2.9,3.1,2.7,3.0
24,Male,7.63,64.8,8.3,3.6,2.5,1.58,Yes,Hybrid,Average,Average,No,2,High,4.3,A,0.44,0,Neutral,3.1,2.3,2.9,3.3,1.0,4.0,1.9
19,Male,3.81,83.2,7.2,5.1,4.2,1.63,Yes,Hybrid,Good,Average,Yes,4,Low,1.8,A,0.44,1,Neutral,5.0,1.3,3.3,2.6,2.0,4.5,2.3
24,Male,3.12,77.9,7.0,4.1,2.5,2.11,Yes,Offline,Good,Average,No,3,Middle,4.7,B,0.42,0,Positive,4.0,2.9,4.7,3.1,1.9,4.3,3.3
26,Male,4.44,81.6,8.2,6.5,3.2,1.36,Yes,Hybrid,Average,Good,Yes,0,Middle,2.8,B,0.47,2,Positive,2.9,1.4,1.8,3.2,1.5,5.0,2.5
20,Female,3.93,86.4,8.1,3.6,5.7,2.09,No,Online,Poor,Average,Yes,1,High,5.4,A,0.73,1,Neutral,3.6,3.7,5.0,2.8,3.4,3.9,2.8
20,Male,4.71,85.0,8.9,5.5,1.8,1.55,Yes,Online,Poor,Good,Yes,0,High,3.7,A,0.45,2,Positive,2.7,3.3,3.8,2.0,3.5,3.4,2.3
24,Female,5.88,62.3,5.0,3.9,1.5,1.54,No,Offline,Average,Good,Yes,1,Low,6.3,B,0.57,1,Neutral,3.7,4.4,5.0,3.5,2.7,4.5,3.8
21,Female,1.73,89.8,6.4,6.5,4.1,1.68,No,Hybrid,Average,Good,Yes,0,Middle,6.1,C,0.82,2,Positive,4.9,3.1,3.3,3.4,3.0,2.9,2.6
23,Male,4.18,81.7,7.8,5.2,3.0,2.28,No,Online,Average,Average,No,2,Middle,1.0,A,0.22,1,Positive,2.5,4.0,4.1,4.3,4.8,3.2,2.8
22,Female,8.57,72.2,6.9,4.1,2.9,2.21,No,Hybrid,Good,Good,No,3,High,3.0,A,0.38,1,Positive,3.3,4.8,2.1,2.2,2.5,5.0,4.8
18,Male,4.56,87.0,6.1,4.9,2.6,2.17,Yes,Offline,Average,Excellent,Yes,0,Middle,3.1,A,0.26,2,Neutral,3.4,2.1,3.3,3.5,4.8,5.0,2.5
24,Male,5.04,80.1,7.4,6.1,4.9,1.32,Yes,Offline,Average,Poor,No,1,High,5.7,C,0.59,0,Neutral,2.6,1.9,3.9,4.1,2.5,3.5,2.5
18,Female,5.5,57.2,8.6,4.4,0.7,1.76,No,Online,Poor,Poor,Yes,2,Low,6.3,A,0.66,1,Neutral,2.6,3.0,2.9,2.8,2.4,5.0,2.9
26,Male,3.2,82.8,8.0,1.7,3.7,1.88,No,Offline,Good,Good,Yes,2,Middle,6.0,A,0.4,1,Neutral,3.2,2.6,3.5,3.4,3.0,4.4,4.0
19,Female,2.07,95.3,5.5,4.4,4.4,1.61,Yes,Online,Good,Good,Yes,1,Middle,5.2,C,0.46,0,Negative,2.4,2.7,4.2,3.3,4.1,3.3,3.4
23,Female,9.32,80.0,6.8,5.9,3.5,1.1,No,Offline,Average,Average,Yes,0,Low,1.9,A,0.34,1,Positive,4.0,1.2,4.7,4.3,3.5,4.7,3.3
19,Non-Binary,4.87,71.2,7.7,4.3,5.2,1.62,No,Offline,Average,Good,No,1,High,2.9,A,0.28,2,Neutral,2.8,2.8,4.0,2.8,2.6,4.1,3.9
19,Female,2.82,89.3,8.1,4.9,4.6,1.31,Yes,Online,Good,Good,Yes,2,High,6.3,C,0.73,1,Positive,2.9,2.3,4.2,3.8,2.8,4.3,2.1
19,Female,6.56,73.7,7.5,8.5,3.2,2.19,No,Hybrid,Average,Excellent,No,1,High,3.4,A,0.41,1,Positive,2.1,2.1,4.1,2.8,2.6,3.7,1.9
23,Male,4.02,89.1,6.4,5.7,2.2,1.32,Yes,Hybrid,Average,Average,No,2,Low,3.6,C,0.61,1,Positive,2.2,3.1,4.0,2.3,4.2,3.6,2.5
21,Male,2.97,92.2,5.5,6.8,2.5,2.02,No,Hybrid,Average,Good,No,1,Middle,3.3,A,0.91,1,Neutral,2.5,2.9,4.2,1.7,2.5,4.6,2.2
25,Female,3.8,80.6,7.7,7.0,0.5,0.95,No,Online,Average,Poor,No,0,Middle,7.8,C,0.54,0,Positive,2.5,2.8,5.0,3.2,3.6,5.0,2.2
19,Male,2.13,65.9,5.7,4.0,4.2,1.52,Yes,Offline,Poor,Good,No,0,Low,6.6,C,0.62,1,Neutral,2.0,2.4,3.2,2.0,4.1,3.9,2.3
23,Male,2.8,88.8,4.4,3.9,4.7,2.18,Yes,Hybrid,Poor,Good,No,3,High,4.8,B,1.0,0,Negative,3.8,3.3,3.2,3.9,3.2,4.8,2.3
23,Male,6.59,84.2,6.8,4.7,1.1,1.63,No,Hybrid,Poor,Average,No,2,Low,2.9,A,0.55,1,Positive,4.4,2.7,3.2,4.1,4.2,3.8,3.1
18,Female,5.03,75.2,5.6,5.0,3.7,2.05,Yes,Hybrid,Average,Excellent,Yes,2,High,3.4,A,0.18,2,Neutral,2.8,2.5,3.8,1.8,4.2,4.6,2.4
20,Male,4.27,89.3,6.3,2.9,5.5,1.76,Yes,Hybrid,Poor,Poor,No,2,Middle,4.8,A,0.26,1,Positive,2.1,3.6,3.7,3.7,1.8,4.8,3.2
21,Female,7.39,80.9,8.0,4.2,5.8,1.67,No,Hybrid,Good,Good,No,2,Middle,3.7,A,0.8,1,Positive,2.2,3.3,4.9,2.3,3.9,5.0,4.3
20,Male,6.21,58.6,6.6,5.9,2.9,1.84,Yes,Online,Average,Average,No,2,Low,6.8,C,0.55,0,Neutral,3.2,3.0,4.7,2.4,4.8,3.8,3.1
19,Male,4.01,84.9,6.6,6.0,5.0,1.99,No,Offline,Average,Good,Yes,3,Low,4.7,A,0.84,2,Positive,3.1,2.3,2.8,4.2,4.0,4.2,2.6
23,Male,1.88,74.2,5.3,2.3,4.8,2.35,Yes,Offline,Poor,Poor,Yes,0,Middle,4.9,B,0.07,0,Positive,1.4,2.7,3.1,3.0,4.9,3.9,4.2
19,Male,3.74,73.0,8.2,6.1,3.5,1.62,No,Offline,Average,Excellent,Yes,0,Middle,6.5,C,0.21,2,Neutral,1.0,1.7,5.0,2.2,2.9,5.0,3.0
23,Female,7.33,94.9,5.2,7.5,5.0,1.8,Yes,Online,Average,Excellent,No,4,High,2.6,A,0.66,1,Positive,3.1,3.1,3.0,2.2,2.9,4.1,3.4
26,Male,2.96,74.9,7.1,5.0,2.7,1.63,No,Offline,Poor,Excellent,Yes,2,Low,4.0,A,0.2,2,Negative,3.7,3.3,2.4,3.8,1.3,2.8,3.4
21,Male,9.07,78.6,8.2,4.8,4.4,1.55,Yes,Offline,Average,Average,No,1,Low,5.7,A,0.48,0,Neutral,4.2,3.4,3.7,4.7,2.8,5.0,3.6
22,Female,4.38,71.1,8.0,9.3,2.5,1.49,No,Offline,Poor,Good,Yes,0,Middle,4.8,B,0.33,2,Neutral,2.4,1.0,1.6,2.5,2.9,3.7,1.1
17,Female,2.12,73.8,7.5,4.4,4.3,1.07,No,Online,Average,Poor,Yes,1,High,5.5,C,0.96,0,Neutral,4.1,2.9,3.1,3.0,4.6,4.5,2.5
25,Male,3.91,80.9,7.8,2.7,5.8,2.18,No,Offline,Average,Excellent,Yes,3,Low,4.5,A,0.43,1,Neutral,2.8,1.9,3.9,3.5,3.3,3.4,2.5
19,Male,7.66,82.0,7.2,3.2,3.3,1.87,No,Hybrid,Poor,Good,No,1,Low,2.2,A,0.78,1,Positive,1.8,2.1,4.3,4.1,3.9,4.3,4.0
22,Non-Binary,3.58,91.8,5.9,7.8,3.6,1.69,Yes,Online,Average,Good,Yes,1,Low,6.8,D,0.28,1,Neutral,4.8,3.5,3.7,3.1,1.6,4.9,1.0
28,Female,5.7,90.3,7.0,7.0,4.4,1.65,No,Offline,Average,Good,No,3,Low,7.1,B,0.25,2,Positive,1.4,1.7,3.4,2.4,3.5,3.5,2.1
22,Male,6.27,70.0,5.4,3.1,6.4,1.91,Yes,Hybrid,Good,Poor,No,3,Low,3.3,B,0.64,0,Neutral,2.8,2.6,2.7,2.3,3.5,5.0,3.9
23,Male,3.71,77.5,9.2,5.5,1.7,1.95,No,Offline,Poor,Good,No,3,Middle,5.3,B,0.61,0,Neutral,2.4,2.3,3.8,3.8,3.2,5.0,3.6
20,Male,6.9,79.2,8.2,3.2,6.1,2.02,No,Hybrid,Average,Average,No,3,High,3.4,A,0.95,0,Neutral,3.4,2.3,5.0,2.8,3.9,5.0,3.3
17,Male,7.62,76.7,6.0,4.1,3.0,2.02,Yes,Hybrid,Good,Excellent,No,2,Low,4.0,A,0.5,1,Positive,4.0,2.1,2.0,4.2,2.5,4.1,3.0
24,Female,6.38,75.9,8.6,7.8,4.3,1.68,No,Offline,Average,Excellent,Yes,2,High,3.9,A,0.57,2,Neutral,1.2,1.0,5.0,3.2,3.5,4.5,2.7
17,Female,1.32,91.6,8.1,3.4,4.5,1.7,Yes,Online,Poor,Good,No,0,Middle,7.1,C,0.93,1,Positive,2.4,2.1,2.9,2.5,2.9,3.7,3.2
23,Male,5.42,83.5,7.0,6.4,3.2,2.15,Yes,Online,Average,Excellent,Yes,1,High,2.4,A,0.65,2,Neutral,4.0,2.7,4.9,2.4,4.4,3.7,2.0
17,Female,6.28,85.9,8.8,3.7,2.9,1.86,No,Hybrid,Average,Average,No,2,High,4.9,A,1.0,1,Positive,2.2,2.4,4.0,3.7,2.5,5.0,3.3
25,Male,6.59,84.2,7.2,4.8,3.7,1.43,No,Online,Poor,Excellent,Yes,3,High,4.0,A,0.88,1,Positive,1.5,2.2,4.0,4.4,3.6,4.8,1.7
18,Male,8.45,76.7,8.2,6.3,2.0,2.11,No,Online,Average,Average,Yes,0,Middle,1.3,A,0.15,0,Positive,2.6,1.0,2.2,2.4,3.9,4.5,3.8
21,Male,5.42,66.3,7.5,3.6,3.9,1.68,Yes,Offline,Good,Good,Yes,1,High,4.3,A,1.0,2,Positive,2.4,2.4,5.0,3.3,1.9,5.0,1.0
22,Male,4.93,75.7,6.1,3.4,3.6,1.62,No,Offline,Good,Good,No,3,Middle,3.7,A,0.46,0,Positive,3.8,4.7,4.0,4.8,2.6,4.5,3.8
20,Female,0.78,77.7,5.2,6.1,4.6,2.09,No,Offline,Average,Poor,No,0,Low,5.1,D,0.59,0,Neutral,3.1,2.0,4.7,2.9,2.4,3.7,1.7
20,Male,2.52,84.5,7.8,7.4,4.1,1.76,Yes,Hybrid,Average,Average,No,0,High,5.6,C,0.29,0,Negative,2.3,3.0,2.1,1.4,4.3,3.4,1.4
21,Male,7.07,73.2,6.8,3.4,3.4,1.49,No,Offline,Average,Poor,Yes,2,Middle,1.4,A,0.54,1,Positive,4.0,2.4,4.6,3.0,1.8,3.7,3.6
19,Female,2.56,75.8,7.2,6.1,3.2,1.42,No,Hybrid,Average,Excellent,No,0,Low,5.0,C,0.43,2,Neutral,3.0,2.9,4.3,3.3,2.5,4.5,2.3
20,Female,4.36,74.6,7.1,3.1,3.9,1.81,No,Hybrid,Good,Average,Yes,2,High,3.5,A,0.74,0,Neutral,1.6,4.3,4.4,2.2,2.5,4.5,3.4
20,Female,1.49,73.0,8.2,5.8,6.9,2.38,No,Offline,Average,Good,Yes,2,Middle,2.6,B,0.39,0,Neutral,2.3,2.6,3.2,2.1,1.7,3.7,2.4
21,Female,4.26,93.9,7.2,4.3,1.5,1.34,Yes,Offline,Poor,Good,No,0,Middle,2.6,B,0.48,1,Positive,2.5,2.5,2.9,2.5,3.6,4.5,1.1
19,Male,2.41,91.6,6.5,2.7,2.5,2.02,No,Online,Poor,Average,No,2,Middle,2.2,A,0.35,1,Negative,5.0,3.2,4.1,2.9,1.8,4.6,2.9
28,Female,5.76,94.3,7.2,2.6,6.2,1.19,No,Online,Good,Good,Yes,2,Middle,3.6,A,0.58,0,Positive,2.8,2.3,3.0,4.3,3.4,4.5,3.2
21,Female,4.67,93.5,6.9,7.1,5.3,1.7,No,Offline,Average,Good,No,2,Middle,5.2,B,0.27,1,Positive,1.7,2.5,3.6,2.6,3.9,5.0,2.2
18,Female,5.51,68.6,6.5,4.7,1.6,2.39,Yes,Hybrid,Poor,Average,No,1,Middle,2.1,A,0.28,0,Neutral,2.9,2.7,4.4,2.8,2.0,2.6,3.2
21,Female,1.78,93.8,6.6,5.9,7.6,1.54,No,Hybrid,Average,Good,No,0,High,5.0,D,0.99,0,Neutral,3.7,2.9,5.0,2.6,1.8,4.9,2.9
25,Male,4.42,76.7,7.4,2.8,4.1,1.99,Yes,Online,Average,Average,Yes,2,High,4.2,A,0.81,1,Neutral,2.9,1.4,4.8,3.3,4.5,5.0,4.0
17,Female,6.5,85.9,8.2,8.0,4.0,2.04,No,Online,Poor,Average,Yes,3,Low,4.2,A,0.5,2,Positive,4.1,2.3,3.1,2.2,4.5,4.8,1.8
22,Male,0.55,75.4,8.0,9.3,4.5,2.17,No,Offline,Poor,Good,Yes,2,Middle,5.8,D,0.22,2,Neutral,3.8,2.6,3.9,1.4,2.3,3.1,2.8
21,Male,3.59,76.9,6.2,3.7,4.0,2.27,Yes,Online,Good,Good,Yes,3,Low,6.9,A,0.33,2,Neutral,3.7,2.9,3.9,1.7,2.0,4.6,2.1
18,Male,4.62,64.7,6.5,3.9,2.4,2.14,Yes,Offline,Good,Excellent,Yes,3,High,4.0,A,0.69,1,Neutral,3.7,3.6,2.9,2.7,2.4,5.0,4.2
24,Female,6.43,55.4,5.6,4.2,6.4,2.25,No,Online,Average,Excellent,No,3,High,3.9,A,0.39,1,Negative,4.3,2.1,3.7,4.5,3.4,3.0,2.5
20,Male,5.99,74.4,8.1,6.4,4.8,1.24,No,Hybrid,Average,Good,Yes,1,Middle,4.7,B,0.34,2,Neutral,4.1,2.0,2.9,3.5,2.2,3.3,2.1
19,Female,6.05,77.0,6.9,6.2,0.5,1.66,Yes,Offline,Good,Average,No,4,High,5.3,A,0.59,2,Neutral,1.9,3.0,4.7,2.8,2.3,5.0,3.4
24,Male,5.48,82.0,8.1,5.3,3.0,1.56,No,Offline,Average,Average,Yes,3,Middle,5.3,B,0.55,2,Positive,1.9,3.4,1.6,3.8,3.7,4.5,2.7
22,Female,6.36,79.3,6.6,4.8,5.5,2.16,Yes,Offline,Poor,Average,No,1,Middle,1.5,A,0.42,0,Neutral,3.6,3.8,3.4,4.5,2.0,3.4,1.9
25,Male,4.5,86.1,7.0,7.4,3.9,1.75,Yes,Online,Average,Good,No,3,Middle,3.8,B,0.99,0,Positive,2.1,2.6,4.7,2.6,3.4,3.2,2.9
22,Female,4.59,83.9,7.2,6.3,3.1,1.49,Yes,Online,Average,Excellent,Yes,2,Middle,3.5,A,0.38,2,Positive,1.9,1.1,2.4,2.2,2.7,4.7,2.5
23,Female,2.49,79.7,5.9,2.8,3.8,1.65,No,Offline,Average,Average,No,3,Middle,5.7,C,0.6,1,Neutral,3.9,4.0,3.8,2.7,3.8,4.2,2.3
24,Male,4.4,75.5,6.2,3.7,2.4,1.67,No,Online,Average,Average,Yes,2,Middle,5.3,B,0.88,1,Positive,2.6,3.2,4.5,3.6,5.0,4.0,3.7
17,Male,4.31,77.5,6.9,5.4,3.0,1.9,No,Online,Average,Good,Yes,2,Low,1.8,A,0.44,2,Positive,3.7,2.9,1.2,3.7,1.6,5.0,2.5
24,Female,7.89,94.8,7.1,4.5,6.5,1.76,No,Hybrid,Average,Poor,Yes,1,Low,4.1,A,0.2,0,Positive,3.6,4.1,3.0,3.7,2.4,3.6,3.6
22,Female,2.61,73.3,7.3,5.8,5.4,1.64,No,Hybrid,Poor,Good,Yes,0,Low,9.0,D,0.48,1,Neutral,3.0,3.2,2.7,2.4,2.6,4.2,2.6
17,Female,5.35,75.7,5.8,5.2,2.3,1.8,No,Hybrid,Poor,Good,No,1,Middle,4.9,B,0.24,1,Positive,3.9,3.4,2.5,3.9,2.5,3.0,5.0
21,Male,4.26,86.0,5.6,4.8,3.4,0.99,Yes,Online,Good,Good,No,2,High,4.3,C,0.11,1,Positive,3.5,1.2,4.4,2.2,3.2,4.6,2.5
18,Female,4.93,78.4,7.8,5.0,4.8,2.23,No,Online,Average,Average,Yes,2,High,2.1,A,0.75,1,Negative,3.9,2.4,5.0,3.1,3.6,4.7,2.4
23,Male,6.98,82.2,5.8,4.5,4.4,1.65,No,Online,Poor,Excellent,No,1,Middle,3.0,A,0.41,2,Positive,1.6,3.6,4.2,4.4,2.5,3.8,3.1
21,Female,4.71,89.3,7.1,6.1,0.5,1.44,No,Hybrid,Poor,Poor,No,2,High,2.6,A,0.92,0,Positive,2.8,2.5,5.0,3.0,3.0,2.6,4.2
27,Female,3.01,77.3,6.2,3.6,3.6,1.71,No,Online,Average,Excellent,Yes,1,Middle,4.4,B,0.96,1,Neutral,1.6,3.4,2.7,2.8,2.6,4.3,4.3
18,Male,5.06,66.5,7.4,4.7,1.8,1.55,No,Hybrid,Average,Average,Yes,2,Middle,4.3,A,0.91,0,Neutral,2.7,3.0,3.7,2.1,1.7,5.0,2.3
22,Female,6.78,86.9,7.3,4.1,5.5,1.28,Yes,Offline,Average,Excellent,Yes,2,Middle,3.9,A,0.57,2,Positive,2.0,3.7,4.0,3.2,1.9,2.7,1.8
19,Female,5.49,56.5,8.2,2.1,4.0,2.39,Yes,Offline,Average,Good,No,2,Low,3.0,A,0.73,2,Negative,2.0,2.2,2.9,3.7,3.4,4.5,3.4
22,Female,6.26,88.5,9.0,3.7,3.7,1.88,No,Hybrid,Good,Average,Yes,3,Middle,1.4,A,0.24,2,Positive,3.0,1.6,5.0,4.2,4.9,5.0,2.9
23,Male,2.16,75.3,5.7,3.7,2.1,1.84,Yes,Offline,Average,Excellent,Yes,2,Low,6.2,B,0.16,2,Neutral,4.6,2.8,2.9,1.7,2.9,3.5,2.6
23,Male,6.73,74.0,8.6,8.6,1.5,1.58,No,Offline,Good,Good,No,3,High,3.0,A,0.62,0,Positive,3.3,2.5,5.0,2.3,2.6,4.3,2.2
24,Female,3.92,79.3,6.4,7.5,4.3,1.41,No,Online,Average,Poor,No,0,Low,5.9,C,0.43,0,Neutral,3.3,2.0,3.8,2.3,2.4,5.0,2.8
25,Male,2.49,66.9,7.2,4.4,6.2,1.61,No,Offline,Poor,Average,Yes,3,Low,4.6,C,0.53,2,Negative,1.6,2.8,3.9,3.0,4.9,3.9,3.6
17,Male,5.52,64.0,7.2,3.7,4.3,2.16,Yes,Offline,Poor,Good,No,0,High,4.1,B,0.58,1,Neutral,4.7,1.8,4.4,2.7,2.9,4.5,4.4
20,Non-Binary,2.04,59.6,6.4,6.1,5.7,1.9,Yes,Online,Poor,Good,No,0,Low,5.6,D,0.85,0,Positive,3.2,1.6,5.0,2.0,1.6,3.9,1.8
23,Male,5.43,76.2,8.8,5.4,4.1,1.77,Yes,Hybrid,Poor,Good,Yes,0,Middle,3.0,B,0.56,0,Positive,4.1,2.1,3.6,4.3,3.3,4.5,2.3
21,Non-Binary,8.05,72.5,6.0,1.0,6.7,1.15,No,Offline,Average,Good,No,2,Low,3.1,B,0.14,1,Positive,2.6,4.0,2.0,4.3,3.1,5.0,4.4
18,Male,3.79,57.1,5.2,6.9,1.6,1.72,No,Online,Poor,Good,Yes,1,Low,5.8,C,0.63,1,Positive,3.7,2.8,3.4,2.3,4.3,2.0,2.0
21,Male,3.13,84.7,7.7,2.0,4.9,1.81,Yes,Offline,Average,Good,No,1,Middle,5.2,B,0.4,0,Negative,1.6,3.8,2.6,3.7,2.7,4.8,4.2
20,Female,7.11,73.7,6.9,5.4,6.8,1.37,No,Hybrid,Average,Good,Yes,2,Middle,4.6,C,0.79,1,Neutral,3.3,3.4,3.2,2.2,2.6,5.0,3.1
20,Female,6.19,89.0,6.4,5.4,4.1,1.27,No,Online,Good,Average,Yes,3,Low,2.0,A,0.6,1,Positive,3.7,4.6,3.1,2.9,1.8,4.7,4.0
24,Female,6.62,82.6,9.2,2.7,5.4,2.26,No,Online,Average,Excellent,Yes,2,High,2.9,A,0.8,2,Positive,4.7,1.9,3.8,3.1,2.2,5.0,3.5
20,Female,1.1,82.9,6.3,5.5,4.8,1.46,No,Offline,Average,Poor,Yes,1,Middle,7.4,C,0.74,0,Neutral,5.0,2.0,1.5,1.8,1.8,4.9,1.7
17,Female,3.23,86.7,6.4,5.0,3.5,1.47,Yes,Hybrid,Poor,Average,No,2,Middle,4.3,C,0.82,1,Negative,3.8,3.8,4.0,2.1,2.9,4.1,4.3
17,Male,8.59,75.2,5.4,5.0,2.1,1.89,Yes,Online,Poor,Good,No,4,Low,3.4,A,0.13,2,Positive,1.8,2.6,3.5,3.5,3.8,5.0,3.1
25,Male,3.26,85.4,7.4,1.0,6.7,2.17,No,Online,Average,Good,Yes,2,High,2.4,A,0.37,0,Neutral,2.5,3.7,3.6,3.2,2.0,4.1,3.7
27,Male,3.99,84.2,8.1,5.7,6.6,2.11,Yes,Hybrid,Average,Poor,Yes,0,Middle,6.8,B,0.7,1,Positive,2.5,1.7,5.0,2.4,4.6,3.7,1.3
23,Female,5.14,77.3,7.5,7.0,3.2,1.62,No,Online,Poor,Poor,No,2,Low,3.0,A,0.77,1,Positive,4.2,2.7,4.3,1.4,4.6,2.8,2.8
20,Male,5.33,96.9,9.7,8.4,3.1,1.92,No,Offline,Poor,Good,Yes,3,Middle,4.4,A,0.34,2,Positive,3.0,3.1,4.2,2.0,4.3,3.7,2.0
26,Male,4.53,93.9,6.0,6.1,3.4,2.2,No,Hybrid,Good,Excellent,Yes,2,Low,5.0,A,0.56,1,Positive,3.3,2.5,2.1,2.4,2.5,5.0,2.1
22,Male,0.83,88.1,7.6,9.1,1.7,1.39,No,Hybrid,Poor,Good,No,0,Middle,9.5,D,0.27,0,Neutral,5.0,2.5,3.4,1.0,1.8,4.3,2.6
24,Male,5.99,80.3,6.6,5.8,2.2,1.28,No,Offline,Average,Good,No,1,Middle,3.3,C,0.71,0,Positive,2.9,2.9,4.7,4.2,3.0,5.0,3.8
23,Male,2.58,77.6,6.5,1.5,1.7,1.32,No,Offline,Good,Average,No,3,High,2.3,B,0.64,2,Neutral,2.0,3.9,3.6,2.0,4.3,5.0,3.1
20,Female,6.81,83.1,6.5,4.4,4.3,1.47,Yes,Online,Average,Average,No,4,High,6.2,B,0.27,0,Positive,3.5,2.1,5.0,4.8,4.7,3.4,1.8
21,Male,7.38,81.7,7.0,4.5,6.1,1.95,No,Online,Poor,Poor,Yes,3,High,5.2,A,0.57,1,Positive,2.1,1.5,5.0,2.1,4.3,4.1,3.2
18,Female,2.71,91.7,6.2,7.7,4.2,2.1,Yes,Offline,Average,Average,No,0,Middle,5.2,C,0.94,1,Neutral,2.2,2.7,4.8,1.3,4.9,4.9,1.1
19,Female,5.17,83.4,7.2,3.5,0.5,1.62,No,Online,Average,Good,Yes,3,Low,1.0,A,0.18,0,Positive,3.0,3.7,2.9,3.1,4.1,5.0,4.2
24,Male,8.15,81.5,6.7,1.9,0.5,1.94,No,Online,Average,Average,Yes,3,Low,3.5,A,0.32,1,Positive,5.0,4.7,1.0,4.9,2.3,4.0,3.2
25,Female,8.32,81.2,7.7,8.1,3.9,1.81,No,Online,Good,Poor,No,2,Middle,1.2,A,0.92,1,Positive,2.7,2.4,5.0,2.6,4.5,5.0,2.3
23,Male,6.83,79.6,6.1,6.0,2.1,1.53,No,Hybrid,Poor,Good,No,4,Middle,2.8,A,0.31,0,Positive,3.6,2.0,2.9,5.0,1.8,5.0,2.9
21,Female,3.9,94.1,7.2,9.2,3.0,1.82,No,Online,Poor,Excellent,Yes,1,Low,4.8,B,0.55,1,Neutral,2.8,2.0,2.8,1.2,4.3,3.7,1.5
18,Non-Binary,5.75,80.7,7.4,5.4,3.7,1.1,Yes,Offline,Average,Excellent,Yes,1,Low,6.0,C,0.52,2,Positive,3.2,2.7,3.1,3.5,2.5,4.4,1.4
17,Female,3.05,79.1,5.6,5.3,3.1,1.58,No,Offline,Average,Good,No,2,High,7.1,B,0.48,2,Positive,4.4,2.5,2.7,2.9,3.3,3.6,2.5
20,Female,7.93,92.7,8.5,5.1,5.5,1.98,No,Offline,Poor,Poor,No,2,Middle,3.0,A,0.49,1,Positive,3.7,3.0,2.8,2.8,2.0,3.7,2.6
21,Male,5.65,74.6,6.5,3.0,5.4,1.95,Yes,Hybrid,Poor,Good,No,3,Low,2.1,A,0.67,0,Positive,3.0,4.8,4.3,2.4,3.3,3.6,3.1
22,Male,7.72,66.3,7.0,1.9,2.9,1.39,No,Offline,Average,Average,Yes,3,High,5.0,A,0.4,0,Neutral,2.7,4.2,4.4,4.0,4.0,3.5,3.8
17,Female,0.89,89.3,6.9,3.7,2.0,1.8,No,Offline,Poor,Good,No,1,High,6.5,C,0.45,0,Negative,4.5,1.7,4.2,2.7,3.4,3.7,1.7
28,Male,3.81,90.8,5.6,6.7,4.9,2.02,Yes,Offline,Average,Good,No,2,Middle,4.0,B,0.76,0,Positive,4.8,2.5,2.5,1.5,3.6,3.7,1.9
20,Male,3.89,89.0,9.1,6.4,5.8,1.86,No,Offline,Poor,Good,No,2,Low,4.4,B,0.41,0,Positive,3.1,1.2,4.5,3.1,3.6,4.0,2.0
24,Male,4.13,73.5,5.2,5.3,3.8,0.9,No,Offline,Average,Excellent,Yes,2,High,4.2,B,0.84,2,Neutral,3.9,2.1,4.9,3.3,2.9,3.8,3.1
21,Female,2.43,79.2,6.3,4.2,2.8,1.33,No,Hybrid,Average,Good,Yes,1,Middle,5.9,B,0.47,0,Neutral,4.1,2.2,2.2,3.4,3.3,3.7,2.6
18,Male,5.84,64.5,6.4,4.1,4.8,1.95,No,Hybrid,Average,Good,Yes,2,High,6.4,A,0.63,1,Neutral,2.3,2.8,4.9,2.6,1.8,4.4,2.5
24,Female,3.18,79.3,8.6,2.2,1.6,2.06,Yes,Offline,Poor,Average,Yes,2,Low,2.4,A,0.93,0,Positive,2.8,3.0,3.4,5.0,3.8,5.0,3.7
23,Male,8.64,82.4,7.0,7.5,4.4,1.4,No,Offline,Good,Excellent,Yes,3,Middle,4.2,A,0.22,1,Neutral,3.7,2.2,3.9,3.0,3.2,3.7,1.7
21,Male,4.18,75.8,7.0,2.2,2.6,1.59,No,Hybrid,Poor,Average,No,0,Low,2.7,B,0.26,2,Neutral,3.3,4.5,1.6,3.2,2.6,3.2,3.5
21,Female,3.99,86.8,7.7,7.1,4.3,2.1,No,Online,Average,Excellent,Yes,1,Middle,2.8,B,0.38,2,Neutral,2.4,3.3,3.1,1.8,1.9,3.4,2.9
18,Male,3.5,86.6,7.9,5.5,3.1,2.06,No,Offline,Poor,Average,No,4,High,5.3,B,0.56,2,Neutral,2.4,2.5,1.9,2.8,2.8,4.8,1.6
22,Female,6.09,79.7,7.2,5.7,4.9,1.77,No,Hybrid,Poor,Average,Yes,2,Middle,4.2,B,0.26,1,Positive,3.8,2.9,3.3,2.3,1.5,4.6,2.3
26,Male,5.6,90.6,8.0,8.0,4.9,1.93,No,Online,Poor,Excellent,No,1,Low,2.6,A,0.73,2,Neutral,2.1,3.6,4.2,2.8,2.8,3.5,2.1
18,Male,3.0,79.3,7.4,4.6,3.4,1.87,No,Offline,Poor,Poor,No,2,Middle,4.9,B,0.87,0,Negative,2.6,1.7,3.5,1.2,4.0,5.0,4.2
19,Male,0.77,83.3,6.3,5.1,2.5,1.88,Yes,Online,Good,Excellent,No,0,High,6.5,B,0.77,2,Neutral,2.2,2.7,4.5,2.9,3.4,5.0,2.5
25,Female,4.21,94.1,6.2,5.6,5.2,1.64,Yes,Hybrid,Poor,Average,Yes,0,High,3.3,C,0.69,1,Neutral,3.5,2.9,3.1,1.6,1.9,4.0,4.0
19,Female,3.25,99.3,7.0,3.3,4.9,1.47,Yes,Hybrid,Average,Excellent,No,2,Low,7.7,B,0.94,1,Neutral,4.2,2.4,3.9,3.4,3.4,3.0,2.3
22,Female,4.93,65.3,5.6,4.9,4.4,1.92,No,Offline,Average,Good,No,1,High,5.3,B,0.95,0,Negative,1.0,1.6,5.0,2.6,3.0,3.7,1.5
21,Male,3.17,76.7,6.9,6.1,5.4,1.94,Yes,Hybrid,Average,Good,No,1,Middle,6.2,B,0.82,1,Neutral,2.0,2.1,3.9,3.2,2.8,4.4,2.9
22,Female,5.53,68.5,7.1,3.6,4.6,1.9,No,Online,Average,Average,No,2,Low,3.9,A,0.93,2,Neutral,2.7,2.8,4.8,3.4,2.3,4.0,2.9
20,Female,2.63,81.2,7.7,5.2,3.5,1.86,No,Online,Poor,Poor,No,2,Middle,6.7,A,0.2,1,Positive,3.9,3.5,3.9,2.8,2.6,4.7,2.4
19,Female,5.44,81.0,7.5,4.6,5.9,1.99,Yes,Hybrid,Average,Excellent,Yes,0,Middle,5.6,A,0.22,2,Positive,1.6,1.4,4.2,4.3,2.7,3.7,2.7
17,Female,4.46,82.5,7.2,8.0,3.0,1.65,No,Online,Average,Average,No,1,High,4.2,B,0.41,2,Neutral,3.7,2.6,2.5,2.0,2.8,4.2,2.6
23,Female,6.83,66.2,9.8,4.8,4.0,2.3,Yes,Offline,Average,Average,No,3,Middle,4.7,A,0.15,1,Positive,4.5,2.5,4.0,2.5,3.1,4.1,3.8
23,Male,4.64,82.3,4.7,4.0,4.1,1.81,No,Offline,Average,Good,No,0,High,3.1,A,0.5,1,Neutral,3.1,3.2,5.0,3.8,4.8,3.0,3.1
22,Female,6.18,71.5,7.6,2.0,2.5,1.97,No,Offline,Average,Good,No,1,High,3.0,A,0.34,2,Neutral,3.4,4.5,5.0,3.6,4.2,3.7,3.9
22,Male,4.33,68.6,4.0,6.0,2.3,1.61,No,Hybrid,Good,Average,No,0,Middle,7.5,B,0.68,1,Positive,2.9,1.9,3.1,3.5,3.2,4.4,2.6
19,Female,4.52,79.1,6.3,2.6,3.7,1.43,No,Online,Good,Average,Yes,3,Middle,4.3,A,0.62,0,Neutral,1.5,4.0,3.9,2.6,3.9,3.6,3.0
17,Male,3.55,77.0,7.3,5.5,3.6,1.68,No,Offline,Poor,Average,No,0,High,6.5,C,0.32,2,Neutral,2.5,3.0,2.6,1.8,2.4,5.0,3.3
24,Male,2.34,85.3,10.0,2.9,5.8,2.08,No,Offline,Average,Excellent,No,2,Middle,6.4,B,0.67,1,Positive,3.9,2.7,3.4,3.2,1.8,5.0,3.6
21,Male,5.3,72.9,6.1,5.5,6.4,1.53,No,Offline,Good,Poor,No,2,High,5.5,B,0.91,0,Positive,3.8,3.1,3.4,2.3,4.9,4.0,2.6
19,Male,4.88,90.6,6.4,3.7,3.9,1.46,No,Hybrid,Average,Excellent,No,2,Low,2.5,A,0.63,1,Positive,3.7,3.6,4.5,2.5,2.9,4.0,3.4
18,Male,8.07,74.0,6.5,9.8,3.7,1.58,No,Offline,Average,Average,No,1,High,6.4,A,0.95,2,Neutral,2.8,1.4,5.0,3.3,3.7,4.8,1.0
17,Female,5.86,69.8,8.8,3.8,4.7,2.08,No,Offline,Poor,Average,No,1,High,4.9,A,0.51,2,Positive,3.7,1.9,4.6,2.9,2.9,3.1,3.3
20,Female,8.64,67.5,6.8,4.3,3.1,1.93,No,Hybrid,Average,Good,Yes,3,High,4.7,A,0.69,2,Positive,3.1,1.9,4.4,4.1,4.0,2.9,2.1
24,Female,8.81,77.6,9.3,2.2,5.5,2.13,No,Offline,Average,Poor,No,4,Low,3.4,A,0.48,0,Positive,1.3,2.8,3.6,2.6,5.0,4.2,4.4
26,Female,5.48,98.2,7.7,5.2,4.1,1.19,Yes,Offline,Good,Good,No,0,Middle,6.9,B,0.86,2,Positive,2.1,2.2,4.0,2.0,2.3,3.8,1.2
25,Male,2.93,80.3,6.8,5.9,6.3,1.31,No,Offline,Average,Excellent,No,2,Low,8.1,B,0.26,1,Neutral,2.4,3.1,3.7,2.7,3.6,3.7,3.1
26,Female,4.51,69.6,7.0,2.7,7.8,1.91,No,Hybrid,Average,Poor,No,3,Low,3.5,A,0.61,1,Neutral,1.7,3.5,4.5,3.0,2.6,2.9,4.6
25,Male,7.0,68.2,8.0,7.1,4.4,1.82,No,Online,Poor,Good,No,2,Middle,5.3,A,0.95,1,Positive,2.9,2.6,4.9,2.8,3.0,2.4,3.4
21,Female,4.86,78.7,4.8,9.0,1.4,1.71,No,Hybrid,Poor,Average,No,0,High,5.1,B,0.75,2,Neutral,3.7,2.9,5.0,1.4,1.8,4.0,2.5
19,Male,7.16,66.4,6.7,3.1,3.7,1.67,No,Online,Average,Average,Yes,1,Middle,1.1,A,0.61,1,Positive,4.8,3.0,5.0,3.8,2.8,4.9,3.6
24,Male,4.25,100.0,6.4,7.9,5.2,1.67,Yes,Offline,Average,Average,Yes,3,Middle,2.9,B,0.39,0,Positive,2.4,2.7,4.2,3.9,2.5,3.2,2.2
19,Male,5.18,77.8,7.6,4.5,5.5,2.01,Yes,Online,Average,Excellent,No,2,High,5.4,B,0.22,1,Positive,2.4,3.2,2.7,3.3,4.2,5.0,3.2
19,Male,6.83,72.2,7.9,2.0,3.3,1.75,No,Hybrid,Average,Average,Yes,4,Middle,4.9,A,0.16,0,Positive,3.9,2.9,2.4,3.7,2.5,5.0,3.5
19,Male,6.3,84.3,8.5,3.9,0.9,1.22,Yes,Hybrid,Average,Excellent,No,3,High,4.4,A,0.65,1,Neutral,2.4,2.0,3.2,3.9,3.0,4.3,3.4
21,Male,5.66,69.5,7.3,8.8,2.8,1.7,No,Hybrid,Average,Good,No,1,High,6.2,B,0.37,0,Neutral,4.1,1.2,3.7,1.3,4.0,3.4,1.9
19,Female,5.49,72.0,6.7,4.2,4.6,1.37,No,Hybrid,Good,Poor,Yes,2,High,8.1,A,0.92,0,Positive,3.0,3.9,4.4,3.9,3.8,4.8,2.1
18,Female,6.15,73.5,7.4,1.5,4.5,1.58,No,Hybrid,Average,Good,No,4,Low,5.1,A,0.54,1,Positive,2.7,2.5,3.5,5.0,4.4,4.2,3.8
20,Male,4.84,73.7,7.4,5.3,4.1,1.93,No,Offline,Average,Excellent,No,0,High,5.1,C,0.27,1,Neutral,2.8,3.5,3.7,2.3,4.0,4.5,2.7
25,Male,6.99,80.3,7.2,4.3,6.0,1.87,No,Offline,Poor,Good,Yes,3,Middle,3.2,A,0.9,2,Positive,4.7,4.0,4.5,4.0,3.4,4.2,3.9
21,Female,3.84,77.8,6.1,3.9,3.4,1.87,Yes,Hybrid,Poor,Good,Yes,1,Middle,7.4,B,0.48,1,Negative,2.9,2.4,3.8,2.7,2.9,4.7,3.5
25,Male,11.03,75.8,8.5,6.6,5.7,1.85,No,Offline,Average,Excellent,No,0,High,2.3,A,0.78,2,Neutral,1.7,2.7,5.0,4.6,2.8,4.6,3.4
18,Female,5.47,92.1,7.0,4.1,5.7,1.4,No,Offline,Average,Average,Yes,1,Low,5.6,A,0.56,2,Positive,4.8,2.6,4.7,3.6,3.0,3.6,2.5
18,Male,3.34,57.4,4.8,4.2,7.0,1.86,Yes,Offline,Good,Excellent,Yes,0,Middle,6.2,C,0.29,2,Neutral,3.8,2.5,3.3,2.1,2.1,5.0,2.6
21,Female,1.78,89.4,6.0,2.4,4.5,2.04,No,Offline,Average,Excellent,Yes,2,Middle,3.5,B,0.81,2,Neutral,3.2,4.6,4.3,4.0,2.6,4.4,4.1
21,Female,3.2,68.7,9.1,2.0,5.5,1.68,Yes,Hybrid,Good,Good,Yes,3,Low,2.2,B,0.52,2,Neutral,1.0,3.9,5.0,3.5,3.4,3.7,3.3
22,Female,5.79,91.3,6.2,6.3,1.4,1.82,No,Hybrid,Average,Excellent,No,0,Low,7.0,B,0.52,2,Positive,2.4,2.4,2.9,2.5,1.5,5.0,2.1
24,Female,4.03,82.2,8.6,3.3,5.6,1.49,Yes,Online,Good,Good,Yes,2,High,3.3,B,0.47,0,Neutral,2.9,3.7,3.2,2.4,1.3,4.9,3.3
23,Male,7.31,64.2,7.5,7.3,4.1,1.63,No,Hybrid,Good,Good,No,2,Low,3.6,A,0.58,1,Neutral,1.7,3.6,2.8,2.2,1.0,4.7,3.9
26,Male,4.3,67.7,5.6,7.7,5.5,2.28,No,Offline,Poor,Good,Yes,1,High,3.8,B,0.58,2,Positive,2.5,2.0,2.9,2.6,1.6,3.0,1.6
20,Female,2.91,76.9,6.6,6.1,5.2,1.55,Yes,Online,Average,Average,No,1,Middle,8.9,C,0.33,2,Positive,2.0,3.3,3.0,2.7,2.7,3.8,2.1
19,Female,4.36,65.7,8.0,4.7,4.4,1.71,Yes,Offline,Average,Good,Yes,3,Middle,4.6,B,0.92,1,Positive,3.3,2.1,2.7,1.6,2.8,4.8,3.3
21,Male,3.91,72.6,6.9,6.6,5.5,1.04,Yes,Hybrid,Average,Average,No,0,High,4.6,D,0.64,1,Neutral,3.8,2.0,3.5,2.6,2.1,3.0,2.2
18,Female,4.59,94.8,7.7,4.5,3.0,1.19,No,Hybrid,Average,Good,No,0,Middle,4.0,B,0.43,0,Positive,3.8,3.1,5.0,2.5,2.1,4.7,2.4
19,Male,2.69,74.3,7.8,5.4,5.2,2.18,Yes,Hybrid,Average,Average,No,1,Middle,7.6,C,0.2,1,Positive,3.8,2.7,1.9,2.0,1.9,4.7,2.4
19,Male,4.7,82.3,6.0,6.1,2.1,1.95,No,Offline,Good,Average,No,3,Low,2.7,A,0.86,2,Positive,2.3,2.5,3.8,2.6,3.2,3.5,3.2
20,Female,1.22,76.7,5.8,5.9,3.1,1.54,No,Online,Poor,Average,No,1,Middle,5.7,C,0.39,1,Positive,4.7,3.2,2.8,3.1,2.7,4.0,3.5
18,Male,5.25,80.4,6.1,7.6,5.0,1.75,Yes,Online,Poor,Excellent,No,2,Middle,7.2,C,0.52,2,Positive,3.3,2.2,3.8,4.5,3.2,3.9,1.9
17,Female,4.71,81.1,7.1,2.3,4.0,1.48,No,Online,Good,Average,Yes,2,Middle,4.4,A,0.69,1,Neutral,1.0,4.0,3.9,2.7,2.7,4.5,3.2
22,Male,4.67,90.3,7.8,2.8,3.1,1.67,No,Online,Average,Good,No,1,Middle,1.5,A,0.59,1,Positive,3.6,3.6,4.4,3.3,2.6,4.4,3.7
22,Male,3.35,96.3,8.1,5.0,3.5,1.96,No,Online,Average,Average,Yes,3,Middle,4.2,A,0.09,0,Positive,2.2,2.8,3.4,2.3,3.1,4.3,3.4
23,Female,4.87,88.0,4.5,1.0,3.5,1.33,No,Hybrid,Average,Good,No,1,High,3.3,A,0.88,2,Positive,2.8,3.2,3.2,4.1,3.3,4.1,4.0
22,Female,5.38,58.7,7.8,5.2,5.4,1.76,No,Hybrid,Poor,Average,No,2,Middle,4.8,B,0.49,0,Neutral,3.3,2.7,3.7,2.7,4.2,4.0,3.4
18,Male,1.5,72.1,7.5,3.2,4.7,2.04,No,Offline,Good,Average,No,1,High,7.0,C,0.64,0,Neutral,3.4,2.1,2.3,3.3,3.6,5.0,2.3
19,Male,6.93,94.1,6.3,3.2,1.6,1.45,Yes,Online,Good,Good,Yes,2,Middle,4.0,A,0.68,2,Neutral,4.1,2.8,2.2,3.4,4.6,3.5,4.0
18,Male,4.68,85.6,8.3,4.4,6.4,1.73,Yes,Offline,Average,Good,Yes,2,High,3.6,A,0.37,1,Neutral,3.2,2.0,4.9,2.5,2.2,2.5,2.6
24,Male,5.95,84.5,6.9,4.2,3.3,1.98,No,Hybrid,Average,Average,Yes,2,Middle,3.7,A,0.41,0,Positive,4.3,3.2,4.0,3.9,2.0,3.0,3.3
23,Female,8.03,88.4,8.7,5.7,4.4,1.75,No,Offline,Average,Good,Yes,2,Middle,5.1,A,0.31,1,Positive,2.6,1.6,2.8,4.3,2.5,3.2,2.0
19,Female,2.51,73.8,7.0,4.0,3.1,1.74,No,Offline,Average,Excellent,Yes,0,Middle,4.3,C,0.21,2,Neutral,4.1,1.7,3.2,3.1,3.7,4.2,2.0
20,Male,3.0,71.0,7.2,5.7,2.0,1.62,Yes,Hybrid,Average,Average,Yes,1,Middle,1.8,B,0.2,0,Negative,1.7,2.6,4.2,2.4,2.4,3.7,3.6
27,Male,3.07,72.5,9.2,6.8,6.3,1.73,No,Online,Average,Poor,No,1,High,5.5,C,0.41,0,Neutral,1.7,3.0,3.9,3.0,4.2,5.0,3.4
22,Female,5.07,80.4,5.7,5.7,6.9,1.53,Yes,Offline,Good,Good,No,4,Low,4.2,A,0.22,0,Positive,3.5,2.6,2.3,3.8,1.8,4.5,1.3
24,Female,2.98,83.7,6.6,5.1,4.7,1.69,No,Online,Average,Poor,No,0,Low,4.7,B,0.54,0,Neutral,1.8,3.7,2.7,3.1,1.9,4.0,1.9
19,Female,3.26,90.7,9.0,6.8,4.7,1.93,No,Online,Good,Excellent,No,3,High,3.3,A,0.49,2,Neutral,3.9,2.6,2.5,2.3,3.1,5.0,4.1
19,Female,8.48,85.8,8.2,5.1,5.2,1.5,Yes,Offline,Average,Good,No,1,Middle,3.3,A,0.28,2,Neutral,3.4,4.6,2.8,3.0,5.0,4.1,1.9
24,Male,4.5,77.3,5.4,7.6,1.7,2.18,No,Offline,Average,Good,No,1,Middle,3.9,A,0.18,0,Positive,4.0,2.5,2.2,2.3,3.6,4.7,2.0
23,Female,5.82,88.7,7.5,6.6,4.8,1.3,No,Offline,Poor,Good,No,1,Middle,2.5,B,0.41,1,Positive,3.7,4.5,4.2,3.1,3.6,2.8,5.0
23,Non-Binary,7.02,72.6,7.8,3.7,6.4,2.13,Yes,Online,Average,Good,Yes,1,Middle,4.5,A,0.5,0,Positive,4.1,3.0,4.0,4.0,2.1,3.8,2.2
21,Female,7.93,84.2,7.4,4.5,4.0,1.59,No,Hybrid,Average,Poor,No,1,Middle,1.0,A,0.54,0,Positive,4.1,3.4,2.7,3.9,2.6,4.3,3.9
21,Male,2.15,78.6,5.6,1.1,5.2,1.47,No,Offline,Average,Excellent,No,2,High,6.9,C,0.46,2,Positive,3.2,3.5,3.1,2.7,3.4,4.3,3.3
23,Male,5.79,79.8,8.9,2.4,1.7,2.34,No,Hybrid,Good,Good,Yes,2,Middle,4.1,A,0.18,2,Positive,2.9,3.4,3.0,4.2,1.3,5.0,3.6
19,Male,6.55,75.7,5.1,2.0,3.6,1.55,No,Offline,Average,Average,No,4,Middle,4.5,A,0.39,0,Neutral,4.1,2.7,3.1,4.2,2.8,5.0,2.6
20,Female,7.25,82.3,5.6,3.1,4.5,1.6,Yes,Hybrid,Good,Good,Yes,1,High,1.0,A,0.57,0,Positive,4.8,3.5,5.0,4.4,4.4,4.6,3.5
25,Male,3.68,69.4,4.9,5.3,2.7,1.65,No,Online,Poor,Average,Yes,0,High,5.5,B,0.85,2,Neutral,2.7,1.7,5.0,3.5,4.2,4.4,2.5
19,Male,4.16,75.3,6.1,5.8,3.9,1.35,No,Hybrid,Poor,Poor,No,3,Middle,4.1,B,0.67,0,Neutral,4.1,2.6,3.0,3.5,5.0,5.0,3.2
21,Female,5.4,82.8,8.2,3.4,4.7,1.59,No,Offline,Poor,Good,Yes,1,Middle,6.3,A,0.52,2,Positive,2.8,2.5,4.6,4.1,2.7,5.0,2.5
23,Male,5.12,87.6,7.3,6.1,3.6,1.61,Yes,Hybrid,Poor,Good,Yes,1,Middle,6.5,C,0.58,1,Neutral,2.7,2.3,3.6,2.8,1.6,4.2,2.7
29,Male,4.37,70.4,7.1,6.8,3.9,1.74,Yes,Offline,Poor,Good,Yes,0,High,4.0,C,0.76,0,Positive,3.6,3.3,4.3,5.0,2.6,3.1,2.6
20,Male,3.8,90.6,7.6,6.4,3.7,1.34,Yes,Offline,Poor,Average,No,1,High,2.5,B,0.67,2,Neutral,3.8,2.9,4.4,2.5,3.1,5.0,2.8
20,Male,4.77,89.7,8.4,3.6,5.2,1.97,Yes,Offline,Poor,Good,Yes,1,Middle,2.4,A,0.78,0,Positive,3.6,1.5,3.5,4.0,3.9,5.0,3.4
24,Male,4.45,87.1,8.1,2.7,4.4,1.22,No,Online,Poor,Poor,No,1,High,5.9,B,0.39,1,Neutral,3.2,3.8,3.1,4.7,3.2,4.9,3.5
24,Female,5.52,87.3,5.3,3.3,5.3,1.67,No,Offline,Good,Good,Yes,2,Middle,5.4,A,0.27,0,Positive,3.2,3.0,2.9,3.6,3.5,5.0,4.0
23,Female,3.77,89.8,7.1,8.6,6.9,1.11,No,Offline,Good,Good,No,0,High,6.7,D,0.94,2,Neutral,1.7,2.9,4.7,2.4,2.6,4.7,1.0
21,Male,2.97,78.3,6.6,3.0,5.1,1.82,Yes,Hybrid,Average,Good,No,2,High,4.5,B,0.6,2,Neutral,3.1,3.2,4.4,3.8,2.7,4.5,3.9
19,Male,4.1,64.1,7.8,6.3,5.8,1.48,No,Online,Average,Excellent,Yes,2,High,4.2,B,0.67,1,Neutral,4.4,1.5,5.0,1.1,2.3,5.0,3.5
22,Female,4.59,70.9,7.9,5.2,2.6,1.14,No,Online,Good,Excellent,Yes,2,High,4.9,B,0.52,2,Positive,4.2,3.9,3.9,2.9,1.7,4.9,3.9
25,Male,7.15,89.9,5.7,7.7,5.0,2.02,No,Offline,Average,Excellent,Yes,2,Middle,5.5,A,0.28,2,Positive,2.4,3.0,2.9,3.4,2.5,5.0,2.4
25,Male,4.22,77.0,5.6,6.4,5.8,1.85,Yes,Offline,Average,Excellent,No,0,Low,5.2,C,0.67,2,Negative,3.6,2.6,3.2,3.6,3.4,5.0,1.4
18,Female,0.81,94.1,9.3,6.2,2.7,1.65,No,Hybrid,Good,Good,Yes,2,Middle,5.7,B,0.27,2,Neutral,3.5,1.7,3.1,1.7,3.6,5.0,1.6
20,Male,9.43,89.7,3.7,4.9,5.3,1.84,No,Offline,Average,Excellent,Yes,2,High,2.7,A,0.87,1,Positive,4.7,3.1,4.3,4.5,3.4,2.9,1.9
21,Male,7.45,76.2,8.8,5.2,5.4,1.59,No,Hybrid,Poor,Excellent,Yes,2,High,5.4,A,0.39,1,Positive,3.9,3.0,4.1,3.4,3.2,4.9,2.3
28,Male,6.21,93.0,8.0,2.9,3.5,1.67,No,Hybrid,Good,Good,Yes,3,Middle,4.6,A,0.46,2,Positive,3.3,2.2,5.0,5.0,2.6,5.0,3.8
22,Female,5.99,56.4,8.9,5.0,3.9,1.96,Yes,Online,Poor,Poor,Yes,1,Low,5.7,A,0.61,1,Positive,3.7,2.7,3.4,4.0,4.5,4.9,3.6
20,Male,5.11,89.7,4.3,3.5,6.1,1.56,No,Hybrid,Average,Poor,No,3,Middle,7.2,B,0.96,0,Positive,2.3,1.5,3.0,5.0,3.2,4.1,2.7
17,Male,8.55,85.6,4.1,5.0,4.7,1.92,Yes,Hybrid,Average,Excellent,No,2,Middle,1.0,A,0.33,2,Positive,3.3,1.3,4.9,3.4,2.8,4.2,3.6
21,Male,2.59,78.2,6.6,6.5,3.7,1.95,Yes,Hybrid,Average,Good,Yes,1,Low,7.0,C,0.2,1,Negative,5.0,1.6,3.5,1.7,3.8,3.8,2.2
18,Female,6.54,73.1,6.2,5.1,2.1,1.99,No,Offline,Average,Excellent,No,2,High,4.1,A,0.7,1,Neutral,3.1,2.8,2.8,2.8,4.5,4.9,2.7
24,Male,6.56,71.7,8.2,2.5,3.1,1.84,Yes,Hybrid,Poor,Average,No,3,Middle,4.7,A,0.62,2,Positive,2.6,2.4,4.0,2.6,3.8,2.0,3.1
23,Male,9.82,71.1,6.9,3.6,5.2,1.51,No,Offline,Good,Average,No,3,Middle,4.1,A,0.53,1,Positive,4.3,3.8,3.9,3.7,3.8,4.9,3.5
21,Female,4.87,82.2,6.6,3.7,5.5,1.65,Yes,Hybrid,Poor,Good,No,2,Low,4.4,A,0.85,2,Positive,2.7,2.3,4.5,3.9,2.7,4.9,2.0
20,Female,8.13,77.7,5.0,3.5,4.5,2.15,No,Online,Poor,Excellent,No,4,High,4.2,A,0.52,2,Positive,2.1,2.7,5.0,3.3,4.7,3.1,3.0
25,Male,5.92,71.9,7.6,6.8,3.9,1.59,No,Online,Average,Poor,No,0,Middle,5.9,B,0.76,1,Neutral,4.6,3.4,4.0,3.0,4.4,5.0,1.6
19,Male,3.05,73.1,7.4,1.0,2.0,2.26,Yes,Hybrid,Good,Excellent,No,4,Middle,4.7,A,0.16,2,Negative,2.6,3.0,3.0,3.3,3.2,4.6,3.7
19,Female,2.83,87.6,6.9,8.0,3.1,1.6,No,Offline,Poor,Good,Yes,2,Middle,5.7,C,0.53,1,Neutral,2.9,2.3,3.8,1.3,3.0,3.0,1.5
26,Female,7.47,80.5,7.6,3.5,4.2,1.44,Yes,Online,Good,Average,Yes,0,Low,3.4,A,0.25,0,Positive,2.8,3.8,2.8,5.0,3.8,3.1,3.7
24,Male,2.67,75.3,6.5,5.8,2.5,2.09,No,Online,Average,Average,Yes,2,High,4.9,B,0.71,2,Positive,4.9,4.2,3.0,2.4,3.1,3.0,3.8
24,Male,4.47,92.1,6.4,5.9,0.9,1.84,No,Offline,Poor,Poor,No,3,High,3.1,A,0.57,1,Positive,1.0,3.3,4.7,3.7,4.9,4.1,2.5
18,Male,8.43,85.4,7.3,2.4,1.8,1.7,Yes,Offline,Average,Poor,Yes,3,High,6.2,A,0.73,0,Positive,3.6,3.5,2.3,4.3,4.4,5.0,3.6
18,Male,3.14,74.7,5.5,6.7,4.1,2.39,No,Offline,Good,Good,No,0,Low,2.3,A,0.16,2,Negative,1.7,4.2,1.8,1.1,2.6,3.8,3.0
17,Female,6.21,88.6,7.8,3.5,3.9,1.61,No,Offline,Good,Poor,Yes,3,Low,5.3,A,0.47,1,Neutral,4.1,1.9,2.1,2.7,2.8,3.5,3.4
19,Male,8.99,74.0,5.5,6.2,4.2,1.43,No,Hybrid,Good,Average,No,3,Middle,5.0,A,0.68,2,Neutral,2.5,4.2,3.9,3.7,1.9,5.0,2.5
24,Female,8.18,79.2,8.4,4.6,6.5,1.45,Yes,Online,Poor,Excellent,Yes,1,Low,3.9,B,0.43,2,Positive,2.7,3.0,2.8,3.2,4.6,3.4,3.7
19,Female,6.66,87.6,6.0,3.6,2.6,1.86,No,Offline,Average,Good,No,3,High,4.0,A,0.52,2,Neutral,2.8,3.3,4.8,4.6,3.7,3.0,3.7
23,Male,3.59,87.5,4.1,9.3,4.9,1.9,No,Online,Poor,Good,No,0,Middle,8.3,D,0.59,2,Positive,3.1,1.2,4.8,1.0,1.6,3.3,1.2
19,Male,8.74,74.6,8.2,6.3,3.8,1.77,No,Offline,Good,Average,Yes,3,Middle,3.8,A,0.86,0,Neutral,2.1,1.6,2.9,4.3,2.6,5.0,1.0
20,Female,6.09,94.6,6.3,1.1,3.4,1.77,Yes,Online,Average,Excellent,Yes,2,Low,6.1,A,0.43,2,Positive,4.1,2.9,2.1,3.5,1.6,3.8,3.5
28,Male,5.19,87.7,6.0,4.9,5.3,2.05,No,Offline,Average,Excellent,No,2,High,5.4,A,0.77,2,Positive,2.4,2.7,3.0,1.6,3.2,2.6,2.4
19,Female,2.88,87.2,6.0,2.3,4.6,1.6,No,Online,Average,Good,Yes,1,High,4.1,B,0.55,1,Neutral,2.6,3.1,5.0,2.7,2.5,5.0,2.9
20,Non-Binary,0.7,82.3,5.8,4.9,2.0,1.9,No,Hybrid,Good,Excellent,No,0,Low,3.0,B,0.35,2,Neutral,2.0,3.0,3.3,2.8,2.7,4.5,2.0
19,Male,5.85,77.5,6.7,8.9,1.6,1.8,Yes,Offline,Average,Excellent,No,2,Middle,4.2,A,0.75,1,Positive,4.0,1.7,3.2,2.3,4.4,5.0,1.0
18,Male,4.15,78.3,8.2,5.2,3.9,1.79,No,Hybrid,Good,Good,No,2,Middle,2.4,A,0.52,2,Negative,2.8,3.1,4.3,3.2,3.3,4.2,3.6
21,Male,1.62,96.4,7.5,1.4,3.4,1.79,Yes,Offline,Poor,Good,No,3,Middle,1.0,A,0.83,2,Positive,4.5,2.0,3.5,4.4,3.3,3.8,3.2
20,Female,6.89,85.1,6.1,6.1,2.8,1.29,No,Online,Average,Average,No,3,High,2.9,A,0.51,2,Positive,1.0,3.7,4.4,5.0,2.7,3.9,2.0
23,Female,5.57,75.3,9.8,6.8,4.2,1.44,No,Offline,Average,Average,No,0,Middle,8.1,B,0.52,1,Neutral,3.8,2.0,3.3,2.3,3.0,3.3,1.9
24,Female,3.84,79.0,7.6,1.8,4.8,1.77,No,Offline,Poor,Poor,No,3,High,4.0,B,0.62,1,Neutral,1.8,3.4,3.0,4.3,3.5,4.5,3.7
21,Female,4.24,68.7,6.7,3.5,5.7,1.71,Yes,Hybrid,Average,Poor,Yes,3,High,5.2,B,0.29,0,Neutral,2.3,2.7,4.5,3.0,4.6,4.1,3.1
17,Male,6.19,76.4,5.8,7.2,4.0,1.63,No,Offline,Poor,Average,Yes,1,High,6.4,C,0.75,0,Positive,3.0,2.4,4.0,1.8,3.2,3.6,2.1
22,Female,6.12,58.5,9.1,6.5,3.8,1.16,No,Offline,Poor,Excellent,Yes,1,Middle,4.8,B,0.55,2,Positive,3.7,2.8,4.6,1.9,2.5,4.6,2.3
17,Female,3.25,63.0,6.1,1.0,3.9,1.83,No,Offline,Poor,Average,No,1,High,4.6,B,0.72,1,Neutral,5.0,5.0,5.0,3.4,3.3,4.3,5.0
22,Female,6.92,71.8,8.0,5.4,1.9,1.62,No,Offline,Poor,Excellent,Yes,2,Middle,5.4,A,0.76,2,Neutral,2.3,1.3,4.7,4.2,3.1,4.5,1.8
23,Male,4.69,100.0,6.5,5.0,3.0,1.23,Yes,Hybrid,Good,Good,No,2,Low,3.8,A,0.78,1,Positive,2.3,2.0,4.7,2.5,5.0,4.2,2.8
18,Female,3.05,79.0,6.0,4.7,4.4,2.31,No,Hybrid,Poor,Average,Yes,2,Middle,3.5,A,0.22,2,Negative,2.4,1.8,4.0,2.7,2.8,3.1,2.0
24,Female,4.82,84.8,5.7,7.3,4.7,2.14,Yes,Offline,Average,Good,No,1,Middle,5.8,B,0.25,0,Positive,2.6,2.6,3.0,2.9,3.2,4.9,2.0
26,Female,5.15,75.2,7.7,2.2,5.0,1.87,Yes,Offline,Average,Average,Yes,3,High,2.7,A,0.4,1,Neutral,4.0,3.5,4.6,1.5,3.8,3.2,3.1
24,Female,7.43,100.0,8.8,5.8,3.8,1.73,Yes,Online,Average,Excellent,Yes,3,Middle,1.5,A,0.65,2,Positive,3.1,3.7,3.8,3.8,3.3,4.8,2.5
19,Female,6.45,86.9,8.4,7.6,4.5,1.36,No,Online,Good,Excellent,Yes,1,Low,1.5,A,0.5,2,Positive,4.7,2.4,1.8,3.6,4.1,5.0,2.9
22,Female,0.56,75.0,8.5,6.3,5.0,2.19,No,Online,Poor,Poor,Yes,1,Middle,6.9,C,0.18,0,Positive,4.4,3.6,3.8,2.9,3.2,3.4,3.5
26,Female,2.6,76.2,6.9,6.6,4.6,2.2,No,Online,Poor,Excellent,No,1,High,5.6,C,0.87,2,Negative,3.7,3.4,5.0,2.8,2.7,3.5,3.1
19,Female,6.67,80.2,8.3,1.6,4.7,1.21,No,Hybrid,Average,Good,No,2,High,4.7,A,0.5,1,Positive,2.7,3.2,3.5,3.9,3.5,5.0,2.6
24,Male,5.63,70.1,8.1,6.5,4.5,1.64,No,Online,Poor,Poor,Yes,3,Middle,4.1,A,0.47,0,Negative,1.2,2.0,2.2,3.1,3.4,3.5,1.9
17,Male,3.14,77.8,8.2,5.3,3.4,1.67,No,Hybrid,Poor,Good,No,2,Low,1.8,A,0.31,2,Positive,2.9,2.6,4.6,3.6,3.7,4.5,4.3
17,Male,4.05,84.7,5.4,6.4,4.6,1.6,No,Hybrid,Average,Good,Yes,1,Low,4.4,B,0.18,0,Positive,2.2,2.0,3.3,2.8,2.6,3.2,3.1
23,Female,8.32,65.1,5.2,5.3,3.4,1.55,Yes,Offline,Good,Average,Yes,2,Middle,5.1,A,0.3,0,Positive,2.9,2.8,4.4,4.2,3.6,4.2,2.2
23,Female,0.3,92.3,7.8,3.9,1.8,1.58,No,Offline,Average,Good,No,2,High,4.6,B,0.37,0,Positive,2.7,2.3,3.5,2.5,4.4,4.0,4.1
24,Non-Binary,7.58,92.4,5.0,5.3,3.3,1.68,No,Offline,Average,Poor,Yes,2,High,5.9,A,0.73,0,Positive,2.6,3.0,4.1,4.5,1.4,4.4,2.4
26,Male,7.23,81.7,6.5,4.9,5.3,2.17,No,Offline,Average,Good,No,2,High,3.6,A,0.6,2,Positive,3.0,1.5,3.2,3.3,3.1,3.9,2.5
18,Male,3.87,86.8,7.5,6.4,3.5,1.53,No,Hybrid,Average,Poor,No,2,Middle,6.6,C,0.49,1,Neutral,1.3,2.8,5.0,3.8,2.2,4.6,1.6
19,Male,4.53,82.8,7.8,5.2,6.8,2.21,No,Online,Average,Excellent,Yes,1,High,1.0,A,0.72,1,Neutral,2.5,3.3,5.0,1.9,3.9,3.3,2.8
25,Male,5.81,74.9,8.4,5.0,2.0,1.78,Yes,Online,Average,Good,No,1,Middle,3.7,A,0.77,2,Positive,4.3,3.2,3.9,3.5,3.1,4.7,3.7
18,Female,5.24,88.8,8.2,3.5,2.8,2.05,No,Online,Average,Average,Yes,3,Low,2.8,A,0.73,0,Neutral,4.0,1.0,3.9,4.3,2.4,4.4,1.9
23,Male,5.92,82.9,7.0,3.3,6.4,1.76,No,Hybrid,Average,Average,No,4,High,2.1,A,0.69,1,Positive,3.0,3.2,5.0,3.9,2.5,3.4,4.0
21,Female,7.48,77.1,7.3,4.5,6.3,1.56,No,Hybrid,Average,Average,No,3,Low,5.6,A,0.71,1,Positive,1.3,3.2,1.9,4.0,4.8,3.7,3.1
18,Female,3.8,67.0,8.7,3.1,5.4,1.77,No,Offline,Average,Good,No,3,Middle,4.3,B,0.78,1,Neutral,2.7,5.0,5.0,3.6,2.9,4.5,4.1
19,Male,5.07,75.1,5.4,6.0,4.8,1.8,No,Hybrid,Good,Poor,Yes,1,Middle,4.1,B,0.72,0,Neutral,2.5,2.7,5.0,3.0,3.1,3.8,1.6
21,Female,5.99,91.0,5.2,2.2,4.2,1.77,Yes,Online,Average,Excellent,Yes,2,Low,5.5,A,0.2,2,Positive,3.2,2.0,2.0,3.4,3.4,3.3,2.0
25,Male,4.2,87.0,6.7,1.0,1.8,1.7,No,Offline,Poor,Excellent,No,2,Low,4.2,A,0.63,1,Positive,3.2,2.0,2.6,4.0,2.1,5.0,2.9
23,Male,5.01,75.9,9.0,3.9,4.1,1.89,No,Offline,Average,Good,No,3,Middle,4.7,A,0.5,2,Positive,3.5,2.7,2.4,3.8,4.0,4.7,2.4
22,Female,8.0,93.7,8.9,5.4,3.7,1.8,Yes,Online,Poor,Average,No,1,High,1.0,A,0.29,1,Positive,1.6,2.0,2.5,2.9,1.9,5.0,4.5
21,Female,0.96,77.9,8.5,4.1,4.8,1.76,No,Offline,Poor,Average,Yes,1,Low,4.4,A,0.26,1,Neutral,1.1,3.5,3.7,3.1,3.8,3.7,3.1
19,Male,5.65,79.7,7.6,3.9,2.6,1.93,Yes,Offline,Average,Good,No,2,Middle,7.3,C,0.78,1,Positive,2.6,4.2,3.3,3.3,2.4,4.3,2.5
18,Male,3.99,79.1,7.4,5.6,3.1,1.89,Yes,Offline,Average,Good,No,1,Middle,5.6,A,0.45,2,Neutral,2.0,1.0,4.0,2.1,3.0,3.4,3.0
20,Male,2.79,66.0,4.9,8.5,2.7,1.13,Yes,Online,Average,Good,Yes,0,Low,5.0,A,0.46,0,Neutral,3.2,2.0,4.5,3.1,4.1,5.0,2.6
17,Male,4.61,83.9,7.5,3.9,3.6,1.68,No,Hybrid,Good,Good,No,2,Low,5.0,A,0.35,1,Positive,3.1,3.9,4.0,3.5,2.3,4.1,1.6
19,Non-Binary,5.82,89.2,6.9,7.3,2.1,1.67,No,Offline,Average,Average,Yes,2,Middle,3.5,A,0.81,1,Positive,1.8,3.1,5.0,3.7,2.8,4.7,1.4
20,Female,6.73,78.4,7.0,7.0,3.7,1.59,No,Offline,Average,Excellent,Yes,3,Middle,6.1,D,0.54,1,Positive,3.3,1.8,4.4,2.7,2.5,4.3,1.8
20,Male,3.54,100.0,8.0,3.9,4.5,1.65,No,Online,Poor,Poor,Yes,2,Middle,1.1,A,0.79,0,Positive,3.7,3.2,5.0,4.2,3.4,5.0,2.7
17,Female,6.38,67.7,9.3,4.9,4.8,2.18,No,Online,Good,Good,No,1,High,4.2,B,0.87,1,Positive,4.6,3.7,4.5,3.3,1.9,5.0,3.3
22,Male,7.99,82.5,8.4,2.2,3.4,1.73,Yes,Online,Poor,Good,No,3,Low,4.0,B,0.13,1,Positive,1.9,3.2,2.4,4.6,2.5,4.2,4.5
21,Male,5.44,77.6,8.6,7.3,3.9,1.83,Yes,Offline,Average,Poor,No,1,High,2.8,A,0.35,0,Neutral,2.8,2.9,2.6,2.2,3.3,4.2,3.3
17,Female,6.53,86.2,7.7,2.0,2.7,1.86,Yes,Online,Poor,Good,Yes,2,Middle,3.3,B,0.76,1,Positive,2.4,4.2,4.8,4.3,5.0,5.0,4.2
26,Female,6.02,81.7,8.5,4.0,4.2,1.51,Yes,Hybrid,Poor,Excellent,Yes,1,Middle,4.1,A,0.2,2,Positive,4.9,2.8,4.2,3.9,3.3,2.7,4.5
18,Female,6.41,85.0,6.9,4.2,5.6,1.95,Yes,Online,Good,Good,No,1,High,1.5,B,0.69,0,Neutral,1.2,2.9,3.5,3.3,2.9,4.3,3.0
25,Female,3.18,72.8,7.4,5.0,2.1,1.67,No,Hybrid,Average,Poor,No,1,Middle,3.0,A,0.72,0,Positive,3.7,3.6,3.6,2.0,2.8,5.0,2.7
17,Female,7.53,84.2,7.4,3.1,4.9,2.24,No,Offline,Good,Average,No,2,Low,3.7,B,0.22,2,Positive,2.6,3.6,3.0,4.3,5.0,4.3,3.3
25,Male,6.01,87.5,10.0,5.6,4.3,1.65,No,Online,Good,Average,Yes,1,Low,2.3,A,0.54,2,Neutral,2.0,3.7,3.3,4.0,3.9,4.8,3.4
17,Female,8.77,78.8,4.4,3.1,2.0,1.61,Yes,Offline,Good,Average,No,4,High,2.7,A,0.89,2,Neutral,2.8,3.8,3.6,3.1,1.9,5.0,3.5
23,Non-Binary,6.74,63.4,6.6,5.3,5.3,2.14,No,Hybrid,Average,Excellent,No,2,Low,3.8,A,0.34,2,Neutral,3.2,4.1,4.7,3.4,1.0,5.0,2.4
20,Male,3.34,63.7,6.4,3.7,2.0,2.03,No,Hybrid,Average,Good,No,2,Middle,2.2,A,0.44,2,Positive,1.1,2.5,3.2,3.5,1.8,4.0,3.6
23,Female,7.44,69.3,6.6,7.3,3.6,1.15,No,Offline,Average,Average,No,1,Middle,4.5,B,0.09,1,Neutral,2.7,2.7,3.6,2.4,3.2,3.4,1.7
20,Female,7.86,79.8,7.4,5.5,5.7,1.75,No,Hybrid,Average,Excellent,No,0,Middle,4.4,A,0.55,2,Positive,2.7,2.6,3.3,4.7,3.1,4.4,3.3
17,Male,7.23,65.6,7.8,4.9,4.3,2.05,Yes,Hybrid,Good,Good,No,2,High,5.5,A,0.2,0,Positive,1.4,1.4,3.0,4.3,3.2,5.0,2.5
23,Female,4.51,78.6,5.8,3.3,3.5,2.05,Yes,Offline,Average,Average,No,1,Middle,2.1,A,0.71,1,Neutral,3.8,2.2,3.7,3.8,4.7,4.1,4.1
17,Male,4.28,80.0,5.8,7.0,3.6,1.62,No,Online,Poor,Average,No,2,Middle,4.6,C,0.33,1,Positive,2.0,3.3,2.6,3.0,3.2,3.4,2.8
26,Female,7.82,68.8,7.8,6.3,3.8,1.73,No,Hybrid,Average,Average,Yes,2,Middle,4.6,A,0.73,2,Positive,4.3,3.1,2.6,2.9,3.1,4.6,2.2
17,Male,3.56,86.5,8.0,4.7,4.5,2.39,No,Offline,Average,Excellent,No,4,Low,1.7,A,0.42,2,Neutral,2.4,3.6,3.1,2.7,2.8,4.1,4.1
21,Female,6.87,68.5,9.6,5.0,3.5,1.69,No,Hybrid,Average,Good,No,3,Middle,3.7,A,0.53,1,Neutral,1.0,2.6,4.0,2.2,3.3,3.8,2.3
23,Male,5.39,82.6,8.2,5.6,5.1,1.97,No,Offline,Good,Excellent,Yes,1,High,4.3,A,0.46,1,Neutral,4.5,2.8,4.4,2.6,3.7,4.6,2.4
20,Male,3.8,98.0,7.0,2.0,5.4,1.99,No,Offline,Poor,Average,No,0,Middle,1.0,A,0.37,1,Positive,1.8,3.6,3.5,3.7,3.1,4.3,3.9
19,Male,4.37,65.0,5.3,5.4,1.9,1.99,Yes,Offline,Good,Excellent,No,2,High,4.4,B,0.26,2,Negative,2.4,2.5,3.3,3.1,1.8,5.0,4.1
23,Female,4.04,78.3,7.4,5.2,3.0,1.62,No,Online,Poor,Poor,Yes,0,Low,5.9,C,0.07,1,Positive,2.3,3.0,3.2,2.5,2.0,5.0,2.5
24,Female,6.13,92.4,6.7,2.6,2.5,1.61,No,Online,Average,Excellent,No,2,High,3.3,A,0.47,1,Positive,2.5,1.4,3.1,3.8,3.6,4.2,3.4
26,Female,3.79,79.9,6.3,3.3,4.0,1.8,Yes,Offline,Average,Excellent,Yes,3,Middle,3.8,B,0.65,2,Negative,3.2,3.1,5.0,3.7,2.1,3.7,2.9
20,Female,4.95,70.9,7.4,6.3,3.0,1.82,No,Offline,Poor,Average,No,2,High,4.9,B,0.61,2,Positive,4.2,2.2,4.1,2.2,2.7,4.2,2.7
21,Male,4.64,78.0,6.5,8.9,3.3,1.89,No,Online,Good,Good,No,2,Middle,6.3,B,0.62,2,Positive,1.0,2.6,4.7,3.7,1.2,5.0,1.9
20,Male,5.9,64.9,5.8,7.8,4.5,2.02,No,Online,Average,Good,No,2,Middle,5.8,B,0.5,2,Neutral,2.8,3.7,4.2,2.8,3.9,2.9,1.0
19,Female,7.14,76.0,6.3,7.2,2.8,1.41,Yes,Online,Good,Excellent,No,3,High,2.4,A,0.29,1,Positive,4.0,2.9,3.6,3.3,2.4,4.3,3.3
23,Male,2.15,80.8,8.2,5.6,2.2,1.43,Yes,Online,Poor,Average,No,2,High,3.3,C,0.72,2,Neutral,3.0,3.2,4.4,2.4,1.0,3.9,2.6
20,Non-Binary,5.95,73.5,7.6,2.3,2.5,2.02,No,Offline,Average,Good,No,1,Middle,5.2,B,0.85,2,Positive,3.3,4.9,3.1,3.8,3.7,5.0,4.0
20,Female,3.72,77.4,9.8,8.5,3.4,1.91,Yes,Offline,Good,Excellent,Yes,1,Middle,3.1,B,0.43,1,Neutral,4.1,2.0,3.9,1.0,1.6,5.0,2.9
20,Male,4.71,61.2,7.2,3.9,5.1,1.43,Yes,Offline,Poor,Good,No,0,Middle,5.1,C,0.28,1,Positive,1.5,2.2,2.7,3.0,1.8,4.1,1.5
23,Male,4.84,92.1,10.0,3.4,5.5,1.41,No,Hybrid,Good,Average,Yes,2,High,4.0,A,0.76,2,Neutral,3.2,1.9,3.6,2.6,3.8,5.0,4.6
26,Female,8.26,74.3,6.6,7.1,5.2,2.34,No,Hybrid,Average,Excellent,No,2,Middle,5.9,A,0.25,2,Neutral,3.8,3.6,4.5,3.6,2.4,3.8,2.7
22,Male,8.15,80.8,7.2,7.5,6.6,1.32,Yes,Offline,Average,Poor,No,1,Middle,5.4,A,0.68,1,Neutral,3.4,3.3,3.4,3.2,4.8,3.9,2.1
21,Male,4.63,77.7,6.6,5.9,4.5,1.59,No,Hybrid,Average,Good,No,0,High,5.5,C,0.73,2,Neutral,2.4,1.5,5.0,2.2,1.6,4.6,2.0
24,Male,4.63,77.9,7.1,1.0,4.2,1.97,Yes,Online,Average,Average,No,3,Middle,3.8,B,0.46,0,Neutral,1.2,4.3,2.9,3.1,4.6,3.8,3.9
22,Female,8.01,83.0,6.3,3.8,5.2,1.37,Yes,Hybrid,Average,Average,Yes,2,Middle,2.3,A,0.47,0,Neutral,3.3,3.3,4.5,3.4,2.0,4.3,3.1
17,Female,6.14,84.1,9.1,8.6,5.3,1.54,No,Online,Average,Good,Yes,2,Low,8.2,B,0.72,1,Positive,2.4,1.1,2.9,3.0,2.7,5.0,1.2
18,Male,8.87,76.7,7.3,9.8,2.7,1.73,Yes,Offline,Average,Good,No,2,Middle,3.8,A,0.55,2,Neutral,3.6,2.4,3.8,3.5,2.0,5.0,2.5
17,Male,3.72,71.3,7.0,6.6,5.6,2.27,Yes,Offline,Good,Good,No,0,Middle,5.9,B,0.51,0,Neutral,2.2,2.7,3.9,1.7,4.1,3.9,2.8
20,Male,7.4,91.5,5.9,6.1,3.2,1.75,Yes,Hybrid,Poor,Good,Yes,2,Low,4.1,A,0.82,2,Positive,4.4,2.6,4.2,4.2,4.5,2.3,2.0
24,Female,4.13,63.4,7.6,5.1,1.9,2.08,No,Online,Good,Average,Yes,3,Middle,2.8,A,0.74,2,Positive,4.0,1.6,4.0,3.3,2.6,3.1,1.7
19,Male,1.33,87.2,7.2,3.6,1.9,2.14,Yes,Offline,Good,Average,No,0,Middle,4.6,C,0.39,1,Positive,1.7,5.0,2.5,2.4,2.7,4.9,3.5
20,Male,6.63,68.5,6.3,4.6,4.9,2.01,No,Offline,Average,Good,Yes,3,Middle,1.3,A,0.58,2,Positive,4.7,1.9,2.3,3.0,1.5,3.6,3.9
25,Female,3.21,75.4,6.5,8.1,4.1,1.47,Yes,Online,Average,Average,No,0,Middle,8.2,D,0.65,0,Neutral,1.7,1.5,3.8,2.6,4.2,4.1,1.8
24,Female,6.54,84.4,7.6,3.2,4.5,1.76,No,Offline,Good,Good,No,2,Middle,3.4,A,0.34,1,Positive,3.6,2.0,5.0,4.3,2.0,4.4,3.9
22,Non-Binary,4.51,80.5,6.3,3.7,4.9,1.4,Yes,Hybrid,Good,Good,No,2,Middle,6.8,B,0.41,0,Negative,2.7,4.0,3.2,4.5,1.7,4.5,1.3
19,Female,7.61,76.6,5.3,3.8,6.2,1.65,Yes,Hybrid,Average,Excellent,Yes,2,Low,3.1,A,0.3,2,Positive,2.9,2.0,4.4,3.9,3.0,3.4,2.4
18,Male,2.38,85.9,6.3,5.1,4.7,2.04,No,Hybrid,Poor,Good,Yes,4,Middle,4.3,B,0.47,1,Neutral,4.1,2.4,4.6,3.7,2.5,3.4,2.0
17,Male,1.97,81.8,7.6,5.9,4.2,1.75,No,Hybrid,Average,Poor,No,1,Low,3.5,B,0.35,1,Neutral,3.4,3.0,3.9,3.3,2.3,5.0,2.2
18,Male,8.11,74.0,6.0,5.1,3.7,2.07,No,Hybrid,Average,Excellent,No,1,Middle,3.5,A,0.35,2,Positive,1.7,1.0,2.5,4.4,2.8,4.1,1.6
19,Male,7.29,75.8,5.4,7.2,5.7,1.74,No,Offline,Good,Excellent,Yes,3,High,1.5,A,0.24,2,Positive,2.5,1.7,4.2,3.3,2.3,4.5,1.9
21,Female,5.32,68.0,6.9,3.1,2.8,2.05,No,Hybrid,Good,Good,Yes,1,Middle,4.6,A,0.82,2,Positive,3.5,2.4,4.6,3.6,3.2,4.5,3.2
17,Female,1.86,79.7,5.9,5.7,3.1,2.21,No,Hybrid,Good,Excellent,Yes,0,Middle,4.9,B,0.55,2,Neutral,4.1,3.5,3.8,3.1,4.2,5.0,3.1
18,Female,6.81,100.0,6.8,3.0,5.5,1.44,Yes,Online,Good,Good,No,1,Low,6.4,A,0.78,1,Positive,3.8,2.9,4.0,3.5,1.0,5.0,1.9
18,Male,10.02,83.8,8.3,4.2,3.3,1.82,No,Online,Average,Good,No,3,Low,1.8,A,0.69,0,Positive,2.8,2.5,3.1,5.0,3.3,2.6,4.8
22,Female,4.37,85.8,7.5,3.8,7.2,1.81,No,Offline,Average,Average,Yes,2,Low,5.9,A,0.18,0,Positive,2.6,3.8,3.6,3.8,4.3,3.7,3.7
22,Female,4.3,75.9,5.0,6.0,1.8,1.61,No,Hybrid,Poor,Good,No,3,Middle,3.8,B,0.53,2,Neutral,5.0,2.2,4.7,1.7,3.3,4.0,3.5
21,Male,3.41,63.4,7.1,4.8,1.2,1.39,Yes,Hybrid,Good,Average,No,1,Low,5.9,C,0.63,1,Positive,3.9,3.8,1.7,2.4,4.2,5.0,2.5
19,Female,6.0,75.5,5.9,3.1,4.3,2.07,No,Hybrid,Average,Average,No,3,High,1.7,A,0.59,2,Positive,2.8,5.0,4.2,4.2,3.7,2.8,3.2
20,Male,4.93,82.7,7.6,4.4,6.1,1.92,Yes,Offline,Good,Poor,No,3,High,3.6,A,0.61,1,Positive,3.0,3.9,2.8,4.3,3.3,4.2,3.3
18,Male,2.01,71.2,7.9,3.4,4.5,1.87,Yes,Offline,Poor,Average,No,1,Middle,1.5,B,0.81,2,Neutral,1.9,4.6,3.4,4.0,1.6,4.2,3.8
19,Female,3.62,68.3,8.4,1.0,1.9,1.77,No,Offline,Average,Average,No,1,Low,2.9,A,0.8,0,Neutral,2.7,3.9,4.1,3.6,1.5,4.0,4.1
25,Female,6.98,79.4,7.8,6.4,4.9,1.72,No,Online,Good,Good,No,0,High,4.1,A,0.46,2,Positive,2.4,2.8,4.2,3.4,1.9,5.0,3.0
28,Male,2.8,86.1,7.1,2.9,3.9,1.58,No,Offline,Poor,Average,No,2,Low,7.9,B,0.34,1,Positive,2.6,3.1,2.7,3.3,4.0,4.6,3.5
22,Male,5.57,72.0,7.8,2.8,5.0,1.65,No,Hybrid,Good,Excellent,No,3,Low,1.0,A,0.66,1,Negative,4.1,3.9,5.0,4.6,2.8,5.0,4.3
26,Non-Binary,7.11,97.4,5.2,8.0,2.1,1.8,Yes,Hybrid,Good,Average,Yes,1,Middle,3.3,A,0.63,0,Neutral,1.7,1.3,4.1,2.2,3.2,4.7,2.1
22,Female,6.56,74.3,5.9,4.1,4.6,1.97,Yes,Online,Good,Good,Yes,2,Middle,2.8,A,0.26,0,Positive,2.8,3.8,2.9,4.1,3.3,5.0,4.0
17,Female,1.48,77.9,9.5,1.9,2.3,1.98,Yes,Offline,Average,Average,No,1,Middle,1.3,A,0.69,1,Positive,2.1,2.9,4.2,4.4,2.7,5.0,4.6
29,Male,6.2,67.6,8.4,3.3,2.9,1.38,Yes,Offline,Average,Average,Yes,3,Low,2.4,A,0.47,2,Neutral,3.3,3.5,1.9,4.2,2.9,4.5,4.1
18,Male,2.81,88.3,5.0,4.8,3.1,1.7,No,Offline,Average,Poor,No,1,Low,4.3,B,0.33,1,Positive,4.4,2.9,3.6,2.5,4.1,5.0,2.1
23,Male,1.0,61.5,6.1,6.5,6.1,1.5,No,Hybrid,Good,Good,Yes,1,High,7.4,D,0.98,0,Negative,3.7,3.1,4.3,2.5,2.6,4.4,1.7
19,Male,5.63,77.7,5.0,4.6,4.9,1.47,No,Hybrid,Good,Good,No,1,Middle,4.4,A,0.83,0,Positive,3.2,3.5,5.0,4.1,3.3,3.8,2.0
20,Male,1.76,82.2,8.9,6.2,6.4,2.07,No,Online,Average,Average,No,0,Low,2.9,B,0.8,2,Positive,4.0,2.8,2.8,1.9,2.3,4.0,1.9
22,Male,4.53,85.7,8.5,7.8,6.5,1.69,No,Online,Average,Average,No,1,Middle,2.0,B,0.67,1,Positive,3.9,2.5,4.7,2.1,2.9,4.2,2.9
20,Female,7.49,85.5,6.8,7.7,4.2,2.19,No,Offline,Average,Poor,Yes,2,Low,4.5,A,0.39,0,Positive,2.6,2.0,3.3,1.0,4.1,3.5,2.3
19,Male,6.12,69.3,8.4,5.0,6.3,1.71,No,Offline,Good,Excellent,No,3,Middle,3.7,A,0.55,1,Positive,1.3,2.8,4.5,4.4,3.0,4.7,2.4
20,Female,4.73,85.3,6.4,4.0,3.0,2.36,No,Offline,Good,Good,Yes,2,Low,6.0,A,0.28,1,Positive,4.2,2.3,4.1,3.8,2.4,4.8,1.9
20,Male,6.86,76.0,7.9,7.4,2.9,1.5,No,Online,Average,Poor,Yes,2,Middle,3.6,A,0.22,0,Positive,1.8,1.5,3.8,3.6,4.1,4.9,2.3
27,Male,5.12,58.7,6.2,9.9,3.3,1.58,No,Offline,Poor,Average,Yes,0,Middle,7.7,C,0.87,1,Neutral,1.8,1.0,5.0,2.0,4.3,3.7,1.4
24,Male,6.6,100.0,5.3,2.7,5.6,1.76,Yes,Hybrid,Average,Excellent,No,2,High,4.9,A,0.95,2,Positive,2.7,3.7,4.8,2.6,5.0,2.6,3.0
20,Female,7.25,83.6,6.6,5.5,6.1,1.69,Yes,Online,Good,Average,No,2,Low,4.7,A,0.47,2,Neutral,2.4,1.9,2.8,2.8,3.3,4.9,2.9
18,Male,2.99,86.1,5.1,5.8,3.6,1.93,No,Online,Poor,Good,No,0,Middle,6.0,C,0.89,0,Neutral,1.8,3.1,5.0,1.8,2.1,3.8,1.9
24,Non-Binary,8.3,89.7,5.7,8.3,1.2,1.07,No,Hybrid,Average,Average,No,3,High,4.5,A,0.42,2,Positive,2.9,2.3,2.1,4.2,2.3,3.1,2.2
18,Female,4.71,79.1,4.7,7.3,3.7,2.33,No,Online,Average,Good,No,0,Middle,1.6,B,0.23,1,Negative,2.7,1.4,2.3,1.0,2.7,3.5,3.3
19,Female,5.11,73.7,6.5,6.9,2.5,1.91,Yes,Hybrid,Average,Excellent,No,2,High,3.6,A,0.89,1,Positive,3.5,1.2,4.2,2.9,3.6,4.7,3.5
20,Male,5.36,84.7,7.0,7.0,1.0,2.13,No,Online,Average,Excellent,No,3,High,3.1,A,0.54,2,Positive,3.0,2.7,3.4,2.8,2.1,4.9,2.3
25,Female,4.42,89.6,7.4,6.0,5.1,1.53,No,Hybrid,Average,Good,No,2,Middle,6.6,B,0.63,2,Positive,3.3,1.7,3.8,3.8,3.6,2.9,2.3
18,Female,4.1,92.9,6.7,6.9,4.2,2.26,No,Hybrid,Average,Good,No,3,Middle,3.0,B,0.34,2,Neutral,2.8,2.7,3.6,1.7,1.9,5.0,2.8
18,Male,6.05,67.7,6.2,4.2,3.6,1.26,Yes,Hybrid,Average,Good,Yes,3,High,3.1,A,0.85,2,Negative,3.3,3.3,3.8,2.0,2.8,4.9,3.5
21,Female,3.76,89.7,7.8,3.9,4.1,1.96,Yes,Offline,Average,Average,Yes,1,Middle,5.4,A,0.86,0,Neutral,2.6,2.0,4.5,5.0,2.1,4.7,2.9
19,Female,5.93,63.6,8.3,6.2,4.0,2.35,No,Hybrid,Poor,Excellent,Yes,4,Middle,4.2,A,0.64,2,Neutral,2.9,1.5,2.8,3.4,2.4,3.7,3.9
21,Female,6.45,85.7,5.8,4.7,5.2,1.81,No,Online,Average,Good,Yes,3,Middle,4.2,A,0.51,0,Neutral,2.1,2.6,4.2,2.4,4.2,5.0,2.3
20,Female,3.83,74.0,7.5,5.5,4.9,1.92,No,Online,Average,Good,No,2,Middle,5.7,A,0.53,2,Neutral,2.1,2.4,3.3,3.3,1.5,3.7,3.0
20,Female,4.32,87.0,6.0,3.6,5.2,2.08,Yes,Online,Poor,Poor,No,2,Middle,4.3,A,0.43,1,Positive,3.0,2.4,3.5,2.0,3.7,4.1,3.7
18,Female,6.03,88.3,6.0,5.9,1.4,2.03,Yes,Offline,Good,Good,No,3,Middle,2.5,A,0.8,0,Neutral,4.8,1.0,3.0,3.2,3.2,3.7,3.5
18,Male,4.91,85.2,8.2,6.5,4.8,1.89,Yes,Online,Average,Excellent,Yes,1,Low,2.4,B,0.62,2,Positive,3.4,3.3,5.0,4.3,3.1,3.7,4.0
24,Female,6.23,89.0,5.9,4.5,4.9,1.29,Yes,Online,Good,Good,No,1,High,4.9,A,0.48,2,Neutral,2.5,2.8,3.4,2.4,3.6,3.0,3.6
25,Female,4.85,87.9,7.1,3.4,4.3,1.18,Yes,Offline,Poor,Average,No,3,High,3.6,B,0.47,1,Positive,1.5,3.4,5.0,3.6,3.0,4.3,3.4
19,Female,4.31,81.9,7.5,3.1,5.7,1.77,No,Hybrid,Average,Poor,Yes,2,Middle,3.2,A,0.27,1,Neutral,3.7,3.0,2.5,3.0,2.0,3.9,3.1
18,Non-Binary,4.53,94.2,7.1,3.7,4.4,1.88,No,Hybrid,Good,Average,No,2,Middle,5.5,A,0.37,0,Neutral,4.1,3.7,3.1,2.4,5.0,4.2,3.2
17,Male,5.59,79.7,7.7,6.8,2.4,2.11,Yes,Offline,Poor,Excellent,No,4,Low,3.5,A,0.16,2,Positive,3.5,2.3,3.3,2.0,2.0,4.5,3.5
22,Male,7.31,74.3,7.1,6.2,3.6,1.83,No,Hybrid,Average,Excellent,Yes,2,Low,2.9,A,0.46,1,Neutral,3.5,2.3,3.5,3.1,4.3,5.0,1.4
23,Male,1.61,82.4,7.0,6.4,3.3,1.72,No,Hybrid,Average,Excellent,No,1,Low,5.6,C,0.59,1,Neutral,1.6,1.9,3.0,2.9,1.8,4.4,2.2
20,Male,4.0,72.8,6.3,3.3,2.7,2.16,Yes,Hybrid,Good,Good,Yes,2,Middle,3.0,A,0.88,0,Neutral,3.1,3.2,4.1,3.0,5.0,4.4,2.8
22,Male,4.19,80.2,5.8,2.9,4.3,1.98,Yes,Hybrid,Poor,Good,Yes,3,Low,2.3,A,0.91,2,Neutral,2.4,2.8,4.9,2.4,1.8,3.8,2.6
23,Female,3.37,80.2,6.6,2.9,4.3,1.7,No,Offline,Poor,Good,No,2,Middle,6.7,A,0.21,1,Neutral,3.6,2.7,2.1,3.1,2.5,4.1,2.4
26,Male,4.02,97.4,7.0,6.2,4.5,1.86,No,Hybrid,Poor,Good,No,2,Middle,3.8,B,0.77,1,Neutral,1.9,1.2,4.9,1.0,1.2,4.3,2.6
17,Female,7.3,99.0,6.2,3.5,3.8,1.71,Yes,Hybrid,Good,Good,No,3,High,4.8,A,0.44,2,Positive,2.9,2.6,4.2,2.4,2.4,5.0,3.1
18,Female,6.99,66.7,6.5,4.8,2.5,1.67,Yes,Online,Good,Good,No,1,Low,2.8,A,0.45,0,Positive,3.7,3.1,3.7,4.3,3.3,3.9,3.6
17,Male,3.77,71.6,5.9,3.5,5.0,2.04,No,Offline,Average,Good,No,3,Middle,5.1,A,0.45,1,Negative,2.3,2.9,2.1,2.3,2.7,3.0,3.6
25,Male,2.09,88.7,6.1,5.2,5.0,1.65,No,Online,Good,Average,Yes,3,High,5.0,B,0.73,1,Negative,2.6,3.2,5.0,3.4,4.3,4.0,4.0
24,Female,5.79,83.6,5.9,4.9,1.6,1.81,Yes,Hybrid,Average,Average,No,2,High,3.5,A,0.31,2,Neutral,3.9,1.9,2.2,5.0,3.0,3.9,2.5
21,Female,5.92,98.5,8.0,4.4,2.6,2.01,No,Offline,Poor,Excellent,No,2,Middle,4.0,A,0.72,1,Neutral,4.8,2.4,3.5,3.5,3.4,3.1,3.5
18,Female,2.61,90.1,6.8,5.3,3.7,1.7,Yes,Online,Poor,Excellent,No,1,Middle,5.8,B,0.4,2,Neutral,3.7,3.0,3.0,2.8,3.0,4.9,3.2
19,Female,5.37,79.2,5.5,2.1,4.7,2.08,No,Offline,Average,Good,No,2,Low,3.4,A,0.4,2,Positive,3.1,3.2,3.2,4.2,2.3,4.6,2.5
19,Non-Binary,5.82,100.0,6.3,7.9,4.5,2.39,No,Hybrid,Average,Poor,No,1,Low,3.7,A,0.27,1,Neutral,2.4,1.0,2.9,2.8,5.0,3.7,2.7
21,Female,6.29,65.8,7.3,2.6,3.1,1.36,No,Hybrid,Good,Excellent,Yes,3,Middle,4.9,A,0.34,1,Neutral,2.8,2.7,3.3,4.6,3.4,4.3,3.1
19,Female,3.97,85.6,7.0,4.2,2.5,1.91,Yes,Offline,Poor,Good,No,0,Middle,2.3,A,0.91,2,Neutral,3.7,2.0,4.1,3.4,2.9,2.8,3.3
17,Female,5.97,93.0,6.1,9.3,4.8,1.57,No,Hybrid,Good,Good,No,1,Middle,2.7,B,0.47,0,Neutral,2.5,2.0,4.5,2.8,1.7,3.0,1.8
23,Female,4.65,87.9,6.7,5.8,6.6,1.77,No,Offline,Poor,Good,No,1,Low,5.5,B,0.97,1,Neutral,2.5,1.0,5.0,2.7,3.7,3.4,1.9
19,Male,6.67,73.5,6.4,5.3,4.1,1.12,No,Offline,Average,Good,No,2,Middle,2.4,C,0.39,2,Neutral,1.7,2.9,1.9,4.9,2.8,3.7,3.5
20,Non-Binary,5.47,68.4,9.1,5.3,2.9,1.87,No,Hybrid,Average,Good,Yes,2,Middle,1.0,A,0.2,1,Positive,5.0,3.2,2.6,2.0,3.6,3.7,3.8
18,Male,6.22,89.0,5.0,5.6,2.9,1.82,No,Hybrid,Good,Excellent,Yes,3,Middle,6.6,A,0.41,1,Positive,4.0,2.2,3.6,4.7,3.0,5.0,3.0
24,Female,5.0,77.9,7.4,6.4,4.4,1.63,Yes,Online,Poor,Average,Yes,2,Middle,6.5,A,0.49,0,Neutral,2.6,2.3,3.3,3.2,4.2,3.9,2.2
21,Male,4.47,79.5,4.9,8.0,5.7,2.24,No,Online,Poor,Average,No,2,Middle,4.4,B,0.88,0,Positive,4.4,1.7,4.0,2.1,4.7,3.2,2.5
25,Male,5.44,84.2,8.0,6.1,5.4,1.62,Yes,Hybrid,Good,Poor,No,2,Low,5.8,A,0.77,1,Positive,3.4,3.9,3.6,2.3,2.7,4.3,3.4
21,Male,6.69,79.2,6.4,3.5,2.5,1.51,Yes,Offline,Average,Average,Yes,3,Middle,5.9,A,0.31,2,Positive,2.1,4.0,3.7,3.4,3.3,4.3,2.4
26,Male,4.23,96.1,7.5,4.8,3.6,1.36,Yes,Hybrid,Good,Average,No,1,Low,4.9,A,0.27,2,Positive,2.5,3.7,4.5,3.8,1.8,3.6,2.2
25,Male,5.69,94.3,7.2,3.4,7.5,2.16,No,Offline,Average,Average,Yes,1,Middle,3.3,A,0.65,1,Positive,2.0,4.5,5.0,4.1,2.4,4.8,3.1
21,Female,9.83,65.5,4.6,3.8,3.6,1.81,Yes,Online,Average,Poor,Yes,3,Low,4.7,A,0.47,0,Neutral,3.3,4.0,2.5,4.0,2.4,3.6,3.6
26,Male,3.69,86.0,8.3,4.2,3.6,1.67,Yes,Offline,Average,Average,Yes,1,Middle,5.5,A,0.21,2,Positive,5.0,2.4,2.5,2.2,2.9,4.8,3.2
19,Male,2.35,79.5,7.1,1.8,4.2,1.76,Yes,Hybrid,Poor,Average,No,1,Low,6.2,B,0.6,1,Neutral,3.0,3.3,2.4,1.9,1.9,3.6,3.1
20,Male,3.09,65.9,5.6,7.0,4.2,1.42,Yes,Hybrid,Average,Poor,No,1,Middle,3.8,C,0.44,0,Neutral,2.4,2.9,2.4,2.4,2.7,4.6,2.7
17,Female,4.41,82.5,6.1,5.4,4.6,1.73,No,Hybrid,Average,Good,Yes,2,Middle,8.5,C,0.37,2,Negative,2.8,2.9,2.0,3.0,2.6,5.0,1.2
22,Male,4.98,81.4,7.1,3.3,3.0,1.93,No,Hybrid,Average,Good,No,3,Middle,7.7,A,0.97,0,Positive,4.7,1.8,5.0,4.5,5.0,4.6,2.3
23,Male,0.54,72.4,8.3,1.0,1.8,1.98,Yes,Offline,Average,Poor,Yes,1,Middle,2.0,B,0.54,0,Neutral,3.8,3.9,4.5,1.4,2.3,3.7,4.7
24,Female,1.04,83.9,8.3,5.0,2.7,2.1,No,Online,Average,Good,Yes,1,Middle,4.9,A,0.98,0,Negative,3.2,3.2,3.8,3.2,4.9,2.5,3.1
18,Female,6.53,94.4,7.3,4.3,4.0,1.74,No,Hybrid,Average,Excellent,Yes,4,Middle,6.9,A,0.49,2,Neutral,1.4,3.3,3.6,4.0,2.2,2.4,2.4
20,Male,2.19,72.7,4.4,7.7,3.8,2.02,Yes,Hybrid,Average,Excellent,Yes,0,Middle,7.6,C,0.45,1,Neutral,3.2,2.6,2.9,1.7,3.3,4.2,1.9
18,Male,6.33,69.0,5.5,10.0,6.1,1.66,Yes,Offline,Average,Poor,No,0,Middle,7.5,C,0.24,0,Positive,2.3,2.0,2.3,1.3,3.2,2.6,1.0
22,Male,7.4,73.6,8.3,4.5,5.8,1.87,Yes,Offline,Good,Good,No,3,Middle,1.5,A,0.43,0,Neutral,4.4,3.3,4.3,3.7,4.2,4.8,3.3
18,Non-Binary,0.86,84.4,5.8,5.9,6.5,1.66,No,Offline,Average,Average,Yes,1,High,8.4,D,0.39,2,Negative,2.0,1.0,4.2,3.5,4.1,4.1,1.7
25,Male,6.08,95.9,7.0,8.2,4.0,1.9,Yes,Online,Average,Poor,Yes,1,Low,5.3,B,0.71,0,Positive,2.2,2.7,2.8,1.1,4.8,4.2,1.8
19,Female,5.05,73.3,7.2,5.4,4.8,1.91,No,Online,Poor,Average,Yes,2,Middle,5.5,A,0.3,0,Negative,3.6,3.5,5.0,4.6,3.2,3.4,2.2
19,Male,4.31,71.3,8.3,4.8,5.0,1.65,Yes,Hybrid,Poor,Average,Yes,0,High,4.2,C,1.0,2,Negative,3.1,4.1,5.0,4.5,4.0,3.4,4.0
25,Female,5.74,71.8,6.6,7.2,3.9,1.87,No,Online,Poor,Good,No,2,Middle,2.7,A,0.21,1,Neutral,2.2,2.9,2.4,3.0,2.3,4.6,2.6
20,Male,4.86,73.9,6.8,5.1,3.7,1.55,No,Hybrid,Good,Good,Yes,1,Middle,3.8,A,0.63,2,Neutral,1.9,2.0,2.6,2.0,2.3,4.4,1.8
17,Male,6.05,98.1,7.4,6.8,4.9,1.27,No,Hybrid,Good,Good,No,1,Middle,4.1,B,0.33,0,Positive,4.8,2.1,3.8,3.7,3.7,5.0,2.3
21,Male,8.62,89.0,7.2,4.5,1.7,1.99,No,Offline,Average,Average,Yes,3,Low,3.5,A,0.73,0,Positive,2.9,3.2,5.0,2.2,3.5,4.5,3.5
18,Male,5.58,55.4,7.3,1.4,2.7,1.42,Yes,Online,Good,Average,Yes,2,Middle,3.0,A,0.49,1,Neutral,3.1,3.6,2.9,2.8,4.4,4.5,2.4
28,Male,2.57,74.5,6.8,5.7,4.6,1.68,No,Online,Average,Average,No,2,Middle,5.1,C,0.66,0,Negative,3.1,1.8,4.6,3.1,2.9,3.9,2.5
22,Female,7.75,80.4,8.9,6.4,5.4,1.59,No,Offline,Poor,Average,Yes,2,Low,3.2,A,0.22,0,Neutral,1.2,2.7,2.6,3.5,3.1,3.9,2.4
19,Non-Binary,7.21,71.7,5.8,7.2,5.8,1.47,No,Hybrid,Average,Excellent,Yes,0,Low,5.2,B,0.71,2,Positive,3.9,2.3,4.3,2.4,1.8,4.0,2.3
21,Male,7.85,75.3,8.2,8.7,5.8,1.52,No,Online,Good,Good,Yes,3,Middle,1.6,A,0.37,1,Positive,2.4,2.0,1.7,3.6,4.3,4.7,2.1
17,Female,5.75,75.5,6.8,7.1,3.7,1.86,No,Online,Average,Excellent,Yes,1,High,4.9,A,0.32,2,Positive,2.4,2.5,3.0,3.2,2.9,4.7,2.4
24,Non-Binary,6.75,82.8,6.6,6.5,4.8,1.62,No,Hybrid,Poor,Good,Yes,2,Middle,4.2,A,0.99,1,Positive,3.1,2.6,4.5,2.7,1.3,3.9,3.0
26,Female,8.9,95.3,5.8,5.3,3.0,2.0,Yes,Hybrid,Average,Good,Yes,2,Low,1.8,A,0.92,0,Neutral,1.0,4.0,4.2,3.4,4.7,5.0,3.5
25,Male,4.86,49.7,7.4,2.2,5.2,1.91,No,Hybrid,Average,Average,No,3,Middle,5.7,A,0.83,1,Positive,1.2,1.6,2.3,3.3,4.3,5.0,1.7
20,Female,3.77,82.6,7.4,4.9,1.0,1.49,No,Online,Good,Good,No,1,Middle,3.6,B,0.23,1,Neutral,3.8,2.7,2.6,1.0,2.9,4.6,3.5
19,Male,7.87,95.8,7.3,5.7,5.2,1.84,Yes,Hybrid,Average,Good,No,1,Middle,5.3,A,0.42,0,Positive,3.7,2.6,3.0,4.2,3.1,4.2,3.0
17,Female,4.32,83.5,6.9,1.8,4.2,2.26,No,Offline,Average,Excellent,No,2,Middle,4.6,A,0.16,2,Neutral,2.2,1.8,3.9,3.9,5.0,4.3,2.8
22,Male,7.28,79.1,7.4,7.8,3.3,1.68,No,Hybrid,Average,Good,No,2,High,4.9,A,0.48,0,Neutral,4.1,2.9,3.8,2.7,4.1,3.1,1.1
21,Male,3.95,85.7,4.3,3.7,6.7,2.02,No,Online,Poor,Average,Yes,1,Low,4.8,B,0.66,1,Positive,4.4,3.6,4.0,3.1,3.2,3.7,2.4
20,Male,4.07,90.4,5.3,6.2,4.8,1.42,No,Hybrid,Average,Good,Yes,1,Low,6.2,C,0.65,1,Positive,1.6,1.3,4.8,2.5,2.5,3.1,2.3
25,Male,5.61,90.4,6.6,4.2,4.8,1.87,No,Online,Poor,Excellent,Yes,1,Middle,5.4,A,0.5,2,Positive,3.3,3.5,3.6,4.3,4.0,2.9,2.6
18,Female,5.65,85.6,7.6,6.2,2.7,2.39,No,Online,Poor,Good,No,1,Middle,6.4,A,0.3,0,Neutral,2.5,1.9,4.0,2.4,3.1,4.2,2.1
17,Male,3.51,66.5,6.4,7.3,4.7,1.56,Yes,Hybrid,Good,Good,Yes,3,High,7.6,C,0.57,1,Neutral,1.0,2.7,5.0,3.0,3.0,5.0,2.0
17,Female,8.24,84.6,8.0,5.6,5.0,1.93,No,Online,Average,Poor,Yes,2,High,4.5,A,0.4,1,Positive,1.7,2.8,3.6,3.2,2.9,4.3,3.6
19,Male,4.18,90.0,8.2,6.4,6.5,1.92,Yes,Hybrid,Average,Good,Yes,2,High,2.8,B,0.94,2,Positive,3.4,2.7,4.1,3.2,5.0,5.0,2.6
17,Male,6.42,70.9,7.8,6.8,1.4,2.39,No,Offline,Poor,Poor,Yes,2,Low,1.0,A,0.55,0,Positive,2.1,1.0,4.1,2.7,3.8,4.4,3.5
21,Female,3.23,57.6,7.5,4.6,2.9,1.74,No,Offline,Poor,Poor,Yes,2,Middle,5.4,C,0.52,1,Neutral,4.1,1.5,4.1,2.6,1.9,4.3,2.9
19,Non-Binary,3.83,83.8,4.8,5.6,3.0,1.83,Yes,Online,Average,Good,Yes,1,Middle,3.5,B,0.81,0,Positive,3.2,2.8,5.0,1.9,2.2,3.9,3.7
18,Male,3.91,91.0,6.0,6.7,5.0,1.83,No,Hybrid,Average,Average,Yes,0,High,3.4,B,0.77,2,Positive,5.0,2.9,4.7,3.0,3.8,3.9,1.9
23,Male,5.35,67.1,6.8,6.1,3.0,2.09,No,Online,Poor,Good,Yes,1,Low,4.6,B,0.23,0,Positive,1.4,1.8,2.8,2.6,1.6,4.0,2.4
19,Female,5.35,88.5,8.0,5.4,1.9,2.1,Yes,Offline,Poor,Excellent,Yes,2,Low,5.3,A,0.46,2,Positive,4.7,3.8,3.5,3.7,3.4,5.0,4.1
23,Male,5.46,70.5,6.9,4.4,6.4,2.38,No,Offline,Average,Average,Yes,2,High,2.9,A,0.67,0,Neutral,4.1,2.3,3.7,4.3,2.1,4.0,3.2
20,Female,5.07,77.9,8.6,8.1,2.7,1.92,Yes,Online,Average,Good,Yes,2,Middle,5.6,A,0.41,2,Positive,2.8,2.0,1.7,2.8,2.3,4.0,2.1
21,Female,6.86,87.7,8.3,5.8,1.7,1.4,No,Online,Good,Good,No,1,High,4.3,A,0.66,0,Positive,4.4,2.5,5.0,2.2,3.2,3.2,2.4
26,Male,6.84,67.7,7.6,6.6,4.9,1.95,No,Online,Poor,Average,Yes,1,Low,4.3,A,0.71,1,Positive,2.9,2.7,2.6,2.6,2.7,4.8,3.2
17,Male,4.18,85.1,7.1,1.0,5.2,2.16,Yes,Online,Average,Good,Yes,2,High,6.4,A,0.47,1,Neutral,4.6,3.3,4.3,4.3,1.2,5.0,3.5
21,Male,5.32,74.5,6.5,3.9,3.1,2.32,No,Offline,Average,Good,Yes,0,Middle,4.3,A,0.33,2,Negative,2.2,2.7,3.5,3.7,2.8,5.0,2.6
25,Male,5.94,94.3,9.3,2.3,4.8,1.79,No,Offline,Average,Good,Yes,0,Middle,3.5,A,0.17,2,Neutral,3.2,3.1,3.5,3.0,3.7,4.6,4.4
22,Female,6.47,75.6,7.8,4.3,5.8,1.07,No,Hybrid,Poor,Excellent,Yes,1,Middle,5.7,B,0.64,2,Neutral,2.9,3.0,2.7,4.6,3.4,3.8,4.1
19,Female,6.06,81.5,5.3,7.1,3.8,2.37,No,Online,Good,Good,No,2,High,6.3,A,0.41,1,Positive,1.7,2.6,2.6,3.8,4.3,5.0,2.0
20,Female,4.39,83.5,7.5,7.6,6.0,1.79,No,Online,Average,Excellent,No,2,Middle,5.4,C,0.77,2,Neutral,2.1,2.6,4.0,3.4,1.9,4.3,2.6
23,Female,4.41,74.5,6.0,6.4,3.4,1.81,No,Online,Average,Good,Yes,2,Low,4.9,A,0.21,2,Neutral,3.2,2.5,3.2,2.5,3.6,3.4,2.2
25,Male,5.19,79.0,8.4,2.1,1.8,1.68,No,Hybrid,Average,Average,No,1,Middle,3.4,A,0.58,1,Positive,2.8,3.7,4.1,5.0,2.9,5.0,3.5
17,Female,6.02,76.5,9.5,5.5,3.3,1.85,No,Online,Average,Good,Yes,0,Middle,3.7,A,0.55,1,Positive,3.3,2.8,3.2,3.1,2.8,3.4,3.5
17,Male,2.96,91.7,8.0,3.9,4.9,1.41,Yes,Hybrid,Good,Average,Yes,0,Low,4.1,B,0.16,2,Neutral,2.2,3.1,2.0,3.4,3.4,5.0,3.4
19,Female,3.09,73.7,7.4,6.7,4.9,1.21,No,Offline,Average,Good,No,1,Low,5.3,C,0.37,1,Neutral,2.0,2.8,3.9,2.7,2.5,3.3,1.9
19,Male,4.26,75.4,6.4,6.6,3.2,1.81,No,Online,Average,Good,Yes,3,Middle,7.5,B,0.52,2,Positive,2.4,3.0,5.0,1.1,2.4,5.0,2.4
19,Female,5.22,73.3,5.7,3.2,2.9,2.33,No,Offline,Poor,Good,Yes,2,Middle,3.1,A,0.65,1,Positive,3.2,3.7,4.3,3.0,2.2,2.3,2.6
19,Female,3.76,76.6,7.9,6.8,3.2,1.98,No,Online,Average,Poor,No,1,Low,1.7,A,0.66,0,Neutral,2.8,2.4,4.5,2.9,3.1,4.6,3.8
18,Male,4.19,85.4,6.9,4.7,6.5,1.7,No,Offline,Poor,Good,No,0,High,5.1,B,0.81,0,Positive,2.6,3.2,2.7,3.8,3.1,2.8,4.0
18,Male,3.45,77.6,7.3,6.4,2.4,1.28,No,Hybrid,Average,Poor,No,1,Low,6.4,B,0.27,0,Neutral,3.7,3.5,3.9,1.0,2.6,4.1,1.7
26,Female,6.05,76.7,7.2,7.3,3.0,1.73,Yes,Online,Average,Good,No,1,Middle,6.9,B,0.7,1,Neutral,3.4,1.7,3.4,2.7,3.9,4.5,2.3
18,Male,1.12,74.1,7.2,3.4,5.6,2.27,Yes,Hybrid,Good,Good,No,3,Middle,3.0,B,0.41,0,Positive,3.5,3.0,3.3,3.6,2.9,4.1,3.3
19,Female,5.02,77.4,6.8,6.4,4.8,2.11,No,Hybrid,Average,Excellent,Yes,2,Middle,6.9,B,0.44,2,Neutral,2.9,2.3,4.8,2.0,5.0,4.5,2.3
19,Female,3.72,87.4,6.9,4.5,3.5,1.39,Yes,Offline,Good,Average,Yes,0,Middle,9.1,C,0.3,2,Neutral,2.3,3.8,3.1,3.1,4.5,5.0,3.4
26,Female,5.08,76.2,6.4,6.8,4.4,1.7,No,Offline,Good,Good,No,1,High,4.6,C,0.67,0,Neutral,1.7,1.5,4.8,2.8,1.0,4.2,1.0
23,Male,5.4,90.2,7.6,1.0,3.4,1.41,No,Online,Average,Good,No,2,Middle,3.1,A,0.77,2,Neutral,2.7,2.8,3.7,3.6,2.0,4.4,3.2
24,Female,0.78,100.0,6.8,6.4,4.4,1.58,No,Hybrid,Poor,Excellent,Yes,0,Middle,5.6,Fail,0.74,2,Neutral,3.1,3.6,2.5,1.3,2.6,5.0,3.4
18,Male,7.23,79.0,6.9,4.5,3.9,1.46,No,Online,Average,Good,No,4,Middle,7.0,A,0.52,0,Positive,3.9,3.0,4.4,4.1,4.4,4.3,1.6
24,Male,6.45,95.2,6.8,4.7,4.5,1.99,Yes,Hybrid,Average,Average,Yes,0,Middle,1.9,A,0.26,0,Neutral,2.7,3.1,3.5,3.0,1.0,4.7,3.0
20,Female,8.13,65.6,9.0,3.1,6.0,2.16,Yes,Hybrid,Good,Good,Yes,0,Low,3.4,A,0.34,1,Neutral,1.8,2.9,3.4,3.7,1.4,4.5,3.8
19,Female,6.57,76.6,7.8,6.3,2.0,1.84,No,Offline,Average,Good,Yes,4,High,4.6,A,0.55,0,Positive,1.6,2.9,4.3,4.2,3.6,5.0,2.6
21,Male,6.83,87.3,7.8,4.1,4.3,1.77,Yes,Hybrid,Good,Good,No,2,Low,2.9,A,0.71,0,Positive,3.2,2.8,5.0,3.2,4.1,4.7,3.6
24,Male,6.11,85.0,10.0,2.6,7.3,1.6,Yes,Online,Average,Excellent,No,1,Middle,2.8,A,0.52,2,Positive,3.8,2.2,3.7,4.3,2.3,4.5,4.3
24,Female,8.17,71.6,6.6,8.7,4.9,1.87,No,Online,Poor,Average,Yes,2,High,4.2,A,0.6,2,Neutral,1.7,3.4,1.9,2.2,2.9,3.6,3.0
25,Female,2.41,87.4,6.3,4.4,2.1,1.5,No,Online,Poor,Excellent,No,2,High,8.1,B,0.68,2,Neutral,4.2,2.9,5.0,3.9,2.6,3.0,2.1
26,Female,4.84,100.0,7.2,3.3,7.3,1.89,Yes,Offline,Poor,Poor,No,1,Low,3.1,A,0.85,1,Positive,1.8,3.2,4.1,2.7,4.6,1.9,4.2
19,Male,3.23,87.6,6.0,5.8,5.9,2.14,No,Offline,Average,Excellent,No,1,Middle,4.2,B,0.23,2,Neutral,2.3,2.4,2.5,2.1,4.5,2.9,3.8
20,Female,6.76,69.1,7.7,6.6,2.5,1.66,No,Hybrid,Average,Excellent,No,3,Low,2.4,A,0.25,2,Positive,4.0,3.7,3.9,3.0,1.4,4.2,2.5
17,Female,5.55,72.0,5.4,4.7,4.1,1.56,Yes,Online,Average,Good,Yes,0,High,5.5,B,0.52,0,Neutral,2.5,3.3,2.8,3.1,2.5,3.3,2.1
25,Female,8.24,73.0,6.9,6.8,4.3,2.08,Yes,Online,Good,Good,No,2,Middle,5.9,B,0.48,2,Positive,2.9,2.3,1.7,5.0,2.6,5.0,2.7
18,Female,5.32,82.4,6.2,3.5,5.6,1.77,No,Online,Average,Poor,Yes,4,Low,2.9,A,0.6,0,Positive,3.4,3.2,4.5,2.9,3.7,4.5,4.0
25,Male,4.69,96.6,6.4,4.3,4.7,1.64,Yes,Online,Good,Poor,Yes,0,Middle,4.5,A,0.21,1,Positive,4.2,2.1,4.4,3.1,5.0,3.2,3.1
19,Non-Binary,4.7,89.4,4.3,5.0,2.9,1.84,No,Hybrid,Average,Average,No,1,Middle,4.0,B,0.2,0,Positive,2.9,2.7,4.4,2.8,2.7,4.6,2.6
20,Male,3.57,100.0,5.9,4.3,2.2,1.94,No,Hybrid,Good,Poor,No,3,Low,1.0,A,0.65,1,Positive,3.1,2.5,3.2,2.9,3.8,4.8,3.5
17,Male,1.03,82.9,8.0,5.9,3.3,1.81,No,Hybrid,Average,Good,No,0,Middle,6.3,C,0.43,1,Neutral,2.8,1.5,3.3,3.6,1.9,4.4,2.4
19,Female,4.97,85.4,8.3,6.8,5.2,1.83,Yes,Offline,Good,Average,No,1,Low,7.8,B,0.69,1,Positive,1.6,2.6,3.2,2.8,3.0,5.0,2.2
25,Female,4.18,96.8,6.0,3.9,4.8,2.07,Yes,Online,Poor,Excellent,No,3,High,2.8,B,0.54,2,Neutral,4.3,2.6,2.8,2.4,3.8,4.2,2.9
17,Female,4.16,81.2,4.6,3.5,2.1,1.71,No,Offline,Average,Good,Yes,0,Middle,5.5,B,0.72,2,Positive,1.0,4.2,3.6,2.1,3.2,4.4,3.7
20,Female,2.78,96.0,6.9,5.0,3.9,1.28,Yes,Online,Poor,Good,No,0,Middle,7.9,C,0.51,1,Neutral,3.3,1.6,3.4,4.3,3.5,3.6,2.1
17,Male,5.22,93.2,8.5,3.3,5.1,2.0,Yes,Online,Good,Good,Yes,4,High,3.2,A,0.34,0,Positive,4.1,2.7,2.7,3.5,4.6,5.0,3.4
20,Female,2.98,71.1,5.4,4.7,5.5,2.39,No,Online,Good,Average,Yes,2,Middle,1.8,A,0.49,1,Neutral,4.3,3.0,5.0,3.3,5.0,3.8,3.2
18,Male,5.56,77.4,8.0,4.4,2.4,1.32,No,Online,Poor,Average,Yes,2,Middle,4.0,A,0.72,1,Neutral,2.2,3.6,3.3,3.6,3.5,4.6,3.0
19,Female,4.56,78.4,6.6,7.5,4.9,1.68,No,Online,Average,Average,Yes,1,Low,7.5,B,0.4,1,Negative,3.4,2.0,4.6,2.3,4.4,4.5,1.4
25,Male,4.39,77.3,7.6,1.8,4.1,1.81,Yes,Hybrid,Poor,Good,Yes,3,High,3.6,B,0.46,1,Negative,2.1,5.0,4.8,3.3,4.6,4.7,3.6
20,Female,1.91,82.8,6.7,3.2,3.9,1.59,No,Offline,Good,Good,Yes,2,High,5.3,B,0.48,0,Neutral,2.3,2.7,4.2,2.5,5.0,4.4,3.5
19,Male,5.68,73.3,5.8,3.9,5.1,1.37,No,Hybrid,Average,Average,Yes,2,Low,3.1,B,0.54,1,Positive,4.1,2.1,2.2,2.7,2.4,4.2,3.0
22,Female,6.74,94.4,6.4,5.0,3.6,1.85,Yes,Offline,Average,Excellent,No,2,Middle,3.6,A,0.75,2,Neutral,3.1,2.7,4.7,3.2,1.0,4.1,3.5
18,Female,4.76,86.9,7.1,3.6,2.8,2.21,No,Offline,Good,Poor,No,1,High,4.0,A,0.48,0,Neutral,3.3,4.4,5.0,3.1,3.7,4.1,4.2
19,Male,3.87,88.7,4.1,5.9,2.8,1.73,No,Hybrid,Poor,Good,No,2,Middle,4.5,A,0.54,2,Positive,3.9,3.4,3.2,1.0,4.3,4.3,1.9
21,Female,6.87,89.0,8.7,5.9,3.6,2.39,No,Offline,Average,Good,Yes,3,Middle,3.0,A,0.36,2,Neutral,4.1,4.0,3.9,3.7,3.1,4.1,3.2
19,Female,6.57,69.1,6.8,3.2,2.8,1.92,Yes,Hybrid,Good,Good,No,2,Middle,4.6,A,0.68,1,Positive,2.8,4.2,3.6,3.0,3.2,5.0,4.4
22,Female,4.54,88.9,6.5,3.1,4.1,1.4,Yes,Offline,Average,Excellent,Yes,3,High,5.1,A,0.52,2,Positive,1.3,4.5,2.5,4.5,3.7,4.4,3.4
21,Female,10.76,73.6,7.8,2.8,3.6,1.98,No,Hybrid,Average,Good,No,2,High,4.8,A,0.85,2,Positive,2.7,3.1,4.5,5.0,2.6,5.0,3.5
24,Male,7.46,98.4,6.5,7.2,5.1,1.73,No,Hybrid,Average,Good,Yes,2,High,3.1,A,0.98,0,Neutral,3.6,3.9,4.4,3.3,1.7,3.1,2.7
26,Male,7.99,65.4,6.3,5.8,4.7,1.8,Yes,Online,Average,Average,No,4,High,2.7,A,0.42,0,Positive,1.4,3.0,2.7,1.4,1.0,4.4,4.1
18,Male,5.85,92.2,7.1,6.0,3.1,1.51,No,Offline,Poor,Excellent,Yes,2,High,7.0,A,0.54,2,Positive,2.5,3.1,4.9,4.0,1.3,5.0,2.1
20,Male,5.82,71.4,7.6,9.5,4.9,2.23,Yes,Online,Poor,Good,No,1,Low,5.3,B,0.56,0,Neutral,2.6,3.2,2.8,2.7,2.7,3.3,2.0
19,Male,3.08,80.5,4.7,5.4,2.4,2.08,No,Online,Average,Poor,No,0,Low,4.9,B,0.71,0,Positive,3.2,4.6,3.1,1.8,3.0,3.6,3.0
18,Female,4.52,87.9,7.0,4.4,5.2,1.63,No,Hybrid,Average,Good,No,2,High,2.8,B,0.3,1,Neutral,2.4,4.2,4.3,4.0,2.6,4.1,3.6
24,Male,5.13,69.3,5.5,2.3,3.4,1.93,Yes,Offline,Good,Average,Yes,1,Low,2.8,A,0.63,2,Positive,3.0,2.1,2.5,1.3,1.6,4.6,2.9
23,Male,6.4,75.5,6.7,6.5,2.3,1.8,Yes,Hybrid,Average,Poor,Yes,2,High,3.0,A,0.72,1,Positive,1.9,2.6,5.0,2.9,2.7,3.9,3.5
21,Male,4.03,86.6,5.3,5.0,4.0,1.31,Yes,Hybrid,Average,Excellent,No,1,High,5.4,B,0.34,1,Positive,3.5,2.8,4.0,4.2,2.7,4.4,3.2
21,Female,3.36,66.5,8.1,5.0,4.2,2.27,Yes,Hybrid,Poor,Good,Yes,1,Middle,4.2,B,0.57,2,Positive,3.4,1.9,4.0,3.4,4.0,5.0,2.3
17,Female,7.33,59.7,7.2,9.8,3.5,1.71,No,Online,Average,Average,No,1,Middle,4.6,B,0.38,1,Neutral,5.0,1.1,4.7,2.9,3.3,5.0,1.5
21,Male,5.24,83.7,8.6,5.6,2.8,1.84,Yes,Offline,Average,Good,Yes,2,Low,1.3,A,0.52,0,Positive,2.0,2.2,3.0,3.0,2.9,4.2,3.0
24,Female,6.89,89.2,6.9,4.2,4.5,1.89,No,Offline,Average,Excellent,No,3,Low,6.1,A,0.74,2,Positive,2.6,3.5,2.8,3.6,3.0,4.2,2.4
21,Male,5.87,95.2,5.7,4.9,3.7,1.61,No,Offline,Poor,Poor,No,3,Middle,3.0,A,0.74,0,Positive,4.3,3.4,1.7,4.6,1.8,5.0,3.7
19,Non-Binary,3.82,84.8,7.1,6.0,4.9,1.86,No,Hybrid,Good,Good,No,2,Low,4.8,B,0.58,2,Neutral,1.4,2.4,2.8,1.0,3.3,3.0,2.4
22,Female,5.34,83.3,5.6,5.2,6.0,1.82,Yes,Hybrid,Good,Good,Yes,3,High,3.6,B,1.0,0,Positive,5.0,1.2,4.4,3.5,3.9,4.2,2.5
20,Male,0.21,91.1,6.0,7.4,4.7,1.73,Yes,Offline,Average,Average,Yes,1,Middle,6.0,D,0.69,2,Negative,2.5,2.5,3.4,1.9,3.2,4.5,1.9
21,Female,7.12,81.2,8.1,6.5,4.2,1.74,Yes,Offline,Good,Good,No,2,High,2.9,A,0.44,2,Neutral,1.5,3.8,4.2,3.3,2.2,3.8,3.6
21,Female,6.34,86.2,8.3,4.2,7.4,2.07,No,Offline,Poor,Poor,No,4,Low,4.2,A,0.21,0,Positive,3.4,2.3,1.9,1.9,3.9,3.9,1.0
20,Male,7.45,53.7,4.9,6.0,4.2,2.05,Yes,Hybrid,Good,Good,Yes,0,Middle,3.0,B,0.57,1,Neutral,3.1,3.9,3.4,3.6,3.6,4.6,4.9
23,Female,4.59,80.3,7.0,5.0,1.0,1.68,No,Offline,Good,Excellent,Yes,1,Middle,4.3,A,0.33,2,Positive,2.0,2.7,4.1,2.3,3.9,4.4,3.0
25,Male,8.67,71.6,5.4,9.7,3.5,1.69,Yes,Online,Average,Average,No,1,Low,4.4,B,0.45,0,Positive,2.3,2.9,4.2,3.8,3.2,5.0,2.1
17,Male,7.44,70.2,9.6,2.8,3.2,1.79,No,Online,Good,Excellent,No,2,Middle,4.7,A,0.87,1,Positive,3.7,4.0,5.0,3.4,3.6,4.8,2.6
26,Male,1.55,80.9,7.4,3.8,3.5,1.91,Yes,Offline,Average,Good,No,2,High,6.0,B,0.78,0,Neutral,1.7,2.5,3.8,1.1,3.0,4.0,4.1
21,Male,1.52,77.9,6.1,1.9,6.1,1.18,Yes,Hybrid,Average,Average,No,0,Low,5.5,C,0.44,2,Neutral,3.7,3.1,2.2,1.8,3.4,4.1,2.4
23,Male,5.53,97.2,10.0,4.6,0.7,2.06,No,Offline,Poor,Good,No,2,Middle,4.7,A,0.35,2,Positive,2.3,3.3,4.3,2.6,2.6,4.6,4.7
25,Female,2.28,96.8,9.6,4.7,3.5,2.34,No,Offline,Average,Poor,Yes,1,Middle,3.3,A,0.52,1,Positive,5.0,2.8,3.8,3.5,3.0,3.3,3.1
21,Male,4.72,89.0,5.7,3.1,6.7,1.39,Yes,Offline,Good,Excellent,Yes,1,High,6.5,B,0.39,1,Positive,4.5,2.0,3.4,3.0,2.9,4.8,3.1
24,Male,4.67,100.0,7.4,6.5,4.3,1.47,No,Online,Average,Good,Yes,2,Low,4.1,B,0.12,1,Neutral,1.7,2.6,2.0,3.4,3.7,3.3,2.0
18,Female,4.4,81.2,6.4,4.1,1.9,1.74,No,Hybrid,Good,Good,No,4,Low,3.5,A,0.35,0,Neutral,2.6,3.3,2.3,2.3,2.7,4.5,4.3
18,Female,7.98,61.9,6.3,6.8,4.3,1.6,No,Hybrid,Average,Good,No,1,Low,3.5,A,0.37,0,Positive,3.9,2.2,2.9,4.0,4.0,2.7,2.0
22,Non-Binary,6.14,67.8,5.6,4.7,4.4,1.9,Yes,Offline,Average,Good,Yes,2,Low,2.8,A,0.72,1,Positive,1.0,1.8,5.0,3.9,1.8,4.8,2.4
25,Female,6.28,85.2,9.3,4.1,4.2,1.87,Yes,Online,Poor,Excellent,Yes,1,Low,6.7,A,0.81,2,Positive,2.1,4.3,3.8,3.9,1.0,3.1,2.6
25,Non-Binary,5.48,81.3,7.1,4.9,4.6,1.44,No,Online,Poor,Good,Yes,1,Middle,5.7,B,0.22,0,Positive,2.5,3.2,4.2,2.9,1.8,4.8,3.3
22,Female,10.9,80.8,8.8,4.1,2.7,2.13,Yes,Offline,Poor,Excellent,No,1,Middle,4.1,A,1.0,2,Positive,1.5,3.8,3.4,3.9,2.9,4.6,3.1
21,Non-Binary,7.64,79.2,7.2,8.4,3.2,1.98,Yes,Hybrid,Poor,Good,No,2,Middle,3.1,A,0.19,2,Neutral,3.0,2.4,1.4,2.4,3.9,4.2,3.0
20,Female,3.65,60.5,5.7,6.5,0.5,1.86,No,Online,Good,Average,No,1,Low,7.2,C,0.3,1,Neutral,2.6,2.6,3.8,3.1,2.2,5.0,1.5
28,Male,6.12,84.3,6.3,6.9,5.1,1.74,Yes,Offline,Average,Excellent,Yes,2,Middle,4.5,B,0.6,1,Positive,2.2,3.5,2.9,3.1,1.7,3.2,3.2
19,Male,3.55,84.4,7.6,6.8,4.5,2.22,No,Hybrid,Good,Good,No,1,Low,4.6,B,0.5,2,Positive,4.4,2.4,2.5,3.4,2.2,4.4,2.9
23,Female,4.67,86.7,7.8,5.0,4.4,2.18,No,Offline,Average,Good,Yes,2,Low,7.6,A,0.47,2,Positive,3.8,2.5,3.4,1.7,3.7,5.0,2.4
21,Male,4.85,76.7,5.8,5.2,4.1,1.93,Yes,Hybrid,Average,Excellent,No,2,Middle,3.2,B,0.92,2,Positive,3.8,3.5,5.0,3.1,2.7,5.0,3.9
22,Male,2.47,75.5,6.4,6.7,3.2,1.64,No,Online,Average,Poor,Yes,1,Low,6.5,C,0.17,0,Negative,3.0,3.6,3.8,3.0,2.8,4.6,2.8
20,Female,1.56,85.8,6.9,5.9,4.5,2.39,No,Online,Good,Good,Yes,0,High,5.5,B,0.26,1,Positive,3.3,2.2,3.1,2.4,4.0,4.0,2.1
27,Female,2.98,59.9,6.8,6.5,3.6,1.67,Yes,Offline,Average,Average,Yes,0,Low,7.1,D,0.28,0,Positive,4.7,3.2,3.4,2.0,2.6,4.2,3.3
21,Male,6.2,77.0,5.6,4.2,4.8,1.79,No,Online,Average,Good,No,2,High,3.5,A,0.77,0,Neutral,1.8,1.8,4.8,3.5,4.0,5.0,3.6
26,Female,1.09,76.6,8.5,2.3,3.5,2.39,No,Offline,Good,Excellent,No,2,Middle,3.1,A,0.38,1,Neutral,2.0,3.1,4.0,3.4,2.9,5.0,4.2
17,Female,6.45,93.6,9.7,5.4,5.9,1.96,No,Online,Poor,Excellent,Yes,3,Middle,3.8,A,0.15,1,Positive,4.1,3.1,3.0,3.7,2.2,2.7,3.1
21,Non-Binary,0.8,94.4,7.6,6.7,2.2,2.23,Yes,Offline,Poor,Good,Yes,2,Middle,4.5,B,0.58,0,Neutral,3.5,2.0,4.3,2.8,3.7,4.2,2.4
23,Female,3.76,96.4,6.8,6.9,3.1,1.08,No,Hybrid,Poor,Good,No,0,Low,2.2,C,0.62,0,Positive,2.4,2.9,4.0,2.2,3.6,4.6,1.9
23,Female,3.87,79.2,8.2,8.2,4.9,2.01,No,Hybrid,Good,Excellent,Yes,2,Low,3.1,A,0.28,2,Positive,3.5,2.6,3.5,2.4,3.4,4.8,1.7
25,Female,6.87,74.5,4.9,2.0,2.4,1.48,Yes,Offline,Good,Good,Yes,3,Middle,3.0,A,0.27,2,Positive,1.9,3.7,2.4,5.0,5.0,3.6,4.1
